inventory_id,site_id,part_id,quantity_on_hand,quantity_allocated,quantity_available,reorder_point,safety_stock,stockout_flag,below_reorder_point,below_safety_stock,days_of_supply,snapshot_date
1,SITE-048,PART-1283,128,11,117,74,53,False,False,False,5.8,2024-12-10
2,SITE-040,PART-3109,200,169,31,35,15,False,True,False,1.6,2024-08-05
3,SITE-054,PART-9320,30,10,20,39,27,False,True,True,5.0,2025-02-27
4,SITE-039,PART-9337,499,143,356,48,21,False,False,False,118.7,2023-12-03
5,SITE-034,PART-3858,11,0,11,43,15,False,True,True,0.7,2024-12-22
6,SITE-052,PART-4392,69,29,40,69,38,False,True,False,8.0,2024-11-07
7,SITE-077,PART-7269,409,33,376,91,55,False,False,False,188.0,2025-06-26
8,SITE-068,PART-5588,146,55,91,84,10,False,False,False,11.4,2023-08-10
9,SITE-085,PART-8427,98,1,97,73,12,False,False,False,3.9,2025-05-12
10,SITE-042,PART-2404,439,41,398,28,13,False,False,False,36.2,2025-02-26
11,SITE-075,PART-9284,307,190,117,33,11,False,False,False,4.9,2026-12-28
12,SITE-012,PART-7584,477,279,198,64,26,False,False,False,15.2,2024-07-19
13,SITE-069,PART-7209,143,45,98,29,22,False,False,False,24.5,2024-08-13
14,SITE-066,PART-2305,403,79,324,87,73,False,False,False,32.4,2026-09-04
15,SITE-025,PART-9007,452,197,255,58,39,False,False,False,255.0,2025-07-02
16,SITE-005,PART-9278,135,101,34,91,33,False,True,False,6.8,2025-10-16
17,SITE-082,PART-4762,57,37,20,47,10,False,True,False,5.0,2025-04-09
18,SITE-052,PART-1218,129,26,103,92,73,False,False,False,5.2,2023-11-21
19,SITE-044,PART-2802,417,64,353,83,55,False,False,False,50.4,2025-09-07
20,SITE-076,PART-7135,88,40,48,29,25,False,False,False,3.2,2025-06-06
21,SITE-011,PART-8451,274,25,249,76,13,False,False,False,35.6,2024-01-04
22,SITE-024,PART-7599,288,183,105,92,13,False,False,False,5.5,2025-03-01
23,SITE-002,PART-9184,492,256,236,81,58,False,False,False,14.8,2025-03-13
24,SITE-014,PART-5873,261,257,4,99,97,False,True,True,0.5,2026-08-16
25,SITE-030,PART-2896,3,1,2,96,66,False,True,True,0.2,2024-11-17
26,SITE-017,PART-6107,102,37,65,78,78,False,True,True,5.0,2025-10-13
27,SITE-088,PART-3715,363,67,296,33,20,False,False,False,98.7,2024-01-12
28,SITE-045,PART-5115,306,29,277,100,94,False,False,False,18.5,2024-01-20
29,SITE-074,PART-9371,444,279,165,100,15,False,False,False,11.8,2024-08-04
30,SITE-078,PART-4128,189,136,53,50,32,False,False,False,4.8,2026-01-11
31,SITE-052,PART-7897,339,122,217,54,44,False,False,False,21.7,2024-05-27
32,SITE-075,PART-4216,279,231,48,97,31,False,True,False,1.9,2023-06-20
33,SITE-022,PART-6972,294,169,125,95,75,False,False,False,10.4,2023-01-25
34,SITE-080,PART-9263,21,11,10,64,18,False,True,True,1.7,2023-10-04
35,SITE-091,PART-8876,95,73,22,88,76,False,True,True,2.2,2023-06-15
36,SITE-042,PART-7977,478,444,34,70,15,False,True,False,4.2,2026-03-10
37,SITE-062,PART-5646,262,56,206,86,18,False,False,False,9.0,2024-06-21
38,SITE-065,PART-4001,153,22,131,63,45,False,False,False,65.5,2023-11-15
39,SITE-098,PART-6108,38,31,7,23,20,False,True,True,3.5,2026-08-27
40,SITE-090,PART-4228,68,29,39,58,44,False,True,True,5.6,2026-07-25
41,SITE-076,PART-5749,193,126,67,20,17,False,False,False,3.0,2023-11-09
42,SITE-041,PART-3895,250,124,126,40,40,False,False,False,5.7,2025-05-15
43,SITE-062,PART-2246,240,175,65,64,45,False,False,False,6.5,2023-04-18
44,SITE-035,PART-9099,184,39,145,95,28,False,False,False,12.1,2025-09-12
45,SITE-060,PART-2035,326,209,117,99,43,False,False,False,8.4,2026-05-25
46,SITE-001,PART-3415,300,117,183,22,22,False,False,False,30.5,2025-03-05
47,SITE-019,PART-8427,238,178,60,31,30,False,False,False,3.0,2023-04-19
48,SITE-044,PART-8807,429,244,185,44,23,False,False,False,10.3,2023-04-15
49,SITE-097,PART-6668,284,165,119,97,67,False,False,False,6.0,2026-09-14
50,SITE-070,PART-9340,292,215,77,65,52,False,False,False,5.1,2024-04-20
51,SITE-078,PART-7984,299,38,261,99,15,False,False,False,10.4,2023-07-17
52,SITE-031,PART-2794,11,8,3,88,46,False,True,True,0.2,2025-09-01
53,SITE-038,PART-8496,393,334,59,95,43,False,True,False,3.7,2026-06-21
54,SITE-081,PART-9037,363,212,151,62,35,False,False,False,6.3,2024-09-09
55,SITE-055,PART-4543,340,23,317,31,25,False,False,False,15.1,2026-10-23
56,SITE-089,PART-1744,417,284,133,33,24,False,False,False,7.0,2026-08-08
57,SITE-082,PART-8558,95,22,73,98,86,False,True,True,6.1,2026-12-12
58,SITE-001,PART-3646,282,44,238,91,50,False,False,False,23.8,2023-03-18
59,SITE-049,PART-8974,446,439,7,35,34,False,True,True,0.3,2026-11-05
60,SITE-006,PART-1930,447,412,35,23,11,False,False,False,3.9,2023-04-26
61,SITE-015,PART-2165,388,324,64,89,52,False,True,False,64.0,2025-09-19
62,SITE-050,PART-8806,378,160,218,93,22,False,False,False,12.1,2025-11-23
63,SITE-020,PART-8625,73,21,52,36,12,False,False,False,2.7,2024-06-09
64,SITE-095,PART-8762,431,46,385,76,36,False,False,False,17.5,2025-10-05
65,SITE-053,PART-8780,148,105,43,24,18,False,False,False,3.6,2024-08-08
66,SITE-093,PART-5771,17,17,0,46,42,True,True,True,0.0,2024-04-24
67,SITE-007,PART-6709,216,79,137,99,70,False,False,False,12.5,2026-05-18
68,SITE-044,PART-1926,384,136,248,41,24,False,False,False,11.8,2025-06-04
69,SITE-075,PART-9834,308,138,170,57,40,False,False,False,7.4,2024-07-04
70,SITE-017,PART-7431,301,114,187,32,21,False,False,False,8.9,2025-05-09
71,SITE-012,PART-2098,103,53,50,45,10,False,False,False,3.1,2024-01-14
72,SITE-049,PART-2331,298,10,288,91,87,False,False,False,16.9,2025-11-13
73,SITE-001,PART-3953,447,35,412,32,18,False,False,False,206.0,2026-05-26
74,SITE-071,PART-4450,99,79,20,20,13,False,False,False,0.8,2023-06-16
75,SITE-040,PART-6709,98,37,61,50,24,False,False,False,5.5,2024-01-08
76,SITE-015,PART-9833,277,173,104,67,57,False,False,False,5.2,2024-02-25
77,SITE-013,PART-4942,311,182,129,47,44,False,False,False,6.8,2025-03-10
78,SITE-045,PART-3344,77,8,69,83,12,False,True,False,6.9,2023-06-13
79,SITE-085,PART-4215,308,201,107,40,26,False,False,False,35.7,2026-01-12
80,SITE-031,PART-8488,105,43,62,93,83,False,True,True,10.3,2026-01-08
81,SITE-002,PART-6013,111,67,44,33,27,False,False,False,6.3,2026-08-20
82,SITE-036,PART-2959,466,178,288,40,26,False,False,False,12.0,2023-06-06
83,SITE-088,PART-4781,19,6,13,24,13,False,True,False,1.2,2024-08-06
84,SITE-037,PART-2445,241,175,66,31,14,False,False,False,2.6,2025-09-18
85,SITE-064,PART-2396,360,9,351,89,86,False,False,False,14.6,2026-04-25
86,SITE-026,PART-6330,158,145,13,76,69,False,True,True,2.2,2025-12-05
87,SITE-022,PART-5186,387,292,95,74,53,False,False,False,15.8,2024-11-16
88,SITE-015,PART-4228,454,316,138,91,26,False,False,False,46.0,2026-06-09
89,SITE-027,PART-4771,82,63,19,86,19,False,True,False,3.2,2024-04-11
90,SITE-084,PART-8143,137,45,92,48,19,False,False,False,4.6,2024-01-21
91,SITE-015,PART-2958,442,3,439,53,27,False,False,False,18.3,2026-11-15
92,SITE-022,PART-5172,464,102,362,53,37,False,False,False,24.1,2024-08-18
93,SITE-001,PART-4640,440,207,233,96,17,False,False,False,12.9,2023-05-25
94,SITE-093,PART-1214,283,150,133,60,40,False,False,False,44.3,2024-08-13
95,SITE-089,PART-5411,369,181,188,86,58,False,False,False,11.1,2023-04-18
96,SITE-056,PART-8273,206,148,58,22,20,False,False,False,2.6,2026-03-16
97,SITE-039,PART-7199,258,172,86,81,46,False,False,False,12.3,2026-03-28
98,SITE-021,PART-6153,451,120,331,57,25,False,False,False,30.1,2025-07-26
99,SITE-031,PART-7578,269,141,128,80,67,False,False,False,64.0,2024-03-21
100,SITE-091,PART-3472,456,353,103,44,16,False,False,False,5.7,2026-08-19
101,SITE-008,PART-3209,282,106,176,33,27,False,False,False,22.0,2023-01-23
102,SITE-035,PART-5682,264,154,110,89,77,False,False,False,22.0,2024-03-01
103,SITE-036,PART-6153,121,12,109,22,12,False,False,False,6.8,2024-04-13
104,SITE-078,PART-9309,456,64,392,41,40,False,False,False,28.0,2023-06-02
105,SITE-051,PART-2505,190,137,53,59,15,False,True,False,3.5,2026-08-11
106,SITE-036,PART-8273,249,172,77,39,35,False,False,False,9.6,2026-05-07
107,SITE-065,PART-4774,381,241,140,72,47,False,False,False,20.0,2025-01-02
108,SITE-075,PART-8943,253,215,38,24,24,False,False,False,9.5,2024-08-03
109,SITE-084,PART-1363,377,124,253,42,22,False,False,False,12.7,2026-07-08
110,SITE-011,PART-6568,328,51,277,82,78,False,False,False,14.6,2025-08-17
111,SITE-043,PART-4880,95,58,37,90,31,False,True,False,3.1,2023-08-14
112,SITE-083,PART-9634,254,134,120,24,20,False,False,False,5.7,2026-04-02
113,SITE-015,PART-2419,383,302,81,70,35,False,False,False,3.4,2025-03-12
114,SITE-036,PART-7441,107,88,19,90,79,False,True,True,1.5,2023-04-05
115,SITE-070,PART-8084,435,26,409,66,32,False,False,False,24.1,2026-12-10
116,SITE-094,PART-4582,201,91,110,91,64,False,False,False,13.8,2024-07-01
117,SITE-035,PART-8451,417,9,408,58,12,False,False,False,17.0,2026-06-10
118,SITE-058,PART-7093,276,242,34,27,19,False,False,False,2.8,2025-01-15
119,SITE-083,PART-3548,169,102,67,82,60,False,True,False,6.7,2026-12-06
120,SITE-048,PART-3347,189,57,132,59,32,False,False,False,44.0,2025-02-23
121,SITE-066,PART-7282,152,73,79,63,46,False,False,False,4.6,2024-03-22
122,SITE-008,PART-1061,309,1,308,28,27,False,False,False,20.5,2025-07-23
123,SITE-100,PART-8384,368,151,217,70,35,False,False,False,15.5,2025-10-14
124,SITE-088,PART-6113,397,218,179,90,18,False,False,False,13.8,2023-06-18
125,SITE-089,PART-4404,351,164,187,91,17,False,False,False,11.7,2024-12-14
126,SITE-037,PART-4320,496,307,189,92,69,False,False,False,47.2,2026-06-25
127,SITE-060,PART-1768,405,27,378,32,21,False,False,False,126.0,2025-11-08
128,SITE-059,PART-8025,230,9,221,93,29,False,False,False,11.1,2023-09-23
129,SITE-007,PART-4035,437,35,402,95,86,False,False,False,36.5,2024-11-13
130,SITE-083,PART-7740,378,275,103,41,23,False,False,False,8.6,2025-08-06
131,SITE-075,PART-1147,273,256,17,48,39,False,True,True,0.8,2026-06-17
132,SITE-022,PART-7237,472,414,58,47,33,False,False,False,4.1,2023-08-17
133,SITE-038,PART-4365,217,149,68,56,40,False,False,False,13.6,2026-06-12
134,SITE-051,PART-1715,301,63,238,91,29,False,False,False,12.5,2026-02-24
135,SITE-096,PART-6814,376,328,48,80,13,False,True,False,3.0,2026-11-15
136,SITE-004,PART-4303,131,114,17,37,33,False,True,True,2.1,2023-01-25
137,SITE-082,PART-5781,389,145,244,89,70,False,False,False,9.8,2026-03-27
138,SITE-059,PART-1198,64,29,35,67,37,False,True,True,1.7,2025-04-23
139,SITE-088,PART-1783,416,177,239,24,22,False,False,False,26.6,2024-09-26
140,SITE-049,PART-8084,434,320,114,82,52,False,False,False,4.8,2024-08-17
141,SITE-024,PART-3472,371,193,178,61,27,False,False,False,11.9,2026-12-19
142,SITE-015,PART-5018,218,18,200,36,14,False,False,False,50.0,2024-07-15
143,SITE-033,PART-5876,18,11,7,74,61,False,True,True,0.4,2023-10-17
144,SITE-040,PART-3101,106,49,57,98,30,False,True,False,3.2,2024-11-05
145,SITE-063,PART-2445,248,126,122,56,17,False,False,False,11.1,2023-04-06
146,SITE-016,PART-2794,130,19,111,64,29,False,False,False,13.9,2024-06-11
147,SITE-087,PART-3729,466,100,366,82,22,False,False,False,16.6,2026-12-18
148,SITE-081,PART-8163,198,111,87,40,18,False,False,False,10.9,2026-08-15
149,SITE-069,PART-4802,27,18,9,54,22,False,True,True,0.6,2025-04-09
150,SITE-066,PART-4206,196,110,86,32,17,False,False,False,28.7,2026-10-18
151,SITE-069,PART-1116,5,1,4,60,20,False,True,True,0.2,2025-08-26
152,SITE-044,PART-4573,307,79,228,87,38,False,False,False,13.4,2023-09-15
153,SITE-070,PART-6975,29,21,8,35,26,False,True,True,0.7,2025-07-19
154,SITE-079,PART-5037,207,93,114,50,50,False,False,False,8.8,2026-01-05
155,SITE-078,PART-6542,362,231,131,47,29,False,False,False,7.7,2024-01-24
156,SITE-062,PART-4748,423,52,371,31,20,False,False,False,92.8,2024-01-04
157,SITE-058,PART-3291,475,277,198,60,51,False,False,False,19.8,2025-07-06
158,SITE-002,PART-4382,262,82,180,45,33,False,False,False,60.0,2024-02-19
159,SITE-027,PART-3224,373,251,122,68,37,False,False,False,5.3,2025-04-28
160,SITE-020,PART-4662,418,229,189,79,38,False,False,False,9.9,2023-06-25
161,SITE-071,PART-8714,23,14,9,70,23,False,True,True,9.0,2025-01-22
162,SITE-085,PART-1684,487,77,410,67,63,False,False,False,37.3,2026-12-22
163,SITE-025,PART-7056,82,75,7,83,46,False,True,True,1.4,2026-01-11
164,SITE-100,PART-1228,378,188,190,65,51,False,False,False,23.8,2023-07-02
165,SITE-016,PART-9334,239,61,178,57,36,False,False,False,7.7,2023-10-05
166,SITE-004,PART-4404,422,99,323,40,22,False,False,False,24.8,2023-06-12
167,SITE-009,PART-5200,241,94,147,75,67,False,False,False,16.3,2026-10-11
168,SITE-056,PART-5771,74,38,36,66,57,False,True,True,2.6,2024-08-08
169,SITE-082,PART-4422,386,310,76,32,20,False,False,False,3.6,2023-04-19
170,SITE-037,PART-8025,149,95,54,79,79,False,True,True,18.0,2025-11-10
171,SITE-063,PART-9292,183,46,137,31,30,False,False,False,15.2,2025-05-15
172,SITE-049,PART-5652,270,268,2,66,64,False,True,True,0.1,2026-02-10
173,SITE-084,PART-3895,326,11,315,53,31,False,False,False,35.0,2024-12-12
174,SITE-093,PART-9007,222,131,91,86,64,False,False,False,3.8,2024-03-21
175,SITE-081,PART-7424,125,116,9,40,16,False,True,True,9.0,2024-10-26
176,SITE-035,PART-4906,380,201,179,68,21,False,False,False,7.8,2023-03-08
177,SITE-072,PART-6803,445,317,128,53,43,False,False,False,8.0,2025-11-28
178,SITE-056,PART-7520,347,138,209,43,38,False,False,False,14.9,2025-10-07
179,SITE-075,PART-6803,274,172,102,89,53,False,False,False,9.3,2026-05-21
180,SITE-051,PART-8523,410,59,351,74,48,False,False,False,20.6,2025-05-27
181,SITE-069,PART-7008,105,80,25,63,20,False,True,False,1.3,2023-06-08
182,SITE-007,PART-1134,68,4,64,74,18,False,True,False,7.1,2025-10-26
183,SITE-055,PART-3388,284,24,260,31,17,False,False,False,32.5,2025-04-28
184,SITE-033,PART-9320,264,98,166,94,62,False,False,False,10.4,2024-08-11
185,SITE-010,PART-1416,150,48,102,83,75,False,False,False,12.8,2024-06-26
186,SITE-001,PART-8823,134,109,25,81,27,False,True,True,1.0,2024-05-02
187,SITE-076,PART-1055,443,286,157,69,48,False,False,False,15.7,2025-12-27
188,SITE-029,PART-7240,322,184,138,51,13,False,False,False,6.9,2023-02-07
189,SITE-006,PART-4303,298,264,34,39,37,False,True,True,1.6,2025-07-08
190,SITE-013,PART-7761,25,19,6,70,62,False,True,True,2.0,2024-02-03
191,SITE-071,PART-7584,130,36,94,58,50,False,False,False,18.8,2024-04-02
192,SITE-017,PART-6108,198,26,172,41,12,False,False,False,10.1,2023-01-16
193,SITE-066,PART-1737,26,11,15,62,54,False,True,True,1.7,2023-02-19
194,SITE-078,PART-6108,436,425,11,70,15,False,True,True,0.5,2025-03-13
195,SITE-039,PART-2380,393,202,191,27,18,False,False,False,95.5,2024-10-15
196,SITE-094,PART-2396,146,32,114,34,19,False,False,False,4.6,2025-05-05
197,SITE-038,PART-8420,350,196,154,52,21,False,False,False,30.8,2026-04-15
198,SITE-097,PART-4078,61,31,30,45,21,False,True,False,2.0,2023-01-02
199,SITE-017,PART-7977,99,6,93,37,35,False,False,False,4.4,2026-10-02
200,SITE-052,PART-9377,128,25,103,78,33,False,False,False,34.3,2025-07-18
201,SITE-054,PART-8768,399,31,368,41,30,False,False,False,18.4,2024-12-09
202,SITE-068,PART-3896,303,197,106,26,21,False,False,False,9.6,2025-09-27
203,SITE-082,PART-9108,168,13,155,98,67,False,False,False,6.7,2024-08-12
204,SITE-014,PART-9648,335,82,253,38,19,False,False,False,126.5,2024-09-22
205,SITE-083,PART-8780,108,74,34,36,13,False,True,False,2.1,2026-02-02
206,SITE-080,PART-7425,491,399,92,71,12,False,False,False,4.8,2025-03-11
207,SITE-005,PART-7740,199,62,137,75,48,False,False,False,27.4,2026-09-28
208,SITE-010,PART-6768,262,86,176,78,12,False,False,False,8.8,2024-12-10
209,SITE-043,PART-1074,480,31,449,71,34,False,False,False,20.4,2026-02-17
210,SITE-029,PART-3162,175,175,0,86,61,True,True,True,0.0,2024-11-04
211,SITE-025,PART-2521,17,10,7,34,22,False,True,True,0.7,2025-01-21
212,SITE-075,PART-8254,274,208,66,87,60,False,True,False,2.6,2024-11-10
213,SITE-021,PART-9213,317,129,188,41,27,False,False,False,37.6,2024-04-09
214,SITE-041,PART-7416,76,65,11,45,40,False,True,True,0.6,2023-04-22
215,SITE-081,PART-7608,170,83,87,50,20,False,False,False,6.7,2024-10-05
216,SITE-021,PART-4908,168,18,150,52,36,False,False,False,8.8,2024-07-22
217,SITE-020,PART-1173,483,418,65,41,33,False,False,False,5.4,2026-03-25
218,SITE-016,PART-3548,173,162,11,83,12,False,True,True,0.5,2024-11-15
219,SITE-063,PART-3343,433,13,420,54,25,False,False,False,30.0,2023-04-11
220,SITE-082,PART-7156,124,97,27,50,35,False,True,True,1.7,2023-07-06
221,SITE-047,PART-7042,198,1,197,35,34,False,False,False,24.6,2026-03-14
222,SITE-064,PART-7240,450,238,212,52,51,False,False,False,10.1,2025-06-03
223,SITE-076,PART-8062,269,202,67,89,56,False,True,False,67.0,2024-04-28
224,SITE-034,PART-7413,379,308,71,99,80,False,True,True,3.0,2026-11-09
225,SITE-037,PART-9371,10,2,8,73,64,False,True,True,0.4,2023-03-16
226,SITE-075,PART-6951,37,19,18,53,27,False,True,True,3.0,2023-09-11
227,SITE-027,PART-4886,190,132,58,27,25,False,False,False,6.4,2026-11-08
228,SITE-062,PART-4215,327,306,21,93,75,False,True,True,1.1,2023-06-02
229,SITE-030,PART-2189,331,214,117,26,21,False,False,False,19.5,2025-07-23
230,SITE-080,PART-9933,115,4,111,71,23,False,False,False,12.3,2025-02-18
231,SITE-049,PART-5238,65,27,38,56,38,False,True,False,1.7,2024-06-23
232,SITE-026,PART-9121,422,247,175,34,25,False,False,False,58.3,2025-05-15
233,SITE-060,PART-5646,153,98,55,66,17,False,True,False,2.5,2026-09-28
234,SITE-047,PART-7269,324,249,75,80,42,False,True,False,6.2,2024-03-08
235,SITE-030,PART-5875,464,275,189,82,58,False,False,False,7.9,2025-11-24
236,SITE-056,PART-5432,98,68,30,85,28,False,True,False,1.4,2023-12-28
237,SITE-034,PART-3793,301,4,297,28,18,False,False,False,11.9,2023-08-01
238,SITE-097,PART-8518,382,279,103,91,14,False,False,False,34.3,2023-08-23
239,SITE-044,PART-7036,364,222,142,48,31,False,False,False,12.9,2023-05-28
240,SITE-007,PART-5546,422,155,267,35,14,False,False,False,22.2,2023-08-04
241,SITE-054,PART-1225,405,37,368,31,12,False,False,False,61.3,2025-02-11
242,SITE-097,PART-8783,249,207,42,27,20,False,False,False,3.0,2023-03-11
243,SITE-034,PART-1474,443,145,298,67,37,False,False,False,49.7,2023-07-17
244,SITE-054,PART-8423,242,228,14,100,14,False,True,False,3.5,2026-10-21
245,SITE-042,PART-8084,414,88,326,49,14,False,False,False,27.2,2026-01-19
246,SITE-037,PART-5072,96,7,89,56,20,False,False,False,8.1,2023-04-05
247,SITE-048,PART-3592,355,235,120,49,30,False,False,False,60.0,2025-07-23
248,SITE-084,PART-5664,224,207,17,47,25,False,True,True,0.7,2023-11-14
249,SITE-099,PART-4181,456,315,141,23,19,False,False,False,8.3,2024-03-19
250,SITE-075,PART-9492,151,98,53,69,32,False,True,False,3.1,2025-07-28
251,SITE-064,PART-3188,464,355,109,25,20,False,False,False,21.8,2026-06-16
252,SITE-063,PART-2281,10,8,2,59,16,False,True,True,0.2,2024-05-12
253,SITE-019,PART-2317,411,254,157,74,38,False,False,False,15.7,2026-08-18
254,SITE-067,PART-1684,10,6,4,23,21,False,True,True,4.0,2024-04-04
255,SITE-089,PART-3112,374,13,361,99,56,False,False,False,16.4,2025-09-10
256,SITE-013,PART-3798,80,30,50,31,24,False,False,False,2.4,2024-04-12
257,SITE-095,PART-2127,65,46,19,33,33,False,True,True,2.4,2024-11-10
258,SITE-088,PART-1456,204,176,28,49,25,False,True,False,3.1,2024-04-12
259,SITE-019,PART-7444,229,80,149,99,53,False,False,False,18.6,2025-01-05
260,SITE-072,PART-7672,102,12,90,87,16,False,False,False,3.9,2025-11-14
261,SITE-052,PART-4422,487,451,36,71,56,False,True,True,1.4,2023-02-01
262,SITE-051,PART-2766,470,215,255,40,29,False,False,False,14.2,2023-08-03
263,SITE-009,PART-9833,449,279,170,80,60,False,False,False,17.0,2025-10-21
264,SITE-038,PART-5743,123,65,58,96,28,False,True,False,58.0,2026-04-09
265,SITE-063,PART-4280,343,234,109,38,14,False,False,False,7.3,2024-01-16
266,SITE-074,PART-3739,4,3,1,63,22,False,True,True,0.1,2025-12-24
267,SITE-048,PART-7761,172,13,159,58,26,False,False,False,159.0,2026-04-08
268,SITE-038,PART-2246,235,152,83,26,16,False,False,False,4.0,2026-04-10
269,SITE-016,PART-7240,15,9,6,83,83,False,True,True,0.3,2026-11-06
270,SITE-009,PART-1049,8,7,1,25,20,False,True,True,0.0,2024-07-27
271,SITE-090,PART-6236,121,98,23,96,57,False,True,True,1.9,2026-09-07
272,SITE-001,PART-2766,202,142,60,24,14,False,False,False,2.7,2024-09-22
273,SITE-097,PART-7008,156,13,143,23,12,False,False,False,5.7,2024-05-18
274,SITE-027,PART-1734,11,9,2,47,35,False,True,True,0.4,2023-10-17
275,SITE-040,PART-1124,396,104,292,21,20,False,False,False,16.2,2025-03-13
276,SITE-025,PART-4080,485,443,42,43,31,False,True,False,2.6,2023-02-20
277,SITE-003,PART-1647,191,54,137,89,55,False,False,False,9.8,2025-11-20
278,SITE-008,PART-2406,117,85,32,97,54,False,True,True,4.0,2026-10-20
279,SITE-097,PART-1327,192,146,46,85,84,False,True,True,4.2,2026-02-01
280,SITE-015,PART-8916,427,166,261,41,28,False,False,False,87.0,2025-01-26
281,SITE-010,PART-1214,289,225,64,33,19,False,False,False,9.1,2026-12-05
282,SITE-075,PART-8558,197,187,10,79,13,False,True,True,0.5,2023-08-12
283,SITE-035,PART-2790,493,370,123,22,10,False,False,False,12.3,2023-06-15
284,SITE-042,PART-1768,381,306,75,52,24,False,False,False,6.2,2024-10-24
285,SITE-083,PART-2443,377,10,367,20,18,False,False,False,45.9,2024-10-03
286,SITE-002,PART-2404,236,42,194,96,84,False,False,False,7.8,2025-06-24
287,SITE-017,PART-5539,283,266,17,32,24,False,True,True,1.7,2024-12-15
288,SITE-051,PART-1416,97,54,43,71,59,False,True,True,7.2,2023-09-09
289,SITE-045,PART-8876,498,375,123,22,13,False,False,False,17.6,2026-09-26
290,SITE-094,PART-9451,129,8,121,66,11,False,False,False,4.8,2024-01-11
291,SITE-046,PART-4543,290,279,11,95,29,False,True,True,1.8,2023-01-15
292,SITE-053,PART-1264,379,320,59,90,29,False,True,False,2.8,2024-06-22
293,SITE-078,PART-7967,275,143,132,64,25,False,False,False,33.0,2026-01-06
294,SITE-070,PART-6628,317,156,161,63,28,False,False,False,23.0,2026-09-19
295,SITE-076,PART-7366,78,23,55,97,39,False,True,False,2.3,2025-03-14
296,SITE-081,PART-8062,73,42,31,88,35,False,True,True,1.6,2023-02-13
297,SITE-070,PART-7056,139,41,98,36,31,False,False,False,10.9,2023-05-20
298,SITE-064,PART-7121,173,1,172,20,20,False,False,False,7.2,2024-06-15
299,SITE-003,PART-9211,115,78,37,29,29,False,False,False,3.4,2024-10-11
300,SITE-045,PART-5094,164,109,55,61,56,False,True,True,4.2,2024-12-28
301,SITE-004,PART-7903,405,275,130,22,22,False,False,False,26.0,2025-02-12
302,SITE-073,PART-8523,246,105,141,83,57,False,False,False,11.8,2026-12-04
303,SITE-001,PART-8565,58,11,47,91,85,False,True,True,2.0,2023-06-04
304,SITE-050,PART-6113,56,22,34,35,21,False,True,False,2.0,2026-06-23
305,SITE-064,PART-2391,184,108,76,25,23,False,False,False,10.9,2023-10-01
306,SITE-068,PART-8195,238,60,178,20,11,False,False,False,29.7,2023-08-09
307,SITE-024,PART-7424,93,79,14,43,24,False,True,True,0.6,2026-09-01
308,SITE-038,PART-1474,487,291,196,93,24,False,False,False,8.5,2023-03-28
309,SITE-078,PART-2391,311,155,156,46,17,False,False,False,19.5,2025-01-18
310,SITE-025,PART-3246,34,27,7,30,23,False,True,True,0.5,2024-11-17
311,SITE-068,PART-1032,305,70,235,81,44,False,False,False,78.3,2023-06-27
312,SITE-053,PART-1124,70,15,55,27,27,False,False,False,3.7,2024-02-20
313,SITE-027,PART-2673,354,92,262,51,25,False,False,False,10.9,2025-07-11
314,SITE-064,PART-8008,261,12,249,71,14,False,False,False,24.9,2023-10-02
315,SITE-061,PART-9336,281,198,83,96,86,False,True,True,4.4,2024-03-19
316,SITE-014,PART-5813,248,133,115,32,29,False,False,False,57.5,2025-03-24
317,SITE-059,PART-4694,176,95,81,100,51,False,True,False,3.2,2024-10-22
318,SITE-038,PART-4741,262,105,157,34,12,False,False,False,7.1,2023-05-08
319,SITE-081,PART-2735,360,351,9,98,88,False,True,True,1.8,2023-03-05
320,SITE-065,PART-9284,370,323,47,99,65,False,True,True,2.6,2026-08-24
321,SITE-017,PART-7366,39,13,26,75,71,False,True,True,1.1,2026-05-20
322,SITE-049,PART-4215,206,174,32,52,19,False,True,False,4.0,2025-08-04
323,SITE-086,PART-7590,46,42,4,77,36,False,True,True,0.2,2025-04-22
324,SITE-094,PART-2790,318,177,141,50,26,False,False,False,6.7,2026-04-25
325,SITE-070,PART-1937,489,283,206,92,49,False,False,False,12.9,2023-04-18
326,SITE-042,PART-2739,111,18,93,33,15,False,False,False,7.2,2023-10-05
327,SITE-095,PART-3343,40,38,2,74,57,False,True,True,0.7,2023-12-06
328,SITE-075,PART-2100,349,88,261,71,11,False,False,False,65.2,2024-10-06
329,SITE-028,PART-3648,323,135,188,49,34,False,False,False,20.9,2026-10-28
330,SITE-070,PART-8322,343,105,238,92,68,False,False,False,9.9,2023-02-23
331,SITE-011,PART-7345,257,96,161,56,37,False,False,False,7.7,2024-01-12
332,SITE-047,PART-3121,95,41,54,84,58,False,True,True,2.6,2023-08-25
333,SITE-069,PART-2396,288,167,121,70,13,False,False,False,10.1,2023-09-13
334,SITE-100,PART-5193,299,46,253,26,12,False,False,False,25.3,2025-03-19
335,SITE-003,PART-4354,88,45,43,90,75,False,True,True,6.1,2024-03-20
336,SITE-094,PART-1291,252,76,176,74,22,False,False,False,176.0,2026-09-17
337,SITE-017,PART-7138,275,200,75,20,11,False,False,False,8.3,2024-07-15
338,SITE-027,PART-1238,326,215,111,66,54,False,False,False,6.5,2023-05-10
339,SITE-043,PART-1496,149,20,129,70,25,False,False,False,6.8,2023-09-05
340,SITE-049,PART-5648,387,309,78,95,60,False,True,False,3.7,2025-11-04
341,SITE-058,PART-9336,494,299,195,39,37,False,False,False,8.5,2026-07-04
342,SITE-019,PART-2036,485,334,151,46,15,False,False,False,16.8,2025-01-19
343,SITE-088,PART-7672,13,0,13,72,13,False,True,False,1.0,2025-12-18
344,SITE-012,PART-3553,34,4,30,22,12,False,False,False,7.5,2026-11-02
345,SITE-015,PART-1147,372,156,216,39,27,False,False,False,72.0,2023-05-08
346,SITE-035,PART-9118,12,6,6,90,76,False,True,True,2.0,2023-04-25
347,SITE-018,PART-8113,360,5,355,77,19,False,False,False,355.0,2025-08-23
348,SITE-089,PART-6884,35,17,18,70,41,False,True,True,2.0,2023-04-04
349,SITE-048,PART-1264,236,79,157,96,46,False,False,False,7.8,2026-11-14
350,SITE-064,PART-4872,100,45,55,24,15,False,False,False,2.8,2025-11-15
351,SITE-031,PART-9987,419,144,275,47,35,False,False,False,39.3,2026-02-23
352,SITE-050,PART-7181,16,5,11,48,16,False,True,True,1.6,2024-04-08
353,SITE-072,PART-6668,479,353,126,52,45,False,False,False,12.6,2024-09-04
354,SITE-021,PART-7156,198,70,128,31,13,False,False,False,8.0,2024-12-16
355,SITE-009,PART-6183,193,145,48,95,11,False,True,False,3.7,2023-01-04
356,SITE-056,PART-4942,230,169,61,32,16,False,False,False,7.6,2024-10-01
357,SITE-015,PART-4072,298,63,235,100,53,False,False,False,23.5,2025-01-13
358,SITE-082,PART-3457,127,59,68,25,21,False,False,False,3.6,2024-05-08
359,SITE-025,PART-4058,270,259,11,62,37,False,True,True,1.2,2023-11-05
360,SITE-094,PART-9390,435,187,248,84,52,False,False,False,41.3,2023-04-24
361,SITE-086,PART-7745,416,14,402,99,11,False,False,False,16.8,2024-10-22
362,SITE-012,PART-7250,165,109,56,51,38,False,False,False,2.9,2023-10-28
363,SITE-033,PART-8211,350,194,156,87,30,False,False,False,6.5,2026-07-08
364,SITE-014,PART-3160,154,8,146,50,46,False,False,False,12.2,2026-11-23
365,SITE-061,PART-8987,353,130,223,45,31,False,False,False,8.9,2026-04-02
366,SITE-070,PART-6442,143,104,39,20,17,False,False,False,3.0,2023-12-23
367,SITE-076,PART-6628,440,322,118,62,40,False,False,False,5.4,2025-02-21
368,SITE-061,PART-9272,248,143,105,45,15,False,False,False,4.8,2024-01-12
369,SITE-034,PART-1210,327,46,281,53,38,False,False,False,12.8,2024-05-26
370,SITE-061,PART-9336,129,106,23,35,34,False,True,True,1.1,2025-10-06
371,SITE-024,PART-6430,82,63,19,78,49,False,True,True,0.8,2023-04-06
372,SITE-043,PART-2802,436,138,298,60,33,False,False,False,42.6,2026-07-03
373,SITE-012,PART-3392,59,32,27,43,43,False,True,True,13.5,2026-07-03
374,SITE-031,PART-2927,297,96,201,42,36,False,False,False,8.7,2024-09-26
375,SITE-090,PART-8635,224,129,95,57,34,False,False,False,7.9,2025-01-05
376,SITE-009,PART-8558,341,146,195,75,19,False,False,False,195.0,2023-05-16
377,SITE-085,PART-7140,458,361,97,64,26,False,False,False,97.0,2024-09-03
378,SITE-066,PART-7520,77,17,60,23,15,False,False,False,15.0,2024-11-25
379,SITE-077,PART-7020,41,41,0,28,20,True,True,True,0.0,2024-06-10
380,SITE-082,PART-1768,461,278,183,27,13,False,False,False,14.1,2026-09-01
381,SITE-066,PART-8876,125,95,30,74,71,False,True,True,1.9,2023-02-01
382,SITE-033,PART-3592,173,172,1,77,52,False,True,True,0.0,2026-12-26
383,SITE-039,PART-8668,18,10,8,88,22,False,True,True,0.4,2024-12-20
384,SITE-038,PART-1575,402,17,385,64,21,False,False,False,18.3,2026-11-26
385,SITE-078,PART-9167,364,358,6,85,10,False,True,True,1.0,2026-08-25
386,SITE-077,PART-7740,25,22,3,59,14,False,True,True,0.8,2023-04-07
387,SITE-001,PART-2963,159,154,5,65,61,False,True,True,0.2,2024-08-19
388,SITE-079,PART-1376,455,164,291,58,13,False,False,False,20.8,2025-05-11
389,SITE-095,PART-6627,124,64,60,94,73,False,True,True,6.7,2026-04-22
390,SITE-019,PART-6908,304,268,36,97,47,False,True,True,2.6,2026-11-13
391,SITE-016,PART-3819,14,3,11,77,67,False,True,True,1.4,2024-05-04
392,SITE-078,PART-2485,99,98,1,62,41,False,True,True,0.0,2025-08-26
393,SITE-086,PART-8723,332,256,76,63,37,False,False,False,3.0,2026-11-26
394,SITE-016,PART-5950,300,5,295,81,76,False,False,False,295.0,2024-01-10
395,SITE-055,PART-5668,201,186,15,30,15,False,True,False,2.1,2023-03-08
396,SITE-010,PART-3392,2,2,0,80,36,True,True,True,0.0,2024-08-20
397,SITE-039,PART-7140,445,250,195,36,28,False,False,False,27.9,2026-05-26
398,SITE-008,PART-7792,458,315,143,82,81,False,False,False,14.3,2024-02-11
399,SITE-060,PART-6072,353,14,339,57,15,False,False,False,16.9,2023-03-18
400,SITE-069,PART-7690,108,93,15,85,45,False,True,True,0.9,2026-08-26
401,SITE-009,PART-2122,40,7,33,79,35,False,True,True,1.6,2024-03-23
402,SITE-059,PART-1081,365,318,47,68,34,False,True,False,2.2,2025-02-19
403,SITE-021,PART-2748,272,36,236,32,19,False,False,False,19.7,2023-11-03
404,SITE-055,PART-1366,101,53,48,32,26,False,False,False,3.7,2025-05-26
405,SITE-072,PART-8714,113,92,21,52,19,False,True,False,0.9,2026-04-14
406,SITE-014,PART-8555,216,74,142,48,29,False,False,False,7.5,2025-07-18
407,SITE-054,PART-2102,56,5,51,41,35,False,False,False,6.4,2025-05-05
408,SITE-082,PART-2733,205,200,5,37,30,False,True,True,0.3,2023-04-18
409,SITE-023,PART-1496,331,98,233,49,16,False,False,False,15.5,2024-06-12
410,SITE-091,PART-8195,216,25,191,94,87,False,False,False,7.6,2026-08-16
411,SITE-024,PART-6101,261,195,66,25,19,False,False,False,9.4,2026-11-20
412,SITE-058,PART-9114,105,3,102,78,73,False,False,False,6.4,2026-05-12
413,SITE-046,PART-7735,21,1,20,33,30,False,True,True,1.1,2025-07-14
414,SITE-034,PART-2046,260,23,237,35,33,False,False,False,21.5,2025-07-04
415,SITE-042,PART-5029,343,59,284,87,25,False,False,False,20.3,2024-07-15
416,SITE-072,PART-6797,83,51,32,81,81,False,True,True,4.0,2026-10-09
417,SITE-052,PART-4181,234,230,4,41,34,False,True,True,0.2,2024-04-27
418,SITE-043,PART-3347,496,449,47,20,10,False,False,False,4.3,2026-10-18
419,SITE-087,PART-3648,470,202,268,22,19,False,False,False,15.8,2025-03-14
420,SITE-044,PART-2165,401,328,73,61,21,False,False,False,9.1,2024-11-16
421,SITE-038,PART-4112,192,40,152,46,16,False,False,False,11.7,2026-08-23
422,SITE-057,PART-9606,199,55,144,74,25,False,False,False,6.0,2025-11-16
423,SITE-050,PART-5743,58,26,32,72,67,False,True,True,1.4,2025-04-11
424,SITE-079,PART-8727,409,380,29,30,24,False,True,False,3.2,2025-09-17
425,SITE-058,PART-3224,17,13,4,70,40,False,True,True,0.5,2023-07-08
426,SITE-005,PART-4662,477,95,382,74,69,False,False,False,47.8,2026-09-20
427,SITE-010,PART-7625,421,134,287,90,71,False,False,False,14.3,2024-11-03
428,SITE-078,PART-7093,441,220,221,26,14,False,False,False,20.1,2026-05-03
429,SITE-017,PART-4014,198,74,124,25,23,False,False,False,5.0,2025-04-08
430,SITE-094,PART-9883,119,50,69,91,56,False,True,False,23.0,2026-02-17
431,SITE-024,PART-7277,112,56,56,74,57,False,True,True,18.7,2026-12-17
432,SITE-023,PART-8261,370,97,273,76,51,False,False,False,16.1,2026-10-18
433,SITE-078,PART-1724,292,113,179,28,17,False,False,False,8.1,2026-03-23
434,SITE-037,PART-2052,111,93,18,66,64,False,True,True,0.9,2026-08-23
435,SITE-045,PART-7949,149,30,119,30,20,False,False,False,17.0,2023-10-03
436,SITE-061,PART-2235,477,317,160,57,38,False,False,False,8.9,2024-04-25
437,SITE-017,PART-5659,327,145,182,44,21,False,False,False,13.0,2026-08-18
438,SITE-082,PART-6683,51,35,16,83,37,False,True,True,0.8,2024-02-05
439,SITE-022,PART-9768,38,2,36,91,66,False,True,True,2.4,2024-11-19
440,SITE-085,PART-4031,488,65,423,81,69,False,False,False,26.4,2026-12-07
441,SITE-097,PART-9090,397,263,134,51,11,False,False,False,11.2,2024-02-01
442,SITE-003,PART-7008,8,2,6,30,27,False,True,True,1.2,2026-05-13
443,SITE-054,PART-5961,400,158,242,24,15,False,False,False,10.1,2026-08-19
444,SITE-054,PART-6513,343,275,68,45,32,False,False,False,4.0,2023-04-02
445,SITE-014,PART-9106,290,204,86,79,75,False,False,False,9.6,2023-02-20
446,SITE-017,PART-3811,402,380,22,50,41,False,True,True,2.2,2025-10-22
447,SITE-008,PART-7590,431,141,290,85,35,False,False,False,13.2,2026-05-10
448,SITE-071,PART-4741,156,11,145,65,23,False,False,False,36.2,2024-05-25
449,SITE-063,PART-4694,422,415,7,47,19,False,True,True,0.4,2026-04-12
450,SITE-005,PART-9993,406,9,397,70,35,False,False,False,19.9,2024-09-28
451,SITE-017,PART-3415,331,136,195,77,24,False,False,False,10.3,2023-08-23
452,SITE-094,PART-2434,189,60,129,52,31,False,False,False,11.7,2026-11-21
453,SITE-020,PART-5186,292,66,226,33,19,False,False,False,22.6,2025-12-03
454,SITE-026,PART-3109,317,241,76,32,18,False,False,False,38.0,2023-01-17
455,SITE-053,PART-6417,149,41,108,85,54,False,False,False,36.0,2024-05-24
456,SITE-059,PART-5781,435,52,383,76,43,False,False,False,16.7,2026-03-25
457,SITE-008,PART-2019,78,45,33,84,50,False,True,True,5.5,2025-10-14
458,SITE-033,PART-9278,324,189,135,43,15,False,False,False,5.9,2024-02-22
459,SITE-024,PART-9370,12,12,0,58,30,True,True,True,0.0,2024-09-08
460,SITE-047,PART-1414,157,26,131,28,24,False,False,False,5.7,2024-03-18
461,SITE-036,PART-4382,315,170,145,89,34,False,False,False,12.1,2023-11-28
462,SITE-003,PART-9554,396,371,25,54,48,False,True,True,1.5,2023-05-26
463,SITE-082,PART-9189,388,54,334,59,22,False,False,False,27.8,2024-12-02
464,SITE-089,PART-8113,242,196,46,73,57,False,True,True,6.6,2026-02-12
465,SITE-087,PART-9377,21,8,13,23,11,False,True,False,1.6,2026-11-04
466,SITE-034,PART-1632,90,85,5,40,38,False,True,True,0.7,2023-02-17
467,SITE-017,PART-2165,151,35,116,54,37,False,False,False,5.5,2026-03-02
468,SITE-039,PART-3201,193,40,153,98,28,False,False,False,7.0,2026-03-08
469,SITE-074,PART-2218,11,1,10,55,50,False,True,True,0.8,2026-10-23
470,SITE-070,PART-7263,371,35,336,48,37,False,False,False,14.6,2025-05-05
471,SITE-017,PART-3825,382,379,3,59,50,False,True,True,0.3,2024-03-11
472,SITE-041,PART-2699,354,47,307,96,20,False,False,False,153.5,2024-08-03
473,SITE-028,PART-6618,469,278,191,47,23,False,False,False,95.5,2025-12-05
474,SITE-025,PART-9077,177,32,145,82,76,False,False,False,8.5,2024-02-11
475,SITE-083,PART-6113,24,13,11,23,13,False,True,True,1.2,2024-09-14
476,SITE-018,PART-2464,315,239,76,95,11,False,True,False,19.0,2023-04-25
477,SITE-061,PART-7042,336,294,42,21,14,False,False,False,2.8,2023-08-27
478,SITE-035,PART-3228,245,191,54,36,27,False,False,False,18.0,2023-08-24
479,SITE-024,PART-9371,14,12,2,73,68,False,True,True,1.0,2025-01-13
480,SITE-075,PART-9255,475,324,151,82,67,False,False,False,18.9,2023-11-04
481,SITE-091,PART-8003,313,221,92,38,30,False,False,False,4.4,2025-11-23
482,SITE-068,PART-8861,8,7,1,36,11,False,True,True,0.1,2026-11-01
483,SITE-092,PART-1249,402,317,85,46,44,False,False,False,4.0,2024-06-09
484,SITE-009,PART-1564,352,340,12,95,76,False,True,True,1.5,2023-04-28
485,SITE-082,PART-3691,288,85,203,91,73,False,False,False,10.2,2023-05-18
486,SITE-053,PART-5570,285,43,242,31,25,False,False,False,17.3,2024-05-12
487,SITE-057,PART-4906,487,296,191,56,29,False,False,False,13.6,2024-02-11
488,SITE-011,PART-5401,151,4,147,22,21,False,False,False,12.2,2025-03-01
489,SITE-061,PART-6112,220,205,15,66,55,False,True,True,0.8,2026-10-10
490,SITE-063,PART-3574,305,277,28,42,12,False,True,False,1.1,2023-09-25
491,SITE-015,PART-2106,228,138,90,71,38,False,False,False,6.0,2026-06-09
492,SITE-018,PART-4078,254,173,81,92,62,False,True,False,13.5,2024-11-04
493,SITE-016,PART-7082,407,107,300,72,35,False,False,False,100.0,2026-09-16
494,SITE-033,PART-9634,129,58,71,94,66,False,True,False,5.1,2026-12-28
495,SITE-072,PART-5350,28,8,20,77,68,False,True,True,0.9,2024-02-28
496,SITE-096,PART-3209,442,357,85,59,24,False,False,False,4.5,2025-12-26
497,SITE-035,PART-2802,340,325,15,68,56,False,True,True,1.4,2024-06-07
498,SITE-082,PART-1737,130,74,56,63,13,False,True,False,56.0,2025-12-19
499,SITE-033,PART-2794,348,9,339,98,76,False,False,False,18.8,2023-06-12
500,SITE-098,PART-4995,365,151,214,97,95,False,False,False,19.5,2025-10-04
501,SITE-038,PART-7560,285,261,24,36,28,False,True,True,1.2,2026-02-08
502,SITE-008,PART-5225,244,216,28,25,23,False,False,False,2.5,2023-07-24
503,SITE-045,PART-7684,435,131,304,46,19,False,False,False,14.5,2024-07-03
504,SITE-003,PART-1934,165,29,136,37,24,False,False,False,12.4,2025-02-22
505,SITE-044,PART-6903,118,116,2,77,46,False,True,True,0.3,2024-07-21
506,SITE-034,PART-9994,78,10,68,43,28,False,False,False,13.6,2025-07-18
507,SITE-075,PART-3793,291,251,40,72,54,False,True,True,4.4,2024-07-08
508,SITE-050,PART-5011,425,121,304,55,14,False,False,False,25.3,2024-12-08
509,SITE-019,PART-4058,251,7,244,96,24,False,False,False,11.1,2024-10-01
510,SITE-022,PART-1874,438,398,40,76,39,False,True,False,5.0,2026-10-11
511,SITE-095,PART-2394,92,54,38,86,37,False,True,False,5.4,2024-10-27
512,SITE-075,PART-9704,242,54,188,80,49,False,False,False,7.5,2025-03-08
513,SITE-029,PART-1647,262,137,125,65,39,False,False,False,7.8,2026-09-21
514,SITE-023,PART-9271,354,31,323,41,18,False,False,False,32.3,2026-05-14
515,SITE-100,PART-9795,184,81,103,71,63,False,False,False,10.3,2026-12-01
516,SITE-057,PART-6013,80,32,48,89,52,False,True,True,2.8,2023-11-16
517,SITE-041,PART-1892,267,219,48,58,26,False,True,False,3.0,2024-08-05
518,SITE-008,PART-7056,111,103,8,30,18,False,True,True,0.3,2026-10-06
519,SITE-098,PART-9272,138,20,118,93,90,False,False,False,5.9,2023-10-25
520,SITE-061,PART-9263,387,256,131,47,26,False,False,False,13.1,2026-08-02
521,SITE-080,PART-7886,10,8,2,41,25,False,True,True,0.7,2024-08-10
522,SITE-041,PART-2052,190,106,84,33,21,False,False,False,84.0,2024-03-28
523,SITE-097,PART-2451,132,100,32,86,28,False,True,False,3.2,2025-08-22
524,SITE-029,PART-4856,476,421,55,65,38,False,True,False,3.7,2026-03-24
525,SITE-011,PART-4872,389,363,26,25,11,False,False,False,1.2,2024-03-05
526,SITE-002,PART-7740,433,129,304,84,37,False,False,False,30.4,2026-07-27
527,SITE-014,PART-1402,256,243,13,98,44,False,True,True,0.8,2023-07-07
528,SITE-069,PART-2794,304,95,209,52,37,False,False,False,12.3,2023-06-07
529,SITE-035,PART-3793,58,2,56,66,58,False,True,True,8.0,2023-05-02
530,SITE-080,PART-3276,106,102,4,39,19,False,True,True,0.4,2025-11-19
531,SITE-071,PART-4663,51,17,34,60,41,False,True,True,1.8,2026-10-23
532,SITE-008,PART-7200,193,157,36,26,10,False,False,False,5.1,2023-08-08
533,SITE-032,PART-5200,115,56,59,20,18,False,False,False,2.4,2025-11-02
534,SITE-099,PART-5298,151,144,7,66,56,False,True,True,0.6,2023-05-27
535,SITE-060,PART-7425,265,25,240,75,63,False,False,False,40.0,2024-06-15
536,SITE-094,PART-2784,466,355,111,80,73,False,False,False,11.1,2023-06-18
537,SITE-057,PART-1218,252,126,126,20,18,False,False,False,18.0,2024-09-14
538,SITE-054,PART-6924,258,205,53,38,29,False,False,False,2.4,2024-06-13
539,SITE-088,PART-7577,102,101,1,69,20,False,True,True,0.0,2023-06-05
540,SITE-026,PART-7388,142,118,24,91,19,False,True,False,1.1,2026-11-22
541,SITE-089,PART-4640,368,184,184,72,18,False,False,False,7.4,2025-10-07
542,SITE-036,PART-7290,328,199,129,29,15,False,False,False,7.6,2023-04-02
543,SITE-026,PART-6719,131,3,128,77,67,False,False,False,14.2,2023-07-06
544,SITE-019,PART-6805,258,78,180,52,37,False,False,False,15.0,2025-05-02
545,SITE-082,PART-5709,416,411,5,48,21,False,True,True,0.2,2024-10-26
546,SITE-084,PART-2477,341,221,120,70,25,False,False,False,13.3,2025-12-05
547,SITE-052,PART-1264,406,386,20,51,18,False,True,False,10.0,2025-09-16
548,SITE-002,PART-9090,266,11,255,71,46,False,False,False,18.2,2023-06-23
549,SITE-025,PART-8008,455,275,180,42,36,False,False,False,10.0,2025-03-13
550,SITE-078,PART-3070,213,10,203,83,50,False,False,False,8.5,2023-07-12
551,SITE-044,PART-8396,32,6,26,78,55,False,True,True,1.3,2025-11-24
552,SITE-073,PART-2487,162,34,128,30,19,False,False,False,5.3,2024-05-02
553,SITE-027,PART-7534,327,323,4,55,20,False,True,True,2.0,2026-02-13
554,SITE-039,PART-2790,328,236,92,23,20,False,False,False,5.1,2024-09-23
555,SITE-044,PART-3718,302,212,90,37,35,False,False,False,4.5,2026-02-26
556,SITE-086,PART-3684,172,160,12,46,36,False,True,True,0.9,2025-09-22
557,SITE-028,PART-3162,224,43,181,52,24,False,False,False,36.2,2024-11-28
558,SITE-044,PART-8194,184,106,78,28,25,False,False,False,13.0,2023-02-11
559,SITE-081,PART-4856,170,3,167,54,20,False,False,False,7.3,2023-06-05
560,SITE-045,PART-1506,330,68,262,83,81,False,False,False,21.8,2025-04-22
561,SITE-065,PART-6944,271,188,83,30,18,False,False,False,5.5,2023-04-14
562,SITE-090,PART-4198,300,204,96,51,28,False,False,False,5.6,2026-11-21
563,SITE-038,PART-8758,279,48,231,62,48,False,False,False,9.2,2023-01-07
564,SITE-063,PART-2799,178,162,16,84,62,False,True,True,2.3,2025-12-01
565,SITE-100,PART-6913,446,146,300,69,32,False,False,False,25.0,2024-11-05
566,SITE-053,PART-3739,117,18,99,33,26,False,False,False,24.8,2025-09-04
567,SITE-031,PART-4505,90,78,12,91,61,False,True,True,4.0,2023-12-19
568,SITE-077,PART-2341,355,330,25,47,29,False,True,True,1.8,2025-09-15
569,SITE-073,PART-4997,34,25,9,94,94,False,True,True,9.0,2025-05-17
570,SITE-082,PART-8694,365,254,111,69,11,False,False,False,5.3,2023-01-06
571,SITE-088,PART-2773,429,69,360,96,87,False,False,False,15.0,2025-03-07
572,SITE-031,PART-8746,184,91,93,96,27,False,True,False,5.8,2026-08-17
573,SITE-051,PART-5121,447,285,162,98,64,False,False,False,8.5,2023-03-03
574,SITE-005,PART-8113,272,4,268,63,41,False,False,False,53.6,2025-07-28
575,SITE-050,PART-8214,53,18,35,73,13,False,True,False,8.8,2024-08-14
576,SITE-081,PART-9271,70,55,15,37,32,False,True,True,0.9,2025-05-17
577,SITE-083,PART-7563,185,153,32,53,18,False,True,False,16.0,2023-01-14
578,SITE-097,PART-9993,236,198,38,79,14,False,True,False,4.2,2025-05-01
579,SITE-090,PART-4906,24,23,1,30,14,False,True,True,1.0,2025-02-24
580,SITE-081,PART-6430,260,137,123,45,32,False,False,False,12.3,2023-02-18
581,SITE-002,PART-9306,191,71,120,91,61,False,False,False,5.2,2025-01-04
582,SITE-005,PART-8261,31,28,3,45,13,False,True,True,0.5,2023-09-12
583,SITE-080,PART-8986,114,74,40,20,17,False,False,False,2.2,2024-12-01
584,SITE-081,PART-8723,25,17,8,27,25,False,True,True,0.5,2023-10-17
585,SITE-066,PART-3289,430,101,329,32,26,False,False,False,15.0,2025-01-02
586,SITE-086,PART-9363,84,20,64,69,65,False,True,True,2.8,2024-08-26
587,SITE-068,PART-3648,166,7,159,68,57,False,False,False,39.8,2025-01-15
588,SITE-051,PART-5659,333,123,210,25,23,False,False,False,70.0,2023-02-11
589,SITE-032,PART-1366,370,199,171,71,52,False,False,False,11.4,2023-02-12
590,SITE-017,PART-2897,76,73,3,65,46,False,True,True,0.1,2024-11-03
591,SITE-035,PART-6628,436,7,429,90,54,False,False,False,107.2,2023-04-06
592,SITE-045,PART-6601,88,69,19,46,35,False,True,True,1.7,2023-04-13
593,SITE-060,PART-9108,70,33,37,93,92,False,True,True,2.6,2025-06-15
594,SITE-027,PART-7486,102,58,44,67,46,False,True,True,44.0,2024-11-27
595,SITE-015,PART-1061,0,0,0,67,45,True,True,True,0.0,2023-01-26
596,SITE-046,PART-1264,186,91,95,73,28,False,False,False,7.9,2023-03-05
597,SITE-017,PART-7431,186,0,186,81,10,False,False,False,8.9,2025-08-05
598,SITE-002,PART-8840,85,57,28,96,73,False,True,True,9.3,2023-11-06
599,SITE-094,PART-3531,483,310,173,73,65,False,False,False,14.4,2023-03-09
600,SITE-008,PART-3392,76,54,22,89,25,False,True,True,2.2,2024-09-11
601,SITE-057,PART-3015,495,302,193,62,20,False,False,False,12.9,2025-09-14
602,SITE-075,PART-7200,267,88,179,30,27,False,False,False,19.9,2024-06-25
603,SITE-035,PART-1099,90,25,65,43,25,False,False,False,21.7,2026-09-21
604,SITE-010,PART-1249,493,33,460,95,18,False,False,False,20.9,2025-07-22
605,SITE-089,PART-2802,329,47,282,41,34,False,False,False,31.3,2026-05-24
606,SITE-072,PART-8695,226,88,138,61,24,False,False,False,8.1,2024-06-06
607,SITE-079,PART-9704,319,214,105,33,20,False,False,False,5.5,2024-12-15
608,SITE-096,PART-6355,413,320,93,55,46,False,False,False,4.0,2024-04-19
609,SITE-029,PART-3953,470,177,293,87,77,False,False,False,29.3,2024-10-07
610,SITE-092,PART-5172,268,51,217,22,17,False,False,False,108.5,2026-10-17
611,SITE-001,PART-7181,433,185,248,69,57,False,False,False,11.8,2023-09-23
612,SITE-066,PART-7886,97,88,9,44,14,False,True,True,1.5,2025-01-24
613,SITE-035,PART-2590,354,319,35,77,53,False,True,True,1.5,2025-09-04
614,SITE-039,PART-5200,444,397,47,20,16,False,False,False,7.8,2026-03-22
615,SITE-021,PART-9467,25,15,10,70,69,False,True,True,0.5,2025-06-05
616,SITE-002,PART-1937,487,22,465,39,27,False,False,False,77.5,2026-12-24
617,SITE-082,PART-1474,444,153,291,27,11,False,False,False,22.4,2023-11-01
618,SITE-045,PART-7441,476,301,175,60,59,False,False,False,8.0,2023-10-19
619,SITE-089,PART-1506,209,151,58,29,22,False,False,False,5.3,2026-05-27
620,SITE-019,PART-2430,60,3,57,65,41,False,True,False,2.4,2023-11-18
621,SITE-077,PART-6072,240,155,85,73,53,False,False,False,8.5,2023-10-23
622,SITE-051,PART-6975,68,67,1,87,28,False,True,True,0.0,2025-10-03
623,SITE-091,PART-4062,449,211,238,57,24,False,False,False,11.9,2026-09-28
624,SITE-081,PART-1134,273,75,198,41,32,False,False,False,19.8,2026-02-04
625,SITE-030,PART-2973,459,123,336,22,11,False,False,False,24.0,2024-04-10
626,SITE-076,PART-4781,48,20,28,39,38,False,True,True,2.0,2024-05-05
627,SITE-017,PART-8084,427,289,138,89,62,False,False,False,13.8,2023-06-28
628,SITE-027,PART-6975,142,128,14,45,42,False,True,True,4.7,2024-04-19
629,SITE-061,PART-1937,310,99,211,37,12,False,False,False,11.1,2026-02-19
630,SITE-037,PART-1632,271,51,220,81,46,False,False,False,11.6,2023-03-04
631,SITE-026,PART-3691,191,68,123,39,35,False,False,False,30.8,2025-08-09
632,SITE-079,PART-3653,119,101,18,40,14,False,True,False,1.4,2023-10-08
633,SITE-100,PART-8200,31,13,18,25,16,False,True,False,0.9,2026-05-05
634,SITE-013,PART-3224,394,256,138,59,39,False,False,False,17.2,2024-06-09
635,SITE-069,PART-9589,53,2,51,41,38,False,False,False,3.2,2024-01-05
636,SITE-012,PART-7897,201,13,188,73,69,False,False,False,37.6,2025-07-03
637,SITE-024,PART-5961,167,144,23,60,29,False,True,True,1.0,2026-12-03
638,SITE-100,PART-8916,169,89,80,93,36,False,True,False,80.0,2026-12-21
639,SITE-003,PART-1524,384,294,90,44,36,False,False,False,5.6,2024-03-02
640,SITE-075,PART-4663,111,28,83,86,32,False,True,False,4.2,2025-10-18
641,SITE-027,PART-4215,81,70,11,43,35,False,True,True,1.2,2024-11-06
642,SITE-023,PART-6766,69,53,16,86,75,False,True,True,1.5,2025-03-17
643,SITE-014,PART-2766,187,128,59,75,69,False,True,True,4.2,2026-03-03
644,SITE-027,PART-9834,11,5,6,85,80,False,True,True,0.3,2026-08-20
645,SITE-089,PART-1173,117,89,28,81,24,False,True,False,3.1,2024-02-28
646,SITE-018,PART-7121,13,10,3,75,70,False,True,True,0.3,2025-06-14
647,SITE-033,PART-1238,497,180,317,21,11,False,False,False,15.8,2023-05-20
648,SITE-036,PART-8361,167,7,160,81,43,False,False,False,7.3,2024-02-11
649,SITE-054,PART-1921,365,280,85,56,47,False,False,False,42.5,2026-02-05
650,SITE-080,PART-5588,325,169,156,45,30,False,False,False,8.2,2025-01-13
651,SITE-010,PART-3182,39,18,21,33,17,False,True,False,3.0,2026-08-04
652,SITE-038,PART-4505,162,108,54,28,21,False,False,False,54.0,2025-07-24
653,SITE-084,PART-4219,64,31,33,89,86,False,True,True,1.4,2025-09-21
654,SITE-086,PART-5543,50,32,18,69,33,False,True,True,1.0,2023-06-14
655,SITE-015,PART-5115,209,175,34,100,85,False,True,True,3.8,2026-08-28
656,SITE-061,PART-5200,243,172,71,51,43,False,False,False,3.2,2026-08-01
657,SITE-051,PART-3347,407,369,38,66,60,False,True,True,1.8,2023-02-05
658,SITE-046,PART-4582,155,123,32,81,78,False,True,True,1.3,2026-09-25
659,SITE-058,PART-7200,169,84,85,36,16,False,False,False,5.3,2023-10-09
660,SITE-018,PART-7345,108,17,91,26,26,False,False,False,7.6,2026-06-28
661,SITE-057,PART-6299,430,25,405,92,41,False,False,False,27.0,2025-03-19
662,SITE-062,PART-9564,253,242,11,61,20,False,True,True,11.0,2026-08-10
663,SITE-006,PART-1872,87,86,1,45,26,False,True,True,0.1,2025-12-23
664,SITE-069,PART-4638,306,144,162,24,16,False,False,False,10.1,2023-02-12
665,SITE-064,PART-6209,270,119,151,22,15,False,False,False,6.6,2025-04-13
666,SITE-086,PART-1376,85,14,71,36,10,False,False,False,2.8,2025-11-01
667,SITE-054,PART-9666,387,143,244,23,23,False,False,False,18.8,2023-11-25
668,SITE-093,PART-2276,119,111,8,58,53,False,True,True,1.0,2023-10-22
669,SITE-082,PART-4181,470,304,166,64,64,False,False,False,12.8,2026-04-15
670,SITE-085,PART-4846,105,71,34,61,15,False,True,False,2.0,2025-05-19
671,SITE-032,PART-6221,118,50,68,52,35,False,False,False,3.4,2024-11-12
672,SITE-097,PART-1696,149,118,31,64,28,False,True,False,2.2,2023-07-16
673,SITE-060,PART-8593,31,9,22,75,14,False,True,False,1.7,2025-09-11
674,SITE-063,PART-8355,172,121,51,56,16,False,True,False,3.6,2026-06-17
675,SITE-078,PART-7560,2,1,1,69,42,False,True,True,0.2,2024-07-02
676,SITE-076,PART-3103,268,105,163,73,41,False,False,False,7.8,2025-03-10
677,SITE-022,PART-7584,469,424,45,44,44,False,False,False,11.2,2025-10-21
678,SITE-041,PART-4062,488,250,238,82,81,False,False,False,34.0,2025-06-17
679,SITE-045,PART-2218,213,87,126,73,53,False,False,False,42.0,2023-04-26
680,SITE-093,PART-1547,180,115,65,39,32,False,False,False,4.1,2024-09-25
681,SITE-020,PART-1358,82,51,31,65,64,False,True,True,2.8,2026-07-25
682,SITE-081,PART-1798,459,281,178,70,64,False,False,False,10.5,2024-11-10
683,SITE-098,PART-1363,174,133,41,38,15,False,False,False,5.1,2024-06-18
684,SITE-055,PART-3858,42,41,1,65,11,False,True,True,0.1,2024-03-14
685,SITE-036,PART-5115,373,182,191,30,18,False,False,False,23.9,2023-06-13
686,SITE-060,PART-4908,125,25,100,21,10,False,False,False,6.7,2024-08-08
687,SITE-008,PART-8144,346,19,327,89,59,False,False,False,13.1,2026-09-16
688,SITE-006,PART-3276,97,75,22,23,18,False,True,False,22.0,2025-06-07
689,SITE-016,PART-3811,102,59,43,74,31,False,True,False,3.6,2025-07-11
690,SITE-022,PART-1696,233,71,162,90,38,False,False,False,9.5,2025-04-23
691,SITE-031,PART-1945,316,36,280,55,22,False,False,False,13.3,2023-01-27
692,SITE-074,PART-7042,406,259,147,32,27,False,False,False,8.2,2024-04-01
693,SITE-079,PART-7641,214,18,196,54,11,False,False,False,32.7,2023-03-07
694,SITE-071,PART-6236,138,88,50,65,31,False,True,False,4.5,2024-08-23
695,SITE-030,PART-1343,117,86,31,91,58,False,True,True,1.2,2023-11-21
696,SITE-042,PART-1405,264,17,247,23,23,False,False,False,247.0,2023-03-08
697,SITE-006,PART-7416,158,140,18,21,12,False,True,False,0.8,2023-02-04
698,SITE-092,PART-2317,111,48,63,87,75,False,True,True,15.8,2024-05-01
699,SITE-020,PART-3839,150,64,86,53,37,False,False,False,14.3,2025-10-06
700,SITE-095,PART-5660,82,81,1,80,36,False,True,True,0.1,2026-06-08
701,SITE-081,PART-4215,393,112,281,44,25,False,False,False,23.4,2026-10-03
702,SITE-073,PART-9007,395,344,51,81,62,False,True,True,7.3,2026-01-27
703,SITE-083,PART-9284,220,105,115,92,26,False,False,False,14.4,2024-05-10
704,SITE-058,PART-8496,196,138,58,27,21,False,False,False,11.6,2023-07-06
705,SITE-031,PART-1832,113,86,27,42,28,False,True,True,5.4,2024-01-12
706,SITE-010,PART-1744,102,53,49,97,39,False,True,False,24.5,2025-08-10
707,SITE-052,PART-2165,493,445,48,71,55,False,True,True,2.3,2026-05-09
708,SITE-023,PART-3418,104,79,25,44,15,False,True,False,1.2,2025-07-09
709,SITE-038,PART-1734,318,280,38,82,81,False,True,True,19.0,2025-04-01
710,SITE-026,PART-4538,127,98,29,43,21,False,True,False,1.4,2023-06-07
711,SITE-093,PART-9255,312,23,289,66,52,False,False,False,41.3,2024-03-21
712,SITE-068,PART-8783,156,144,12,85,49,False,True,True,2.0,2024-06-26
713,SITE-038,PART-8565,455,405,50,69,60,False,True,True,7.1,2025-11-24
714,SITE-005,PART-4032,290,129,161,83,64,False,False,False,26.8,2026-07-25
715,SITE-050,PART-1129,209,84,125,93,49,False,False,False,25.0,2026-06-11
716,SITE-054,PART-6031,436,11,425,93,59,False,False,False,23.6,2024-09-20
717,SITE-072,PART-1759,392,383,9,29,13,False,True,True,0.6,2025-06-12
718,SITE-095,PART-1650,270,140,130,86,39,False,False,False,5.2,2026-03-24
719,SITE-020,PART-8535,10,10,0,66,33,True,True,True,0.0,2026-02-08
720,SITE-030,PART-3793,168,2,166,96,66,False,False,False,12.8,2025-05-10
721,SITE-030,PART-1405,241,95,146,41,19,False,False,False,24.3,2026-06-23
722,SITE-039,PART-2973,340,330,10,87,76,False,True,True,0.9,2024-02-23
723,SITE-099,PART-2235,15,0,15,25,20,False,True,True,1.0,2026-09-18
724,SITE-047,PART-9638,367,26,341,78,66,False,False,False,28.4,2025-08-02
725,SITE-034,PART-6618,443,138,305,76,67,False,False,False,38.1,2025-02-02
726,SITE-002,PART-2122,289,69,220,20,15,False,False,False,10.5,2026-10-18
727,SITE-015,PART-4206,361,254,107,24,20,False,False,False,15.3,2025-02-20
728,SITE-008,PART-1591,364,140,224,43,40,False,False,False,32.0,2026-06-13
729,SITE-089,PART-6324,282,6,276,21,17,False,False,False,30.7,2025-06-22
730,SITE-009,PART-6355,298,39,259,43,24,False,False,False,11.3,2025-10-14
731,SITE-018,PART-3793,492,349,143,25,22,False,False,False,10.2,2024-02-10
732,SITE-074,PART-7486,363,339,24,43,30,False,True,True,3.4,2026-07-18
733,SITE-056,PART-8483,372,361,11,34,25,False,True,True,0.8,2024-11-01
734,SITE-049,PART-7578,128,51,77,99,46,False,True,False,3.1,2024-01-16
735,SITE-076,PART-4906,298,219,79,89,34,False,True,False,6.6,2023-05-16
736,SITE-057,PART-7442,114,19,95,85,28,False,False,False,31.7,2025-01-04
737,SITE-096,PART-9754,0,0,0,83,77,True,True,True,0.0,2026-12-22
738,SITE-052,PART-8025,210,95,115,20,18,False,False,False,5.0,2023-03-07
739,SITE-097,PART-4062,351,234,117,91,72,False,False,False,19.5,2026-08-14
740,SITE-083,PART-6888,277,200,77,50,25,False,False,False,3.2,2026-06-04
741,SITE-013,PART-9834,368,198,170,43,34,False,False,False,7.4,2025-06-08
742,SITE-094,PART-3839,325,68,257,57,44,False,False,False,28.6,2025-10-19
743,SITE-032,PART-9648,260,155,105,51,39,False,False,False,10.5,2026-01-17
744,SITE-014,PART-9512,112,3,109,69,57,False,False,False,18.2,2023-06-12
745,SITE-035,PART-7419,286,121,165,85,66,False,False,False,16.5,2023-06-03
746,SITE-047,PART-2396,294,203,91,47,15,False,False,False,4.0,2024-02-27
747,SITE-050,PART-1874,344,109,235,42,21,False,False,False,15.7,2024-07-24
748,SITE-044,PART-7991,349,208,141,59,58,False,False,False,15.7,2026-04-28
749,SITE-029,PART-6069,163,70,93,47,35,False,False,False,3.9,2024-06-25
750,SITE-064,PART-8113,33,7,26,65,47,False,True,True,1.9,2023-10-06
751,SITE-038,PART-3452,40,3,37,61,53,False,True,True,1.5,2025-05-03
752,SITE-057,PART-8143,398,306,92,26,15,False,False,False,5.1,2024-08-08
753,SITE-089,PART-7366,179,107,72,66,66,False,False,False,3.4,2023-04-03
754,SITE-080,PART-8783,434,208,226,79,19,False,False,False,113.0,2023-05-20
755,SITE-070,PART-2516,85,11,74,81,24,False,True,False,6.7,2026-05-06
756,SITE-002,PART-1506,52,14,38,62,42,False,True,True,3.2,2025-06-25
757,SITE-093,PART-8194,145,51,94,54,41,False,False,False,11.8,2023-04-21
758,SITE-008,PART-3959,78,17,61,50,22,False,False,False,4.1,2026-11-22
759,SITE-060,PART-1524,450,92,358,75,68,False,False,False,25.6,2024-03-10
760,SITE-053,PART-8451,353,114,239,78,58,False,False,False,79.7,2025-05-24
761,SITE-007,PART-1264,161,75,86,66,46,False,False,False,5.7,2026-09-20
762,SITE-089,PART-7944,40,2,38,62,60,False,True,True,1.8,2025-05-16
763,SITE-036,PART-6330,402,173,229,27,18,False,False,False,14.3,2023-06-21
764,SITE-055,PART-3109,374,27,347,97,25,False,False,False,69.4,2025-05-12
765,SITE-005,PART-2927,453,240,213,47,45,False,False,False,26.6,2024-06-17
766,SITE-024,PART-8762,363,309,54,93,46,False,True,False,4.9,2023-04-08
767,SITE-023,PART-3285,360,173,187,99,14,False,False,False,10.4,2025-02-25
768,SITE-070,PART-7082,247,122,125,87,81,False,False,False,6.9,2025-08-14
769,SITE-079,PART-4662,128,50,78,47,45,False,False,False,3.7,2023-05-16
770,SITE-062,PART-2946,239,166,73,69,68,False,False,False,4.3,2026-12-16
771,SITE-039,PART-3347,428,37,391,27,21,False,False,False,35.5,2024-05-17
772,SITE-099,PART-2499,93,28,65,98,83,False,True,True,3.4,2023-12-22
773,SITE-065,PART-7590,53,7,46,53,11,False,True,False,2.4,2025-11-25
774,SITE-083,PART-7767,114,18,96,73,23,False,False,False,12.0,2026-04-10
775,SITE-032,PART-3739,148,86,62,69,19,False,True,False,2.7,2023-11-04
776,SITE-096,PART-7093,399,227,172,61,60,False,False,False,17.2,2026-05-26
777,SITE-029,PART-2451,392,291,101,71,18,False,False,False,6.3,2026-12-10
778,SITE-080,PART-4771,15,5,10,27,23,False,True,True,0.6,2023-06-04
779,SITE-035,PART-2106,233,142,91,100,55,False,True,False,11.4,2023-12-09
780,SITE-024,PART-2802,169,101,68,92,89,False,True,True,4.2,2025-09-18
781,SITE-049,PART-1874,70,29,41,56,18,False,True,False,1.7,2025-01-26
782,SITE-084,PART-5358,499,248,251,24,10,False,False,False,35.9,2025-06-10
783,SITE-093,PART-3959,347,141,206,58,56,False,False,False,9.8,2025-04-18
784,SITE-083,PART-1363,376,114,262,96,94,False,False,False,52.4,2023-08-17
785,SITE-050,PART-8798,459,342,117,49,24,False,False,False,14.6,2024-01-28
786,SITE-092,PART-5172,56,49,7,77,36,False,True,True,1.8,2026-03-11
787,SITE-051,PART-5646,204,99,105,58,15,False,False,False,7.0,2024-12-05
788,SITE-026,PART-2434,417,6,411,33,16,False,False,False,22.8,2025-06-26
789,SITE-056,PART-6412,94,26,68,53,44,False,False,False,3.8,2024-07-06
790,SITE-071,PART-7093,54,12,42,34,19,False,False,False,14.0,2024-11-03
791,SITE-058,PART-8524,72,24,48,26,16,False,False,False,2.5,2023-11-22
792,SITE-004,PART-8126,280,245,35,40,23,False,True,False,2.7,2023-07-20
793,SITE-010,PART-7045,271,141,130,23,11,False,False,False,32.5,2025-03-20
794,SITE-064,PART-8593,374,103,271,78,63,False,False,False,12.9,2024-10-18
795,SITE-095,PART-6542,380,235,145,41,25,False,False,False,6.9,2026-05-21
796,SITE-033,PART-4181,256,174,82,62,56,False,False,False,6.3,2024-08-07
797,SITE-051,PART-5050,71,12,59,95,29,False,True,False,14.8,2025-04-05
798,SITE-028,PART-7250,235,147,88,71,15,False,False,False,6.8,2023-11-10
799,SITE-064,PART-2341,412,52,360,92,26,False,False,False,18.9,2026-10-13
800,SITE-071,PART-3531,216,89,127,22,21,False,False,False,18.1,2026-02-26
801,SITE-016,PART-5442,368,187,181,44,28,False,False,False,7.9,2026-12-25
802,SITE-001,PART-6913,218,98,120,56,20,False,False,False,60.0,2026-01-03
803,SITE-095,PART-8565,264,79,185,64,60,False,False,False,11.6,2026-10-12
804,SITE-015,PART-2106,155,20,135,63,26,False,False,False,7.1,2026-12-17
805,SITE-046,PART-1249,435,324,111,63,25,False,False,False,4.6,2026-12-02
806,SITE-072,PART-1225,10,4,6,45,43,False,True,True,0.6,2024-10-21
807,SITE-027,PART-1225,102,69,33,69,20,False,True,False,33.0,2026-06-26
808,SITE-093,PART-8558,489,443,46,46,31,False,False,False,15.3,2023-05-08
809,SITE-025,PART-7138,247,190,57,92,60,False,True,True,3.0,2023-06-03
810,SITE-086,PART-9099,459,375,84,46,15,False,False,False,6.0,2023-06-26
811,SITE-003,PART-5368,165,139,26,98,19,False,True,False,1.9,2024-05-26
812,SITE-100,PART-7690,56,55,1,21,21,False,True,True,0.0,2023-05-05
813,SITE-097,PART-2673,110,45,65,87,54,False,True,False,3.4,2025-03-15
814,SITE-020,PART-1564,387,53,334,52,50,False,False,False,37.1,2024-10-25
815,SITE-007,PART-2653,381,316,65,72,12,False,True,False,3.4,2024-08-03
816,SITE-031,PART-7321,402,127,275,37,27,False,False,False,91.7,2023-11-04
817,SITE-059,PART-5298,53,18,35,48,19,False,True,False,1.8,2024-01-04
818,SITE-091,PART-5321,24,18,6,42,39,False,True,True,0.3,2024-11-17
819,SITE-095,PART-9377,406,204,202,88,47,False,False,False,18.4,2025-11-26
820,SITE-041,PART-7902,497,483,14,51,42,False,True,True,0.9,2023-07-26
821,SITE-051,PART-1032,461,150,311,24,19,False,False,False,12.4,2024-04-12
822,SITE-046,PART-3731,153,111,42,66,64,False,True,True,4.7,2024-04-01
823,SITE-099,PART-7269,191,60,131,23,13,False,False,False,6.9,2025-09-23
824,SITE-080,PART-9883,169,96,73,26,23,False,False,False,4.6,2023-08-24
825,SITE-022,PART-9204,460,305,155,66,17,False,False,False,17.2,2023-07-12
826,SITE-100,PART-8396,132,15,117,95,74,False,False,False,4.9,2024-03-20
827,SITE-063,PART-8279,499,57,442,80,12,False,False,False,20.1,2025-04-17
828,SITE-029,PART-9893,459,25,434,33,17,False,False,False,17.4,2026-01-28
829,SITE-059,PART-6586,157,15,142,20,19,False,False,False,7.1,2026-08-27
830,SITE-023,PART-1777,322,127,195,94,33,False,False,False,19.5,2026-03-01
831,SITE-062,PART-4538,76,25,51,27,26,False,False,False,3.2,2024-05-28
832,SITE-054,PART-8986,96,79,17,47,17,False,True,False,5.7,2026-05-27
833,SITE-026,PART-2165,280,220,60,77,45,False,True,False,2.7,2024-11-15
834,SITE-079,PART-6784,51,18,33,33,31,False,False,False,16.5,2024-05-01
835,SITE-088,PART-7066,108,53,55,76,30,False,True,False,9.2,2026-04-15
836,SITE-052,PART-1219,447,190,257,50,44,False,False,False,25.7,2023-05-14
837,SITE-069,PART-2994,396,385,11,86,21,False,True,True,0.5,2023-07-02
838,SITE-088,PART-3887,117,9,108,34,13,False,False,False,4.3,2025-07-28
839,SITE-055,PART-8558,444,421,23,57,46,False,True,True,5.8,2023-10-28
840,SITE-034,PART-8518,288,152,136,37,31,False,False,False,17.0,2026-04-10
841,SITE-003,PART-6574,204,91,113,42,10,False,False,False,14.1,2025-02-08
842,SITE-087,PART-8780,37,13,24,84,54,False,True,True,12.0,2025-08-26
843,SITE-042,PART-8746,342,318,24,48,13,False,True,False,2.4,2026-04-14
844,SITE-096,PART-6567,241,109,132,33,23,False,False,False,9.4,2025-03-08
845,SITE-017,PART-3224,95,13,82,20,17,False,False,False,82.0,2025-05-08
846,SITE-059,PART-5133,222,135,87,62,46,False,False,False,10.9,2023-03-19
847,SITE-067,PART-6293,372,28,344,27,10,False,False,False,49.1,2023-04-28
848,SITE-063,PART-4280,10,5,5,70,46,False,True,True,0.8,2026-10-02
849,SITE-055,PART-7140,468,66,402,73,73,False,False,False,30.9,2024-01-16
850,SITE-008,PART-5873,469,245,224,48,14,False,False,False,14.9,2026-09-22
851,SITE-005,PART-9564,20,16,4,94,92,False,True,True,0.4,2024-09-12
852,SITE-023,PART-4995,115,12,103,52,18,False,False,False,4.5,2026-06-16
853,SITE-006,PART-8084,150,116,34,20,13,False,False,False,1.5,2025-01-13
854,SITE-060,PART-6522,64,51,13,75,19,False,True,True,1.4,2023-06-22
855,SITE-048,PART-7495,462,32,430,39,36,False,False,False,17.9,2023-12-13
856,SITE-061,PART-8200,48,43,5,85,23,False,True,True,0.5,2026-12-05
857,SITE-028,PART-9128,401,173,228,64,14,False,False,False,228.0,2024-03-08
858,SITE-072,PART-3015,244,24,220,30,16,False,False,False,12.9,2024-07-04
859,SITE-059,PART-8496,385,5,380,60,11,False,False,False,31.7,2026-03-28
860,SITE-072,PART-9948,87,51,36,25,11,False,False,False,1.5,2023-02-18
861,SITE-037,PART-6572,178,140,38,43,22,False,True,False,1.5,2026-01-07
862,SITE-027,PART-3793,357,88,269,96,20,False,False,False,15.8,2023-12-26
863,SITE-055,PART-3290,140,137,3,23,19,False,True,True,0.3,2025-02-10
864,SITE-071,PART-2125,283,260,23,23,23,False,False,False,1.1,2023-03-03
865,SITE-023,PART-5298,374,229,145,61,27,False,False,False,9.1,2024-02-05
866,SITE-070,PART-3360,286,260,26,48,13,False,True,False,1.7,2023-03-16
867,SITE-051,PART-2739,41,0,41,21,16,False,False,False,2.9,2024-02-05
868,SITE-052,PART-2521,172,32,140,45,15,False,False,False,14.0,2025-09-04
869,SITE-079,PART-9768,485,457,28,75,63,False,True,True,2.8,2025-09-11
870,SITE-040,PART-8084,20,2,18,44,23,False,True,True,18.0,2023-11-02
871,SITE-034,PART-6683,217,107,110,46,16,False,False,False,36.7,2024-06-19
872,SITE-086,PART-2246,39,31,8,38,35,False,True,True,0.3,2023-07-11
873,SITE-060,PART-4084,244,69,175,96,90,False,False,False,25.0,2026-12-23
874,SITE-083,PART-7584,170,108,62,88,52,False,True,False,3.3,2025-08-14
875,SITE-060,PART-7067,275,163,112,81,67,False,False,False,5.6,2025-03-06
876,SITE-004,PART-3995,438,327,111,49,21,False,False,False,55.5,2025-10-27
877,SITE-017,PART-7209,328,28,300,68,18,False,False,False,23.1,2024-06-07
878,SITE-053,PART-7441,129,65,64,85,64,False,True,False,3.4,2026-03-15
879,SITE-008,PART-8302,211,181,30,93,31,False,True,True,2.7,2023-08-22
880,SITE-023,PART-9114,0,0,0,43,38,True,True,True,0.0,2023-07-25
881,SITE-073,PART-8254,130,102,28,92,45,False,True,True,4.0,2023-04-27
882,SITE-004,PART-7419,19,18,1,93,51,False,True,True,0.1,2023-12-22
883,SITE-069,PART-8909,327,298,29,70,64,False,True,True,4.8,2024-12-16
884,SITE-039,PART-8127,480,323,157,97,58,False,False,False,6.3,2023-03-04
885,SITE-081,PART-4032,470,306,164,85,72,False,False,False,27.3,2024-05-25
886,SITE-036,PART-7020,129,25,104,80,29,False,False,False,20.8,2023-12-06
887,SITE-066,PART-7897,81,33,48,96,25,False,True,False,4.8,2025-01-17
888,SITE-051,PART-8500,164,43,121,70,38,False,False,False,9.3,2023-12-19
889,SITE-095,PART-5214,310,12,298,39,15,False,False,False,16.6,2024-09-12
890,SITE-035,PART-2235,498,326,172,56,17,False,False,False,172.0,2025-04-08
891,SITE-030,PART-7388,83,13,70,42,30,False,False,False,7.8,2026-11-15
892,SITE-099,PART-8896,482,430,52,28,14,False,False,False,3.5,2024-11-05
893,SITE-018,PART-2165,94,94,0,51,48,True,True,True,0.0,2025-04-02
894,SITE-079,PART-6299,495,314,181,64,60,False,False,False,45.2,2024-05-14
895,SITE-042,PART-4872,457,178,279,94,90,False,False,False,69.8,2023-09-16
896,SITE-095,PART-7486,500,419,81,42,35,False,False,False,5.4,2025-02-07
897,SITE-034,PART-8823,175,174,1,87,42,False,True,True,0.1,2026-09-01
898,SITE-083,PART-4184,183,116,67,70,68,False,True,True,67.0,2023-09-08
899,SITE-052,PART-8384,209,182,27,40,17,False,True,False,1.4,2025-09-19
900,SITE-091,PART-9271,138,15,123,89,88,False,False,False,13.7,2024-07-15
901,SITE-086,PART-3280,9,1,8,89,76,False,True,True,4.0,2025-05-28
902,SITE-080,PART-6826,352,178,174,36,32,False,False,False,11.6,2024-12-21
903,SITE-082,PART-4573,107,45,62,74,32,False,True,False,3.4,2023-11-28
904,SITE-034,PART-1647,348,183,165,22,22,False,False,False,10.3,2026-09-09
905,SITE-001,PART-2003,208,46,162,59,14,False,False,False,40.5,2024-04-07
906,SITE-017,PART-2003,289,248,41,58,58,False,True,True,13.7,2026-08-26
907,SITE-064,PART-3030,231,32,199,92,82,False,False,False,8.3,2024-09-17
908,SITE-009,PART-4662,239,221,18,94,89,False,True,True,0.8,2025-03-18
909,SITE-096,PART-7578,217,2,215,60,11,False,False,False,13.4,2026-03-02
910,SITE-098,PART-4311,403,287,116,53,22,False,False,False,8.9,2026-08-12
911,SITE-001,PART-6299,436,33,403,22,21,False,False,False,33.6,2024-08-03
912,SITE-073,PART-1433,362,279,83,99,28,False,True,False,10.4,2026-07-28
913,SITE-031,PART-2784,279,106,173,52,14,False,False,False,10.2,2025-05-23
914,SITE-035,PART-3103,292,195,97,61,49,False,False,False,32.3,2023-08-27
915,SITE-036,PART-4092,454,110,344,50,49,False,False,False,19.1,2023-05-26
916,SITE-035,PART-6572,362,322,40,37,29,False,False,False,2.2,2026-01-14
917,SITE-065,PART-3718,394,185,209,44,35,False,False,False,8.7,2026-02-26
918,SITE-035,PART-2973,191,33,158,48,16,False,False,False,26.3,2023-12-23
919,SITE-019,PART-7210,193,133,60,93,24,False,True,False,3.8,2025-02-02
920,SITE-014,PART-9632,75,4,71,87,20,False,True,False,14.2,2026-08-18
921,SITE-064,PART-8518,405,312,93,35,13,False,False,False,31.0,2025-12-16
922,SITE-038,PART-4422,117,97,20,68,22,False,True,True,2.2,2023-04-21
923,SITE-049,PART-6944,151,146,5,93,72,False,True,True,0.6,2024-01-05
924,SITE-035,PART-6819,8,5,3,71,32,False,True,True,0.2,2025-01-27
925,SITE-066,PART-2391,137,47,90,67,17,False,False,False,4.3,2026-12-13
926,SITE-087,PART-4206,35,10,25,93,59,False,True,True,4.2,2025-09-02
927,SITE-086,PART-3793,0,0,0,75,58,True,True,True,0.0,2026-08-16
928,SITE-037,PART-7584,299,243,56,27,26,False,False,False,28.0,2025-08-27
929,SITE-018,PART-7298,430,195,235,89,86,False,False,False,15.7,2025-08-28
930,SITE-018,PART-1134,269,253,16,35,32,False,True,True,0.8,2026-05-27
931,SITE-024,PART-1414,278,112,166,57,26,False,False,False,7.2,2023-03-17
932,SITE-006,PART-7886,267,115,152,40,24,False,False,False,10.9,2026-07-02
933,SITE-063,PART-1138,355,184,171,83,10,False,False,False,9.0,2025-09-02
934,SITE-018,PART-8156,495,188,307,21,20,False,False,False,27.9,2026-02-26
935,SITE-080,PART-8361,90,9,81,81,50,False,False,False,13.5,2023-01-09
936,SITE-081,PART-4752,83,75,8,21,19,False,True,True,0.3,2025-07-25
937,SITE-031,PART-4908,166,138,28,29,17,False,True,False,1.6,2025-02-04
938,SITE-049,PART-1081,232,80,152,92,59,False,False,False,16.9,2026-08-23
939,SITE-074,PART-3015,454,124,330,31,15,False,False,False,22.0,2026-05-16
940,SITE-009,PART-7083,179,155,24,71,27,False,True,True,2.4,2025-04-01
941,SITE-006,PART-2477,411,376,35,71,37,False,True,True,5.8,2026-07-11
942,SITE-060,PART-8025,61,48,13,83,18,False,True,True,2.6,2026-03-18
943,SITE-036,PART-1650,474,157,317,79,14,False,False,False,35.2,2026-03-16
944,SITE-053,PART-4582,419,143,276,82,41,False,False,False,11.0,2025-10-09
945,SITE-080,PART-8144,122,87,35,97,47,False,True,True,2.1,2024-06-04
946,SITE-006,PART-6628,267,49,218,35,13,False,False,False,12.1,2026-08-15
947,SITE-062,PART-2705,167,62,105,23,14,False,False,False,8.8,2026-07-27
948,SITE-043,PART-4184,303,120,183,84,79,False,False,False,7.3,2026-12-02
949,SITE-030,PART-3285,253,234,19,30,12,False,True,False,1.1,2024-02-23
950,SITE-007,PART-6797,470,356,114,91,59,False,False,False,8.8,2024-09-20
951,SITE-020,PART-2106,432,411,21,68,33,False,True,True,1.0,2026-08-19
952,SITE-004,PART-7486,125,13,112,53,12,False,False,False,6.2,2023-05-12
953,SITE-082,PART-1613,237,116,121,35,26,False,False,False,12.1,2024-08-20
954,SITE-032,PART-9194,236,192,44,83,19,False,True,False,3.7,2026-04-03
955,SITE-039,PART-9007,109,84,25,78,17,False,True,False,1.7,2023-07-01
956,SITE-027,PART-6601,252,160,92,45,43,False,False,False,30.7,2025-06-09
957,SITE-048,PART-2973,138,13,125,94,90,False,False,False,5.2,2025-09-27
958,SITE-099,PART-7897,210,49,161,63,24,False,False,False,10.7,2023-03-06
959,SITE-056,PART-7082,45,33,12,27,20,False,True,True,1.1,2026-10-20
960,SITE-042,PART-7189,263,125,138,58,44,False,False,False,8.6,2023-01-15
961,SITE-070,PART-9208,11,11,0,96,62,True,True,True,0.0,2024-10-09
962,SITE-023,PART-9512,89,75,14,67,61,False,True,True,0.7,2025-07-13
963,SITE-073,PART-6236,252,95,157,27,20,False,False,False,8.7,2024-03-25
964,SITE-015,PART-5876,103,71,32,76,18,False,True,False,2.9,2025-03-11
965,SITE-009,PART-3070,274,216,58,93,37,False,True,False,3.1,2026-06-03
966,SITE-045,PART-7588,29,15,14,75,15,False,True,True,0.7,2026-12-10
967,SITE-052,PART-7200,424,320,104,60,48,False,False,False,13.0,2024-06-03
968,SITE-095,PART-9549,251,130,121,44,41,False,False,False,15.1,2023-02-20
969,SITE-062,PART-9306,277,67,210,93,90,False,False,False,8.8,2023-11-18
970,SITE-094,PART-7202,327,12,315,22,19,False,False,False,31.5,2026-06-13
971,SITE-025,PART-9666,310,60,250,39,26,False,False,False,15.6,2023-09-16
972,SITE-064,PART-9795,458,260,198,26,22,False,False,False,22.0,2025-11-02
973,SITE-013,PART-2464,185,183,2,50,35,False,True,True,0.2,2023-01-28
974,SITE-063,PART-5037,240,70,170,89,20,False,False,False,170.0,2023-12-20
975,SITE-098,PART-3388,419,122,297,74,12,False,False,False,74.2,2023-12-08
976,SITE-061,PART-6913,350,117,233,69,19,False,False,False,77.7,2026-11-02
977,SITE-066,PART-7140,149,37,112,23,10,False,False,False,5.9,2024-11-28
978,SITE-091,PART-9739,37,26,11,20,14,False,True,True,0.5,2024-05-02
979,SITE-098,PART-7559,14,7,7,57,15,False,True,True,0.8,2024-04-24
980,SITE-089,PART-7020,329,283,46,70,40,False,True,False,5.8,2024-11-26
981,SITE-080,PART-6944,454,304,150,29,29,False,False,False,7.5,2026-06-14
982,SITE-049,PART-5094,179,9,170,29,29,False,False,False,12.1,2024-09-05
983,SITE-012,PART-7577,440,400,40,44,24,False,True,False,3.6,2026-08-12
984,SITE-056,PART-3739,216,200,16,32,11,False,True,False,3.2,2026-02-17
985,SITE-089,PART-1547,496,410,86,94,41,False,True,False,21.5,2023-06-08
986,SITE-017,PART-7213,82,52,30,54,40,False,True,True,2.0,2024-05-12
987,SITE-098,PART-8127,325,222,103,77,64,False,False,False,6.4,2025-02-01
988,SITE-028,PART-9833,283,93,190,26,11,False,False,False,8.6,2026-07-05
989,SITE-081,PART-9090,318,244,74,63,27,False,False,False,12.3,2026-04-19
990,SITE-008,PART-6430,434,189,245,26,12,False,False,False,27.2,2025-03-16
991,SITE-019,PART-9340,198,52,146,93,38,False,False,False,146.0,2025-06-28
992,SITE-100,PART-9632,258,137,121,32,16,False,False,False,13.4,2023-02-02
993,SITE-020,PART-5950,69,65,4,70,13,False,True,True,0.4,2025-04-18
994,SITE-028,PART-1264,181,174,7,21,16,False,True,True,0.9,2024-06-05
995,SITE-100,PART-4320,321,273,48,85,80,False,True,True,48.0,2025-05-25
996,SITE-084,PART-4181,389,111,278,25,14,False,False,False,139.0,2026-11-21
997,SITE-041,PART-3344,355,149,206,75,75,False,False,False,206.0,2023-02-04
998,SITE-032,PART-6894,55,3,52,73,38,False,True,False,3.1,2023-09-25
999,SITE-016,PART-3655,445,415,30,38,12,False,True,False,7.5,2023-09-06
1000,SITE-070,PART-7384,261,193,68,61,24,False,False,False,6.8,2025-09-17
1001,SITE-079,PART-5570,88,40,48,66,28,False,True,False,4.8,2025-01-12
1002,SITE-032,PART-8163,314,162,152,36,35,False,False,False,10.1,2026-06-22
1003,SITE-044,PART-2218,378,296,82,27,16,False,False,False,20.5,2025-02-09
1004,SITE-055,PART-3009,60,24,36,71,13,False,True,False,1.6,2023-05-11
1005,SITE-034,PART-2790,21,2,19,76,11,False,True,False,0.9,2025-10-13
1006,SITE-003,PART-1918,470,199,271,53,21,False,False,False,11.8,2024-11-03
1007,SITE-040,PART-3715,446,446,0,31,29,True,True,True,0.0,2026-06-24
1008,SITE-056,PART-8126,277,233,44,96,41,False,True,False,2.3,2025-04-19
1009,SITE-093,PART-4277,30,4,26,66,10,False,True,False,4.3,2026-04-20
1010,SITE-099,PART-1463,409,344,65,80,64,False,True,False,8.1,2026-08-09
1011,SITE-037,PART-9549,60,24,36,58,49,False,True,True,1.7,2023-09-09
1012,SITE-037,PART-8127,471,286,185,26,26,False,False,False,92.5,2025-07-14
1013,SITE-070,PART-1236,44,32,12,56,28,False,True,True,0.5,2025-03-11
1014,SITE-017,PART-7912,13,2,11,37,12,False,True,True,0.8,2025-03-21
1015,SITE-005,PART-6903,97,52,45,57,19,False,True,False,5.6,2025-09-03
1016,SITE-035,PART-5674,444,87,357,42,35,False,False,False,22.3,2025-08-24
1017,SITE-013,PART-4547,490,263,227,80,44,False,False,False,227.0,2024-10-14
1018,SITE-059,PART-9775,122,93,29,26,19,False,False,False,1.4,2023-09-27
1019,SITE-013,PART-2838,270,162,108,52,47,False,False,False,5.7,2024-10-04
1020,SITE-045,PART-5180,151,127,24,23,20,False,False,False,2.7,2024-03-14
1021,SITE-068,PART-1105,337,159,178,46,17,False,False,False,19.8,2025-05-25
1022,SITE-037,PART-2068,123,67,56,72,44,False,True,False,3.1,2025-01-09
1023,SITE-046,PART-7625,487,166,321,54,22,False,False,False,16.9,2024-01-27
1024,SITE-004,PART-5990,298,131,167,20,19,False,False,False,20.9,2026-11-23
1025,SITE-040,PART-5214,378,307,71,95,89,False,True,True,14.2,2023-12-16
1026,SITE-071,PART-6442,455,343,112,54,22,False,False,False,5.6,2025-03-03
1027,SITE-014,PART-2036,196,148,48,38,21,False,False,False,2.1,2026-04-14
1028,SITE-005,PART-7758,287,102,185,84,62,False,False,False,8.8,2023-11-01
1029,SITE-094,PART-4397,71,70,1,100,30,False,True,True,0.1,2023-06-09
1030,SITE-027,PART-3349,55,29,26,94,40,False,True,True,4.3,2026-09-23
1031,SITE-095,PART-6140,391,228,163,87,21,False,False,False,7.8,2024-12-21
1032,SITE-009,PART-3574,280,134,146,62,37,False,False,False,5.8,2025-08-28
1033,SITE-067,PART-1105,468,110,358,32,32,False,False,False,59.7,2025-11-12
1034,SITE-085,PART-5784,43,17,26,67,65,False,True,True,13.0,2026-11-23
1035,SITE-099,PART-5588,360,234,126,37,27,False,False,False,11.5,2024-07-19
1036,SITE-037,PART-7056,358,291,67,89,12,False,True,False,3.5,2023-06-28
1037,SITE-084,PART-4181,445,274,171,62,49,False,False,False,21.4,2024-06-22
1038,SITE-002,PART-3289,353,352,1,47,28,False,True,True,0.1,2026-06-09
1039,SITE-019,PART-8746,232,12,220,89,38,False,False,False,9.6,2025-10-03
1040,SITE-050,PART-7944,42,35,7,20,18,False,True,True,7.0,2026-04-26
1041,SITE-076,PART-4035,365,336,29,28,11,False,False,False,1.9,2026-08-20
1042,SITE-011,PART-6787,393,67,326,28,16,False,False,False,15.5,2024-04-03
1043,SITE-030,PART-1414,311,220,91,53,12,False,False,False,13.0,2023-03-02
1044,SITE-008,PART-4181,143,136,7,42,28,False,True,True,0.4,2026-02-11
1045,SITE-096,PART-4320,470,294,176,61,52,False,False,False,13.5,2023-10-27
1046,SITE-037,PART-9255,4,4,0,47,20,True,True,True,0.0,2023-07-18
1047,SITE-053,PART-8635,104,102,2,54,44,False,True,True,0.2,2026-09-09
1048,SITE-031,PART-7498,85,58,27,55,30,False,True,True,2.5,2025-03-23
1049,SITE-041,PART-8523,35,20,15,27,24,False,True,True,0.6,2023-01-28
1050,SITE-076,PART-5828,232,154,78,65,10,False,False,False,7.8,2025-11-02
1051,SITE-036,PART-1930,306,280,26,52,42,False,True,True,2.6,2023-12-15
1052,SITE-067,PART-7358,500,55,445,62,57,False,False,False,22.2,2025-01-16
1053,SITE-050,PART-5784,276,68,208,30,19,False,False,False,8.3,2025-05-17
1054,SITE-035,PART-1138,385,183,202,48,24,False,False,False,50.5,2026-03-27
1055,SITE-001,PART-7782,24,2,22,24,15,False,True,False,22.0,2025-07-27
1056,SITE-095,PART-7237,380,351,29,54,33,False,True,True,1.2,2025-09-04
1057,SITE-075,PART-5907,172,150,22,55,53,False,True,True,4.4,2024-10-27
1058,SITE-027,PART-8714,70,24,46,67,49,False,True,True,4.2,2026-07-06
1059,SITE-095,PART-2585,264,246,18,22,11,False,True,False,0.8,2023-01-25
1060,SITE-022,PART-4148,73,30,43,62,49,False,True,True,4.3,2024-05-19
1061,SITE-056,PART-1049,184,163,21,83,50,False,True,True,5.2,2024-06-09
1062,SITE-053,PART-2125,178,60,118,88,72,False,False,False,9.8,2023-03-19
1063,SITE-075,PART-4844,167,167,0,24,15,True,True,True,0.0,2023-04-18
1064,SITE-063,PART-8565,187,23,164,89,32,False,False,False,12.6,2026-05-23
1065,SITE-004,PART-3228,490,267,223,24,19,False,False,False,15.9,2026-04-17
1066,SITE-074,PART-5660,468,464,4,97,25,False,True,True,1.0,2023-11-01
1067,SITE-061,PART-8959,469,118,351,66,38,False,False,False,19.5,2025-08-11
1068,SITE-074,PART-1225,59,16,43,97,83,False,True,True,2.1,2025-10-16
1069,SITE-028,PART-4370,500,290,210,95,73,False,False,False,35.0,2023-01-26
1070,SITE-092,PART-8896,360,148,212,95,77,False,False,False,8.8,2024-04-21
1071,SITE-091,PART-1892,210,144,66,48,38,False,False,False,3.7,2025-04-12
1072,SITE-012,PART-2897,75,25,50,47,21,False,False,False,5.6,2025-02-21
1073,SITE-094,PART-9114,159,155,4,23,20,False,True,True,0.3,2026-10-07
1074,SITE-093,PART-1564,38,1,37,67,16,False,True,False,1.9,2024-01-06
1075,SITE-063,PART-9340,213,133,80,23,11,False,False,False,80.0,2026-11-17
1076,SITE-034,PART-2705,391,375,16,30,22,False,True,True,5.3,2025-02-21
1077,SITE-069,PART-2590,69,34,35,76,34,False,True,False,5.8,2026-09-11
1078,SITE-019,PART-3735,394,323,71,25,25,False,False,False,2.8,2023-02-11
1079,SITE-031,PART-6888,243,110,133,64,42,False,False,False,7.0,2023-07-22
1080,SITE-039,PART-6371,303,112,191,92,75,False,False,False,7.6,2025-07-21
1081,SITE-087,PART-5180,25,25,0,26,21,True,True,True,0.0,2023-10-24
1082,SITE-038,PART-9167,233,141,92,30,15,False,False,False,23.0,2024-04-21
1083,SITE-063,PART-4062,445,247,198,57,22,False,False,False,14.1,2025-02-13
1084,SITE-027,PART-7823,375,22,353,85,54,False,False,False,353.0,2026-01-11
1085,SITE-074,PART-4215,153,102,51,47,28,False,False,False,2.2,2026-04-27
1086,SITE-058,PART-9118,121,103,18,23,10,False,True,False,1.8,2026-08-03
1087,SITE-081,PART-8723,59,49,10,26,10,False,True,False,0.5,2025-06-09
1088,SITE-005,PART-9167,300,84,216,41,12,False,False,False,9.4,2024-04-10
1089,SITE-046,PART-1937,498,348,150,45,13,False,False,False,6.5,2026-11-06
1090,SITE-009,PART-4856,16,8,8,49,18,False,True,True,0.7,2025-07-04
1091,SITE-037,PART-2007,423,0,423,51,16,False,False,False,24.9,2024-02-20
1092,SITE-011,PART-8861,469,335,134,74,22,False,False,False,13.4,2023-02-06
1093,SITE-061,PART-8523,43,10,33,67,56,False,True,True,1.5,2023-07-08
1094,SITE-073,PART-2246,249,110,139,37,30,False,False,False,6.3,2024-02-25
1095,SITE-096,PART-9278,183,55,128,95,63,False,False,False,8.0,2025-12-09
1096,SITE-061,PART-6140,188,160,28,90,38,False,True,True,3.5,2024-04-27
1097,SITE-087,PART-2799,316,279,37,59,49,False,True,True,5.3,2025-10-16
1098,SITE-055,PART-1228,120,112,8,22,17,False,True,True,0.4,2023-12-14
1099,SITE-006,PART-8727,278,0,278,60,42,False,False,False,16.4,2024-09-27
1100,SITE-033,PART-9363,418,34,384,68,48,False,False,False,18.3,2024-01-21
1101,SITE-036,PART-2125,499,135,364,21,17,False,False,False,45.5,2023-04-28
1102,SITE-036,PART-9623,64,64,0,85,80,True,True,True,0.0,2025-11-19
1103,SITE-073,PART-7486,92,58,34,30,27,False,False,False,2.8,2024-01-22
1104,SITE-018,PART-3811,283,282,1,54,39,False,True,True,0.0,2023-07-27
1105,SITE-046,PART-8529,459,443,16,98,64,False,True,True,8.0,2025-02-28
1106,SITE-065,PART-4392,74,68,6,43,36,False,True,True,0.3,2026-08-08
1107,SITE-043,PART-2897,85,46,39,66,27,False,True,False,3.0,2024-04-05
1108,SITE-088,PART-2477,288,65,223,94,33,False,False,False,9.7,2025-05-16
1109,SITE-083,PART-9458,312,238,74,39,31,False,False,False,14.8,2023-02-07
1110,SITE-056,PART-3290,257,5,252,76,22,False,False,False,10.1,2025-03-02
1111,SITE-068,PART-7250,487,270,217,96,23,False,False,False,9.4,2023-01-21
1112,SITE-020,PART-4997,131,18,113,20,16,False,False,False,9.4,2023-06-22
1113,SITE-079,PART-6784,97,83,14,97,66,False,True,True,0.6,2023-06-17
1114,SITE-052,PART-1327,74,48,26,32,24,False,True,False,2.4,2023-01-15
1115,SITE-050,PART-9704,434,146,288,70,56,False,False,False,96.0,2024-06-14
1116,SITE-004,PART-3162,120,94,26,79,11,False,True,False,2.9,2024-11-26
1117,SITE-080,PART-7042,233,193,40,53,12,False,True,False,2.5,2025-01-06
1118,SITE-019,PART-7960,208,146,62,47,16,False,False,False,3.3,2024-12-18
1119,SITE-058,PART-1918,453,303,150,88,57,False,False,False,15.0,2023-01-16
1120,SITE-023,PART-3553,376,162,214,79,63,False,False,False,15.3,2024-11-17
1121,SITE-040,PART-4582,92,81,11,28,20,False,True,True,0.8,2026-10-05
1122,SITE-043,PART-8529,290,110,180,71,47,False,False,False,20.0,2024-01-16
1123,SITE-025,PART-8025,256,200,56,38,24,False,False,False,3.5,2023-01-01
1124,SITE-059,PART-2331,238,117,121,86,75,False,False,False,15.1,2026-10-28
1125,SITE-021,PART-3602,335,51,284,44,27,False,False,False,21.8,2024-05-13
1126,SITE-058,PART-4198,410,373,37,85,53,False,True,True,7.4,2024-05-03
1127,SITE-032,PART-2422,140,87,53,62,47,False,True,False,53.0,2023-06-17
1128,SITE-003,PART-6293,90,26,64,90,36,False,True,False,5.3,2023-12-04
1129,SITE-057,PART-7984,467,71,396,80,28,False,False,False,18.9,2024-12-04
1130,SITE-098,PART-1832,462,62,400,70,20,False,False,False,100.0,2024-06-11
1131,SITE-089,PART-5046,127,8,119,53,32,False,False,False,39.7,2024-01-18
1132,SITE-089,PART-9118,174,44,130,65,40,False,False,False,8.7,2025-12-04
1133,SITE-016,PART-3731,469,280,189,24,13,False,False,False,94.5,2023-11-25
1134,SITE-002,PART-1061,385,104,281,38,38,False,False,False,17.6,2024-08-16
1135,SITE-038,PART-3657,293,78,215,53,21,False,False,False,16.5,2024-10-13
1136,SITE-076,PART-4309,131,97,34,93,45,False,True,True,3.4,2026-08-28
1137,SITE-040,PART-5696,116,32,84,28,10,False,False,False,4.0,2025-12-06
1138,SITE-087,PART-6683,401,111,290,25,11,False,False,False,145.0,2024-12-07
1139,SITE-058,PART-9432,175,149,26,25,14,False,False,False,1.6,2024-05-23
1140,SITE-027,PART-4829,35,15,20,70,19,False,True,False,5.0,2023-02-01
1141,SITE-013,PART-4573,333,155,178,31,28,False,False,False,9.9,2025-12-09
1142,SITE-079,PART-1142,148,27,121,34,34,False,False,False,6.4,2025-09-08
1143,SITE-064,PART-1937,387,46,341,21,12,False,False,False,48.7,2024-11-19
1144,SITE-091,PART-7250,201,72,129,30,10,False,False,False,5.4,2025-01-16
1145,SITE-016,PART-7237,16,12,4,90,23,False,True,True,2.0,2023-01-10
1146,SITE-003,PART-5709,432,376,56,75,49,False,True,False,4.7,2026-11-24
1147,SITE-047,PART-1483,41,22,19,99,10,False,True,False,4.8,2026-12-11
1148,SITE-021,PART-7535,381,115,266,53,16,False,False,False,14.8,2024-04-08
1149,SITE-078,PART-4804,234,213,21,43,11,False,True,False,2.3,2023-03-03
1150,SITE-057,PART-9586,107,31,76,51,28,False,False,False,9.5,2024-04-25
1151,SITE-017,PART-7684,247,216,31,65,34,False,True,True,1.8,2026-02-21
1152,SITE-091,PART-5749,255,115,140,85,76,False,False,False,5.8,2024-10-02
1153,SITE-062,PART-6330,351,113,238,99,34,False,False,False,17.0,2024-01-02
1154,SITE-061,PART-5073,386,206,180,76,20,False,False,False,7.8,2024-07-23
1155,SITE-062,PART-7486,460,360,100,99,66,False,False,False,8.3,2026-09-14
1156,SITE-048,PART-3323,261,124,137,94,77,False,False,False,27.4,2025-07-23
1157,SITE-097,PART-8779,201,115,86,71,47,False,False,False,28.7,2024-04-22
1158,SITE-057,PART-3121,314,28,286,70,37,False,False,False,11.9,2026-03-27
1159,SITE-097,PART-7189,199,114,85,97,96,False,True,True,3.7,2025-05-10
1160,SITE-032,PART-3340,296,291,5,63,24,False,True,True,0.2,2023-05-07
1161,SITE-076,PART-4404,496,316,180,20,14,False,False,False,30.0,2023-03-06
1162,SITE-062,PART-7199,28,21,7,83,82,False,True,True,0.3,2026-02-01
1163,SITE-035,PART-6442,288,246,42,58,38,False,True,False,8.4,2026-09-21
1164,SITE-036,PART-9128,261,177,84,91,89,False,True,True,9.3,2025-04-23
1165,SITE-086,PART-9208,119,14,105,78,36,False,False,False,5.2,2025-03-21
1166,SITE-093,PART-7967,346,223,123,88,31,False,False,False,13.7,2023-05-20
1167,SITE-025,PART-3231,303,248,55,73,39,False,True,False,9.2,2023-01-24
1168,SITE-054,PART-6101,474,415,59,30,19,False,False,False,4.5,2023-05-08
1169,SITE-027,PART-2748,21,17,4,43,23,False,True,True,0.2,2024-03-18
1170,SITE-039,PART-4573,106,63,43,41,21,False,False,False,10.8,2025-10-25
1171,SITE-088,PART-2039,159,155,4,77,25,False,True,True,0.2,2023-12-23
1172,SITE-073,PART-9271,243,100,143,95,86,False,False,False,47.7,2026-04-24
1173,SITE-050,PART-9511,197,10,187,87,17,False,False,False,9.8,2023-08-19
1174,SITE-026,PART-4995,164,87,77,79,54,False,True,False,19.2,2024-02-17
1175,SITE-056,PART-4277,330,282,48,90,11,False,True,False,4.8,2023-09-25
1176,SITE-034,PART-6176,76,45,31,55,40,False,True,True,1.5,2023-06-07
1177,SITE-031,PART-2391,161,129,32,59,56,False,True,True,1.5,2025-08-10
1178,SITE-095,PART-3415,140,46,94,72,41,False,False,False,7.8,2024-05-15
1179,SITE-019,PART-4886,216,133,83,27,11,False,False,False,13.8,2026-01-05
1180,SITE-003,PART-8518,319,164,155,20,20,False,False,False,38.8,2024-06-24
1181,SITE-046,PART-5150,478,433,45,23,11,False,False,False,45.0,2023-06-25
1182,SITE-029,PART-6601,219,210,9,25,23,False,True,True,0.6,2025-02-27
1183,SITE-078,PART-7739,206,99,107,62,30,False,False,False,6.3,2024-09-21
1184,SITE-021,PART-2397,169,81,88,71,54,False,False,False,8.0,2023-09-12
1185,SITE-048,PART-4092,162,100,62,21,18,False,False,False,3.9,2023-04-06
1186,SITE-043,PART-7136,128,32,96,40,33,False,False,False,12.0,2024-06-08
1187,SITE-001,PART-1744,378,303,75,34,26,False,False,False,4.7,2024-06-05
1188,SITE-089,PART-4449,98,57,41,39,19,False,False,False,1.6,2025-12-07
1189,SITE-061,PART-2396,127,79,48,83,58,False,True,True,3.4,2026-11-23
1190,SITE-095,PART-5150,444,150,294,20,20,False,False,False,17.3,2025-10-27
1191,SITE-022,PART-4663,30,0,30,81,50,False,True,True,1.6,2023-01-13
1192,SITE-032,PART-9388,177,175,2,44,20,False,True,True,0.1,2025-03-21
1193,SITE-011,PART-5682,141,14,127,39,31,False,False,False,6.3,2024-06-13
1194,SITE-002,PART-2356,68,30,38,99,90,False,True,True,7.6,2025-05-27
1195,SITE-064,PART-5828,398,9,389,47,45,False,False,False,97.2,2024-12-19
1196,SITE-036,PART-5050,29,8,21,63,22,False,True,True,1.2,2026-10-07
1197,SITE-026,PART-8565,67,12,55,43,20,False,False,False,2.4,2023-05-18
1198,SITE-058,PART-5543,17,2,15,84,48,False,True,True,1.7,2023-06-11
1199,SITE-011,PART-4365,416,128,288,62,38,False,False,False,16.0,2024-12-02
1200,SITE-047,PART-7082,44,32,12,96,30,False,True,True,0.6,2026-12-26
1201,SITE-092,PART-2416,120,103,17,72,20,False,True,True,0.8,2025-05-15
1202,SITE-008,PART-2179,97,25,72,31,16,False,False,False,14.4,2023-04-07
1203,SITE-026,PART-1715,416,111,305,63,60,False,False,False,50.8,2023-09-16
1204,SITE-006,PART-9118,494,351,143,66,64,False,False,False,9.5,2023-12-16
1205,SITE-057,PART-2127,143,48,95,50,11,False,False,False,5.3,2026-07-07
1206,SITE-070,PART-7971,176,79,97,26,17,False,False,False,4.2,2026-07-28
1207,SITE-069,PART-8144,215,205,10,43,34,False,True,True,0.7,2024-02-05
1208,SITE-099,PART-3224,247,106,141,46,45,False,False,False,12.8,2023-12-09
1209,SITE-007,PART-5828,170,123,47,46,16,False,False,False,2.2,2024-04-23
1210,SITE-043,PART-7984,67,28,39,25,23,False,False,False,3.9,2025-11-21
1211,SITE-020,PART-4280,402,164,238,49,35,False,False,False,238.0,2024-05-04
1212,SITE-015,PART-6072,397,360,37,96,30,False,True,False,2.6,2024-02-10
1213,SITE-050,PART-3452,361,243,118,45,11,False,False,False,13.1,2023-07-20
1214,SITE-024,PART-5539,451,336,115,61,15,False,False,False,5.8,2024-08-14
1215,SITE-043,PART-7416,29,22,7,62,22,False,True,True,0.6,2024-02-20
1216,SITE-068,PART-3648,353,328,25,51,46,False,True,True,8.3,2023-09-21
1217,SITE-091,PART-6975,57,37,20,85,16,False,True,False,1.0,2024-01-06
1218,SITE-078,PART-3793,184,84,100,35,14,False,False,False,16.7,2023-01-13
1219,SITE-014,PART-6894,255,239,16,30,21,False,True,True,0.7,2026-09-07
1220,SITE-015,PART-4219,430,272,158,54,23,False,False,False,14.4,2023-10-02
1221,SITE-098,PART-7203,45,8,37,29,24,False,False,False,2.1,2023-07-16
1222,SITE-099,PART-3457,294,270,24,45,45,False,True,True,1.1,2025-02-18
1223,SITE-062,PART-2946,183,94,89,38,15,False,False,False,8.1,2025-03-10
1224,SITE-059,PART-7960,168,102,66,48,31,False,False,False,6.6,2023-07-08
1225,SITE-054,PART-5127,132,113,19,38,38,False,True,True,1.1,2024-01-22
1226,SITE-007,PART-8505,136,2,134,50,37,False,False,False,10.3,2025-07-13
1227,SITE-046,PART-6113,363,198,165,54,45,False,False,False,41.2,2025-02-17
1228,SITE-023,PART-1591,63,33,30,72,13,False,True,False,1.8,2024-10-13
1229,SITE-006,PART-9634,354,349,5,59,27,False,True,True,5.0,2024-02-23
1230,SITE-031,PART-8279,167,144,23,80,37,False,True,True,1.4,2023-03-05
1231,SITE-088,PART-4844,90,78,12,44,38,False,True,True,0.8,2025-05-01
1232,SITE-097,PART-6508,460,116,344,42,32,False,False,False,18.1,2024-12-03
1233,SITE-032,PART-4762,247,81,166,68,45,False,False,False,18.4,2026-11-23
1234,SITE-021,PART-9037,460,430,30,61,61,False,True,True,1.3,2025-11-05
1235,SITE-016,PART-5121,383,325,58,23,18,False,False,False,3.9,2025-03-06
1236,SITE-071,PART-5846,304,216,88,47,16,False,False,False,7.3,2024-01-01
1237,SITE-043,PART-6615,499,442,57,94,74,False,True,True,6.3,2023-10-12
1238,SITE-087,PART-3704,83,45,38,50,15,False,True,False,5.4,2023-04-20
1239,SITE-026,PART-3798,57,29,28,49,41,False,True,True,5.6,2023-08-03
1240,SITE-034,PART-6140,281,144,137,41,17,False,False,False,22.8,2026-10-17
1241,SITE-061,PART-1700,128,21,107,44,22,False,False,False,8.9,2026-07-21
1242,SITE-016,PART-6888,237,10,227,70,56,False,False,False,9.1,2023-07-03
1243,SITE-007,PART-4198,450,276,174,43,35,False,False,False,12.4,2023-04-03
1244,SITE-092,PART-8273,294,148,146,74,12,False,False,False,20.9,2025-03-08
1245,SITE-091,PART-8062,461,48,413,54,12,False,False,False,68.8,2023-11-14
1246,SITE-039,PART-3340,203,166,37,57,54,False,True,True,1.9,2026-09-07
1247,SITE-002,PART-4062,71,47,24,32,27,False,True,True,24.0,2023-02-18
1248,SITE-055,PART-6069,93,4,89,53,52,False,False,False,4.7,2024-04-22
1249,SITE-037,PART-7433,288,0,288,33,27,False,False,False,26.2,2023-06-05
1250,SITE-054,PART-7782,237,122,115,32,18,False,False,False,5.8,2026-08-15
1251,SITE-057,PART-2946,20,17,3,86,76,False,True,True,0.4,2023-08-26
1252,SITE-064,PART-2838,221,92,129,72,70,False,False,False,12.9,2026-09-13
1253,SITE-057,PART-6508,9,0,9,37,33,False,True,True,0.9,2023-06-21
1254,SITE-009,PART-7739,304,118,186,64,20,False,False,False,10.3,2026-06-02
1255,SITE-081,PART-3715,40,22,18,42,35,False,True,True,0.8,2025-05-25
1256,SITE-005,PART-8695,251,101,150,99,12,False,False,False,50.0,2024-11-25
1257,SITE-022,PART-9208,349,223,126,83,60,False,False,False,5.5,2025-12-09
1258,SITE-036,PART-1816,5,2,3,77,16,False,True,True,0.2,2023-07-14
1259,SITE-084,PART-2451,65,50,15,98,70,False,True,True,0.8,2023-05-07
1260,SITE-078,PART-1911,158,103,55,72,30,False,True,False,5.5,2026-06-21
1261,SITE-034,PART-6787,85,2,83,80,57,False,False,False,3.8,2023-07-25
1262,SITE-003,PART-6572,139,101,38,28,27,False,False,False,3.5,2026-07-03
1263,SITE-030,PART-9189,63,37,26,21,18,False,False,False,1.1,2024-08-02
1264,SITE-019,PART-4238,335,233,102,24,21,False,False,False,25.5,2023-06-12
1265,SITE-089,PART-2419,316,203,113,96,60,False,False,False,37.7,2024-04-10
1266,SITE-050,PART-9371,389,350,39,48,35,False,True,False,39.0,2025-09-28
1267,SITE-038,PART-7210,50,9,41,100,62,False,True,True,2.9,2025-05-28
1268,SITE-033,PART-4942,162,51,111,51,36,False,False,False,7.4,2026-02-19
1269,SITE-024,PART-2165,173,36,137,45,27,False,False,False,8.1,2025-12-17
1270,SITE-013,PART-9948,178,101,77,81,36,False,True,False,8.6,2025-07-05
1271,SITE-078,PART-6162,192,188,4,25,18,False,True,True,0.7,2026-10-24
1272,SITE-011,PART-3188,60,10,50,37,18,False,False,False,2.0,2024-06-26
1273,SITE-008,PART-2802,73,28,45,96,51,False,True,True,3.2,2024-10-13
1274,SITE-036,PART-6107,405,349,56,27,14,False,False,False,2.8,2024-08-04
1275,SITE-084,PART-8690,328,280,48,34,24,False,False,False,4.0,2023-03-26
1276,SITE-062,PART-3896,345,180,165,82,61,False,False,False,8.2,2023-06-19
1277,SITE-069,PART-8695,391,191,200,52,25,False,False,False,11.8,2025-09-19
1278,SITE-042,PART-1874,323,1,322,71,68,False,False,False,161.0,2023-04-10
1279,SITE-091,PART-4055,444,82,362,33,30,False,False,False,362.0,2023-09-20
1280,SITE-036,PART-8163,298,5,293,36,25,False,False,False,22.5,2026-07-12
1281,SITE-029,PART-6628,132,104,28,87,70,False,True,True,3.1,2023-02-15
1282,SITE-012,PART-5200,360,236,124,43,17,False,False,False,8.9,2026-01-16
1283,SITE-039,PART-1283,273,73,200,92,14,False,False,False,14.3,2023-11-04
1284,SITE-063,PART-2035,100,60,40,26,15,False,False,False,2.0,2023-03-01
1285,SITE-027,PART-4055,204,118,86,57,31,False,False,False,17.2,2026-12-04
1286,SITE-034,PART-8448,22,17,5,31,27,False,True,True,0.2,2026-05-15
1287,SITE-062,PART-6683,377,10,367,85,23,False,False,False,122.3,2024-03-04
1288,SITE-094,PART-9128,20,17,3,57,12,False,True,True,1.0,2023-06-25
1289,SITE-089,PART-6628,85,52,33,40,33,False,True,False,2.4,2026-12-07
1290,SITE-083,PART-8025,211,27,184,67,67,False,False,False,9.7,2023-03-03
1291,SITE-087,PART-1892,233,233,0,68,51,True,True,True,0.0,2023-09-09
1292,SITE-089,PART-9605,201,81,120,51,12,False,False,False,10.0,2025-12-26
1293,SITE-017,PART-3199,392,215,177,69,55,False,False,False,59.0,2025-01-03
1294,SITE-083,PART-1116,93,64,29,94,89,False,True,True,7.2,2024-07-28
1295,SITE-070,PART-9165,9,8,1,54,15,False,True,True,0.2,2024-05-26
1296,SITE-060,PART-4942,280,42,238,20,18,False,False,False,14.9,2023-02-27
1297,SITE-003,PART-9549,322,216,106,48,35,False,False,False,26.5,2026-12-19
1298,SITE-018,PART-5682,176,0,176,25,11,False,False,False,9.3,2026-08-12
1299,SITE-055,PART-4128,7,5,2,65,45,False,True,True,0.1,2023-04-19
1300,SITE-059,PART-6819,145,56,89,27,22,False,False,False,4.2,2023-09-26
1301,SITE-024,PART-2036,90,23,67,92,81,False,True,True,33.5,2025-06-13
1302,SITE-095,PART-5959,202,139,63,87,66,False,True,True,5.7,2023-01-14
1303,SITE-087,PART-3109,465,254,211,91,91,False,False,False,26.4,2026-02-23
1304,SITE-044,PART-3323,401,103,298,25,21,False,False,False,17.5,2024-11-12
1305,SITE-022,PART-2577,500,122,378,81,73,False,False,False,75.6,2025-04-05
1306,SITE-033,PART-1734,25,4,21,35,33,False,True,True,1.1,2026-01-28
1307,SITE-022,PART-7413,426,264,162,60,24,False,False,False,6.5,2025-07-21
1308,SITE-013,PART-5172,236,92,144,62,43,False,False,False,8.0,2026-12-21
1309,SITE-070,PART-2826,458,289,169,68,12,False,False,False,7.7,2026-01-09
1310,SITE-035,PART-7156,435,153,282,52,20,False,False,False,31.3,2025-12-17
1311,SITE-001,PART-1897,346,72,274,44,22,False,False,False,24.9,2023-11-18
1312,SITE-100,PART-6762,162,17,145,76,50,False,False,False,29.0,2026-01-01
1313,SITE-058,PART-7232,189,48,141,29,23,False,False,False,9.4,2025-03-16
1314,SITE-018,PART-6122,189,83,106,91,55,False,False,False,5.6,2026-11-03
1315,SITE-015,PART-2974,68,53,15,67,47,False,True,True,1.4,2024-05-26
1316,SITE-075,PART-9165,50,48,2,40,26,False,True,True,0.7,2023-09-07
1317,SITE-071,PART-9893,162,49,113,88,76,False,False,False,28.2,2025-07-12
1318,SITE-098,PART-6542,420,278,142,55,10,False,False,False,12.9,2025-05-27
1319,SITE-074,PART-8261,133,130,3,73,42,False,True,True,0.3,2024-01-27
1320,SITE-072,PART-1768,258,196,62,91,64,False,True,True,3.3,2025-05-13
1321,SITE-099,PART-2404,126,33,93,27,26,False,False,False,7.2,2026-08-10
1322,SITE-077,PART-7498,115,49,66,100,59,False,True,False,2.9,2024-07-20
1323,SITE-056,PART-4543,493,70,423,88,64,False,False,False,42.3,2023-06-24
1324,SITE-056,PART-6162,11,4,7,81,58,False,True,True,1.8,2025-02-06
1325,SITE-036,PART-8840,354,5,349,57,41,False,False,False,17.4,2024-12-17
1326,SITE-051,PART-7385,479,410,69,77,52,False,True,False,4.9,2023-11-07
1327,SITE-096,PART-6108,79,10,69,45,20,False,False,False,3.1,2023-04-10
1328,SITE-072,PART-9754,428,62,366,51,42,False,False,False,45.8,2024-09-14
1329,SITE-016,PART-4260,197,32,165,38,35,False,False,False,23.6,2024-10-04
1330,SITE-019,PART-1474,248,17,231,29,15,False,False,False,57.8,2026-10-18
1331,SITE-047,PART-4035,290,260,30,33,23,False,True,False,2.7,2025-03-22
1332,SITE-094,PART-3161,303,5,298,29,10,False,False,False,16.6,2024-04-12
1333,SITE-038,PART-6926,289,151,138,90,85,False,False,False,15.3,2024-01-06
1334,SITE-081,PART-8025,334,95,239,100,69,False,False,False,59.8,2024-09-22
1335,SITE-063,PART-5186,150,23,127,94,21,False,False,False,6.3,2023-02-04
1336,SITE-061,PART-7577,58,22,36,62,39,False,True,True,2.6,2023-07-03
1337,SITE-091,PART-6013,78,18,60,48,24,False,False,False,12.0,2026-10-05
1338,SITE-099,PART-4638,247,136,111,31,10,False,False,False,4.8,2025-05-16
1339,SITE-071,PART-6101,31,18,13,25,24,False,True,True,1.1,2025-11-27
1340,SITE-072,PART-3798,244,36,208,36,32,False,False,False,13.9,2026-05-25
1341,SITE-053,PART-5936,267,14,253,29,28,False,False,False,10.5,2023-11-04
1342,SITE-091,PART-3704,421,103,318,62,52,False,False,False,39.8,2024-03-19
1343,SITE-046,PART-3009,241,72,169,69,35,False,False,False,15.4,2026-05-04
1344,SITE-039,PART-3347,145,125,20,99,65,False,True,True,1.0,2023-04-26
1345,SITE-005,PART-1049,446,292,154,72,37,False,False,False,30.8,2025-09-17
1346,SITE-040,PART-2380,353,344,9,82,10,False,True,True,0.6,2025-05-12
1347,SITE-005,PART-8084,299,268,31,75,14,False,True,False,5.2,2023-11-28
1348,SITE-084,PART-9293,138,70,68,64,38,False,False,False,5.7,2026-03-16
1349,SITE-076,PART-7761,432,320,112,49,41,False,False,False,5.9,2023-10-19
1350,SITE-042,PART-9363,382,222,160,86,62,False,False,False,12.3,2023-06-09
1351,SITE-079,PART-3103,50,45,5,79,35,False,True,True,0.4,2024-12-06
1352,SITE-060,PART-2577,482,407,75,31,13,False,False,False,3.4,2024-12-05
1353,SITE-018,PART-5415,465,60,405,37,25,False,False,False,23.8,2023-08-22
1354,SITE-027,PART-7914,172,51,121,83,37,False,False,False,30.2,2023-06-12
1355,SITE-078,PART-8783,226,197,29,44,21,False,True,False,29.0,2023-08-05
1356,SITE-049,PART-5072,325,221,104,88,66,False,False,False,4.7,2024-12-22
1357,SITE-098,PART-4918,384,129,255,86,40,False,False,False,15.9,2025-02-07
1358,SITE-067,PART-3811,328,197,131,28,26,False,False,False,6.2,2025-11-21
1359,SITE-017,PART-3793,28,1,27,30,18,False,True,False,1.2,2025-06-15
1360,SITE-005,PART-4290,478,461,17,97,23,False,True,True,0.8,2024-07-15
1361,SITE-027,PART-7104,169,135,34,57,48,False,True,True,3.4,2025-08-05
1362,SITE-089,PART-1733,126,90,36,68,17,False,True,False,18.0,2026-08-13
1363,SITE-078,PART-7560,190,105,85,54,51,False,False,False,4.0,2025-11-27
1364,SITE-056,PART-4001,477,104,373,55,47,False,False,False,17.8,2026-10-28
1365,SITE-011,PART-7067,96,43,53,72,46,False,True,False,26.5,2024-04-08
1366,SITE-091,PART-2218,288,90,198,49,36,False,False,False,18.0,2024-05-07
1367,SITE-096,PART-4942,315,267,48,20,16,False,False,False,3.4,2026-04-06
1368,SITE-072,PART-6854,80,39,41,47,19,False,True,False,5.9,2026-09-11
1369,SITE-067,PART-4297,115,99,16,26,26,False,True,True,4.0,2024-12-19
1370,SITE-015,PART-5875,125,112,13,51,13,False,True,False,13.0,2025-04-08
1371,SITE-010,PART-2799,474,16,458,46,20,False,False,False,25.4,2023-05-23
1372,SITE-080,PART-8505,307,231,76,84,20,False,True,False,3.5,2026-07-04
1373,SITE-032,PART-8143,32,8,24,82,66,False,True,True,2.0,2026-06-28
1374,SITE-086,PART-3937,455,364,91,96,35,False,True,False,10.1,2023-10-01
1375,SITE-042,PART-6101,219,131,88,24,18,False,False,False,4.6,2024-02-24
1376,SITE-013,PART-7190,332,126,206,37,12,False,False,False,11.4,2023-06-19
1377,SITE-013,PART-5950,106,57,49,24,15,False,False,False,4.9,2024-02-08
1378,SITE-003,PART-9284,407,22,385,99,96,False,False,False,18.3,2025-12-03
1379,SITE-012,PART-2784,365,251,114,90,53,False,False,False,11.4,2026-04-07
1380,SITE-018,PART-2673,86,53,33,90,57,False,True,True,2.5,2023-03-24
1381,SITE-039,PART-6926,207,37,170,90,56,False,False,False,11.3,2023-12-27
1382,SITE-042,PART-2698,126,108,18,56,29,False,True,True,2.6,2023-06-17
1383,SITE-018,PART-2213,454,68,386,55,48,False,False,False,128.7,2025-01-27
1384,SITE-012,PART-2773,85,8,77,59,45,False,False,False,7.7,2023-09-22
1385,SITE-032,PART-9805,31,11,20,34,12,False,True,False,0.9,2023-12-17
1386,SITE-084,PART-4260,8,0,8,86,52,False,True,True,0.5,2023-08-01
1387,SITE-010,PART-4001,249,141,108,93,85,False,False,False,6.4,2023-05-02
1388,SITE-073,PART-2958,307,168,139,67,36,False,False,False,7.3,2026-11-14
1389,SITE-042,PART-5072,244,111,133,84,40,False,False,False,6.3,2026-09-23
1390,SITE-030,PART-6829,175,12,163,26,20,False,False,False,81.5,2023-12-11
1391,SITE-052,PART-3344,234,114,120,52,52,False,False,False,10.9,2024-02-01
1392,SITE-010,PART-9106,83,54,29,33,23,False,True,False,1.3,2026-06-18
1393,SITE-006,PART-1768,90,88,2,63,18,False,True,True,0.1,2025-01-20
1394,SITE-054,PART-9272,247,111,136,22,21,False,False,False,12.4,2024-05-04
1395,SITE-002,PART-8783,423,3,420,43,24,False,False,False,22.1,2023-04-08
1396,SITE-054,PART-5121,403,325,78,98,51,False,True,False,6.5,2023-10-12
1397,SITE-083,PART-1055,9,6,3,82,32,False,True,True,0.1,2025-02-25
1398,SITE-026,PART-2036,23,23,0,98,20,True,True,True,0.0,2023-08-27
1399,SITE-080,PART-7886,197,42,155,44,10,False,False,False,25.8,2026-04-23
1400,SITE-024,PART-3896,389,8,381,28,11,False,False,False,76.2,2026-03-20
1401,SITE-047,PART-2135,482,164,318,93,35,False,False,False,17.7,2026-01-21
1402,SITE-044,PART-3133,162,21,141,78,11,False,False,False,23.5,2023-12-22
1403,SITE-069,PART-9288,428,419,9,20,13,False,True,True,0.5,2025-11-22
1404,SITE-014,PART-2451,33,18,15,61,50,False,True,True,1.5,2023-12-15
1405,SITE-092,PART-7794,87,74,13,81,69,False,True,True,6.5,2024-03-10
1406,SITE-097,PART-9329,255,100,155,68,16,False,False,False,8.2,2025-09-06
1407,SITE-088,PART-2100,34,22,12,54,49,False,True,True,6.0,2024-10-16
1408,SITE-031,PART-3257,361,15,346,52,27,False,False,False,13.8,2023-11-24
1409,SITE-088,PART-3254,302,65,237,50,40,False,False,False,79.0,2026-01-10
1410,SITE-099,PART-7053,329,266,63,88,21,False,True,False,21.0,2026-12-08
1411,SITE-050,PART-8279,70,69,1,63,13,False,True,True,0.1,2026-01-26
1412,SITE-006,PART-2165,129,85,44,20,19,False,False,False,2.6,2024-12-14
1413,SITE-045,PART-9097,175,81,94,49,15,False,False,False,7.2,2023-01-28
1414,SITE-072,PART-2039,79,4,75,29,18,False,False,False,5.8,2024-12-09
1415,SITE-039,PART-6814,270,190,80,79,35,False,False,False,3.2,2026-01-15
1416,SITE-058,PART-7321,254,1,253,76,12,False,False,False,25.3,2023-10-13
1417,SITE-058,PART-7739,22,21,1,63,41,False,True,True,0.1,2024-05-06
1418,SITE-052,PART-4762,438,288,150,74,62,False,False,False,30.0,2026-06-20
1419,SITE-065,PART-9374,170,55,115,99,11,False,False,False,4.8,2025-09-22
1420,SITE-013,PART-6391,152,83,69,61,15,False,False,False,13.8,2024-01-25
1421,SITE-075,PART-8694,329,291,38,36,15,False,False,False,1.8,2024-03-17
1422,SITE-048,PART-3879,250,246,4,30,30,False,True,True,0.2,2024-09-26
1423,SITE-058,PART-7282,53,29,24,71,25,False,True,True,2.0,2023-06-11
1424,SITE-073,PART-4078,66,8,58,35,33,False,False,False,6.4,2024-12-26
1425,SITE-051,PART-5959,89,41,48,84,58,False,True,True,6.0,2026-05-18
1426,SITE-053,PART-8483,257,99,158,51,19,False,False,False,10.5,2025-09-09
1427,SITE-044,PART-2430,112,32,80,92,30,False,True,False,7.3,2023-12-19
1428,SITE-038,PART-3887,197,148,49,72,45,False,True,False,8.2,2024-10-20
1429,SITE-029,PART-9090,375,164,211,85,34,False,False,False,26.4,2026-05-22
1430,SITE-007,PART-3663,174,23,151,32,29,False,False,False,6.3,2023-06-21
1431,SITE-076,PART-9795,312,149,163,77,58,False,False,False,9.1,2025-06-14
1432,SITE-085,PART-1737,200,78,122,22,22,False,False,False,11.1,2025-10-23
1433,SITE-018,PART-4505,136,44,92,70,33,False,False,False,4.6,2024-10-19
1434,SITE-060,PART-2487,484,185,299,75,53,False,False,False,27.2,2023-11-03
1435,SITE-085,PART-2116,246,154,92,88,77,False,False,False,46.0,2026-12-18
1436,SITE-065,PART-5200,405,210,195,91,21,False,False,False,13.0,2024-09-08
1437,SITE-079,PART-6947,10,3,7,42,38,False,True,True,0.6,2024-01-10
1438,SITE-031,PART-2415,4,0,4,53,14,False,True,True,0.2,2026-05-19
1439,SITE-034,PART-7944,437,210,227,91,19,False,False,False,16.2,2023-10-07
1440,SITE-074,PART-7358,307,305,2,96,21,False,True,True,0.1,2026-03-25
1441,SITE-068,PART-1937,262,233,29,94,85,False,True,True,3.6,2025-11-24
1442,SITE-030,PART-7967,433,269,164,33,27,False,False,False,16.4,2026-12-22
1443,SITE-022,PART-2039,342,266,76,59,45,False,False,False,4.8,2024-03-17
1444,SITE-025,PART-1402,412,20,392,49,17,False,False,False,23.1,2023-06-27
1445,SITE-071,PART-8505,132,74,58,68,60,False,True,True,4.1,2023-08-10
1446,SITE-008,PART-2867,472,83,389,80,69,False,False,False,129.7,2025-12-10
1447,SITE-077,PART-6122,323,232,91,40,28,False,False,False,13.0,2024-10-23
1448,SITE-029,PART-4072,111,94,17,84,44,False,True,True,0.9,2026-06-12
1449,SITE-073,PART-8668,472,96,376,48,30,False,False,False,34.2,2024-05-20
1450,SITE-037,PART-1695,358,150,208,45,15,False,False,False,12.2,2023-07-19
1451,SITE-052,PART-4448,300,69,231,73,61,False,False,False,13.6,2025-02-26
1452,SITE-047,PART-4365,145,29,116,22,14,False,False,False,5.8,2025-04-02
1453,SITE-054,PART-4035,388,32,356,91,83,False,False,False,356.0,2023-08-17
1454,SITE-022,PART-8928,129,37,92,84,24,False,False,False,3.8,2026-11-22
1455,SITE-074,PART-9856,243,147,96,39,16,False,False,False,19.2,2024-02-06
1456,SITE-065,PART-2974,228,194,34,28,25,False,False,False,8.5,2025-10-18
1457,SITE-022,PART-5350,479,187,292,97,29,False,False,False,14.6,2026-11-19
1458,SITE-077,PART-2773,199,94,105,71,66,False,False,False,13.1,2024-06-15
1459,SITE-045,PART-3161,247,74,173,50,33,False,False,False,13.3,2025-11-13
1460,SITE-078,PART-1777,90,37,53,95,76,False,True,True,5.9,2023-06-20
1461,SITE-019,PART-7740,280,113,167,57,40,False,False,False,27.8,2025-06-10
1462,SITE-045,PART-5771,198,84,114,44,30,False,False,False,4.6,2023-05-05
1463,SITE-042,PART-9406,87,21,66,23,22,False,False,False,3.5,2025-10-11
1464,SITE-030,PART-2485,174,19,155,90,77,False,False,False,9.7,2024-06-01
1465,SITE-092,PART-8113,409,223,186,45,31,False,False,False,12.4,2026-06-01
1466,SITE-071,PART-6153,157,114,43,100,61,False,True,True,1.9,2026-11-16
1467,SITE-036,PART-9077,65,63,2,34,28,False,True,True,0.1,2025-02-09
1468,SITE-037,PART-3457,417,415,2,48,19,False,True,True,1.0,2025-01-20
1469,SITE-018,PART-2039,75,21,54,63,63,False,True,True,18.0,2026-04-25
1470,SITE-069,PART-6023,237,190,47,40,15,False,False,False,3.1,2026-09-02
1471,SITE-050,PART-7290,7,4,3,20,15,False,True,True,0.6,2024-03-27
1472,SITE-077,PART-7534,431,168,263,54,42,False,False,False,43.8,2026-05-01
1473,SITE-077,PART-7190,91,68,23,38,17,False,True,False,2.3,2023-06-09
1474,SITE-004,PART-1816,133,127,6,80,10,False,True,True,2.0,2023-01-04
1475,SITE-077,PART-7935,39,29,10,44,40,False,True,True,0.7,2023-11-04
1476,SITE-012,PART-9114,345,262,83,97,54,False,True,False,16.6,2026-04-28
1477,SITE-004,PART-2779,37,2,35,28,23,False,False,False,5.0,2025-10-18
1478,SITE-050,PART-2838,454,1,453,25,18,False,False,False,18.1,2024-08-06
1479,SITE-005,PART-6628,297,208,89,72,15,False,False,False,8.1,2026-10-05
1480,SITE-072,PART-5652,464,375,89,21,21,False,False,False,29.7,2025-06-03
1481,SITE-049,PART-2098,356,145,211,97,78,False,False,False,14.1,2025-09-24
1482,SITE-060,PART-1945,103,103,0,27,13,True,True,True,0.0,2024-03-04
1483,SITE-057,PART-8163,473,194,279,33,11,False,False,False,139.5,2025-12-15
1484,SITE-012,PART-9987,455,236,219,88,20,False,False,False,36.5,2026-06-06
1485,SITE-050,PART-2068,296,146,150,69,32,False,False,False,11.5,2024-08-21
1486,SITE-058,PART-9843,391,28,363,66,60,False,False,False,22.7,2023-03-17
1487,SITE-074,PART-5999,173,101,72,71,62,False,False,False,6.0,2023-09-10
1488,SITE-023,PART-1534,236,125,111,88,20,False,False,False,7.9,2025-05-17
1489,SITE-033,PART-1099,318,14,304,54,49,False,False,False,21.7,2023-11-24
1490,SITE-040,PART-8758,318,284,34,59,50,False,True,True,1.4,2024-07-16
1491,SITE-034,PART-8384,473,470,3,47,13,False,True,True,3.0,2025-09-13
1492,SITE-042,PART-8807,452,102,350,83,35,False,False,False,116.7,2024-11-25
1493,SITE-090,PART-5664,224,181,43,40,13,False,False,False,2.0,2025-06-12
1494,SITE-100,PART-5846,129,15,114,23,15,False,False,False,6.3,2023-01-05
1495,SITE-085,PART-5319,204,193,11,92,88,False,True,True,0.6,2024-12-25
1496,SITE-033,PART-5073,405,279,126,50,40,False,False,False,11.5,2024-09-20
1497,SITE-002,PART-5813,23,0,23,27,27,False,True,True,1.4,2023-09-22
1498,SITE-089,PART-4092,430,177,253,100,54,False,False,False,23.0,2025-02-19
1499,SITE-012,PART-7008,375,48,327,89,15,False,False,False,23.4,2024-11-10
1500,SITE-038,PART-5652,200,73,127,54,12,False,False,False,15.9,2025-06-24
1501,SITE-072,PART-9795,295,293,2,100,24,False,True,True,2.0,2026-05-09
1502,SITE-026,PART-4748,206,187,19,91,17,False,True,False,0.8,2026-06-12
1503,SITE-096,PART-8994,365,59,306,91,65,False,False,False,17.0,2023-06-06
1504,SITE-096,PART-8555,407,396,11,38,10,False,True,False,11.0,2025-06-03
1505,SITE-027,PART-7240,38,36,2,92,33,False,True,True,0.1,2026-11-11
1506,SITE-090,PART-6588,348,182,166,44,39,False,False,False,8.7,2026-09-06
1507,SITE-078,PART-4206,231,179,52,26,13,False,False,False,5.2,2026-04-10
1508,SITE-087,PART-7183,225,116,109,82,46,False,False,False,21.8,2023-07-25
1509,SITE-019,PART-6286,421,213,208,72,70,False,False,False,8.3,2026-08-04
1510,SITE-079,PART-3887,215,136,79,28,24,False,False,False,7.9,2024-05-27
1511,SITE-047,PART-3209,477,273,204,55,32,False,False,False,12.8,2023-12-26
1512,SITE-077,PART-2218,154,36,118,37,31,False,False,False,11.8,2026-06-27
1513,SITE-089,PART-9334,85,85,0,83,68,True,True,True,0.0,2026-09-22
1514,SITE-075,PART-7785,391,258,133,45,39,False,False,False,6.3,2024-10-12
1515,SITE-067,PART-4335,349,230,119,58,32,False,False,False,11.9,2026-10-02
1516,SITE-014,PART-7486,372,152,220,97,21,False,False,False,73.3,2026-09-01
1517,SITE-025,PART-6417,493,426,67,74,69,False,True,True,11.2,2026-07-10
1518,SITE-085,PART-1147,128,14,114,87,83,False,False,False,57.0,2025-05-11
1519,SITE-026,PART-7560,357,306,51,60,56,False,True,True,2.7,2025-07-16
1520,SITE-028,PART-8062,207,84,123,45,17,False,False,False,4.9,2026-01-15
1521,SITE-020,PART-5988,59,24,35,72,25,False,True,False,5.0,2025-04-07
1522,SITE-036,PART-1198,424,367,57,90,49,False,True,False,19.0,2023-04-06
1523,SITE-048,PART-3274,404,40,364,65,47,False,False,False,15.2,2026-11-04
1524,SITE-100,PART-7944,317,222,95,54,44,False,False,False,5.0,2023-05-25
1525,SITE-046,PART-2994,215,28,187,59,58,False,False,False,7.5,2025-11-17
1526,SITE-022,PART-5183,13,8,5,96,52,False,True,True,0.5,2023-03-08
1527,SITE-008,PART-2477,25,24,1,26,23,False,True,True,0.0,2025-03-09
1528,SITE-083,PART-7641,174,77,97,56,13,False,False,False,32.3,2025-06-11
1529,SITE-097,PART-6391,209,133,76,58,41,False,False,False,25.3,2023-06-21
1530,SITE-033,PART-3739,358,305,53,31,28,False,False,False,17.7,2025-07-02
1531,SITE-079,PART-1945,227,28,199,47,45,False,False,False,9.5,2025-09-10
1532,SITE-075,PART-1918,271,151,120,95,82,False,False,False,20.0,2023-06-16
1533,SITE-071,PART-7486,225,168,57,43,11,False,False,False,3.4,2023-05-03
1534,SITE-099,PART-8144,364,242,122,26,14,False,False,False,30.5,2023-01-25
1535,SITE-056,PART-3101,17,10,7,46,20,False,True,True,0.3,2026-09-25
1536,SITE-078,PART-7384,471,451,20,93,71,False,True,True,1.1,2025-03-02
1537,SITE-093,PART-6492,229,99,130,88,35,False,False,False,5.4,2025-01-03
1538,SITE-029,PART-3879,85,40,45,72,49,False,True,True,1.8,2025-04-06
1539,SITE-008,PART-4856,232,50,182,85,71,False,False,False,30.3,2026-05-07
1540,SITE-021,PART-6371,408,130,278,44,30,False,False,False,139.0,2024-02-22
1541,SITE-070,PART-3995,415,379,36,93,53,False,True,True,7.2,2026-09-21
1542,SITE-062,PART-1918,421,164,257,58,53,False,False,False,11.2,2023-02-08
1543,SITE-050,PART-3340,241,52,189,50,44,False,False,False,18.9,2023-02-07
1544,SITE-077,PART-6601,261,152,109,75,69,False,False,False,7.3,2023-06-03
1545,SITE-058,PART-7684,383,228,155,31,19,False,False,False,6.7,2026-12-25
1546,SITE-040,PART-9119,159,21,138,61,41,False,False,False,69.0,2024-10-12
1547,SITE-036,PART-7136,412,374,38,60,29,False,True,False,6.3,2025-08-26
1548,SITE-068,PART-5319,255,103,152,98,37,False,False,False,6.3,2025-05-05
1549,SITE-074,PART-8483,397,190,207,30,30,False,False,False,41.4,2025-11-20
1550,SITE-098,PART-7020,234,14,220,33,12,False,False,False,16.9,2026-09-05
1551,SITE-091,PART-1852,355,153,202,64,33,False,False,False,9.6,2023-08-19
1552,SITE-071,PART-7560,24,5,19,27,22,False,True,True,1.3,2026-11-18
1553,SITE-056,PART-2189,458,359,99,60,25,False,False,False,24.8,2026-07-28
1554,SITE-029,PART-1129,61,21,40,40,10,False,False,False,1.8,2026-04-10
1555,SITE-082,PART-7902,301,50,251,89,83,False,False,False,25.1,2026-03-10
1556,SITE-010,PART-9605,379,223,156,41,12,False,False,False,39.0,2025-03-06
1557,SITE-092,PART-4260,285,145,140,96,87,False,False,False,7.0,2024-11-04
1558,SITE-036,PART-3130,193,46,147,54,34,False,False,False,6.7,2023-02-14
1559,SITE-028,PART-1724,155,112,43,68,67,False,True,True,5.4,2024-08-26
1560,SITE-050,PART-1147,432,80,352,84,24,False,False,False,20.7,2025-08-02
1561,SITE-068,PART-1852,389,180,209,76,28,False,False,False,17.4,2024-01-21
1562,SITE-047,PART-6908,258,86,172,100,78,False,False,False,10.1,2023-02-24
1563,SITE-037,PART-7093,319,128,191,41,38,False,False,False,47.8,2026-11-04
1564,SITE-071,PART-2099,278,185,93,85,58,False,False,False,10.3,2024-04-07
1565,SITE-030,PART-9118,287,41,246,42,16,False,False,False,22.4,2025-08-06
1566,SITE-032,PART-3276,286,228,58,51,28,False,False,False,3.2,2024-12-10
1567,SITE-015,PART-4741,414,405,9,22,17,False,True,True,0.4,2026-05-06
1568,SITE-034,PART-2896,87,9,78,38,30,False,False,False,6.0,2026-05-11
1569,SITE-071,PART-6442,117,77,40,26,24,False,False,False,2.4,2023-01-04
1570,SITE-017,PART-6324,357,70,287,81,46,False,False,False,12.5,2025-01-18
1571,SITE-021,PART-4918,241,124,117,67,31,False,False,False,5.8,2026-01-05
1572,SITE-066,PART-2218,231,176,55,39,19,False,False,False,2.3,2026-11-05
1573,SITE-001,PART-3070,435,115,320,67,56,False,False,False,32.0,2023-09-15
1574,SITE-095,PART-2019,337,220,117,22,17,False,False,False,16.7,2024-10-28
1575,SITE-045,PART-9388,198,126,72,34,16,False,False,False,6.0,2023-06-13
1576,SITE-067,PART-3258,247,55,192,56,33,False,False,False,11.3,2023-12-17
1577,SITE-034,PART-9167,327,75,252,69,25,False,False,False,36.0,2025-07-04
1578,SITE-088,PART-8840,395,335,60,50,24,False,False,False,3.5,2023-11-06
1579,SITE-021,PART-2963,131,123,8,63,16,False,True,True,0.9,2026-06-06
1580,SITE-028,PART-6766,37,7,30,56,40,False,True,True,2.5,2024-04-05
1581,SITE-078,PART-4449,292,203,89,39,32,False,False,False,5.6,2025-10-01
1582,SITE-048,PART-4392,326,315,11,84,31,False,True,True,1.4,2023-08-26
1583,SITE-017,PART-2897,332,255,77,29,27,False,False,False,5.9,2026-02-27
1584,SITE-045,PART-7140,437,378,59,35,20,False,False,False,2.7,2026-01-26
1585,SITE-047,PART-3162,110,57,53,32,22,False,False,False,53.0,2023-12-18
1586,SITE-091,PART-7093,322,306,16,89,64,False,True,True,0.7,2025-05-05
1587,SITE-037,PART-6618,316,142,174,64,60,False,False,False,87.0,2026-01-24
1588,SITE-010,PART-2779,452,232,220,32,29,False,False,False,31.4,2023-01-27
1589,SITE-083,PART-3825,331,207,124,42,29,False,False,False,7.8,2025-07-02
1590,SITE-047,PART-5503,1,0,1,80,15,False,True,True,0.1,2024-07-02
1591,SITE-034,PART-8558,350,70,280,25,19,False,False,False,15.6,2023-03-13
1592,SITE-016,PART-4206,224,62,162,21,16,False,False,False,8.5,2024-07-19
1593,SITE-092,PART-6778,139,9,130,76,17,False,False,False,8.1,2023-06-14
1594,SITE-011,PART-2505,58,14,44,40,10,False,False,False,11.0,2023-07-15
1595,SITE-091,PART-2269,165,156,9,84,41,False,True,True,0.6,2023-07-05
1596,SITE-096,PART-2739,115,75,40,37,18,False,False,False,5.7,2024-12-03
1597,SITE-045,PART-3015,206,90,116,83,78,False,False,False,38.7,2025-12-05
1598,SITE-039,PART-8163,3,3,0,42,16,True,True,True,0.0,2023-09-19
1599,SITE-053,PART-4573,246,78,168,92,50,False,False,False,7.6,2023-12-05
1600,SITE-031,PART-7498,258,150,108,93,36,False,False,False,4.7,2024-12-19
1601,SITE-034,PART-5432,443,86,357,88,40,False,False,False,25.5,2024-03-24
1602,SITE-011,PART-5664,119,27,92,57,15,False,False,False,6.6,2025-12-21
1603,SITE-086,PART-5534,54,21,33,41,41,False,True,True,2.2,2026-10-13
1604,SITE-056,PART-1506,51,45,6,29,15,False,True,True,0.3,2025-06-27
1605,SITE-055,PART-5704,402,58,344,65,45,False,False,False,24.6,2023-10-28
1606,SITE-034,PART-1327,205,127,78,94,48,False,True,False,4.1,2025-12-02
1607,SITE-091,PART-6805,66,52,14,41,21,False,True,True,1.2,2024-08-14
1608,SITE-023,PART-2148,374,108,266,84,79,False,False,False,14.8,2023-02-05
1609,SITE-028,PART-5625,408,92,316,44,29,False,False,False,35.1,2024-02-19
1610,SITE-088,PART-9363,285,261,24,23,21,False,False,False,1.0,2025-02-26
1611,SITE-041,PART-2100,471,379,92,23,11,False,False,False,4.4,2024-08-26
1612,SITE-064,PART-6293,358,168,190,40,13,False,False,False,190.0,2025-11-06
1613,SITE-076,PART-6951,194,48,146,88,43,False,False,False,73.0,2025-11-23
1614,SITE-020,PART-7237,449,430,19,62,14,False,True,False,1.1,2024-07-03
1615,SITE-086,PART-2416,496,160,336,91,55,False,False,False,28.0,2024-08-03
1616,SITE-009,PART-6975,161,100,61,28,16,False,False,False,2.8,2023-10-08
1617,SITE-084,PART-2217,437,392,45,82,45,False,True,False,2.6,2026-05-02
1618,SITE-010,PART-5950,237,31,206,42,10,False,False,False,29.4,2026-08-03
1619,SITE-002,PART-1817,420,67,353,29,24,False,False,False,25.2,2024-05-21
1620,SITE-028,PART-5661,38,34,4,69,45,False,True,True,0.2,2024-10-10
1621,SITE-001,PART-1700,334,310,24,75,73,False,True,True,4.0,2023-02-06
1622,SITE-070,PART-5124,88,75,13,84,59,False,True,True,0.5,2026-03-13
1623,SITE-058,PART-7625,39,2,37,41,24,False,True,False,6.2,2026-07-02
1624,SITE-001,PART-8144,235,209,26,54,23,False,True,False,1.6,2026-08-13
1625,SITE-016,PART-3160,66,27,39,68,20,False,True,False,5.6,2026-01-10
1626,SITE-063,PART-6805,3,1,2,92,43,False,True,True,0.1,2026-03-07
1627,SITE-005,PART-6492,447,411,36,55,45,False,True,True,4.0,2026-12-04
1628,SITE-067,PART-9263,314,211,103,71,46,False,False,False,34.3,2024-02-06
1629,SITE-056,PART-2464,174,47,127,91,15,False,False,False,6.0,2024-09-17
1630,SITE-079,PART-1798,118,42,76,68,51,False,False,False,6.3,2024-08-25
1631,SITE-073,PART-5427,477,302,175,96,72,False,False,False,7.0,2023-06-01
1632,SITE-031,PART-9739,134,97,37,69,16,False,True,False,2.5,2024-10-23
1633,SITE-036,PART-4303,401,272,129,48,24,False,False,False,9.9,2023-08-02
1634,SITE-028,PART-7498,487,40,447,94,80,False,False,False,34.4,2025-08-14
1635,SITE-015,PART-7199,428,15,413,76,55,False,False,False,34.4,2026-10-22
1636,SITE-046,PART-1798,361,321,40,98,36,False,True,False,1.7,2023-04-04
1637,SITE-060,PART-7942,481,42,439,63,59,False,False,False,439.0,2024-07-04
1638,SITE-084,PART-4856,26,23,3,79,32,False,True,True,3.0,2025-04-20
1639,SITE-016,PART-8714,331,27,304,88,53,False,False,False,13.2,2024-07-21
1640,SITE-006,PART-7559,71,6,65,90,19,False,True,False,4.3,2025-05-06
1641,SITE-097,PART-6089,87,45,42,95,48,False,True,True,4.7,2024-05-19
1642,SITE-025,PART-9284,35,23,12,27,17,False,True,True,0.7,2023-06-25
1643,SITE-040,PART-7209,238,218,20,47,12,False,True,False,1.3,2026-03-04
1644,SITE-094,PART-9090,402,317,85,70,56,False,False,False,3.7,2023-07-17
1645,SITE-045,PART-8273,169,99,70,97,12,False,True,False,23.3,2023-02-18
1646,SITE-053,PART-5961,468,53,415,58,12,False,False,False,138.3,2026-09-10
1647,SITE-089,PART-7486,160,138,22,57,46,False,True,True,3.7,2024-09-28
1648,SITE-100,PART-9833,173,144,29,91,33,False,True,True,1.4,2023-05-20
1649,SITE-062,PART-1116,368,12,356,48,39,False,False,False,50.9,2023-09-19
1650,SITE-071,PART-8694,309,192,117,42,36,False,False,False,16.7,2025-08-10
1651,SITE-005,PART-7211,357,242,115,36,31,False,False,False,38.3,2026-05-12
1652,SITE-091,PART-2039,375,165,210,89,50,False,False,False,21.0,2025-03-03
1653,SITE-082,PART-7140,307,12,295,92,41,False,False,False,32.8,2024-04-25
1654,SITE-094,PART-2802,495,56,439,63,11,False,False,False,17.6,2023-12-02
1655,SITE-001,PART-9208,293,111,182,45,28,False,False,False,26.0,2023-08-05
1656,SITE-061,PART-2973,306,76,230,56,44,False,False,False,9.6,2026-07-21
1657,SITE-003,PART-6947,305,75,230,64,17,False,False,False,17.7,2024-09-21
1658,SITE-014,PART-2897,293,52,241,34,27,False,False,False,11.0,2023-02-15
1659,SITE-038,PART-9309,133,19,114,89,61,False,False,False,5.4,2024-09-26
1660,SITE-023,PART-8007,379,257,122,73,68,False,False,False,5.1,2026-12-07
1661,SITE-086,PART-6668,112,45,67,44,41,False,False,False,6.1,2025-01-15
1662,SITE-012,PART-8909,146,66,80,79,15,False,False,False,80.0,2024-01-06
1663,SITE-066,PART-7984,392,230,162,88,57,False,False,False,10.8,2023-08-09
1664,SITE-060,PART-1817,89,80,9,31,28,False,True,True,0.4,2024-07-12
1665,SITE-019,PART-2098,149,122,27,47,43,False,True,True,1.4,2023-12-18
1666,SITE-090,PART-2699,339,75,264,30,26,False,False,False,264.0,2026-11-25
1667,SITE-061,PART-9340,316,294,22,51,51,False,True,True,1.0,2023-05-26
1668,SITE-083,PART-4573,230,2,228,93,64,False,False,False,13.4,2026-03-26
1669,SITE-005,PART-2794,323,16,307,20,12,False,False,False,34.1,2026-07-04
1670,SITE-002,PART-3691,432,245,187,66,24,False,False,False,93.5,2023-01-03
1671,SITE-082,PART-1129,24,11,13,52,38,False,True,True,0.7,2025-02-28
1672,SITE-071,PART-7897,238,205,33,44,13,False,True,False,1.4,2023-11-08
1673,SITE-091,PART-8302,313,112,201,41,30,False,False,False,33.5,2025-11-14
1674,SITE-086,PART-5354,167,42,125,24,24,False,False,False,6.6,2026-12-19
1675,SITE-074,PART-7903,285,173,112,67,40,False,False,False,6.6,2023-11-16
1676,SITE-034,PART-8302,262,11,251,52,46,False,False,False,11.4,2023-10-28
1677,SITE-049,PART-7020,276,257,19,97,93,False,True,True,0.9,2026-03-09
1678,SITE-069,PART-5907,134,113,21,37,31,False,True,True,1.0,2025-08-23
1679,SITE-046,PART-4080,351,256,95,85,72,False,False,False,47.5,2023-01-18
1680,SITE-054,PART-7165,19,18,1,97,40,False,True,True,1.0,2023-06-24
1681,SITE-066,PART-2766,478,36,442,22,22,False,False,False,40.2,2025-04-28
1682,SITE-013,PART-9293,304,113,191,29,24,False,False,False,7.6,2025-05-12
1683,SITE-032,PART-5411,51,47,4,98,24,False,True,True,0.5,2024-10-24
1684,SITE-093,PART-7578,463,417,46,67,18,False,True,False,1.9,2024-10-23
1685,SITE-025,PART-3274,164,38,126,52,36,False,False,False,12.6,2025-11-05
1686,SITE-092,PART-5011,272,54,218,80,47,False,False,False,14.5,2026-10-22
1687,SITE-077,PART-9340,264,74,190,29,12,False,False,False,8.6,2025-12-08
1688,SITE-084,PART-7690,347,32,315,89,24,False,False,False,78.8,2025-09-20
1689,SITE-032,PART-2075,182,163,19,29,17,False,True,False,1.9,2023-07-16
1690,SITE-045,PART-9775,147,99,48,28,27,False,False,False,1.9,2025-11-14
1691,SITE-099,PART-4032,464,364,100,39,12,False,False,False,4.8,2024-09-05
1692,SITE-037,PART-1376,457,146,311,22,19,False,False,False,19.4,2023-05-02
1693,SITE-053,PART-1684,284,22,262,54,49,False,False,False,13.1,2023-01-19
1694,SITE-079,PART-5427,279,203,76,79,37,False,True,False,25.3,2023-06-15
1695,SITE-028,PART-7056,263,245,18,59,16,False,True,False,0.9,2025-12-07
1696,SITE-052,PART-2235,456,115,341,67,14,False,False,False,48.7,2026-02-28
1697,SITE-065,PART-3188,36,28,8,64,38,False,True,True,8.0,2026-01-08
1698,SITE-083,PART-7903,129,117,12,25,23,False,True,True,3.0,2024-10-20
1699,SITE-070,PART-6884,267,240,27,44,23,False,True,False,1.5,2026-09-06
1700,SITE-074,PART-1416,369,247,122,47,40,False,False,False,13.6,2024-09-16
1701,SITE-076,PART-7259,468,169,299,51,13,False,False,False,99.7,2023-05-10
1702,SITE-048,PART-9467,398,374,24,63,44,False,True,True,12.0,2024-03-22
1703,SITE-098,PART-2499,457,281,176,92,45,False,False,False,44.0,2024-04-10
1704,SITE-078,PART-5411,55,2,53,34,21,False,False,False,3.5,2026-05-09
1705,SITE-045,PART-7210,29,11,18,62,60,False,True,True,0.7,2023-06-06
1706,SITE-084,PART-2946,381,143,238,38,21,False,False,False,59.5,2024-06-03
1707,SITE-079,PART-8806,224,220,4,76,14,False,True,True,1.3,2023-11-04
1708,SITE-022,PART-8302,461,112,349,95,60,False,False,False,14.0,2024-10-23
1709,SITE-012,PART-2148,97,8,89,29,12,False,False,False,4.2,2024-01-01
1710,SITE-005,PART-9893,130,83,47,55,39,False,True,False,2.5,2025-10-17
1711,SITE-005,PART-1557,60,7,53,61,47,False,True,False,4.4,2023-05-18
1712,SITE-092,PART-8780,247,147,100,40,16,False,False,False,4.2,2025-12-08
1713,SITE-003,PART-3684,446,86,360,65,42,False,False,False,14.4,2025-09-04
1714,SITE-064,PART-6601,73,52,21,44,14,False,True,False,1.5,2024-10-11
1715,SITE-011,PART-5660,279,244,35,60,46,False,True,True,2.3,2024-06-01
1716,SITE-076,PART-4997,300,75,225,44,40,False,False,False,11.2,2026-04-20
1717,SITE-062,PART-7792,7,5,2,94,20,False,True,True,0.1,2025-11-09
1718,SITE-038,PART-7935,158,122,36,20,13,False,False,False,2.1,2026-01-18
1719,SITE-046,PART-7213,363,333,30,69,12,False,True,False,15.0,2026-01-27
1720,SITE-011,PART-3160,127,91,36,20,16,False,False,False,1.7,2024-09-03
1721,SITE-082,PART-7121,17,7,10,52,23,False,True,True,0.6,2026-11-04
1722,SITE-077,PART-8780,153,151,2,66,31,False,True,True,0.3,2025-05-25
1723,SITE-062,PART-3602,278,276,2,21,13,False,True,True,0.1,2023-11-16
1724,SITE-081,PART-2699,268,48,220,55,54,False,False,False,22.0,2023-06-03
1725,SITE-051,PART-7093,40,17,23,58,24,False,True,True,1.5,2026-09-07
1726,SITE-020,PART-6113,102,9,93,28,17,False,False,False,8.5,2024-02-19
1727,SITE-094,PART-5646,79,1,78,60,23,False,False,False,3.2,2023-10-22
1728,SITE-057,PART-6944,34,16,18,23,19,False,True,True,1.4,2026-09-24
1729,SITE-058,PART-6811,464,376,88,45,31,False,False,False,7.3,2025-10-27
1730,SITE-044,PART-5743,385,303,82,92,45,False,True,False,16.4,2026-08-21
1731,SITE-023,PART-4055,325,119,206,85,10,False,False,False,22.9,2026-04-28
1732,SITE-006,PART-4802,57,8,49,97,15,False,True,False,2.9,2025-12-18
1733,SITE-063,PART-1225,51,45,6,82,15,False,True,True,0.3,2025-05-02
1734,SITE-025,PART-6908,423,417,6,90,17,False,True,True,1.5,2023-06-22
1735,SITE-062,PART-6884,201,89,112,65,63,False,False,False,6.6,2024-02-26
1736,SITE-073,PART-5919,374,153,221,68,16,False,False,False,55.2,2023-08-17
1737,SITE-050,PART-2415,178,101,77,61,43,False,False,False,9.6,2024-06-23
1738,SITE-084,PART-7559,456,64,392,40,37,False,False,False,24.5,2023-08-21
1739,SITE-059,PART-4397,468,392,76,36,33,False,False,False,19.0,2025-06-19
1740,SITE-051,PART-1684,317,58,259,91,53,False,False,False,15.2,2025-04-20
1741,SITE-016,PART-3109,80,76,4,77,37,False,True,True,0.2,2024-09-03
1742,SITE-100,PART-2406,177,15,162,20,17,False,False,False,20.2,2025-09-22
1743,SITE-043,PART-6768,246,103,143,39,22,False,False,False,6.8,2023-07-27
1744,SITE-049,PART-3360,415,383,32,50,12,False,True,False,1.3,2025-05-23
1745,SITE-008,PART-5660,239,218,21,71,51,False,True,True,0.9,2024-07-03
1746,SITE-064,PART-1363,12,9,3,68,15,False,True,True,0.1,2025-05-05
1747,SITE-014,PART-8762,181,32,149,94,76,False,False,False,7.5,2023-06-07
1748,SITE-068,PART-6183,257,134,123,79,27,False,False,False,5.6,2023-06-22
1749,SITE-037,PART-4014,463,437,26,58,52,False,True,True,1.4,2023-06-28
1750,SITE-005,PART-9994,446,213,233,63,23,False,False,False,19.4,2025-05-01
1751,SITE-079,PART-5961,211,71,140,67,46,False,False,False,7.0,2023-12-02
1752,SITE-012,PART-6153,150,77,73,27,17,False,False,False,2.9,2023-10-23
1753,SITE-013,PART-2867,12,8,4,93,27,False,True,True,0.2,2025-10-14
1754,SITE-074,PART-2673,436,413,23,35,26,False,True,True,1.4,2023-01-07
1755,SITE-092,PART-8896,407,99,308,77,35,False,False,False,77.0,2024-08-06
1756,SITE-062,PART-7486,409,46,363,58,46,False,False,False,15.8,2026-09-02
1757,SITE-085,PART-9390,70,21,49,99,69,False,True,True,2.0,2025-06-11
1758,SITE-006,PART-6107,254,43,211,100,28,False,False,False,21.1,2023-01-18
1759,SITE-037,PART-1696,430,112,318,68,56,False,False,False,14.5,2024-08-21
1760,SITE-050,PART-5100,271,51,220,31,24,False,False,False,18.3,2024-09-10
1761,SITE-064,PART-5588,217,57,160,33,15,False,False,False,10.7,2025-01-20
1762,SITE-050,PART-7591,85,28,57,76,69,False,True,True,3.4,2026-06-20
1763,SITE-098,PART-8896,292,121,171,71,40,False,False,False,15.5,2023-08-18
1764,SITE-040,PART-2305,479,127,352,56,52,False,False,False,22.0,2023-12-21
1765,SITE-046,PART-1032,193,7,186,47,17,False,False,False,10.3,2026-03-14
1766,SITE-040,PART-7634,221,31,190,21,17,False,False,False,190.0,2025-02-28
1767,SITE-083,PART-6768,395,110,285,24,16,False,False,False,20.4,2025-04-03
1768,SITE-053,PART-5664,77,61,16,44,11,False,True,False,4.0,2025-12-19
1769,SITE-084,PART-2430,254,98,156,78,38,False,False,False,7.8,2024-02-13
1770,SITE-078,PART-8194,10,5,5,47,28,False,True,True,0.3,2023-01-26
1771,SITE-076,PART-8555,368,1,367,92,37,False,False,False,52.4,2023-08-01
1772,SITE-083,PART-9128,260,142,118,94,18,False,False,False,16.9,2023-07-28
1773,SITE-042,PART-3718,277,51,226,91,26,False,False,False,75.3,2026-12-04
1774,SITE-006,PART-7591,386,230,156,63,53,False,False,False,11.1,2025-03-28
1775,SITE-088,PART-2036,89,64,25,96,31,False,True,True,8.3,2026-09-15
1776,SITE-068,PART-4897,203,71,132,77,27,False,False,False,8.8,2026-07-12
1777,SITE-074,PART-5961,46,30,16,58,15,False,True,False,0.7,2023-02-08
1778,SITE-058,PART-3858,371,370,1,83,23,False,True,True,0.5,2026-12-11
1779,SITE-048,PART-3793,184,128,56,48,42,False,False,False,6.2,2024-07-19
1780,SITE-046,PART-2391,493,385,108,86,26,False,False,False,4.7,2024-02-04
1781,SITE-062,PART-2052,399,213,186,39,33,False,False,False,9.8,2023-08-20
1782,SITE-014,PART-4219,396,52,344,96,42,False,False,False,49.1,2026-07-23
1783,SITE-041,PART-9994,273,154,119,65,54,False,False,False,59.5,2026-12-16
1784,SITE-053,PART-1376,241,223,18,100,15,False,True,False,0.7,2026-01-25
1785,SITE-005,PART-2246,191,81,110,41,17,False,False,False,18.3,2023-05-26
1786,SITE-015,PART-1575,380,374,6,63,36,False,True,True,2.0,2026-07-13
1787,SITE-011,PART-1416,423,320,103,23,18,False,False,False,103.0,2026-03-14
1788,SITE-083,PART-2396,92,32,60,84,16,False,True,False,6.7,2023-01-20
1789,SITE-021,PART-9213,363,264,99,25,13,False,False,False,9.0,2023-03-19
1790,SITE-022,PART-1926,71,2,69,29,16,False,False,False,3.0,2023-03-17
1791,SITE-056,PART-7136,366,178,188,73,66,False,False,False,10.4,2025-04-01
1792,SITE-026,PART-9921,250,172,78,22,20,False,False,False,3.7,2025-03-24
1793,SITE-007,PART-9833,184,6,178,50,12,False,False,False,9.9,2024-02-03
1794,SITE-029,PART-7949,319,292,27,74,23,False,True,False,5.4,2024-08-12
1795,SITE-005,PART-6797,109,23,86,22,22,False,False,False,6.6,2025-05-05
1796,SITE-077,PART-1660,326,179,147,67,39,False,False,False,6.7,2023-11-03
1797,SITE-054,PART-4781,374,144,230,71,52,False,False,False,9.2,2024-08-03
1798,SITE-076,PART-2733,431,350,81,50,13,False,False,False,27.0,2024-07-19
1799,SITE-012,PART-6805,432,22,410,30,14,False,False,False,41.0,2025-08-08
1800,SITE-013,PART-1474,373,209,164,54,10,False,False,False,7.8,2025-06-18
1801,SITE-038,PART-9114,146,89,57,84,50,False,True,False,2.4,2025-01-23
1802,SITE-013,PART-6628,362,96,266,44,22,False,False,False,13.3,2024-10-21
1803,SITE-001,PART-4084,123,22,101,40,32,False,False,False,50.5,2026-11-16
1804,SITE-038,PART-2235,5,4,1,32,22,False,True,True,0.1,2023-07-26
1805,SITE-063,PART-5570,463,256,207,61,25,False,False,False,12.9,2026-07-19
1806,SITE-060,PART-1591,296,49,247,84,50,False,False,False,247.0,2023-11-04
1807,SITE-051,PART-9284,257,223,34,25,20,False,False,False,1.5,2024-02-01
1808,SITE-099,PART-7971,103,84,19,63,13,False,True,False,0.8,2026-06-06
1809,SITE-065,PART-8959,238,5,233,91,59,False,False,False,17.9,2026-07-28
1810,SITE-095,PART-6842,316,10,306,99,39,False,False,False,13.3,2026-06-18
1811,SITE-033,PART-1911,236,165,71,86,31,False,True,False,8.9,2023-08-28
1812,SITE-038,PART-1124,112,103,9,27,18,False,True,True,0.6,2026-05-10
1813,SITE-065,PART-9119,359,244,115,82,65,False,False,False,8.2,2024-11-02
1814,SITE-012,PART-3291,116,80,36,41,30,False,True,False,3.6,2025-06-08
1815,SITE-030,PART-1937,217,210,7,84,58,False,True,True,1.2,2024-07-07
1816,SITE-007,PART-1347,396,278,118,58,56,False,False,False,19.7,2026-12-07
1817,SITE-006,PART-2739,51,17,34,86,63,False,True,True,4.9,2024-03-09
1818,SITE-079,PART-1173,100,20,80,32,21,False,False,False,10.0,2026-01-19
1819,SITE-041,PART-8959,159,134,25,64,64,False,True,True,1.0,2025-09-06
1820,SITE-061,PART-5771,312,84,228,73,22,False,False,False,28.5,2025-01-06
1821,SITE-093,PART-3105,75,47,28,94,40,False,True,True,4.0,2025-06-12
1822,SITE-082,PART-9856,413,348,65,51,35,False,False,False,4.6,2023-08-06
1823,SITE-030,PART-8943,275,187,88,52,40,False,False,False,6.8,2024-05-24
1824,SITE-029,PART-7578,487,109,378,93,20,False,False,False,63.0,2024-01-28
1825,SITE-022,PART-4804,421,245,176,87,17,False,False,False,11.0,2025-01-08
1826,SITE-053,PART-9377,128,99,29,91,34,False,True,True,7.2,2025-08-02
1827,SITE-054,PART-7082,215,36,179,26,21,False,False,False,7.8,2025-10-25
1828,SITE-031,PART-1734,307,9,298,79,43,False,False,False,14.9,2024-03-05
1829,SITE-070,PART-3274,278,228,50,41,16,False,False,False,4.2,2026-09-14
1830,SITE-095,PART-7486,93,56,37,53,21,False,True,False,18.5,2026-12-27
1831,SITE-021,PART-7599,6,2,4,58,12,False,True,True,0.2,2024-01-15
1832,SITE-074,PART-2673,204,159,45,30,12,False,False,False,22.5,2026-09-23
1833,SITE-039,PART-3172,293,249,44,72,31,False,True,False,2.0,2026-11-01
1834,SITE-069,PART-2748,500,82,418,100,88,False,False,False,16.7,2026-07-08
1835,SITE-032,PART-7641,257,235,22,76,21,False,True,False,3.7,2023-12-01
1836,SITE-073,PART-7144,75,39,36,53,21,False,True,False,4.5,2026-01-10
1837,SITE-010,PART-9284,227,190,37,69,27,False,True,False,1.9,2026-12-14
1838,SITE-055,PART-3254,92,79,13,52,24,False,True,True,0.5,2026-03-20
1839,SITE-002,PART-7586,231,196,35,53,51,False,True,True,1.8,2025-12-28
1840,SITE-052,PART-7608,212,71,141,96,38,False,False,False,35.2,2023-02-07
1841,SITE-028,PART-3867,188,165,23,98,52,False,True,True,1.8,2023-08-25
1842,SITE-051,PART-3822,19,16,3,70,27,False,True,True,0.1,2024-03-19
1843,SITE-039,PART-3291,333,292,41,75,63,False,True,True,10.2,2023-09-23
1844,SITE-090,PART-6588,50,18,32,28,24,False,False,False,1.7,2024-04-11
1845,SITE-005,PART-1696,47,22,25,86,35,False,True,True,1.6,2026-05-03
1846,SITE-055,PART-1358,331,128,203,89,45,False,False,False,8.5,2023-02-18
1847,SITE-060,PART-5646,4,1,3,79,70,False,True,True,0.3,2023-02-09
1848,SITE-080,PART-3347,258,42,216,24,13,False,False,False,19.6,2024-10-12
1849,SITE-033,PART-2963,396,186,210,61,50,False,False,False,70.0,2023-07-26
1850,SITE-086,PART-6572,183,80,103,92,41,False,False,False,10.3,2023-10-28
1851,SITE-065,PART-5411,199,156,43,61,57,False,True,True,2.4,2025-08-05
1852,SITE-060,PART-9119,466,203,263,33,25,False,False,False,16.4,2026-07-21
1853,SITE-091,PART-6107,220,209,11,28,23,False,True,True,5.5,2026-06-26
1854,SITE-010,PART-3858,269,25,244,92,81,False,False,False,81.3,2025-05-10
1855,SITE-097,PART-1934,212,101,111,46,10,False,False,False,4.8,2025-02-14
1856,SITE-007,PART-3811,135,109,26,93,32,False,True,True,26.0,2023-12-17
1857,SITE-027,PART-5693,308,243,65,66,56,False,True,False,5.9,2026-04-24
1858,SITE-026,PART-8084,417,197,220,67,65,False,False,False,13.8,2023-06-07
1859,SITE-014,PART-7942,145,120,25,44,23,False,True,False,1.8,2026-04-13
1860,SITE-079,PART-9843,393,315,78,48,16,False,False,False,3.7,2025-11-14
1861,SITE-009,PART-6236,28,4,24,55,26,False,True,True,3.4,2023-05-20
1862,SITE-021,PART-3291,210,94,116,93,60,False,False,False,5.3,2024-09-24
1863,SITE-004,PART-6140,106,29,77,29,11,False,False,False,8.6,2023-08-17
1864,SITE-022,PART-5503,457,39,418,28,22,False,False,False,18.2,2024-03-07
1865,SITE-017,PART-2419,336,150,186,31,21,False,False,False,26.6,2023-09-03
1866,SITE-078,PART-6513,236,30,206,33,13,False,False,False,11.4,2025-04-10
1867,SITE-070,PART-1524,363,283,80,93,88,False,True,True,4.2,2026-02-25
1868,SITE-078,PART-6944,241,26,215,85,30,False,False,False,53.8,2023-06-28
1869,SITE-084,PART-2179,468,253,215,23,12,False,False,False,10.8,2025-05-03
1870,SITE-018,PART-3653,296,20,276,86,78,False,False,False,46.0,2024-08-02
1871,SITE-006,PART-8910,416,298,118,21,10,False,False,False,6.2,2023-06-18
1872,SITE-002,PART-9921,447,146,301,22,21,False,False,False,15.8,2024-02-13
1873,SITE-082,PART-7165,102,35,67,81,76,False,True,True,22.3,2026-08-21
1874,SITE-027,PART-2748,241,181,60,99,37,False,True,False,3.8,2023-05-04
1875,SITE-049,PART-4181,493,354,139,71,65,False,False,False,17.4,2023-10-08
1876,SITE-047,PART-4206,224,205,19,76,29,False,True,True,3.8,2026-04-24
1877,SITE-021,PART-1744,142,28,114,99,27,False,False,False,28.5,2024-12-10
1878,SITE-017,PART-5401,199,23,176,24,19,False,False,False,19.6,2023-07-16
1879,SITE-081,PART-7977,467,449,18,25,16,False,True,False,4.5,2023-04-07
1880,SITE-008,PART-3257,91,88,3,52,10,False,True,True,1.5,2025-09-14
1881,SITE-031,PART-3349,490,70,420,47,34,False,False,False,26.2,2026-12-08
1882,SITE-004,PART-2698,86,58,28,95,15,False,True,False,3.5,2025-03-18
1883,SITE-073,PART-1218,6,2,4,98,69,False,True,True,0.2,2026-04-13
1884,SITE-002,PART-3896,384,188,196,68,57,False,False,False,196.0,2026-01-01
1885,SITE-074,PART-2506,114,76,38,90,30,False,True,False,2.9,2023-11-22
1886,SITE-041,PART-7912,216,140,76,20,10,False,False,False,12.7,2026-05-08
1887,SITE-031,PART-9739,369,137,232,85,68,False,False,False,17.8,2024-02-12
1888,SITE-006,PART-9165,453,209,244,39,16,False,False,False,12.8,2026-10-15
1889,SITE-028,PART-7056,181,169,12,24,15,False,True,True,0.8,2024-03-11
1890,SITE-093,PART-4080,497,440,57,61,47,False,True,False,28.5,2026-04-24
1891,SITE-086,PART-7792,378,349,29,75,64,False,True,True,2.4,2024-12-25
1892,SITE-068,PART-9108,261,17,244,26,21,False,False,False,48.8,2024-04-11
1893,SITE-071,PART-1124,359,27,332,100,22,False,False,False,19.5,2024-02-21
1894,SITE-044,PART-9948,145,26,119,47,28,False,False,False,14.9,2025-06-22
1895,SITE-041,PART-6944,241,37,204,65,30,False,False,False,9.7,2024-07-15
1896,SITE-017,PART-1105,68,0,68,81,30,False,True,False,6.2,2023-08-04
1897,SITE-004,PART-1506,345,182,163,74,72,False,False,False,27.2,2024-09-04
1898,SITE-020,PART-4247,482,161,321,75,30,False,False,False,107.0,2026-10-08
1899,SITE-093,PART-5784,45,41,4,51,46,False,True,True,2.0,2026-07-25
1900,SITE-005,PART-2052,488,140,348,34,19,False,False,False,348.0,2024-11-07
1901,SITE-079,PART-9994,213,82,131,43,29,False,False,False,18.7,2024-03-15
1902,SITE-031,PART-1198,439,154,285,99,97,False,False,False,14.2,2025-11-24
1903,SITE-015,PART-4397,162,54,108,62,46,False,False,False,6.4,2025-05-07
1904,SITE-010,PART-5368,278,144,134,70,62,False,False,False,9.6,2025-12-13
1905,SITE-044,PART-5133,192,24,168,82,19,False,False,False,9.3,2026-10-21
1906,SITE-060,PART-8448,227,20,207,71,71,False,False,False,103.5,2023-09-23
1907,SITE-090,PART-6922,350,224,126,22,12,False,False,False,5.7,2024-06-06
1908,SITE-096,PART-6330,273,134,139,63,36,False,False,False,8.7,2023-05-04
1909,SITE-081,PART-4062,474,33,441,44,41,False,False,False,29.4,2024-04-09
1910,SITE-022,PART-9458,245,29,216,57,15,False,False,False,27.0,2025-11-11
1911,SITE-059,PART-9549,119,23,96,32,30,False,False,False,4.8,2026-06-22
1912,SITE-071,PART-5050,8,8,0,64,64,True,True,True,0.0,2023-08-02
1913,SITE-009,PART-6618,427,416,11,97,15,False,True,True,0.7,2026-02-10
1914,SITE-048,PART-8384,343,161,182,70,22,False,False,False,22.8,2023-12-24
1915,SITE-057,PART-6926,235,229,6,60,16,False,True,True,0.8,2026-02-19
1916,SITE-021,PART-9329,21,4,17,81,25,False,True,True,1.2,2024-11-17
1917,SITE-070,PART-5183,56,48,8,50,34,False,True,True,2.0,2026-10-21
1918,SITE-085,PART-6826,422,352,70,59,57,False,False,False,7.0,2026-10-16
1919,SITE-034,PART-8143,240,139,101,65,28,False,False,False,4.8,2025-08-21
1920,SITE-084,PART-1759,108,2,106,53,21,False,False,False,8.8,2023-08-20
1921,SITE-055,PART-6162,474,87,387,27,15,False,False,False,77.4,2025-06-22
1922,SITE-054,PART-1506,232,152,80,79,41,False,False,False,4.7,2023-02-10
1923,SITE-098,PART-1327,339,5,334,56,23,False,False,False,27.8,2025-06-27
1924,SITE-050,PART-8565,194,194,0,34,14,True,True,True,0.0,2024-10-17
1925,SITE-072,PART-1138,147,144,3,33,16,False,True,True,1.5,2024-04-08
1926,SITE-003,PART-9856,363,162,201,93,25,False,False,False,40.2,2025-12-21
1927,SITE-042,PART-1366,369,156,213,97,54,False,False,False,42.6,2023-08-23
1928,SITE-044,PART-5999,214,184,30,82,44,False,True,True,30.0,2025-07-11
1929,SITE-044,PART-3064,356,204,152,79,13,False,False,False,9.5,2025-04-05
1930,SITE-092,PART-6766,198,39,159,79,50,False,False,False,9.9,2024-04-27
1931,SITE-032,PART-7036,280,201,79,47,25,False,False,False,79.0,2023-07-03
1932,SITE-047,PART-6327,115,49,66,55,53,False,False,False,5.1,2023-10-27
1933,SITE-013,PART-7156,168,134,34,70,15,False,True,False,11.3,2025-08-01
1934,SITE-092,PART-2464,167,70,97,40,32,False,False,False,5.7,2025-12-05
1935,SITE-019,PART-1700,120,45,75,37,15,False,False,False,4.7,2025-06-14
1936,SITE-007,PART-1771,483,364,119,30,22,False,False,False,13.2,2026-01-16
1937,SITE-013,PART-9467,449,34,415,79,24,False,False,False,19.8,2024-09-04
1938,SITE-084,PART-8523,166,85,81,59,50,False,False,False,3.7,2026-02-22
1939,SITE-048,PART-7213,466,354,112,77,65,False,False,False,9.3,2024-12-07
1940,SITE-040,PART-1696,28,4,24,41,25,False,True,True,6.0,2023-12-03
1941,SITE-040,PART-6023,272,9,263,71,42,False,False,False,37.6,2023-10-21
1942,SITE-090,PART-6814,494,278,216,75,29,False,False,False,18.0,2025-04-28
1943,SITE-083,PART-6013,194,184,10,81,73,False,True,True,0.7,2023-10-20
1944,SITE-087,PART-9377,59,32,27,85,47,False,True,True,1.1,2023-04-16
1945,SITE-001,PART-5546,326,199,127,34,15,False,False,False,127.0,2025-08-04
1946,SITE-046,PART-3415,206,125,81,94,26,False,True,False,27.0,2023-05-05
1947,SITE-029,PART-3793,65,4,61,27,26,False,False,False,10.2,2024-07-28
1948,SITE-006,PART-6975,351,344,7,50,24,False,True,True,1.8,2026-10-18
1949,SITE-024,PART-5011,114,60,54,35,32,False,False,False,27.0,2023-12-12
1950,SITE-064,PART-9679,0,0,0,70,54,True,True,True,0.0,2023-04-02
1951,SITE-056,PART-7505,466,229,237,37,17,False,False,False,118.5,2025-04-19
1952,SITE-044,PART-3691,68,62,6,38,24,False,True,True,0.2,2026-08-03
1953,SITE-072,PART-1759,267,120,147,49,29,False,False,False,6.7,2024-12-06
1954,SITE-098,PART-8273,267,229,38,28,10,False,False,False,3.5,2023-05-18
1955,SITE-004,PART-3329,163,18,145,39,14,False,False,False,36.2,2024-02-24
1956,SITE-049,PART-6417,368,348,20,48,45,False,True,True,5.0,2025-12-02
1957,SITE-078,PART-3793,272,214,58,34,14,False,False,False,2.3,2026-10-01
1958,SITE-063,PART-7761,413,189,224,49,39,False,False,False,10.7,2024-10-28
1959,SITE-090,PART-4781,192,150,42,86,20,False,True,False,2.2,2026-08-13
1960,SITE-049,PART-4545,398,134,264,54,45,False,False,False,88.0,2026-04-06
1961,SITE-077,PART-9370,276,184,92,30,20,False,False,False,6.6,2026-09-12
1962,SITE-096,PART-6069,124,54,70,84,41,False,True,False,5.4,2025-12-27
1963,SITE-096,PART-5319,38,15,23,65,15,False,True,False,1.5,2023-05-07
1964,SITE-085,PART-5200,68,48,20,46,44,False,True,True,1.7,2024-08-15
1965,SITE-052,PART-1816,71,54,17,50,22,False,True,True,0.8,2024-06-14
1966,SITE-013,PART-7165,486,4,482,72,21,False,False,False,68.9,2023-11-20
1967,SITE-033,PART-9293,59,40,19,53,34,False,True,True,1.0,2025-04-14
1968,SITE-081,PART-3224,161,126,35,40,28,False,True,False,2.7,2024-02-01
1969,SITE-056,PART-4181,122,18,104,21,13,False,False,False,26.0,2024-04-24
1970,SITE-018,PART-3276,287,106,181,72,40,False,False,False,181.0,2026-12-27
1971,SITE-096,PART-2106,37,8,29,55,44,False,True,True,2.2,2026-09-11
1972,SITE-007,PART-4297,168,131,37,41,20,False,True,False,37.0,2025-04-22
1973,SITE-074,PART-6627,29,17,12,87,12,False,True,False,6.0,2024-07-28
1974,SITE-089,PART-6811,168,112,56,62,41,False,True,False,28.0,2025-02-22
1975,SITE-090,PART-2958,51,28,23,75,60,False,True,True,1.9,2023-06-11
1976,SITE-019,PART-3811,357,118,239,70,11,False,False,False,19.9,2025-04-14
1977,SITE-074,PART-5805,401,74,327,60,57,False,False,False,109.0,2026-01-07
1978,SITE-085,PART-2106,127,44,83,90,87,False,True,True,13.8,2025-04-11
1979,SITE-083,PART-3193,175,159,16,72,72,False,True,True,1.3,2024-06-15
1980,SITE-055,PART-6615,129,65,64,52,12,False,False,False,3.0,2025-10-07
1981,SITE-089,PART-3344,105,62,43,69,66,False,True,True,21.5,2024-11-20
1982,SITE-005,PART-3161,466,353,113,46,46,False,False,False,113.0,2024-02-11
1983,SITE-010,PART-2802,161,104,57,30,24,False,False,False,3.8,2024-02-02
1984,SITE-057,PART-9795,252,153,99,41,10,False,False,False,7.6,2025-11-06
1985,SITE-031,PART-3435,79,76,3,47,22,False,True,True,0.2,2023-09-02
1986,SITE-005,PART-8451,108,80,28,95,78,False,True,True,4.0,2024-12-16
1987,SITE-059,PART-5200,452,235,217,88,35,False,False,False,19.7,2024-12-12
1988,SITE-098,PART-7419,104,30,74,33,15,False,False,False,3.4,2023-08-20
1989,SITE-029,PART-2276,212,180,32,80,74,False,True,True,32.0,2025-06-19
1990,SITE-058,PART-3162,394,288,106,86,73,False,False,False,4.6,2025-12-04
1991,SITE-065,PART-4545,120,22,98,80,72,False,False,False,6.5,2026-05-28
1992,SITE-033,PART-4014,294,79,215,64,57,False,False,False,215.0,2025-08-24
1993,SITE-086,PART-3663,372,364,8,92,87,False,True,True,0.8,2023-05-27
1994,SITE-058,PART-6814,456,250,206,43,12,False,False,False,8.2,2026-08-24
1995,SITE-061,PART-2165,160,105,55,94,40,False,True,False,2.5,2025-02-01
1996,SITE-048,PART-3895,113,78,35,98,44,False,True,True,1.6,2026-03-26
1997,SITE-026,PART-1129,231,58,173,59,34,False,False,False,21.6,2024-01-12
1998,SITE-068,PART-5959,15,4,11,66,61,False,True,True,0.6,2025-02-02
1999,SITE-015,PART-9165,427,73,354,80,63,False,False,False,118.0,2025-07-20
2000,SITE-015,PART-8676,366,173,193,37,34,False,False,False,8.4,2024-01-14
2001,SITE-098,PART-8986,412,118,294,72,24,False,False,False,21.0,2026-10-08
2002,SITE-099,PART-8330,252,211,41,43,18,False,True,False,2.3,2026-03-11
2003,SITE-098,PART-1088,326,284,42,50,38,False,True,False,2.6,2023-02-01
2004,SITE-064,PART-4216,302,276,26,31,20,False,True,False,3.7,2025-05-21
2005,SITE-068,PART-3917,41,0,41,98,18,False,True,False,13.7,2026-02-04
2006,SITE-029,PART-8635,480,469,11,66,35,False,True,True,0.6,2023-09-22
2007,SITE-002,PART-7203,470,468,2,70,42,False,True,True,0.1,2025-08-02
2008,SITE-012,PART-6908,222,162,60,40,23,False,False,False,3.0,2026-01-14
2009,SITE-039,PART-1138,364,94,270,84,42,False,False,False,67.5,2023-12-21
2010,SITE-018,PART-3504,68,5,63,82,49,False,True,False,12.6,2024-07-13
2011,SITE-077,PART-6601,198,121,77,82,40,False,True,False,5.1,2026-01-13
2012,SITE-036,PART-5401,124,88,36,21,19,False,False,False,2.2,2023-12-22
2013,SITE-079,PART-6812,23,16,7,70,31,False,True,True,0.8,2024-03-28
2014,SITE-012,PART-7036,155,56,99,47,18,False,False,False,5.5,2025-10-16
2015,SITE-078,PART-3781,303,165,138,44,28,False,False,False,9.9,2023-08-27
2016,SITE-075,PART-8841,326,96,230,27,15,False,False,False,57.5,2023-09-21
2017,SITE-078,PART-9377,444,34,410,80,24,False,False,False,82.0,2023-02-17
2018,SITE-098,PART-5982,467,378,89,44,41,False,False,False,3.6,2023-04-07
2019,SITE-081,PART-4771,420,318,102,47,39,False,False,False,20.4,2026-01-14
2020,SITE-014,PART-3452,125,81,44,49,26,False,True,False,4.9,2026-09-13
2021,SITE-043,PART-7745,114,34,80,24,12,False,False,False,26.7,2024-10-06
2022,SITE-093,PART-4080,300,198,102,30,18,False,False,False,8.5,2024-08-15
2023,SITE-020,PART-7486,144,79,65,21,15,False,False,False,2.6,2024-10-05
2024,SITE-100,PART-5148,46,39,7,52,42,False,True,True,2.3,2025-08-15
2025,SITE-096,PART-4001,289,85,204,29,11,False,False,False,11.3,2024-04-04
2026,SITE-053,PART-1416,85,65,20,65,24,False,True,True,1.5,2026-04-03
2027,SITE-030,PART-1768,343,135,208,64,14,False,False,False,11.6,2024-11-14
2028,SITE-046,PART-3285,498,31,467,55,44,False,False,False,19.5,2025-06-24
2029,SITE-022,PART-2019,253,112,141,94,55,False,False,False,7.0,2023-01-02
2030,SITE-035,PART-4449,346,278,68,62,32,False,False,False,68.0,2024-01-15
2031,SITE-015,PART-9558,240,162,78,95,32,False,True,False,15.6,2023-05-24
2032,SITE-029,PART-7991,62,14,48,67,31,False,True,False,4.4,2025-03-16
2033,SITE-091,PART-9114,40,24,16,20,15,False,True,False,16.0,2025-06-25
2034,SITE-039,PART-4771,261,194,67,65,50,False,False,False,3.5,2026-07-16
2035,SITE-034,PART-9739,367,361,6,61,14,False,True,True,0.3,2025-08-15
2036,SITE-045,PART-5072,426,86,340,60,27,False,False,False,16.2,2025-03-16
2037,SITE-094,PART-9994,150,50,100,96,27,False,False,False,14.3,2025-11-11
2038,SITE-055,PART-1210,176,73,103,98,10,False,False,False,4.5,2025-10-23
2039,SITE-054,PART-1715,367,25,342,30,17,False,False,False,38.0,2026-01-14
2040,SITE-031,PART-2784,392,310,82,64,20,False,False,False,41.0,2023-11-05
2041,SITE-054,PART-3793,74,53,21,41,35,False,True,True,1.1,2023-10-16
2042,SITE-065,PART-8505,220,28,192,55,41,False,False,False,192.0,2026-07-23
2043,SITE-050,PART-9458,366,155,211,38,38,False,False,False,105.5,2025-04-18
2044,SITE-049,PART-7560,262,144,118,26,16,False,False,False,4.7,2025-03-08
2045,SITE-092,PART-6107,143,136,7,22,22,False,True,True,0.3,2026-09-15
2046,SITE-045,PART-3160,306,123,183,73,39,False,False,False,12.2,2025-06-03
2047,SITE-032,PART-7942,423,240,183,52,36,False,False,False,45.8,2023-04-01
2048,SITE-081,PART-7833,25,21,4,36,36,False,True,True,0.2,2024-11-21
2049,SITE-060,PART-1524,305,111,194,43,12,False,False,False,10.8,2023-01-15
2050,SITE-020,PART-5543,302,58,244,96,36,False,False,False,13.6,2026-12-18
2051,SITE-041,PART-2826,97,79,18,62,53,False,True,True,1.2,2025-05-24
2052,SITE-084,PART-8427,442,404,38,43,39,False,True,True,4.8,2023-01-04
2053,SITE-080,PART-8355,171,12,159,38,10,False,False,False,17.7,2024-05-17
2054,SITE-011,PART-1105,479,406,73,29,21,False,False,False,6.1,2023-03-02
2055,SITE-050,PART-3160,371,321,50,100,60,False,True,True,10.0,2026-10-04
2056,SITE-019,PART-1926,201,21,180,36,30,False,False,False,36.0,2026-04-19
2057,SITE-006,PART-3825,274,57,217,31,31,False,False,False,16.7,2023-11-21
2058,SITE-080,PART-8524,9,1,8,81,42,False,True,True,0.8,2023-05-25
2059,SITE-071,PART-5898,101,18,83,52,45,False,False,False,27.7,2023-07-24
2060,SITE-065,PART-3435,295,74,221,90,52,False,False,False,27.6,2024-03-19
2061,SITE-034,PART-8593,98,31,67,82,67,False,True,False,5.2,2026-05-01
2062,SITE-010,PART-1506,135,93,42,51,47,False,True,True,3.8,2023-08-20
2063,SITE-040,PART-7385,441,382,59,72,72,False,True,True,2.7,2023-12-13
2064,SITE-018,PART-7785,364,41,323,61,43,False,False,False,24.8,2023-08-12
2065,SITE-083,PART-1700,422,109,313,49,41,False,False,False,20.9,2025-08-16
2066,SITE-027,PART-8876,293,186,107,63,23,False,False,False,11.9,2026-10-04
2067,SITE-073,PART-9165,292,156,136,36,14,False,False,False,45.3,2025-08-05
2068,SITE-090,PART-9334,395,146,249,78,36,False,False,False,16.6,2024-01-20
2069,SITE-092,PART-9374,176,23,153,34,18,False,False,False,6.1,2024-06-28
2070,SITE-080,PART-3274,428,146,282,57,41,False,False,False,14.8,2025-09-13
2071,SITE-076,PART-8780,313,2,311,48,25,False,False,False,103.7,2025-03-21
2072,SITE-086,PART-2394,353,172,181,58,29,False,False,False,60.3,2026-03-16
2073,SITE-086,PART-7914,72,54,18,58,15,False,True,False,0.8,2023-11-15
2074,SITE-071,PART-7240,483,340,143,59,14,False,False,False,5.7,2024-03-25
2075,SITE-100,PART-8316,163,117,46,73,49,False,True,True,11.5,2025-08-18
2076,SITE-076,PART-1733,82,22,60,70,10,False,True,False,2.5,2023-08-01
2077,SITE-062,PART-9834,267,62,205,51,26,False,False,False,34.2,2025-04-16
2078,SITE-098,PART-7140,354,239,115,79,36,False,False,False,6.1,2025-11-12
2079,SITE-019,PART-1129,294,73,221,95,50,False,False,False,20.1,2025-09-09
2080,SITE-032,PART-6586,357,186,171,32,32,False,False,False,7.1,2024-02-16
2081,SITE-007,PART-1363,403,103,300,36,20,False,False,False,42.9,2025-03-03
2082,SITE-069,PART-8690,278,99,179,36,32,False,False,False,10.5,2026-07-12
2083,SITE-068,PART-3101,95,4,91,87,51,False,False,False,45.5,2025-03-05
2084,SITE-077,PART-3472,166,138,28,55,16,False,True,False,1.6,2024-10-04
2085,SITE-057,PART-2276,231,23,208,45,11,False,False,False,23.1,2025-01-25
2086,SITE-072,PART-1872,349,136,213,95,77,False,False,False,71.0,2025-12-06
2087,SITE-029,PART-3323,398,352,46,62,47,False,True,True,2.9,2023-10-02
2088,SITE-062,PART-3887,64,19,45,28,16,False,False,False,3.8,2025-04-06
2089,SITE-031,PART-9374,283,34,249,32,19,False,False,False,15.6,2025-02-10
2090,SITE-053,PART-8316,169,147,22,81,40,False,True,True,3.7,2024-03-27
2091,SITE-096,PART-6787,426,253,173,50,21,False,False,False,43.2,2023-11-01
2092,SITE-076,PART-7468,208,62,146,88,16,False,False,False,10.4,2025-10-03
2093,SITE-098,PART-3553,492,39,453,62,33,False,False,False,18.9,2026-09-25
2094,SITE-083,PART-3388,445,131,314,38,26,False,False,False,31.4,2026-03-20
2095,SITE-022,PART-4297,81,54,27,24,24,False,False,False,1.6,2024-07-16
2096,SITE-083,PART-7250,312,109,203,92,29,False,False,False,40.6,2023-02-12
2097,SITE-074,PART-1081,423,137,286,27,21,False,False,False,40.9,2026-12-11
2098,SITE-059,PART-3333,336,154,182,43,10,False,False,False,36.4,2025-09-09
2099,SITE-069,PART-8273,302,54,248,88,56,False,False,False,35.4,2026-06-02
2100,SITE-004,PART-8928,113,24,89,29,18,False,False,False,5.9,2026-06-11
2101,SITE-061,PART-5004,40,7,33,49,27,False,True,False,1.6,2023-07-19
2102,SITE-023,PART-6442,158,78,80,43,37,False,False,False,6.7,2024-02-20
2103,SITE-006,PART-6854,398,181,217,55,51,False,False,False,9.0,2026-10-23
2104,SITE-051,PART-4663,318,305,13,38,28,False,True,True,0.5,2025-08-12
2105,SITE-045,PART-6112,44,42,2,51,10,False,True,True,0.1,2025-04-15
2106,SITE-076,PART-6797,434,392,42,34,20,False,False,False,6.0,2023-05-24
2107,SITE-044,PART-5350,382,100,282,45,22,False,False,False,40.3,2025-10-05
2108,SITE-067,PART-4184,39,0,39,59,14,False,True,False,2.6,2024-01-24
2109,SITE-084,PART-5534,33,4,29,78,33,False,True,True,9.7,2026-07-09
2110,SITE-012,PART-1695,3,2,1,21,21,False,True,True,0.2,2026-04-13
2111,SITE-093,PART-7444,190,157,33,35,30,False,True,False,33.0,2026-04-17
2112,SITE-018,PART-7138,155,61,94,60,34,False,False,False,5.5,2024-03-21
2113,SITE-052,PART-5115,431,248,183,65,48,False,False,False,61.0,2024-02-27
2114,SITE-003,PART-9518,96,77,19,94,64,False,True,True,1.1,2026-03-06
2115,SITE-002,PART-7537,180,81,99,37,33,False,False,False,99.0,2026-03-06
2116,SITE-031,PART-7428,159,33,126,46,31,False,False,False,6.3,2025-09-09
2117,SITE-074,PART-8635,492,335,157,51,47,False,False,False,8.3,2026-07-23
2118,SITE-095,PART-3199,302,181,121,85,22,False,False,False,8.6,2024-01-14
2119,SITE-082,PART-5460,95,28,67,72,46,False,True,False,7.4,2025-08-10
2120,SITE-007,PART-7672,406,320,86,35,17,False,False,False,3.7,2024-12-06
2121,SITE-055,PART-7820,325,69,256,72,14,False,False,False,17.1,2025-02-03
2122,SITE-022,PART-2802,491,321,170,79,20,False,False,False,85.0,2024-07-26
2123,SITE-088,PART-9638,500,304,196,51,16,False,False,False,24.5,2026-12-27
2124,SITE-049,PART-7977,133,35,98,30,28,False,False,False,12.2,2026-11-03
2125,SITE-082,PART-4603,146,92,54,80,62,False,True,True,4.5,2025-03-21
2126,SITE-009,PART-1783,130,76,54,44,27,False,False,False,2.8,2023-11-04
2127,SITE-045,PART-5011,346,223,123,72,11,False,False,False,5.1,2026-12-26
2128,SITE-060,PART-5037,496,483,13,37,26,False,True,True,1.0,2023-09-06
2129,SITE-052,PART-9589,136,121,15,31,12,False,True,False,0.9,2024-09-21
2130,SITE-021,PART-6766,226,59,167,33,12,False,False,False,33.4,2023-09-04
2131,SITE-015,PART-1783,104,53,51,88,82,False,True,True,2.2,2025-12-06
2132,SITE-020,PART-9167,280,6,274,44,20,False,False,False,21.1,2024-09-01
2133,SITE-080,PART-8505,232,161,71,25,20,False,False,False,7.9,2023-07-18
2134,SITE-049,PART-8163,367,81,286,32,12,False,False,False,11.9,2024-05-19
2135,SITE-015,PART-3839,449,292,157,21,14,False,False,False,6.3,2026-12-05
2136,SITE-010,PART-8008,250,77,173,55,55,False,False,False,14.4,2026-06-07
2137,SITE-019,PART-4311,436,97,339,69,43,False,False,False,48.4,2024-06-08
2138,SITE-052,PART-6975,132,126,6,25,15,False,True,True,0.3,2023-08-22
2139,SITE-025,PART-3329,461,196,265,82,82,False,False,False,29.4,2026-06-08
2140,SITE-036,PART-3251,25,11,14,90,86,False,True,True,1.6,2023-06-01
2141,SITE-073,PART-5350,213,184,29,78,54,False,True,True,1.4,2023-06-24
2142,SITE-034,PART-7984,382,382,0,73,46,True,True,True,0.0,2023-07-27
2143,SITE-041,PART-1405,374,59,315,25,10,False,False,False,21.0,2023-07-20
2144,SITE-066,PART-2099,287,11,276,75,18,False,False,False,21.2,2023-03-16
2145,SITE-055,PART-8779,28,24,4,41,37,False,True,True,0.5,2026-04-11
2146,SITE-090,PART-9893,25,11,14,26,20,False,True,True,0.8,2026-08-02
2147,SITE-050,PART-1783,6,1,5,61,55,False,True,True,0.8,2024-06-09
2148,SITE-060,PART-2590,201,131,70,21,16,False,False,False,23.3,2025-06-11
2149,SITE-001,PART-8523,484,361,123,72,70,False,False,False,15.4,2024-07-11
2150,SITE-099,PART-4055,312,92,220,36,25,False,False,False,18.3,2023-10-19
2151,SITE-008,PART-3937,180,138,42,43,14,False,True,False,21.0,2026-09-09
2152,SITE-045,PART-2830,47,33,14,82,59,False,True,True,0.6,2024-10-28
2153,SITE-069,PART-3360,87,69,18,90,15,False,True,False,0.9,2026-06-10
2154,SITE-090,PART-9623,257,132,125,85,68,False,False,False,6.6,2024-03-10
2155,SITE-035,PART-3323,54,3,51,93,48,False,True,False,3.4,2024-04-23
2156,SITE-033,PART-8279,492,356,136,45,30,False,False,False,136.0,2024-02-06
2157,SITE-008,PART-4078,81,6,75,20,17,False,False,False,15.0,2025-12-25
2158,SITE-099,PART-7560,133,133,0,30,22,True,True,True,0.0,2024-02-25
2159,SITE-032,PART-1142,434,333,101,38,15,False,False,False,5.9,2024-07-20
2160,SITE-020,PART-1852,80,57,23,86,47,False,True,True,1.8,2024-12-15
2161,SITE-056,PART-5200,114,3,111,43,20,False,False,False,6.5,2025-09-05
2162,SITE-007,PART-8163,32,32,0,79,52,True,True,True,0.0,2026-05-18
2163,SITE-097,PART-4277,40,21,19,37,11,False,True,False,1.1,2023-09-25
2164,SITE-065,PART-6768,366,331,35,95,59,False,True,True,1.7,2025-03-02
2165,SITE-098,PART-5031,252,100,152,97,80,False,False,False,30.4,2023-05-24
2166,SITE-058,PART-6013,197,79,118,38,38,False,False,False,10.7,2025-09-19
2167,SITE-042,PART-7259,493,130,363,48,20,False,False,False,25.9,2026-09-16
2168,SITE-042,PART-3161,177,26,151,91,22,False,False,False,6.9,2024-06-26
2169,SITE-054,PART-4078,309,94,215,87,77,False,False,False,26.9,2026-10-03
2170,SITE-083,PART-2896,488,291,197,76,45,False,False,False,98.5,2026-01-08
2171,SITE-087,PART-9775,243,210,33,53,32,False,True,False,2.4,2024-01-18
2172,SITE-074,PART-5200,365,282,83,88,78,False,True,False,3.3,2025-10-05
2173,SITE-096,PART-7066,408,360,48,29,12,False,False,False,3.7,2025-07-25
2174,SITE-030,PART-3276,153,139,14,99,23,False,True,True,1.2,2024-11-25
2175,SITE-046,PART-9775,247,37,210,87,61,False,False,False,70.0,2023-10-01
2176,SITE-089,PART-6513,411,373,38,21,13,False,False,False,1.7,2025-08-03
2177,SITE-090,PART-2276,23,17,6,55,17,False,True,True,0.4,2026-08-17
2178,SITE-030,PART-5319,331,59,272,64,30,False,False,False,45.3,2025-08-10
2179,SITE-083,PART-8535,24,13,11,57,30,False,True,True,1.8,2024-04-09
2180,SITE-027,PART-1366,109,13,96,94,49,False,False,False,5.1,2025-12-11
2181,SITE-088,PART-1768,497,393,104,45,42,False,False,False,5.8,2023-07-23
2182,SITE-065,PART-5696,434,376,58,86,20,False,True,False,58.0,2026-11-03
2183,SITE-023,PART-7942,308,215,93,64,41,False,False,False,4.2,2026-12-23
2184,SITE-095,PART-9184,29,14,15,38,18,False,True,True,7.5,2025-06-15
2185,SITE-084,PART-8448,237,9,228,40,18,False,False,False,15.2,2023-04-11
2186,SITE-096,PART-9037,412,205,207,74,42,False,False,False,11.5,2025-08-06
2187,SITE-093,PART-2007,92,31,61,87,35,False,True,False,10.2,2023-07-15
2188,SITE-063,PART-6508,454,429,25,36,25,False,True,False,2.1,2026-03-22
2189,SITE-011,PART-3937,61,21,40,99,86,False,True,True,2.4,2025-07-23
2190,SITE-029,PART-7165,299,118,181,37,23,False,False,False,11.3,2024-12-20
2191,SITE-006,PART-3064,34,31,3,96,74,False,True,True,0.6,2023-03-24
2192,SITE-006,PART-7181,166,89,77,100,69,False,True,False,11.0,2024-01-07
2193,SITE-004,PART-1291,11,4,7,65,34,False,True,True,0.8,2025-06-25
2194,SITE-064,PART-9128,77,63,14,40,17,False,True,True,3.5,2026-08-20
2195,SITE-031,PART-3340,58,24,34,32,30,False,False,False,1.7,2025-09-07
2196,SITE-017,PART-9194,78,5,73,29,25,False,False,False,6.1,2024-11-15
2197,SITE-073,PART-1942,425,293,132,21,14,False,False,False,5.3,2025-01-22
2198,SITE-096,PART-1240,468,333,135,40,17,False,False,False,33.8,2024-02-11
2199,SITE-023,PART-5180,157,131,26,95,72,False,True,True,1.2,2023-01-05
2200,SITE-017,PART-1264,193,146,47,66,55,False,True,True,3.4,2023-09-11
2201,SITE-072,PART-1921,200,6,194,32,20,False,False,False,38.8,2026-06-24
2202,SITE-020,PART-7203,106,69,37,83,34,False,True,False,2.8,2026-06-22
2203,SITE-081,PART-5094,353,59,294,98,79,False,False,False,42.0,2024-06-14
2204,SITE-035,PART-9586,457,454,3,54,30,False,True,True,0.4,2025-12-14
2205,SITE-095,PART-3274,438,313,125,38,13,False,False,False,11.4,2024-09-23
2206,SITE-099,PART-4354,130,34,96,36,15,False,False,False,96.0,2024-10-10
2207,SITE-007,PART-8675,174,110,64,95,59,False,True,False,3.4,2024-06-21
2208,SITE-021,PART-7181,428,161,267,23,18,False,False,False,38.1,2026-09-16
2209,SITE-038,PART-7722,122,90,32,79,37,False,True,True,1.3,2024-05-01
2210,SITE-084,PART-2445,235,88,147,91,56,False,False,False,16.3,2023-07-09
2211,SITE-016,PART-3937,11,11,0,84,17,True,True,True,0.0,2026-06-23
2212,SITE-074,PART-9629,160,127,33,53,10,False,True,False,3.7,2023-10-15
2213,SITE-047,PART-1660,54,23,31,63,10,False,True,False,3.9,2026-11-02
2214,SITE-032,PART-9271,463,280,183,52,15,False,False,False,10.2,2023-07-28
2215,SITE-076,PART-8727,22,13,9,81,63,False,True,True,0.8,2023-11-06
2216,SITE-040,PART-3917,160,100,60,54,52,False,False,False,4.0,2025-06-01
2217,SITE-005,PART-9994,416,311,105,83,38,False,False,False,4.6,2024-03-10
2218,SITE-028,PART-8163,132,21,111,88,70,False,False,False,11.1,2023-03-09
2219,SITE-060,PART-7358,330,79,251,89,57,False,False,False,41.8,2025-04-11
2220,SITE-072,PART-7056,13,13,0,82,73,True,True,True,0.0,2026-12-06
2221,SITE-057,PART-3729,231,223,8,85,28,False,True,True,0.7,2026-10-25
2222,SITE-029,PART-7942,255,122,133,26,17,False,False,False,6.3,2026-05-21
2223,SITE-029,PART-6628,244,61,183,41,36,False,False,False,22.9,2023-07-27
2224,SITE-073,PART-1874,405,166,239,71,25,False,False,False,39.8,2026-01-01
2225,SITE-016,PART-3879,26,15,11,40,30,False,True,True,0.7,2023-03-01
2226,SITE-035,PART-4035,71,38,33,50,24,False,True,False,2.5,2023-01-03
2227,SITE-082,PART-5961,274,214,60,45,45,False,False,False,5.0,2026-09-12
2228,SITE-094,PART-4365,250,112,138,47,14,False,False,False,6.3,2026-09-01
2229,SITE-091,PART-3388,279,222,57,74,23,False,True,False,8.1,2023-11-15
2230,SITE-065,PART-7535,141,115,26,20,11,False,False,False,3.2,2025-04-12
2231,SITE-091,PART-4335,29,3,26,21,13,False,False,False,1.0,2026-08-16
2232,SITE-018,PART-1483,154,145,9,41,11,False,True,True,2.2,2023-04-18
2233,SITE-074,PART-4137,494,159,335,55,49,False,False,False,30.5,2026-10-18
2234,SITE-026,PART-5072,359,190,169,27,26,False,False,False,10.6,2025-01-16
2235,SITE-063,PART-7121,17,2,15,56,52,False,True,True,1.0,2023-05-18
2236,SITE-005,PART-9099,43,4,39,92,17,False,True,False,2.1,2025-08-03
2237,SITE-020,PART-1088,75,41,34,39,24,False,True,False,1.4,2025-08-17
2238,SITE-029,PART-9993,191,5,186,99,46,False,False,False,7.4,2024-05-11
2239,SITE-060,PART-9856,86,53,33,35,35,False,True,True,1.9,2024-05-21
2240,SITE-042,PART-2007,387,75,312,78,51,False,False,False,24.0,2025-08-23
2241,SITE-015,PART-5442,403,74,329,21,18,False,False,False,109.7,2024-03-19
2242,SITE-067,PART-4999,179,57,122,39,33,False,False,False,5.1,2025-11-14
2243,SITE-080,PART-3199,212,105,107,40,30,False,False,False,4.7,2023-03-15
2244,SITE-029,PART-5186,79,75,4,22,15,False,True,True,0.3,2024-08-23
2245,SITE-099,PART-9993,482,465,17,73,53,False,True,True,1.5,2026-07-12
2246,SITE-100,PART-5743,114,58,56,41,32,False,False,False,3.7,2025-08-25
2247,SITE-013,PART-9678,101,64,37,70,62,False,True,True,1.7,2023-06-11
2248,SITE-017,PART-5648,404,346,58,26,20,False,False,False,58.0,2025-10-03
2249,SITE-024,PART-2394,341,241,100,60,53,False,False,False,100.0,2025-07-06
2250,SITE-075,PART-2218,445,411,34,56,27,False,True,False,1.4,2023-09-04
2251,SITE-082,PART-4748,491,211,280,28,16,False,False,False,70.0,2026-01-26
2252,SITE-095,PART-2487,141,48,93,48,32,False,False,False,5.8,2026-08-04
2253,SITE-089,PART-9558,327,301,26,26,20,False,False,False,1.1,2026-04-10
2254,SITE-070,PART-2830,122,111,11,56,33,False,True,True,0.5,2026-12-28
2255,SITE-077,PART-7442,143,67,76,49,18,False,False,False,3.5,2023-08-16
2256,SITE-080,PART-1266,437,428,9,93,89,False,True,True,0.4,2026-02-02
2257,SITE-067,PART-4543,272,26,246,40,20,False,False,False,82.0,2026-12-05
2258,SITE-088,PART-5682,112,27,85,34,20,False,False,False,42.5,2024-06-03
2259,SITE-050,PART-1099,407,25,382,86,39,False,False,False,54.6,2024-02-28
2260,SITE-055,PART-3340,408,262,146,51,38,False,False,False,10.4,2025-01-01
2261,SITE-089,PART-4748,350,285,65,24,10,False,False,False,3.6,2026-12-05
2262,SITE-053,PART-8746,336,167,169,31,28,False,False,False,24.1,2023-03-26
2263,SITE-006,PART-8273,332,103,229,63,34,False,False,False,11.4,2023-05-22
2264,SITE-083,PART-7082,477,219,258,79,26,False,False,False,18.4,2024-10-27
2265,SITE-086,PART-1496,105,4,101,21,21,False,False,False,12.6,2025-04-20
2266,SITE-081,PART-3290,468,336,132,73,38,False,False,False,18.9,2026-07-11
2267,SITE-098,PART-7560,490,147,343,64,36,False,False,False,114.3,2026-05-20
2268,SITE-009,PART-6947,38,30,8,71,53,False,True,True,1.1,2026-10-16
2269,SITE-004,PART-6819,382,114,268,77,64,False,False,False,16.8,2026-01-24
2270,SITE-014,PART-8195,357,131,226,73,56,False,False,False,75.3,2024-05-19
2271,SITE-010,PART-3808,268,252,16,41,17,False,True,True,8.0,2025-05-21
2272,SITE-051,PART-1283,392,287,105,58,24,False,False,False,8.8,2023-05-23
2273,SITE-039,PART-9374,44,23,21,63,51,False,True,True,3.5,2025-10-05
2274,SITE-039,PART-8593,231,70,161,58,49,False,False,False,23.0,2024-02-03
2275,SITE-055,PART-7591,72,48,24,62,37,False,True,True,6.0,2024-11-18
2276,SITE-028,PART-7977,485,253,232,38,33,False,False,False,29.0,2024-05-13
2277,SITE-003,PART-1414,372,345,27,20,15,False,False,False,3.0,2024-05-08
2278,SITE-076,PART-9038,402,17,385,26,10,False,False,False,42.8,2025-07-01
2279,SITE-082,PART-8279,171,22,149,39,35,False,False,False,12.4,2023-12-20
2280,SITE-088,PART-6327,252,234,18,32,18,False,True,False,1.8,2026-06-26
2281,SITE-049,PART-7314,443,61,382,81,34,False,False,False,34.7,2024-09-05
2282,SITE-084,PART-7935,318,41,277,62,14,False,False,False,12.6,2025-11-14
2283,SITE-052,PART-7424,228,200,28,76,37,False,True,True,4.0,2026-10-21
2284,SITE-030,PART-7486,341,321,20,28,18,False,True,False,1.4,2026-09-02
2285,SITE-072,PART-5961,202,57,145,32,28,False,False,False,7.6,2025-10-17
2286,SITE-084,PART-8062,354,317,37,79,45,False,True,True,1.6,2026-01-22
2287,SITE-021,PART-7833,33,32,1,63,53,False,True,True,0.1,2025-06-08
2288,SITE-038,PART-6542,136,114,22,45,20,False,True,False,1.2,2026-12-11
2289,SITE-071,PART-4663,387,132,255,59,48,False,False,False,17.0,2025-09-08
2290,SITE-054,PART-6618,85,63,22,90,30,False,True,True,2.8,2025-12-25
2291,SITE-044,PART-9370,37,32,5,57,57,False,True,True,0.2,2024-09-20
2292,SITE-005,PART-4014,189,102,87,65,23,False,False,False,4.8,2023-12-15
2293,SITE-032,PART-6293,455,337,118,34,20,False,False,False,10.7,2026-10-19
2294,SITE-042,PART-9467,429,278,151,63,17,False,False,False,30.2,2023-07-05
2295,SITE-051,PART-2406,82,16,66,35,21,False,False,False,8.2,2024-05-03
2296,SITE-071,PART-9309,460,172,288,57,17,False,False,False,16.0,2026-03-27
2297,SITE-025,PART-7183,477,87,390,59,47,False,False,False,17.7,2025-11-27
2298,SITE-038,PART-3648,189,37,152,39,27,False,False,False,50.7,2025-08-08
2299,SITE-047,PART-1124,48,39,9,75,12,False,True,True,0.4,2023-06-13
2300,SITE-046,PART-2897,461,64,397,47,22,False,False,False,24.8,2023-11-01
2301,SITE-079,PART-1470,12,12,0,38,23,True,True,True,0.0,2023-12-22
2302,SITE-046,PART-5124,355,117,238,69,35,False,False,False,79.3,2025-07-28
2303,SITE-053,PART-5198,110,72,38,34,10,False,False,False,5.4,2023-06-06
2304,SITE-030,PART-2994,27,17,10,31,28,False,True,True,0.7,2024-06-09
2305,SITE-090,PART-7935,68,10,58,84,83,False,True,True,4.5,2025-10-01
2306,SITE-087,PART-4148,472,358,114,79,79,False,False,False,9.5,2025-03-16
2307,SITE-062,PART-1363,342,118,224,42,27,False,False,False,16.0,2023-09-10
2308,SITE-092,PART-5936,206,18,188,95,47,False,False,False,10.4,2023-03-26
2309,SITE-041,PART-1695,193,149,44,44,28,False,False,False,6.3,2023-06-01
2310,SITE-078,PART-4382,110,95,15,99,58,False,True,True,2.1,2025-06-27
2311,SITE-053,PART-3543,365,22,343,43,24,False,False,False,17.1,2025-11-23
2312,SITE-013,PART-9288,149,62,87,74,70,False,False,False,7.2,2025-01-12
2313,SITE-027,PART-7388,177,29,148,39,39,False,False,False,6.4,2026-09-24
2314,SITE-067,PART-5543,62,20,42,25,13,False,False,False,2.6,2026-03-15
2315,SITE-036,PART-8448,55,6,49,59,14,False,True,False,9.8,2025-07-15
2316,SITE-062,PART-5661,500,175,325,46,42,False,False,False,325.0,2023-06-18
2317,SITE-012,PART-8916,284,34,250,37,21,False,False,False,20.8,2026-03-20
2318,SITE-079,PART-9467,24,8,16,45,15,False,True,False,8.0,2024-03-19
2319,SITE-020,PART-3109,29,10,19,50,35,False,True,True,1.1,2024-01-21
2320,SITE-020,PART-7144,291,168,123,55,47,False,False,False,41.0,2023-09-02
2321,SITE-016,PART-8896,18,12,6,27,18,False,True,True,0.2,2026-10-24
2322,SITE-004,PART-3655,477,426,51,94,82,False,True,True,25.5,2023-11-11
2323,SITE-099,PART-4906,237,218,19,78,56,False,True,True,2.4,2024-11-01
2324,SITE-088,PART-2100,140,68,72,57,56,False,False,False,14.4,2025-04-25
2325,SITE-005,PART-5781,296,147,149,80,51,False,False,False,11.5,2023-07-13
2326,SITE-073,PART-7425,488,251,237,55,47,False,False,False,11.3,2025-02-18
2327,SITE-002,PART-6113,128,107,21,50,14,False,True,False,2.3,2026-02-11
2328,SITE-046,PART-7121,106,104,2,91,62,False,True,True,0.1,2025-04-13
2329,SITE-100,PART-8261,382,53,329,86,74,False,False,False,15.7,2024-02-25
2330,SITE-088,PART-9704,288,38,250,51,15,False,False,False,62.5,2023-02-12
2331,SITE-003,PART-7520,342,166,176,46,17,False,False,False,7.0,2024-02-17
2332,SITE-082,PART-3109,256,86,170,54,26,False,False,False,13.1,2023-12-22
2333,SITE-011,PART-8535,108,82,26,23,10,False,False,False,1.0,2026-11-13
2334,SITE-085,PART-3323,142,54,88,31,16,False,False,False,4.9,2024-09-11
2335,SITE-096,PART-6601,15,7,8,52,29,False,True,True,8.0,2025-02-20
2336,SITE-043,PART-3574,24,13,11,40,31,False,True,True,0.5,2026-06-18
2337,SITE-047,PART-2974,129,117,12,75,19,False,True,True,1.3,2024-12-03
2338,SITE-087,PART-5625,480,477,3,56,13,False,True,True,0.2,2025-07-10
2339,SITE-015,PART-2653,454,292,162,40,14,False,False,False,10.8,2023-01-08
2340,SITE-071,PART-9306,168,95,73,94,45,False,True,False,36.5,2023-08-10
2341,SITE-064,PART-1456,350,26,324,85,73,False,False,False,40.5,2025-07-18
2342,SITE-015,PART-9739,233,157,76,55,21,False,False,False,6.3,2025-10-02
2343,SITE-028,PART-1124,48,19,29,46,27,False,True,False,2.6,2023-12-25
2344,SITE-075,PART-7767,440,364,76,37,30,False,False,False,76.0,2025-02-28
2345,SITE-084,PART-8163,376,59,317,74,44,False,False,False,22.6,2023-11-03
2346,SITE-031,PART-7345,379,36,343,76,12,False,False,False,49.0,2024-02-13
2347,SITE-043,PART-6013,81,67,14,85,48,False,True,True,14.0,2025-04-11
2348,SITE-011,PART-3917,272,235,37,36,21,False,False,False,1.8,2025-05-26
2349,SITE-085,PART-8524,291,155,136,77,36,False,False,False,15.1,2025-11-08
2350,SITE-031,PART-9263,243,130,113,42,41,False,False,False,7.5,2024-01-14
2351,SITE-010,PART-1017,162,12,150,39,37,False,False,False,10.0,2023-09-21
2352,SITE-004,PART-4078,461,58,403,34,33,False,False,False,57.6,2025-06-04
2353,SITE-093,PART-1816,458,351,107,36,35,False,False,False,15.3,2024-04-19
2354,SITE-027,PART-8723,121,14,107,80,40,False,False,False,53.5,2025-01-21
2355,SITE-064,PART-2973,466,171,295,96,95,False,False,False,16.4,2023-02-14
2356,SITE-034,PART-5990,472,319,153,48,42,False,False,False,19.1,2025-09-02
2357,SITE-095,PART-2526,429,345,84,69,61,False,False,False,3.7,2026-09-14
2358,SITE-002,PART-6762,447,0,447,87,49,False,False,False,40.6,2023-02-24
2359,SITE-037,PART-3228,423,174,249,22,15,False,False,False,10.0,2026-05-28
2360,SITE-036,PART-8986,277,255,22,86,55,False,True,True,1.0,2024-02-03
2361,SITE-098,PART-7833,298,252,46,47,14,False,True,False,2.7,2026-07-09
2362,SITE-016,PART-4181,307,306,1,58,27,False,True,True,0.1,2025-02-02
2363,SITE-024,PART-5982,394,113,281,75,24,False,False,False,17.6,2024-09-16
2364,SITE-027,PART-1926,355,78,277,71,67,False,False,False,46.2,2026-08-17
2365,SITE-092,PART-2116,180,16,164,28,27,False,False,False,6.6,2025-04-27
2366,SITE-040,PART-7321,147,147,0,55,26,True,True,True,0.0,2026-07-12
2367,SITE-020,PART-9678,457,70,387,80,56,False,False,False,15.5,2023-07-21
2368,SITE-021,PART-7833,87,62,25,80,18,False,True,False,1.9,2023-09-15
2369,SITE-050,PART-2317,337,213,124,32,24,False,False,False,31.0,2023-09-10
2370,SITE-008,PART-1061,141,75,66,48,20,False,False,False,4.1,2026-01-01
2371,SITE-082,PART-5698,142,23,119,54,51,False,False,False,4.8,2025-08-15
2372,SITE-028,PART-5959,394,308,86,33,21,False,False,False,4.8,2024-04-28
2373,SITE-085,PART-4032,186,143,43,37,11,False,False,False,43.0,2023-10-07
2374,SITE-099,PART-9390,429,108,321,49,23,False,False,False,20.1,2026-04-17
2375,SITE-066,PART-7263,202,21,181,44,27,False,False,False,90.5,2024-05-13
2376,SITE-042,PART-4663,61,32,29,50,42,False,True,True,7.2,2026-10-21
2377,SITE-049,PART-6908,137,95,42,74,57,False,True,True,8.4,2024-05-09
2378,SITE-092,PART-5659,410,220,190,51,32,False,False,False,95.0,2025-12-16
2379,SITE-096,PART-2394,166,16,150,46,18,False,False,False,7.9,2026-11-11
2380,SITE-037,PART-7944,73,27,46,70,11,False,True,False,4.2,2025-11-08
2381,SITE-032,PART-1266,293,57,236,44,36,False,False,False,78.7,2023-01-19
2382,SITE-040,PART-9121,250,240,10,36,22,False,True,True,1.0,2026-02-04
2383,SITE-008,PART-7672,330,206,124,75,63,False,False,False,10.3,2024-02-04
2384,SITE-047,PART-4655,452,56,396,97,58,False,False,False,24.8,2023-11-12
2385,SITE-079,PART-9921,333,18,315,26,22,False,False,False,78.8,2026-10-27
2386,SITE-011,PART-2397,462,456,6,28,16,False,True,True,0.9,2023-06-19
2387,SITE-096,PART-1503,230,152,78,80,76,False,True,False,9.8,2025-11-05
2388,SITE-043,PART-4035,267,139,128,53,27,False,False,False,5.6,2024-10-23
2389,SITE-027,PART-2165,455,409,46,22,15,False,False,False,2.9,2026-09-11
2390,SITE-072,PART-1402,224,144,80,48,45,False,False,False,26.7,2026-01-12
2391,SITE-031,PART-3553,199,14,185,89,12,False,False,False,46.2,2023-07-25
2392,SITE-097,PART-2099,203,91,112,22,17,False,False,False,18.7,2026-02-26
2393,SITE-077,PART-4058,71,31,40,64,39,False,True,False,13.3,2026-11-01
2394,SITE-046,PART-3121,476,293,183,20,18,False,False,False,13.1,2025-10-25
2395,SITE-008,PART-3531,195,11,184,82,22,False,False,False,9.7,2026-10-10
2396,SITE-100,PART-7104,258,52,206,53,17,False,False,False,22.9,2024-09-19
2397,SITE-041,PART-4035,415,238,177,89,55,False,False,False,11.8,2023-06-04
2398,SITE-014,PART-7584,463,186,277,86,59,False,False,False,11.1,2023-12-16
2399,SITE-022,PART-9388,451,99,352,57,35,False,False,False,176.0,2024-04-04
2400,SITE-069,PART-4748,371,186,185,27,13,False,False,False,10.9,2025-08-27
2401,SITE-066,PART-4844,282,164,118,76,48,False,False,False,7.9,2024-09-26
2402,SITE-005,PART-3602,392,182,210,92,12,False,False,False,105.0,2024-02-03
2403,SITE-037,PART-5100,273,68,205,46,14,False,False,False,8.2,2026-09-15
2404,SITE-008,PART-7036,57,14,43,65,14,False,True,False,2.9,2023-04-02
2405,SITE-033,PART-5401,483,441,42,22,12,False,False,False,2.3,2026-11-19
2406,SITE-004,PART-9263,296,294,2,68,25,False,True,True,0.2,2025-12-10
2407,SITE-055,PART-2451,168,133,35,34,24,False,False,False,1.5,2026-11-08
2408,SITE-044,PART-5050,304,99,205,22,20,False,False,False,11.4,2023-02-26
2409,SITE-053,PART-9511,460,55,405,24,18,False,False,False,18.4,2025-05-05
2410,SITE-088,PART-3224,491,139,352,34,26,False,False,False,44.0,2025-04-27
2411,SITE-083,PART-9320,156,150,6,86,70,False,True,True,0.2,2024-03-28
2412,SITE-046,PART-3739,303,198,105,56,16,False,False,False,5.8,2026-08-09
2413,SITE-066,PART-8874,68,46,22,63,47,False,True,True,1.7,2024-04-03
2414,SITE-021,PART-9037,52,16,36,69,58,False,True,True,2.0,2026-09-18
2415,SITE-088,PART-5172,49,2,47,44,35,False,False,False,2.4,2023-07-28
2416,SITE-003,PART-9605,486,245,241,81,58,False,False,False,26.8,2025-08-02
2417,SITE-051,PART-5183,148,59,89,55,19,False,False,False,4.0,2023-06-02
2418,SITE-055,PART-1327,191,118,73,88,45,False,True,False,10.4,2024-12-11
2419,SITE-072,PART-2039,213,121,92,39,37,False,False,False,7.1,2024-01-14
2420,SITE-057,PART-8200,128,0,128,57,41,False,False,False,10.7,2023-12-15
2421,SITE-059,PART-1376,38,9,29,82,54,False,True,True,1.3,2024-08-15
2422,SITE-031,PART-7606,416,194,222,47,26,False,False,False,74.0,2024-02-08
2423,SITE-016,PART-5813,357,315,42,44,42,False,True,False,1.7,2023-10-09
2424,SITE-056,PART-4092,419,392,27,81,33,False,True,True,1.4,2024-02-02
2425,SITE-033,PART-5660,486,486,0,57,33,True,True,True,0.0,2026-01-16
2426,SITE-100,PART-2897,243,174,69,85,56,False,True,False,3.6,2024-05-04
2427,SITE-014,PART-5133,136,109,27,35,11,False,True,False,3.4,2025-04-03
2428,SITE-095,PART-1660,466,315,151,28,17,False,False,False,12.6,2023-09-10
2429,SITE-090,PART-1198,37,26,11,40,22,False,True,True,0.7,2023-04-15
2430,SITE-083,PART-5031,29,25,4,22,21,False,True,True,0.5,2026-04-04
2431,SITE-090,PART-3109,426,70,356,77,24,False,False,False,59.3,2026-08-14
2432,SITE-052,PART-7794,134,69,65,57,24,False,False,False,13.0,2026-09-03
2433,SITE-084,PART-9216,387,285,102,33,33,False,False,False,6.8,2024-08-13
2434,SITE-038,PART-4084,27,3,24,33,18,False,True,False,3.4,2025-05-12
2435,SITE-057,PART-5100,151,142,9,57,51,False,True,True,0.4,2023-06-06
2436,SITE-011,PART-6492,455,349,106,76,39,False,False,False,5.0,2023-02-15
2437,SITE-005,PART-6778,475,11,464,37,15,False,False,False,51.6,2025-10-04
2438,SITE-099,PART-5664,129,48,81,37,37,False,False,False,5.1,2023-12-18
2439,SITE-052,PART-2148,65,7,58,82,75,False,True,True,3.1,2024-09-12
2440,SITE-004,PART-5503,226,60,166,22,13,False,False,False,8.7,2024-02-10
2441,SITE-065,PART-6107,85,83,2,91,13,False,True,True,0.2,2026-10-13
2442,SITE-061,PART-1496,160,146,14,91,84,False,True,True,0.6,2023-10-07
2443,SITE-061,PART-9371,373,126,247,97,21,False,False,False,10.3,2025-08-22
2444,SITE-018,PART-3896,293,271,22,62,30,False,True,True,5.5,2026-04-03
2445,SITE-054,PART-1376,231,160,71,26,17,False,False,False,3.2,2024-03-17
2446,SITE-030,PART-7577,387,198,189,31,18,False,False,False,9.0,2026-03-14
2447,SITE-086,PART-7942,229,158,71,23,21,False,False,False,7.9,2024-01-27
2448,SITE-012,PART-1777,16,6,10,52,35,False,True,True,0.5,2024-05-08
2449,SITE-009,PART-1945,396,196,200,93,79,False,False,False,11.1,2025-10-11
2450,SITE-071,PART-8798,430,238,192,55,13,False,False,False,16.0,2026-04-23
2451,SITE-001,PART-8007,24,4,20,75,24,False,True,True,1.2,2024-05-16
2452,SITE-014,PART-2098,197,13,184,93,40,False,False,False,9.2,2023-12-16
2453,SITE-024,PART-1926,168,101,67,78,17,False,True,False,6.7,2023-02-12
2454,SITE-039,PART-3161,191,121,70,91,23,False,True,False,7.0,2024-11-18
2455,SITE-078,PART-8254,318,304,14,43,26,False,True,True,1.2,2026-02-06
2456,SITE-010,PART-4324,212,119,93,38,17,False,False,False,5.2,2026-01-12
2457,SITE-020,PART-7971,37,33,4,33,18,False,True,True,1.0,2024-10-27
2458,SITE-012,PART-3895,305,99,206,100,47,False,False,False,10.8,2026-10-09
2459,SITE-015,PART-7232,366,146,220,66,13,False,False,False,16.9,2024-12-21
2460,SITE-049,PART-2826,90,74,16,82,79,False,True,True,1.3,2024-09-25
2461,SITE-088,PART-3360,101,65,36,43,34,False,True,False,1.4,2023-10-02
2462,SITE-094,PART-1142,52,48,4,61,49,False,True,True,0.4,2024-03-27
2463,SITE-018,PART-2896,250,126,124,64,34,False,False,False,15.5,2025-04-01
2464,SITE-068,PART-6811,134,128,6,73,46,False,True,True,0.2,2024-01-06
2465,SITE-086,PART-7424,473,179,294,30,12,False,False,False,11.8,2023-09-03
2466,SITE-070,PART-8780,410,156,254,62,28,False,False,False,10.6,2024-05-02
2467,SITE-063,PART-3188,134,130,4,90,86,False,True,True,4.0,2026-09-09
2468,SITE-041,PART-6947,238,3,235,21,15,False,False,False,15.7,2025-05-04
2469,SITE-055,PART-5539,137,73,64,30,11,False,False,False,32.0,2023-06-28
2470,SITE-001,PART-9255,52,35,17,58,16,False,True,False,0.7,2023-06-12
2471,SITE-046,PART-9108,237,184,53,91,44,False,True,False,4.4,2025-12-07
2472,SITE-035,PART-8625,240,79,161,87,45,False,False,False,7.0,2026-05-28
2473,SITE-001,PART-5133,295,141,154,69,68,False,False,False,9.6,2025-05-21
2474,SITE-030,PART-2416,133,78,55,27,13,False,False,False,18.3,2023-03-22
2475,SITE-066,PART-4311,324,265,59,45,32,False,False,False,8.4,2024-06-02
2476,SITE-044,PART-7159,439,163,276,57,28,False,False,False,276.0,2024-09-05
2477,SITE-057,PART-4829,100,24,76,84,41,False,True,False,3.5,2023-01-09
2478,SITE-047,PART-2106,492,460,32,60,11,False,True,False,2.5,2023-08-28
2479,SITE-092,PART-2758,451,201,250,70,59,False,False,False,25.0,2026-09-10
2480,SITE-022,PART-5503,416,372,44,65,35,False,True,False,5.5,2025-03-02
2481,SITE-018,PART-7321,304,227,77,73,37,False,False,False,3.9,2023-08-15
2482,SITE-081,PART-8943,167,65,102,71,69,False,False,False,5.1,2026-02-17
2483,SITE-076,PART-9605,67,35,32,71,12,False,True,False,16.0,2023-05-22
2484,SITE-045,PART-3415,27,6,21,60,52,False,True,True,3.0,2025-12-26
2485,SITE-068,PART-6888,139,45,94,71,17,False,False,False,3.9,2024-01-06
2486,SITE-022,PART-7269,89,6,83,29,24,False,False,False,20.8,2025-07-28
2487,SITE-013,PART-2102,286,286,0,45,30,True,True,True,0.0,2024-09-13
2488,SITE-062,PART-4908,316,259,57,38,21,False,False,False,19.0,2024-01-21
2489,SITE-055,PART-6391,36,11,25,99,73,False,True,True,1.8,2024-04-15
2490,SITE-006,PART-1218,407,31,376,57,13,False,False,False,20.9,2023-03-26
2491,SITE-088,PART-2897,168,86,82,76,48,False,False,False,82.0,2026-02-20
2492,SITE-088,PART-1892,348,166,182,76,50,False,False,False,26.0,2025-10-11
2493,SITE-004,PART-8762,466,391,75,58,55,False,False,False,9.4,2024-09-17
2494,SITE-063,PART-8007,491,415,76,70,47,False,False,False,3.2,2025-12-11
2495,SITE-012,PART-5442,294,124,170,50,10,False,False,False,56.7,2023-04-05
2496,SITE-077,PART-5198,467,463,4,65,30,False,True,True,0.5,2026-08-23
2497,SITE-097,PART-6089,78,26,52,81,36,False,True,False,8.7,2024-06-08
2498,SITE-058,PART-3718,460,411,49,98,68,False,True,True,16.3,2024-01-15
2499,SITE-034,PART-3160,64,33,31,95,75,False,True,True,3.9,2023-09-11
2500,SITE-077,PART-1710,344,324,20,88,55,False,True,True,2.0,2025-04-26
2501,SITE-040,PART-9213,214,103,111,63,63,False,False,False,11.1,2025-05-21
2502,SITE-083,PART-8723,357,83,274,35,28,False,False,False,21.1,2023-06-22
2503,SITE-032,PART-7578,34,19,15,85,33,False,True,True,1.7,2025-04-05
2504,SITE-015,PART-9893,265,118,147,45,39,False,False,False,7.0,2024-06-23
2505,SITE-008,PART-7425,273,34,239,90,49,False,False,False,21.7,2025-02-01
2506,SITE-003,PART-8565,373,83,290,49,16,False,False,False,145.0,2025-08-11
2507,SITE-071,PART-2317,280,136,144,29,25,False,False,False,18.0,2024-05-21
2508,SITE-064,PART-9293,391,231,160,66,30,False,False,False,17.8,2024-09-23
2509,SITE-005,PART-4999,31,12,19,64,54,False,True,True,19.0,2024-09-07
2510,SITE-066,PART-8798,451,280,171,25,13,False,False,False,85.5,2025-08-22
2511,SITE-014,PART-7056,17,3,14,41,34,False,True,True,0.9,2025-08-10
2512,SITE-023,PART-1575,73,2,71,92,28,False,True,False,3.2,2025-12-05
2513,SITE-056,PART-5907,215,51,164,60,41,False,False,False,12.6,2025-10-05
2514,SITE-033,PART-3798,156,138,18,28,12,False,True,False,3.0,2023-01-24
2515,SITE-098,PART-6628,411,403,8,100,67,False,True,True,8.0,2026-04-20
2516,SITE-073,PART-8783,451,321,130,98,64,False,False,False,8.1,2023-01-04
2517,SITE-043,PART-7104,192,67,125,80,23,False,False,False,7.8,2024-10-19
2518,SITE-028,PART-2590,142,50,92,40,39,False,False,False,4.8,2024-07-23
2519,SITE-033,PART-2098,500,22,478,54,18,False,False,False,95.6,2025-07-10
2520,SITE-031,PART-6922,212,108,104,59,40,False,False,False,5.5,2024-03-15
2521,SITE-012,PART-9549,239,48,191,99,40,False,False,False,191.0,2026-06-19
2522,SITE-065,PART-3343,314,85,229,60,29,False,False,False,14.3,2025-01-24
2523,SITE-077,PART-5543,166,112,54,52,41,False,False,False,2.2,2026-05-15
2524,SITE-037,PART-8806,144,44,100,24,15,False,False,False,6.2,2024-10-13
2525,SITE-016,PART-1138,203,37,166,72,13,False,False,False,23.7,2025-05-08
2526,SITE-093,PART-3452,363,13,350,82,24,False,False,False,14.6,2025-08-20
2527,SITE-001,PART-2973,14,1,13,34,34,False,True,True,1.4,2026-08-19
2528,SITE-073,PART-4365,9,1,8,81,10,False,True,True,0.5,2025-04-18
2529,SITE-001,PART-4324,24,16,8,52,11,False,True,True,0.5,2025-02-02
2530,SITE-037,PART-1945,223,162,61,83,65,False,True,True,5.5,2023-11-11
2531,SITE-027,PART-2963,468,308,160,45,37,False,False,False,12.3,2025-11-12
2532,SITE-015,PART-2451,355,18,337,95,56,False,False,False,112.3,2024-04-17
2533,SITE-037,PART-3064,161,151,10,78,22,False,True,True,1.0,2023-10-07
2534,SITE-009,PART-5115,236,172,64,28,25,False,False,False,9.1,2024-03-18
2535,SITE-084,PART-4216,212,150,62,47,46,False,False,False,3.3,2026-02-18
2536,SITE-087,PART-5813,467,282,185,59,48,False,False,False,13.2,2025-07-26
2537,SITE-043,PART-2046,453,176,277,50,48,False,False,False,138.5,2025-08-05
2538,SITE-076,PART-2735,437,385,52,76,42,False,True,False,2.4,2025-11-07
2539,SITE-098,PART-3201,148,11,137,46,17,False,False,False,17.1,2026-01-16
2540,SITE-093,PART-3959,25,10,15,97,31,False,True,True,1.1,2026-05-01
2541,SITE-054,PART-2125,467,195,272,75,14,False,False,False,136.0,2024-11-18
2542,SITE-080,PART-4518,338,217,121,54,15,False,False,False,13.4,2026-03-05
2543,SITE-071,PART-7298,234,123,111,91,32,False,False,False,4.6,2025-03-19
2544,SITE-052,PART-6951,31,17,14,69,61,False,True,True,2.8,2025-06-26
2545,SITE-081,PART-9288,202,124,78,42,41,False,False,False,5.6,2026-02-13
2546,SITE-090,PART-4942,490,413,77,67,66,False,False,False,4.3,2024-07-16
2547,SITE-029,PART-5100,54,45,9,54,25,False,True,True,0.5,2026-12-07
2548,SITE-008,PART-6442,311,250,61,51,14,False,False,False,3.4,2026-11-19
2549,SITE-038,PART-2735,484,344,140,40,31,False,False,False,70.0,2025-06-21
2550,SITE-052,PART-9340,208,121,87,41,37,False,False,False,4.1,2026-01-27
2551,SITE-097,PART-2735,63,48,15,59,28,False,True,True,0.9,2023-07-27
2552,SITE-032,PART-8523,69,64,5,95,28,False,True,True,0.3,2023-03-14
2553,SITE-029,PART-1891,425,42,383,95,51,False,False,False,42.6,2023-12-23
2554,SITE-017,PART-8474,75,19,56,29,18,False,False,False,6.2,2026-01-10
2555,SITE-068,PART-4844,487,248,239,52,44,False,False,False,39.8,2026-06-26
2556,SITE-054,PART-4662,20,1,19,66,43,False,True,True,1.2,2026-07-05
2557,SITE-041,PART-3915,192,177,15,28,20,False,True,True,1.2,2026-07-06
2558,SITE-042,PART-5031,46,1,45,40,40,False,False,False,1.9,2024-12-25
2559,SITE-050,PART-9451,61,33,28,37,29,False,True,True,1.2,2026-08-17
2560,SITE-027,PART-2838,247,95,152,49,31,False,False,False,7.6,2023-11-24
2561,SITE-010,PART-2035,418,3,415,66,42,False,False,False,83.0,2023-04-15
2562,SITE-086,PART-7159,252,83,169,86,49,False,False,False,169.0,2023-01-25
2563,SITE-080,PART-4942,253,198,55,53,35,False,False,False,27.5,2026-09-12
2564,SITE-081,PART-2622,164,32,132,62,55,False,False,False,16.5,2026-02-02
2565,SITE-069,PART-7135,45,17,28,40,17,False,True,False,1.8,2024-03-20
2566,SITE-085,PART-6349,479,479,0,36,28,True,True,True,0.0,2024-03-10
2567,SITE-099,PART-6072,410,330,80,88,25,False,True,False,11.4,2025-06-04
2568,SITE-084,PART-8676,481,315,166,83,75,False,False,False,9.2,2026-08-16
2569,SITE-063,PART-2897,341,300,41,41,30,False,False,False,2.0,2025-11-21
2570,SITE-085,PART-3548,474,298,176,35,17,False,False,False,7.7,2023-11-10
2571,SITE-031,PART-8987,497,473,24,52,33,False,True,True,2.2,2023-07-07
2572,SITE-010,PART-3811,225,217,8,88,61,False,True,True,0.7,2025-01-14
2573,SITE-060,PART-2443,453,125,328,51,46,False,False,False,16.4,2025-01-22
2574,SITE-030,PART-4694,271,194,77,53,22,False,False,False,25.7,2026-02-26
2575,SITE-015,PART-2052,306,153,153,23,22,False,False,False,7.7,2026-02-27
2576,SITE-057,PART-2131,269,122,147,95,21,False,False,False,13.4,2024-04-03
2577,SITE-066,PART-5646,133,99,34,54,18,False,True,False,4.2,2025-12-27
2578,SITE-026,PART-2356,57,8,49,51,13,False,True,False,3.1,2023-03-20
2579,SITE-009,PART-2485,321,71,250,58,13,False,False,False,10.9,2025-04-15
2580,SITE-059,PART-4092,237,234,3,95,33,False,True,True,0.1,2026-05-09
2581,SITE-011,PART-1832,274,117,157,88,75,False,False,False,7.1,2026-01-08
2582,SITE-094,PART-2165,337,88,249,90,70,False,False,False,14.6,2025-12-17
2583,SITE-045,PART-8635,261,158,103,90,89,False,False,False,4.9,2024-03-14
2584,SITE-034,PART-6627,345,22,323,41,22,False,False,False,21.5,2026-02-05
2585,SITE-026,PART-1142,8,2,6,25,19,False,True,True,0.3,2025-10-20
2586,SITE-011,PART-3531,425,146,279,78,50,False,False,False,21.5,2025-10-12
2587,SITE-073,PART-8994,281,269,12,95,27,False,True,True,1.2,2023-09-04
2588,SITE-016,PART-3224,497,188,309,73,58,False,False,False,19.3,2025-05-11
2589,SITE-084,PART-3793,308,164,144,100,54,False,False,False,13.1,2026-04-05
2590,SITE-080,PART-2451,325,252,73,20,17,False,False,False,3.6,2023-06-05
2591,SITE-016,PART-4999,321,278,43,84,42,False,True,False,10.8,2026-02-23
2592,SITE-016,PART-4829,157,124,33,86,41,False,True,True,1.4,2023-06-11
2593,SITE-082,PART-4228,409,383,26,26,24,False,False,False,2.6,2026-06-09
2594,SITE-031,PART-8423,373,343,30,56,50,False,True,True,2.5,2024-07-27
2595,SITE-023,PART-4014,327,257,70,80,47,False,True,False,6.4,2025-02-20
2596,SITE-080,PART-9768,238,174,64,30,15,False,False,False,5.3,2024-12-03
2597,SITE-021,PART-4392,391,74,317,39,16,False,False,False,105.7,2023-02-02
2598,SITE-019,PART-4324,84,82,2,78,25,False,True,True,0.1,2024-06-15
2599,SITE-015,PART-5368,124,70,54,73,52,False,True,False,9.0,2024-11-07
2600,SITE-067,PART-2683,233,210,23,69,48,False,True,True,1.0,2026-10-11
2601,SITE-019,PART-5050,146,109,37,77,68,False,True,True,12.3,2023-07-14
2602,SITE-056,PART-3162,225,32,193,46,31,False,False,False,13.8,2026-06-07
2603,SITE-010,PART-8537,346,230,116,26,18,False,False,False,14.5,2023-08-04
2604,SITE-015,PART-1872,437,421,16,98,26,False,True,True,1.5,2025-03-01
2605,SITE-092,PART-8361,2,0,2,55,40,False,True,True,0.1,2024-03-16
2606,SITE-014,PART-3392,320,23,297,92,71,False,False,False,27.0,2023-01-28
2607,SITE-037,PART-4365,253,11,242,90,25,False,False,False,22.0,2025-01-09
2608,SITE-008,PART-1656,395,157,238,55,14,False,False,False,15.9,2025-05-25
2609,SITE-049,PART-3732,417,136,281,74,21,False,False,False,11.2,2026-06-14
2610,SITE-068,PART-5625,486,112,374,87,33,False,False,False,17.8,2023-09-06
2611,SITE-022,PART-5124,387,267,120,100,75,False,False,False,4.8,2026-10-26
2612,SITE-058,PART-3246,268,260,8,86,65,False,True,True,0.4,2026-11-18
2613,SITE-058,PART-5828,493,271,222,22,16,False,False,False,12.3,2025-06-09
2614,SITE-080,PART-7524,192,59,133,44,32,False,False,False,33.2,2026-07-10
2615,SITE-050,PART-3959,199,163,36,85,76,False,True,True,2.1,2026-07-18
2616,SITE-079,PART-3592,209,176,33,87,53,False,True,True,1.8,2025-03-12
2617,SITE-052,PART-7591,309,216,93,33,33,False,False,False,3.7,2026-11-28
2618,SITE-046,PART-7183,56,1,55,26,15,False,False,False,2.6,2023-03-18
2619,SITE-036,PART-5950,204,201,3,68,27,False,True,True,0.1,2024-10-28
2620,SITE-088,PART-7563,10,9,1,91,19,False,True,True,0.0,2025-10-02
2621,SITE-044,PART-7240,48,44,4,26,12,False,True,True,0.2,2025-11-22
2622,SITE-044,PART-3553,298,181,117,82,64,False,False,False,7.3,2024-11-20
2623,SITE-099,PART-4382,229,113,116,99,64,False,False,False,29.0,2026-12-12
2624,SITE-054,PART-6829,103,34,69,83,69,False,True,False,23.0,2025-04-19
2625,SITE-079,PART-9564,396,359,37,91,70,False,True,True,4.1,2026-05-25
2626,SITE-087,PART-7722,122,62,60,30,10,False,False,False,6.0,2026-02-22
2627,SITE-100,PART-7444,18,18,0,74,64,True,True,True,0.0,2023-11-11
2628,SITE-014,PART-1496,188,121,67,35,22,False,False,False,11.2,2026-04-03
2629,SITE-037,PART-5193,75,67,8,83,34,False,True,True,8.0,2023-09-09
2630,SITE-058,PART-7886,395,130,265,62,28,False,False,False,66.2,2025-09-28
2631,SITE-013,PART-6299,36,9,27,57,12,False,True,False,3.0,2026-02-05
2632,SITE-022,PART-6615,123,3,120,23,23,False,False,False,6.0,2023-05-11
2633,SITE-012,PART-3103,143,70,73,64,54,False,False,False,12.2,2023-11-25
2634,SITE-059,PART-2099,82,33,49,86,68,False,True,True,3.5,2026-12-15
2635,SITE-023,PART-1816,11,2,9,28,15,False,True,True,2.2,2024-02-24
2636,SITE-057,PART-6442,271,144,127,43,17,False,False,False,5.1,2025-03-16
2637,SITE-008,PART-5659,295,59,236,96,64,False,False,False,26.2,2026-12-19
2638,SITE-073,PART-7560,86,50,36,90,20,False,True,False,2.2,2024-05-23
2639,SITE-030,PART-4694,266,189,77,89,51,False,True,False,11.0,2023-02-28
2640,SITE-090,PART-2035,270,7,263,67,58,False,False,False,18.8,2024-08-28
2641,SITE-001,PART-3729,305,209,96,78,59,False,False,False,4.8,2023-07-05
2642,SITE-079,PART-4247,290,24,266,51,51,False,False,False,11.1,2024-12-05
2643,SITE-008,PART-7944,390,305,85,57,23,False,False,False,17.0,2023-02-16
2644,SITE-003,PART-8195,108,73,35,68,55,False,True,True,7.0,2024-09-21
2645,SITE-037,PART-5919,359,315,44,68,13,False,True,False,2.0,2024-02-05
2646,SITE-036,PART-7269,337,204,133,73,31,False,False,False,11.1,2025-05-09
2647,SITE-093,PART-1832,400,86,314,87,54,False,False,False,34.9,2023-08-24
2648,SITE-057,PART-8451,340,171,169,24,24,False,False,False,28.2,2025-11-09
2649,SITE-100,PART-9833,391,239,152,67,58,False,False,False,7.6,2026-12-07
2650,SITE-064,PART-5781,268,142,126,92,14,False,False,False,5.7,2026-10-14
2651,SITE-057,PART-3105,274,81,193,68,10,False,False,False,8.0,2026-01-02
2652,SITE-017,PART-9121,14,10,4,72,62,False,True,True,1.0,2026-04-28
2653,SITE-009,PART-5150,339,264,75,59,47,False,False,False,4.4,2024-10-19
2654,SITE-031,PART-5875,96,33,63,75,32,False,True,False,3.9,2023-06-15
2655,SITE-051,PART-4603,131,7,124,45,20,False,False,False,31.0,2024-05-13
2656,SITE-044,PART-8635,289,33,256,93,44,False,False,False,12.8,2025-06-11
2657,SITE-083,PART-9118,173,41,132,58,27,False,False,False,12.0,2024-06-20
2658,SITE-067,PART-9492,467,266,201,24,10,False,False,False,25.1,2026-06-05
2659,SITE-036,PART-9211,235,194,41,53,18,False,True,False,2.9,2023-01-16
2660,SITE-094,PART-1647,426,232,194,84,72,False,False,False,9.2,2023-07-18
2661,SITE-089,PART-9208,178,151,27,34,34,False,True,True,2.2,2024-06-16
2662,SITE-091,PART-9097,55,18,37,25,18,False,False,False,3.1,2023-04-04
2663,SITE-054,PART-5031,35,29,6,62,13,False,True,True,0.5,2026-03-18
2664,SITE-021,PART-3731,100,18,82,22,19,False,False,False,82.0,2024-08-20
2665,SITE-087,PART-6153,244,128,116,40,40,False,False,False,7.2,2025-02-19
2666,SITE-091,PART-1061,167,22,145,95,65,False,False,False,8.1,2024-09-14
2667,SITE-068,PART-6588,344,160,184,85,16,False,False,False,10.2,2026-06-21
2668,SITE-056,PART-3251,466,331,135,68,37,False,False,False,22.5,2023-07-09
2669,SITE-034,PART-5698,360,39,321,51,24,False,False,False,45.9,2024-07-17
2670,SITE-038,PART-9589,233,21,212,83,29,False,False,False,21.2,2023-01-24
2671,SITE-068,PART-4450,379,154,225,54,29,False,False,False,225.0,2024-06-20
2672,SITE-027,PART-9678,9,6,3,41,10,False,True,True,0.2,2024-09-14
2673,SITE-092,PART-4918,14,4,10,79,68,False,True,True,1.1,2025-07-10
2674,SITE-071,PART-4365,144,75,69,77,51,False,True,False,5.3,2026-08-10
2675,SITE-005,PART-2683,66,66,0,80,61,True,True,True,0.0,2024-01-01
2676,SITE-099,PART-7431,490,158,332,36,14,False,False,False,166.0,2025-05-25
2677,SITE-093,PART-8008,209,26,183,49,24,False,False,False,45.8,2026-02-14
2678,SITE-037,PART-3121,18,14,4,31,26,False,True,True,0.2,2026-11-09
2679,SITE-019,PART-5011,45,3,42,99,49,False,True,True,5.2,2025-02-08
2680,SITE-076,PART-3793,275,70,205,54,12,False,False,False,9.8,2025-09-19
2681,SITE-061,PART-3452,404,302,102,33,21,False,False,False,34.0,2026-07-21
2682,SITE-029,PART-7625,54,30,24,69,51,False,True,True,1.0,2024-07-04
2683,SITE-037,PART-7740,413,345,68,84,16,False,True,False,3.1,2026-01-03
2684,SITE-057,PART-5921,45,27,18,41,30,False,True,True,1.1,2024-10-19
2685,SITE-094,PART-3360,113,69,44,33,19,False,False,False,2.2,2023-08-23
2686,SITE-048,PART-7190,263,144,119,36,13,False,False,False,7.9,2024-03-15
2687,SITE-020,PART-3895,292,180,112,49,43,False,False,False,7.0,2024-07-08
2688,SITE-070,PART-8762,322,264,58,37,19,False,False,False,2.3,2026-03-14
2689,SITE-021,PART-1456,458,45,413,62,30,False,False,False,68.8,2026-03-18
2690,SITE-029,PART-2748,497,195,302,78,23,False,False,False,15.1,2025-05-19
2691,SITE-070,PART-9255,40,23,17,98,65,False,True,True,2.4,2025-03-22
2692,SITE-088,PART-7534,287,264,23,93,89,False,True,True,7.7,2026-12-15
2693,SITE-019,PART-9843,41,2,39,74,38,False,True,False,13.0,2024-09-08
2694,SITE-052,PART-7428,309,2,307,99,26,False,False,False,25.6,2026-11-22
2695,SITE-032,PART-8593,287,119,168,58,14,False,False,False,24.0,2023-02-20
2696,SITE-013,PART-6762,20,18,2,59,25,False,True,True,0.1,2024-12-16
2697,SITE-096,PART-7136,58,4,54,34,28,False,False,False,10.8,2024-01-07
2698,SITE-098,PART-3109,297,24,273,55,51,False,False,False,27.3,2023-10-27
2699,SITE-024,PART-6922,358,169,189,45,41,False,False,False,18.9,2024-01-06
2700,SITE-029,PART-8876,26,9,17,37,13,False,True,False,1.9,2026-12-09
2701,SITE-077,PART-9549,488,333,155,90,15,False,False,False,7.8,2023-02-25
2702,SITE-073,PART-7345,60,38,22,37,12,False,True,False,1.2,2025-09-22
2703,SITE-008,PART-7366,279,122,157,20,12,False,False,False,6.3,2023-01-03
2704,SITE-097,PART-6784,304,277,27,83,50,False,True,True,3.4,2025-10-02
2705,SITE-042,PART-8361,29,22,7,66,24,False,True,True,0.4,2025-10-12
2706,SITE-005,PART-2396,186,68,118,61,22,False,False,False,13.1,2023-08-24
2707,SITE-080,PART-3280,7,3,4,95,71,False,True,True,0.2,2025-03-05
2708,SITE-042,PART-3105,72,12,60,45,34,False,False,False,10.0,2025-05-19
2709,SITE-068,PART-4547,110,90,20,87,11,False,True,False,20.0,2024-04-16
2710,SITE-076,PART-3646,232,89,143,66,42,False,False,False,20.4,2023-06-03
2711,SITE-090,PART-1684,349,337,12,39,13,False,True,True,1.5,2024-07-24
2712,SITE-088,PART-2419,242,183,59,44,15,False,False,False,3.3,2025-01-28
2713,SITE-035,PART-4603,53,42,11,83,50,False,True,True,1.4,2026-03-24
2714,SITE-044,PART-1783,234,113,121,57,33,False,False,False,17.3,2025-07-14
2715,SITE-092,PART-2404,176,171,5,24,24,False,True,True,0.3,2023-11-23
2716,SITE-011,PART-6888,195,31,164,31,10,False,False,False,7.5,2026-08-06
2717,SITE-009,PART-6814,455,75,380,21,17,False,False,False,29.2,2024-06-06
2718,SITE-097,PART-8126,180,178,2,49,19,False,True,True,0.1,2023-01-02
2719,SITE-001,PART-2516,291,107,184,21,10,False,False,False,46.0,2024-04-09
2720,SITE-075,PART-9586,327,54,273,21,10,False,False,False,30.3,2023-06-01
2721,SITE-062,PART-9162,154,21,133,100,37,False,False,False,8.9,2024-09-22
2722,SITE-073,PART-9634,390,291,99,70,57,False,False,False,12.4,2023-03-16
2723,SITE-082,PART-1055,11,7,4,77,51,False,True,True,0.2,2023-02-28
2724,SITE-047,PART-7189,138,68,70,23,18,False,False,False,3.0,2026-10-03
2725,SITE-021,PART-3819,356,254,102,78,53,False,False,False,20.4,2026-10-19
2726,SITE-022,PART-9933,479,349,130,64,19,False,False,False,7.6,2024-03-22
2727,SITE-015,PART-4680,167,110,57,23,19,False,False,False,5.2,2024-08-08
2728,SITE-093,PART-9292,218,86,132,64,63,False,False,False,33.0,2026-01-15
2729,SITE-072,PART-7833,303,131,172,38,29,False,False,False,12.3,2023-11-08
2730,SITE-046,PART-8003,302,275,27,84,71,False,True,True,5.4,2025-03-22
2731,SITE-017,PART-4804,76,62,14,53,20,False,True,True,2.8,2023-02-23
2732,SITE-050,PART-9162,305,97,208,55,48,False,False,False,208.0,2026-05-24
2733,SITE-053,PART-1055,236,205,31,34,14,False,True,False,1.8,2026-11-19
2734,SITE-063,PART-6588,188,33,155,29,12,False,False,False,8.2,2026-03-14
2735,SITE-009,PART-6371,341,322,19,21,13,False,True,False,1.4,2026-01-18
2736,SITE-048,PART-9993,353,131,222,51,50,False,False,False,14.8,2024-11-02
2737,SITE-003,PART-6908,177,13,164,97,47,False,False,False,27.3,2025-10-08
2738,SITE-013,PART-1575,451,371,80,69,67,False,False,False,3.3,2025-04-02
2739,SITE-025,PART-1433,143,4,139,31,31,False,False,False,139.0,2023-10-08
2740,SITE-026,PART-5321,418,138,280,48,26,False,False,False,16.5,2026-02-26
2741,SITE-078,PART-3895,94,54,40,55,33,False,True,False,2.9,2024-01-27
2742,SITE-033,PART-7263,420,26,394,97,81,False,False,False,19.7,2026-11-04
2743,SITE-075,PART-7121,77,1,76,26,22,False,False,False,5.4,2024-04-26
2744,SITE-090,PART-6349,318,44,274,63,63,False,False,False,68.5,2025-11-10
2745,SITE-100,PART-4128,131,50,81,85,18,False,True,False,16.2,2026-06-04
2746,SITE-047,PART-5982,370,139,231,39,37,False,False,False,12.2,2026-06-02
2747,SITE-002,PART-7138,85,63,22,95,39,False,True,True,1.0,2023-11-04
2748,SITE-093,PART-9371,195,80,115,86,63,False,False,False,4.8,2024-01-28
2749,SITE-058,PART-1347,27,5,22,66,29,False,True,True,5.5,2025-07-24
2750,SITE-054,PART-6101,277,147,130,35,12,False,False,False,11.8,2024-03-17
2751,SITE-054,PART-2100,198,23,175,94,36,False,False,False,87.5,2025-04-10
2752,SITE-057,PART-1496,107,92,15,76,51,False,True,True,0.7,2023-06-09
2753,SITE-035,PART-4518,432,74,358,69,31,False,False,False,17.0,2025-05-20
2754,SITE-035,PART-2622,273,12,261,51,29,False,False,False,11.3,2024-07-22
2755,SITE-015,PART-4748,210,157,53,74,68,False,True,True,2.4,2025-03-16
2756,SITE-002,PART-4001,367,261,106,28,19,False,False,False,21.2,2025-06-22
2757,SITE-032,PART-1266,183,81,102,26,24,False,False,False,4.6,2026-07-27
2758,SITE-016,PART-7625,384,157,227,69,42,False,False,False,45.4,2026-05-08
2759,SITE-070,PART-8723,110,25,85,39,24,False,False,False,10.6,2023-10-12
2760,SITE-008,PART-5121,448,21,427,76,48,False,False,False,21.4,2026-07-03
2761,SITE-089,PART-8675,54,20,34,56,45,False,True,True,1.8,2025-02-13
2762,SITE-049,PART-2380,54,28,26,32,25,False,True,False,1.5,2024-10-18
2763,SITE-059,PART-5646,143,33,110,45,42,False,False,False,22.0,2026-03-06
2764,SITE-091,PART-2295,51,7,44,39,34,False,False,False,2.1,2025-10-18
2765,SITE-022,PART-9921,288,60,228,56,36,False,False,False,9.9,2025-04-21
2766,SITE-029,PART-6442,411,230,181,55,25,False,False,False,9.5,2025-12-14
2767,SITE-100,PART-6513,49,0,49,79,34,False,True,False,2.5,2024-06-07
2768,SITE-087,PART-2331,145,8,137,30,24,False,False,False,9.8,2025-04-13
2769,SITE-009,PART-9795,352,310,42,76,64,False,True,True,10.5,2024-07-16
2770,SITE-066,PART-8214,340,100,240,39,21,False,False,False,18.5,2024-11-04
2771,SITE-083,PART-5646,415,81,334,41,29,False,False,False,37.1,2023-06-25
2772,SITE-032,PART-6944,293,31,262,36,28,False,False,False,87.3,2025-04-11
2773,SITE-052,PART-3915,209,76,133,50,25,False,False,False,133.0,2026-10-14
2774,SITE-073,PART-4545,303,247,56,43,24,False,False,False,9.3,2023-05-24
2775,SITE-036,PART-6842,38,37,1,82,43,False,True,True,0.1,2023-11-09
2776,SITE-060,PART-6719,167,161,6,48,48,False,True,True,0.3,2024-12-16
2777,SITE-043,PART-8555,297,71,226,60,55,False,False,False,25.1,2023-04-09
2778,SITE-024,PART-1291,227,75,152,68,36,False,False,False,19.0,2024-04-18
2779,SITE-045,PART-1129,415,336,79,98,80,False,True,True,4.2,2024-04-25
2780,SITE-040,PART-8694,244,177,67,88,54,False,True,False,3.9,2025-01-01
2781,SITE-100,PART-4694,286,25,261,35,21,False,False,False,261.0,2025-05-27
2782,SITE-073,PART-7165,435,266,169,51,14,False,False,False,10.6,2023-03-19
2783,SITE-015,PART-6627,65,8,57,94,16,False,True,False,11.4,2025-04-14
2784,SITE-071,PART-3543,152,45,107,31,27,False,False,False,13.4,2024-07-07
2785,SITE-001,PART-3793,78,49,29,22,22,False,False,False,1.2,2025-05-14
2786,SITE-059,PART-1416,267,186,81,28,21,False,False,False,4.0,2023-11-16
2787,SITE-034,PART-9272,47,42,5,20,14,False,True,True,0.7,2023-05-12
2788,SITE-059,PART-4662,483,283,200,91,61,False,False,False,22.2,2026-12-12
2789,SITE-058,PART-3254,451,5,446,38,20,False,False,False,27.9,2025-11-07
2790,SITE-095,PART-3896,260,0,260,97,36,False,False,False,52.0,2025-04-22
2791,SITE-030,PART-6983,153,27,126,79,39,False,False,False,7.0,2023-09-02
2792,SITE-038,PART-5121,140,26,114,46,17,False,False,False,4.8,2025-09-21
2793,SITE-050,PART-1783,65,36,29,85,10,False,True,False,9.7,2025-10-18
2794,SITE-096,PART-4228,334,171,163,89,45,False,False,False,11.6,2025-07-28
2795,SITE-075,PART-4055,77,67,10,55,42,False,True,True,0.8,2025-01-22
2796,SITE-089,PART-7560,73,62,11,23,20,False,True,True,0.7,2024-07-10
2797,SITE-044,PART-9921,312,168,144,25,20,False,False,False,16.0,2023-09-04
2798,SITE-065,PART-2963,334,42,292,94,59,False,False,False,32.4,2023-12-06
2799,SITE-027,PART-3343,186,126,60,65,52,False,True,False,20.0,2024-02-17
2800,SITE-027,PART-8127,214,33,181,85,78,False,False,False,8.2,2025-04-06
2801,SITE-020,PART-8219,341,331,10,60,47,False,True,True,10.0,2023-08-23
2802,SITE-084,PART-2963,410,129,281,71,52,False,False,False,281.0,2024-12-04
2803,SITE-013,PART-7232,230,184,46,84,58,False,True,True,3.5,2025-02-16
2804,SITE-015,PART-4092,57,44,13,69,56,False,True,True,0.7,2023-11-19
2805,SITE-011,PART-2779,457,443,14,44,26,False,True,True,0.8,2026-09-24
2806,SITE-027,PART-8423,412,69,343,85,73,False,False,False,16.3,2025-06-09
2807,SITE-024,PART-9805,263,27,236,94,16,False,False,False,9.8,2026-04-03
2808,SITE-072,PART-3457,195,7,188,51,33,False,False,False,8.2,2025-07-22
2809,SITE-081,PART-9204,463,317,146,32,29,False,False,False,24.3,2025-01-11
2810,SITE-074,PART-2140,20,20,0,66,12,True,True,True,0.0,2023-03-11
2811,SITE-077,PART-2516,58,38,20,76,26,False,True,True,6.7,2023-12-19
2812,SITE-091,PART-7290,89,12,77,93,90,False,True,True,4.5,2025-08-05
2813,SITE-051,PART-2521,103,7,96,33,28,False,False,False,6.4,2026-11-19
2814,SITE-040,PART-1710,276,94,182,84,47,False,False,False,13.0,2023-08-09
2815,SITE-062,PART-1547,49,30,19,35,28,False,True,True,1.3,2025-05-07
2816,SITE-017,PART-5354,176,51,125,87,47,False,False,False,7.4,2026-02-22
2817,SITE-006,PART-7971,144,77,67,22,20,False,False,False,13.4,2024-06-11
2818,SITE-098,PART-3349,132,110,22,69,27,False,True,True,7.3,2026-11-05
2819,SITE-077,PART-8987,92,36,56,67,65,False,True,True,7.0,2025-12-17
2820,SITE-100,PART-2127,422,48,374,89,53,False,False,False,374.0,2024-02-20
2821,SITE-015,PART-9097,315,24,291,94,53,False,False,False,58.2,2024-03-14
2822,SITE-062,PART-1218,30,5,25,62,44,False,True,True,1.1,2024-02-19
2823,SITE-032,PART-4228,412,165,247,43,38,False,False,False,11.8,2024-01-23
2824,SITE-016,PART-6330,202,173,29,59,40,False,True,True,1.6,2023-02-27
2825,SITE-032,PART-9843,85,16,69,81,32,False,True,False,2.9,2026-12-10
2826,SITE-094,PART-1926,446,119,327,67,53,False,False,False,32.7,2025-09-26
2827,SITE-084,PART-1061,333,255,78,86,61,False,True,False,6.5,2026-03-02
2828,SITE-088,PART-5460,439,376,63,70,15,False,True,False,3.9,2026-10-03
2829,SITE-087,PART-9309,79,3,76,40,21,False,False,False,38.0,2024-06-23
2830,SITE-080,PART-6812,202,175,27,67,50,False,True,True,1.2,2024-06-08
2831,SITE-076,PART-6805,469,351,118,98,93,False,False,False,59.0,2025-10-26
2832,SITE-100,PART-9211,45,45,0,94,48,True,True,True,0.0,2025-07-02
2833,SITE-077,PART-9128,449,143,306,89,59,False,False,False,30.6,2026-04-11
2834,SITE-051,PART-6513,240,157,83,91,69,False,True,False,9.2,2024-08-26
2835,SITE-061,PART-6442,322,140,182,27,19,False,False,False,7.9,2025-11-20
2836,SITE-076,PART-3193,249,69,180,91,43,False,False,False,45.0,2023-06-23
2837,SITE-016,PART-5781,171,35,136,95,95,False,False,False,10.5,2024-06-11
2838,SITE-012,PART-7045,464,314,150,27,25,False,False,False,8.3,2026-09-25
2839,SITE-080,PART-9293,253,145,108,93,72,False,False,False,4.7,2023-03-14
2840,SITE-030,PART-6072,408,373,35,59,47,False,True,True,1.6,2026-05-13
2841,SITE-083,PART-9284,194,79,115,80,12,False,False,False,5.0,2025-05-05
2842,SITE-043,PART-2779,254,203,51,96,83,False,True,True,3.0,2026-05-13
2843,SITE-033,PART-1930,396,265,131,23,23,False,False,False,7.7,2025-10-23
2844,SITE-097,PART-2035,16,5,11,78,63,False,True,True,5.5,2026-03-13
2845,SITE-032,PART-4662,238,18,220,37,22,False,False,False,9.6,2024-10-11
2846,SITE-024,PART-9077,135,74,61,39,22,False,False,False,2.8,2023-08-11
2847,SITE-010,PART-1405,320,132,188,65,59,False,False,False,62.7,2026-11-21
2848,SITE-031,PART-5031,195,133,62,90,86,False,True,True,8.9,2023-05-20
2849,SITE-061,PART-6805,263,214,49,99,34,False,True,False,2.5,2024-12-28
2850,SITE-018,PART-9893,237,116,121,55,54,False,False,False,9.3,2026-10-13
2851,SITE-093,PART-1134,402,143,259,79,19,False,False,False,17.3,2024-07-25
2852,SITE-044,PART-2148,312,31,281,27,27,False,False,False,70.2,2025-06-28
2853,SITE-071,PART-2165,459,81,378,33,24,False,False,False,31.5,2025-07-14
2854,SITE-050,PART-1236,50,1,49,39,12,False,False,False,8.2,2024-02-18
2855,SITE-003,PART-2135,94,46,48,85,72,False,True,True,3.4,2024-09-01
2856,SITE-076,PART-9632,490,206,284,63,24,False,False,False,20.3,2024-05-14
2857,SITE-031,PART-9194,229,197,32,87,42,False,True,True,1.4,2023-06-02
2858,SITE-061,PART-9371,153,52,101,28,14,False,False,False,4.2,2026-02-12
2859,SITE-014,PART-8420,443,169,274,77,48,False,False,False,14.4,2025-10-26
2860,SITE-061,PART-2356,293,120,173,89,40,False,False,False,19.2,2024-04-10
2861,SITE-042,PART-1591,133,131,2,27,25,False,True,True,0.1,2023-05-12
2862,SITE-053,PART-2003,144,109,35,88,70,False,True,True,3.9,2026-07-04
2863,SITE-011,PART-7083,58,11,47,26,24,False,False,False,47.0,2024-01-28
2864,SITE-091,PART-3160,159,87,72,36,17,False,False,False,2.9,2023-12-08
2865,SITE-018,PART-6762,445,198,247,91,65,False,False,False,10.3,2023-09-07
2866,SITE-015,PART-6811,135,116,19,65,17,False,True,False,6.3,2025-04-15
2867,SITE-064,PART-5200,252,170,82,43,21,False,False,False,9.1,2026-10-17
2868,SITE-096,PART-9528,35,22,13,55,16,False,True,True,0.6,2024-06-17
2869,SITE-001,PART-2445,258,8,250,59,31,False,False,False,10.9,2023-01-22
2870,SITE-098,PART-2802,368,321,47,38,22,False,False,False,3.4,2026-05-26
2871,SITE-080,PART-5709,222,24,198,59,48,False,False,False,198.0,2025-03-14
2872,SITE-037,PART-5982,384,212,172,92,36,False,False,False,7.8,2024-08-05
2873,SITE-092,PART-8994,387,112,275,91,60,False,False,False,34.4,2025-01-15
2874,SITE-025,PART-1695,326,209,117,82,59,False,False,False,39.0,2023-03-24
2875,SITE-006,PART-5072,454,445,9,66,33,False,True,True,0.9,2025-05-03
2876,SITE-083,PART-1660,56,5,51,86,66,False,True,True,2.8,2023-01-04
2877,SITE-011,PART-1873,266,191,75,48,18,False,False,False,4.7,2025-09-21
2878,SITE-056,PART-4543,346,208,138,46,41,False,False,False,5.8,2023-10-05
2879,SITE-003,PART-5150,23,9,14,52,43,False,True,True,0.8,2023-06-23
2880,SITE-018,PART-7413,445,99,346,48,11,False,False,False,57.7,2025-06-10
2881,SITE-092,PART-1557,303,90,213,43,28,False,False,False,11.8,2023-06-28
2882,SITE-086,PART-8279,152,27,125,33,23,False,False,False,7.4,2025-10-26
2883,SITE-011,PART-6572,234,19,215,32,32,False,False,False,12.6,2023-05-28
2884,SITE-037,PART-2733,65,4,61,56,56,False,False,False,4.7,2023-09-15
2885,SITE-098,PART-9451,492,240,252,59,36,False,False,False,28.0,2025-09-13
2886,SITE-035,PART-1259,471,42,429,37,30,False,False,False,20.4,2026-03-15
2887,SITE-013,PART-2698,476,269,207,80,58,False,False,False,14.8,2026-07-28
2888,SITE-095,PART-6330,406,152,254,63,45,False,False,False,25.4,2023-04-27
2889,SITE-001,PART-7213,477,46,431,78,22,False,False,False,43.1,2026-03-16
2890,SITE-022,PART-7008,223,95,128,35,32,False,False,False,11.6,2025-03-25
2891,SITE-060,PART-7785,212,83,129,70,65,False,False,False,10.8,2024-10-27
2892,SITE-022,PART-5982,473,107,366,89,21,False,False,False,61.0,2026-06-19
2893,SITE-038,PART-8396,365,25,340,83,52,False,False,False,48.6,2024-10-06
2894,SITE-070,PART-7560,499,342,157,96,49,False,False,False,7.5,2026-10-02
2895,SITE-021,PART-5664,15,6,9,24,13,False,True,True,0.4,2024-11-01
2896,SITE-035,PART-1474,0,0,0,91,10,True,True,True,0.0,2024-08-06
2897,SITE-084,PART-3887,39,19,20,21,16,False,True,False,10.0,2025-05-27
2898,SITE-062,PART-6819,163,10,153,62,58,False,False,False,21.9,2023-12-26
2899,SITE-095,PART-5214,451,155,296,37,22,False,False,False,17.4,2024-12-07
2900,SITE-088,PART-8163,253,62,191,51,30,False,False,False,9.1,2023-02-04
2901,SITE-082,PART-1327,26,14,12,63,46,False,True,True,1.2,2023-12-04
2902,SITE-009,PART-6842,25,12,13,37,33,False,True,True,2.6,2026-04-02
2903,SITE-069,PART-3793,427,209,218,85,76,False,False,False,9.5,2024-06-28
2904,SITE-085,PART-1872,200,8,192,89,72,False,False,False,19.2,2025-08-04
2905,SITE-092,PART-2116,313,269,44,27,23,False,False,False,2.3,2023-02-14
2906,SITE-094,PART-1129,64,32,32,97,74,False,True,True,4.6,2024-03-08
2907,SITE-094,PART-2135,40,5,35,89,88,False,True,True,1.7,2026-09-28
2908,SITE-040,PART-3228,7,5,2,68,19,False,True,True,0.2,2025-03-21
2909,SITE-003,PART-5726,7,4,3,76,65,False,True,True,0.1,2026-03-09
2910,SITE-036,PART-5982,258,119,139,68,36,False,False,False,9.9,2025-04-08
2911,SITE-021,PART-9606,227,48,179,80,78,False,False,False,25.6,2023-04-27
2912,SITE-006,PART-7314,441,55,386,76,14,False,False,False,64.3,2025-08-08
2913,SITE-092,PART-3781,84,72,12,85,21,False,True,True,0.9,2025-07-11
2914,SITE-032,PART-3162,473,417,56,56,37,False,False,False,2.3,2023-05-14
2915,SITE-003,PART-7441,198,124,74,26,23,False,False,False,4.1,2026-01-11
2916,SITE-002,PART-6431,280,274,6,53,48,False,True,True,0.2,2024-06-27
2917,SITE-031,PART-2927,285,265,20,21,11,False,True,False,2.5,2023-11-23
2918,SITE-036,PART-1684,144,53,91,27,26,False,False,False,5.1,2023-10-13
2919,SITE-099,PART-4297,54,26,28,74,36,False,True,True,2.3,2026-04-18
2920,SITE-017,PART-6854,260,75,185,85,38,False,False,False,14.2,2024-01-05
2921,SITE-014,PART-8316,383,77,306,58,36,False,False,False,25.5,2026-01-16
2922,SITE-084,PART-8200,236,101,135,76,65,False,False,False,7.9,2026-04-09
2923,SITE-059,PART-4918,160,39,121,61,38,False,False,False,6.0,2023-01-14
2924,SITE-051,PART-5046,60,6,54,54,36,False,False,False,2.8,2025-03-17
2925,SITE-083,PART-9492,67,47,20,28,21,False,True,True,1.2,2026-03-05
2926,SITE-078,PART-5988,141,62,79,97,74,False,True,False,3.3,2024-09-08
2927,SITE-065,PART-3602,46,7,39,74,71,False,True,True,2.1,2024-07-02
2928,SITE-100,PART-2773,429,176,253,100,10,False,False,False,11.0,2025-02-13
2929,SITE-033,PART-2127,220,49,171,75,33,False,False,False,7.4,2024-05-01
2930,SITE-007,PART-3333,378,332,46,47,21,False,True,False,6.6,2024-05-12
2931,SITE-093,PART-9213,339,185,154,54,24,False,False,False,17.1,2025-04-08
2932,SITE-039,PART-4662,128,70,58,59,33,False,True,False,2.6,2024-10-06
2933,SITE-081,PART-4713,40,27,13,90,43,False,True,True,0.6,2026-01-11
2934,SITE-085,PART-1591,363,276,87,60,17,False,False,False,5.1,2026-05-01
2935,SITE-009,PART-6768,324,229,95,70,52,False,False,False,4.0,2025-02-04
2936,SITE-085,PART-2958,371,369,2,56,51,False,True,True,0.1,2024-10-25
2937,SITE-078,PART-3064,334,22,312,87,38,False,False,False,312.0,2024-05-06
2938,SITE-011,PART-3808,7,4,3,87,33,False,True,True,0.1,2023-06-18
2939,SITE-016,PART-3452,209,27,182,82,51,False,False,False,9.6,2024-08-26
2940,SITE-066,PART-4354,175,119,56,63,30,False,True,False,8.0,2025-06-07
2941,SITE-082,PART-7823,346,203,143,94,23,False,False,False,6.5,2025-09-23
2942,SITE-047,PART-8483,75,69,6,30,10,False,True,True,0.4,2026-09-16
2943,SITE-030,PART-3691,273,168,105,56,13,False,False,False,5.0,2023-11-25
2944,SITE-019,PART-9340,190,29,161,64,64,False,False,False,7.0,2025-12-27
2945,SITE-022,PART-4181,49,29,20,80,64,False,True,True,1.3,2025-12-27
2946,SITE-019,PART-7136,48,26,22,84,23,False,True,True,1.0,2026-07-23
2947,SITE-086,PART-6803,31,29,2,46,43,False,True,True,0.4,2025-12-26
2948,SITE-032,PART-7431,425,399,26,46,36,False,True,True,8.7,2026-01-13
2949,SITE-095,PART-7087,187,169,18,50,46,False,True,True,2.6,2024-03-10
2950,SITE-039,PART-5219,301,292,9,22,11,False,True,True,1.0,2024-11-13
2951,SITE-064,PART-3161,297,83,214,49,45,False,False,False,13.4,2026-05-07
2952,SITE-003,PART-4277,493,173,320,96,44,False,False,False,35.6,2023-11-27
2953,SITE-025,PART-5445,432,110,322,35,32,False,False,False,20.1,2024-10-27
2954,SITE-007,PART-8195,323,125,198,76,35,False,False,False,49.5,2026-05-24
2955,SITE-091,PART-8762,66,34,32,24,22,False,False,False,8.0,2025-02-01
2956,SITE-031,PART-8214,452,272,180,84,30,False,False,False,16.4,2026-11-08
2957,SITE-013,PART-4112,330,99,231,67,29,False,False,False,14.4,2023-06-27
2958,SITE-028,PART-8768,178,178,0,80,43,True,True,True,0.0,2025-10-21
2959,SITE-040,PART-6430,116,29,87,35,20,False,False,False,10.9,2023-05-23
2960,SITE-069,PART-6768,117,45,72,100,39,False,True,False,2.9,2026-07-16
2961,SITE-010,PART-1777,369,18,351,73,53,False,False,False,58.5,2026-07-25
2962,SITE-007,PART-4771,334,173,161,90,28,False,False,False,12.4,2023-08-21
2963,SITE-088,PART-4713,290,171,119,61,27,False,False,False,5.0,2023-03-13
2964,SITE-065,PART-3715,223,216,7,42,11,False,True,True,0.5,2026-03-21
2965,SITE-014,PART-2673,150,9,141,49,22,False,False,False,47.0,2026-04-20
2966,SITE-041,PART-2779,267,119,148,95,12,False,False,False,18.5,2023-09-28
2967,SITE-011,PART-8279,234,27,207,91,91,False,False,False,14.8,2026-06-08
2968,SITE-028,PART-5990,363,273,90,97,37,False,True,False,15.0,2024-02-16
2969,SITE-038,PART-2148,296,210,86,28,16,False,False,False,6.1,2025-04-06
2970,SITE-084,PART-1456,212,53,159,66,16,False,False,False,79.5,2024-09-18
2971,SITE-018,PART-2665,167,45,122,63,33,False,False,False,20.3,2026-12-06
2972,SITE-082,PART-6991,423,343,80,77,71,False,False,False,26.7,2026-12-16
2973,SITE-062,PART-5959,162,17,145,98,43,False,False,False,18.1,2026-01-06
2974,SITE-067,PART-2773,289,182,107,35,11,False,False,False,5.3,2025-05-04
2975,SITE-084,PART-5460,465,239,226,84,52,False,False,False,113.0,2023-05-04
2976,SITE-011,PART-5445,483,416,67,98,77,False,True,True,3.5,2025-02-21
2977,SITE-070,PART-7203,177,49,128,33,12,False,False,False,42.7,2025-09-20
2978,SITE-075,PART-9754,251,186,65,90,45,False,True,False,8.1,2023-04-03
2979,SITE-082,PART-3896,32,9,23,69,23,False,True,False,3.8,2024-08-11
2980,SITE-092,PART-8676,292,136,156,27,10,False,False,False,17.3,2026-04-15
2981,SITE-082,PART-8273,440,114,326,39,14,False,False,False,54.3,2023-11-28
2982,SITE-076,PART-3896,172,161,11,85,80,False,True,True,1.6,2025-02-26
2983,SITE-077,PART-1656,381,143,238,26,21,False,False,False,19.8,2024-04-02
2984,SITE-042,PART-9320,122,19,103,57,56,False,False,False,34.3,2023-08-22
2985,SITE-085,PART-4781,279,7,272,67,12,False,False,False,272.0,2023-04-11
2986,SITE-040,PART-3201,88,84,4,46,27,False,True,True,0.2,2024-03-15
2987,SITE-012,PART-7358,180,31,149,58,28,False,False,False,6.5,2024-07-28
2988,SITE-064,PART-2445,278,77,201,97,12,False,False,False,25.1,2024-10-24
2989,SITE-037,PART-2521,457,145,312,42,23,False,False,False,17.3,2025-08-25
2990,SITE-061,PART-4518,431,44,387,58,18,False,False,False,35.2,2026-03-04
2991,SITE-096,PART-6884,456,157,299,67,25,False,False,False,13.0,2023-10-27
2992,SITE-093,PART-2779,172,9,163,70,36,False,False,False,23.3,2024-12-14
2993,SITE-078,PART-4370,364,261,103,76,33,False,False,False,51.5,2023-06-09
2994,SITE-076,PART-6371,28,2,26,96,21,False,True,False,1.5,2023-10-26
2995,SITE-032,PART-3995,41,7,34,97,76,False,True,True,1.9,2026-02-18
2996,SITE-076,PART-7093,411,257,154,97,58,False,False,False,30.8,2025-03-05
2997,SITE-082,PART-6442,392,81,311,67,31,False,False,False,18.3,2024-01-11
2998,SITE-100,PART-2784,136,51,85,71,33,False,False,False,21.2,2026-04-23
2999,SITE-021,PART-3959,47,41,6,43,43,False,True,True,0.9,2026-04-07
3000,SITE-068,PART-3995,198,140,58,67,45,False,True,False,8.3,2026-08-03
3001,SITE-049,PART-8200,19,16,3,39,38,False,True,True,0.3,2023-11-16
3002,SITE-081,PART-6574,489,165,324,73,60,False,False,False,46.3,2024-10-28
3003,SITE-032,PART-1783,280,261,19,63,26,False,True,True,1.1,2025-12-07
3004,SITE-086,PART-6112,393,31,362,46,42,False,False,False,36.2,2023-01-07
3005,SITE-019,PART-3064,171,2,169,69,21,False,False,False,24.1,2024-09-26
3006,SITE-048,PART-7745,232,53,179,65,57,False,False,False,89.5,2026-03-10
3007,SITE-067,PART-3472,2,2,0,50,50,True,True,True,0.0,2026-04-06
3008,SITE-052,PART-2758,67,1,66,92,86,False,True,True,7.3,2024-12-22
3009,SITE-094,PART-8523,399,109,290,80,58,False,False,False,13.8,2023-02-12
3010,SITE-016,PART-7259,91,35,56,56,24,False,False,False,9.3,2024-02-10
3011,SITE-034,PART-1832,440,136,304,92,90,False,False,False,76.0,2023-11-04
3012,SITE-051,PART-8420,303,295,8,75,23,False,True,True,1.6,2026-10-08
3013,SITE-054,PART-7590,194,150,44,35,32,False,False,False,7.3,2023-01-22
3014,SITE-029,PART-1682,359,19,340,45,25,False,False,False,68.0,2023-06-13
3015,SITE-088,PART-2683,316,44,272,40,23,False,False,False,272.0,2023-06-07
3016,SITE-047,PART-5238,368,27,341,32,24,False,False,False,37.9,2023-09-10
3017,SITE-088,PART-3548,1,1,0,33,18,True,True,True,0.0,2024-08-17
3018,SITE-042,PART-1647,435,31,404,66,38,False,False,False,101.0,2025-04-08
3019,SITE-040,PART-1414,238,165,73,33,25,False,False,False,7.3,2025-03-02
3020,SITE-037,PART-3285,435,204,231,34,21,False,False,False,11.0,2023-06-23
3021,SITE-009,PART-6299,352,172,180,39,19,False,False,False,7.2,2024-10-04
3022,SITE-039,PART-6826,457,195,262,42,24,False,False,False,21.8,2025-06-11
3023,SITE-068,PART-5072,426,393,33,68,12,False,True,False,5.5,2024-02-24
3024,SITE-085,PART-7036,435,300,135,71,39,False,False,False,9.0,2023-12-13
3025,SITE-003,PART-6951,469,224,245,24,22,False,False,False,17.5,2026-05-01
3026,SITE-065,PART-8003,471,193,278,26,16,False,False,False,278.0,2025-07-20
3027,SITE-009,PART-7591,100,31,69,65,65,False,False,False,3.8,2026-03-28
3028,SITE-002,PART-7384,292,27,265,46,35,False,False,False,18.9,2023-06-23
3029,SITE-088,PART-9329,30,19,11,98,93,False,True,True,0.6,2023-02-21
3030,SITE-079,PART-1483,189,66,123,35,25,False,False,False,5.3,2025-01-27
3031,SITE-018,PART-7560,368,189,179,41,17,False,False,False,11.9,2025-12-16
3032,SITE-071,PART-2125,101,88,13,68,36,False,True,True,1.1,2026-12-27
3033,SITE-097,PART-3251,395,164,231,22,10,False,False,False,13.6,2026-01-06
3034,SITE-062,PART-3344,238,158,80,61,38,False,False,False,3.5,2024-04-06
3035,SITE-029,PART-8534,392,250,142,28,15,False,False,False,11.8,2023-05-23
3036,SITE-048,PART-4228,315,109,206,86,54,False,False,False,51.5,2023-03-03
3037,SITE-043,PART-7505,400,264,136,96,88,False,False,False,45.3,2026-05-23
3038,SITE-077,PART-9458,388,116,272,40,11,False,False,False,11.8,2025-04-03
3039,SITE-008,PART-7441,383,26,357,35,31,False,False,False,27.5,2023-03-21
3040,SITE-033,PART-9987,77,11,66,42,26,False,False,False,7.3,2023-01-25
3041,SITE-027,PART-7425,292,67,225,58,30,False,False,False,10.2,2023-08-18
3042,SITE-054,PART-9108,123,21,102,22,15,False,False,False,20.4,2025-02-13
3043,SITE-059,PART-3162,66,61,5,46,30,False,True,True,0.3,2025-08-11
3044,SITE-067,PART-6209,401,292,109,94,64,False,False,False,4.4,2025-11-24
3045,SITE-038,PART-7967,469,403,66,35,19,False,False,False,2.9,2023-04-26
3046,SITE-026,PART-6894,242,174,68,36,11,False,False,False,34.0,2026-04-26
3047,SITE-024,PART-1081,159,72,87,80,63,False,False,False,3.6,2024-11-28
3048,SITE-023,PART-9374,45,2,43,96,23,False,True,False,14.3,2026-10-02
3049,SITE-081,PART-2705,251,191,60,29,11,False,False,False,12.0,2023-10-08
3050,SITE-006,PART-4280,116,105,11,39,10,False,True,False,0.5,2023-04-23
3051,SITE-069,PART-1874,163,2,161,56,34,False,False,False,7.3,2025-06-22
3052,SITE-077,PART-9329,151,20,131,33,15,False,False,False,32.8,2023-10-21
3053,SITE-071,PART-1055,459,453,6,68,67,False,True,True,0.3,2025-11-06
3054,SITE-086,PART-5762,252,245,7,51,26,False,True,True,0.5,2025-03-15
3055,SITE-093,PART-3254,88,64,24,99,23,False,True,False,4.8,2025-04-10
3056,SITE-082,PART-5784,184,109,75,39,13,False,False,False,5.8,2025-10-17
3057,SITE-036,PART-2577,438,264,174,67,12,False,False,False,7.2,2023-09-09
3058,SITE-091,PART-5919,7,5,2,63,37,False,True,True,0.1,2023-11-11
3059,SITE-049,PART-8723,477,139,338,32,30,False,False,False,22.5,2023-04-21
3060,SITE-083,PART-1564,110,58,52,77,24,False,True,False,2.5,2025-03-07
3061,SITE-023,PART-6513,457,172,285,32,15,False,False,False,13.0,2025-10-18
3062,SITE-091,PART-1524,160,43,117,82,76,False,False,False,9.8,2025-08-07
3063,SITE-001,PART-3228,182,88,94,62,13,False,False,False,94.0,2026-03-13
3064,SITE-097,PART-9648,165,14,151,100,32,False,False,False,7.9,2026-10-10
3065,SITE-064,PART-2784,51,43,8,69,14,False,True,True,0.9,2024-05-08
3066,SITE-059,PART-2341,111,17,94,73,10,False,False,False,4.5,2024-11-02
3067,SITE-055,PART-8635,0,0,0,62,10,True,True,True,0.0,2025-12-18
3068,SITE-057,PART-2867,326,124,202,20,13,False,False,False,10.6,2025-04-08
3069,SITE-043,PART-7984,365,31,334,25,13,False,False,False,13.9,2024-06-07
3070,SITE-061,PART-1911,305,125,180,54,51,False,False,False,180.0,2024-04-02
3071,SITE-074,PART-5238,130,47,83,41,33,False,False,False,5.2,2025-09-28
3072,SITE-100,PART-9208,387,235,152,83,83,False,False,False,6.1,2026-06-12
3073,SITE-016,PART-3819,270,118,152,91,77,False,False,False,19.0,2024-05-21
3074,SITE-082,PART-8635,468,278,190,27,15,False,False,False,8.3,2024-12-21
3075,SITE-100,PART-4128,46,27,19,55,46,False,True,True,1.9,2023-05-28
3076,SITE-006,PART-6209,216,68,148,66,56,False,False,False,7.4,2024-04-24
3077,SITE-073,PART-9768,246,211,35,34,33,False,False,False,11.7,2026-12-15
3078,SITE-093,PART-4228,418,173,245,42,16,False,False,False,30.6,2024-01-04
3079,SITE-001,PART-1225,276,161,115,91,11,False,False,False,5.5,2026-03-24
3080,SITE-045,PART-5046,192,190,2,76,23,False,True,True,0.7,2023-07-06
3081,SITE-092,PART-4216,391,293,98,45,39,False,False,False,12.2,2023-07-06
3082,SITE-005,PART-1506,172,6,166,56,27,False,False,False,15.1,2025-09-26
3083,SITE-037,PART-2958,267,6,261,41,13,False,False,False,21.8,2025-09-11
3084,SITE-005,PART-4908,382,16,366,67,29,False,False,False,183.0,2024-05-26
3085,SITE-043,PART-3162,346,27,319,59,55,False,False,False,12.8,2024-01-25
3086,SITE-084,PART-9993,463,140,323,86,39,False,False,False,16.1,2025-11-21
3087,SITE-030,PART-1684,420,123,297,75,28,False,False,False,74.2,2026-07-06
3088,SITE-073,PART-2758,304,154,150,33,19,False,False,False,12.5,2026-08-07
3089,SITE-049,PART-6492,194,134,60,47,21,False,False,False,3.2,2023-11-22
3090,SITE-024,PART-6944,218,184,34,25,19,False,False,False,1.5,2024-11-20
3091,SITE-080,PART-8127,46,10,36,38,33,False,True,False,3.0,2026-05-20
3092,SITE-023,PART-7181,218,129,89,65,44,False,False,False,22.2,2023-02-13
3093,SITE-072,PART-3574,264,231,33,65,27,False,True,False,33.0,2024-04-03
3094,SITE-018,PART-5726,293,151,142,24,16,False,False,False,14.2,2024-05-13
3095,SITE-061,PART-8841,452,118,334,58,12,False,False,False,334.0,2026-05-21
3096,SITE-003,PART-8558,167,92,75,35,10,False,False,False,12.5,2025-06-11
3097,SITE-082,PART-6122,311,280,31,41,12,False,True,False,5.2,2023-10-28
3098,SITE-021,PART-9795,47,29,18,94,34,False,True,True,18.0,2023-08-05
3099,SITE-003,PART-3819,163,140,23,78,63,False,True,True,23.0,2023-10-22
3100,SITE-059,PART-2487,411,299,112,37,24,False,False,False,56.0,2024-01-15
3101,SITE-033,PART-9856,115,86,29,29,10,False,False,False,1.4,2024-12-01
3102,SITE-097,PART-3655,400,187,213,59,50,False,False,False,9.7,2023-06-16
3103,SITE-015,PART-7121,271,239,32,58,57,False,True,True,1.3,2024-08-28
3104,SITE-037,PART-6140,327,91,236,56,10,False,False,False,236.0,2025-08-01
3105,SITE-004,PART-1055,148,140,8,81,49,False,True,True,0.4,2026-04-11
3106,SITE-077,PART-9518,459,455,4,41,19,False,True,True,0.3,2023-04-19
3107,SITE-036,PART-7559,121,114,7,27,19,False,True,True,0.7,2023-12-03
3108,SITE-080,PART-2246,309,40,269,93,65,False,False,False,19.2,2025-02-20
3109,SITE-019,PART-3201,371,2,369,37,20,False,False,False,28.4,2023-04-06
3110,SITE-100,PART-5180,496,345,151,43,15,False,False,False,13.7,2024-05-25
3111,SITE-014,PART-2653,411,258,153,71,41,False,False,False,25.5,2025-03-19
3112,SITE-055,PART-4181,276,224,52,77,76,False,True,True,4.7,2023-08-08
3113,SITE-043,PART-3822,195,27,168,92,21,False,False,False,7.0,2025-07-27
3114,SITE-037,PART-4942,184,181,3,51,17,False,True,True,0.2,2025-05-12
3115,SITE-092,PART-7144,179,21,158,71,26,False,False,False,12.2,2023-02-22
3116,SITE-014,PART-5961,208,49,159,26,20,False,False,False,12.2,2024-07-15
3117,SITE-071,PART-6176,304,104,200,72,15,False,False,False,8.3,2025-01-28
3118,SITE-050,PART-1225,222,108,114,75,46,False,False,False,16.3,2025-05-02
3119,SITE-010,PART-8806,252,36,216,51,44,False,False,False,9.0,2026-10-02
3120,SITE-004,PART-2499,352,344,8,35,16,False,True,True,0.6,2025-07-27
3121,SITE-005,PART-7199,186,75,111,22,10,False,False,False,4.6,2023-09-01
3122,SITE-093,PART-9306,348,132,216,68,46,False,False,False,9.8,2026-12-19
3123,SITE-035,PART-7944,145,1,144,86,47,False,False,False,8.5,2024-04-03
3124,SITE-088,PART-3543,409,17,392,83,71,False,False,False,65.3,2023-09-04
3125,SITE-092,PART-9679,280,148,132,58,17,False,False,False,18.9,2025-09-01
3126,SITE-099,PART-1937,231,98,133,39,30,False,False,False,5.8,2023-05-10
3127,SITE-042,PART-6787,358,196,162,77,68,False,False,False,8.5,2026-08-27
3128,SITE-085,PART-8423,210,58,152,98,95,False,False,False,9.5,2026-09-21
3129,SITE-044,PART-1055,433,371,62,40,26,False,False,False,20.7,2025-01-24
3130,SITE-065,PART-6412,388,112,276,62,57,False,False,False,13.1,2023-02-20
3131,SITE-060,PART-2331,480,307,173,57,11,False,False,False,43.2,2024-08-13
3132,SITE-004,PART-5919,441,291,150,24,17,False,False,False,6.2,2025-04-03
3133,SITE-010,PART-7211,72,19,53,66,56,False,True,True,7.6,2025-02-06
3134,SITE-034,PART-9293,356,241,115,36,16,False,False,False,57.5,2023-08-06
3135,SITE-034,PART-8558,66,65,1,89,49,False,True,True,0.2,2024-02-07
3136,SITE-026,PART-7944,268,127,141,96,36,False,False,False,20.1,2023-02-16
3137,SITE-070,PART-8219,338,300,38,47,22,False,True,False,4.2,2025-06-01
3138,SITE-069,PART-5959,324,304,20,91,29,False,True,True,1.7,2023-05-12
3139,SITE-081,PART-1335,379,17,362,81,70,False,False,False,51.7,2024-07-10
3140,SITE-048,PART-6031,308,308,0,89,16,True,True,True,0.0,2023-04-16
3141,SITE-019,PART-7785,63,46,17,28,20,False,True,True,0.8,2026-02-25
3142,SITE-060,PART-9284,7,1,6,97,46,False,True,True,0.2,2025-06-27
3143,SITE-016,PART-3663,208,26,182,56,49,False,False,False,8.3,2025-02-02
3144,SITE-029,PART-8928,164,4,160,42,24,False,False,False,16.0,2024-10-25
3145,SITE-003,PART-1264,128,47,81,23,23,False,False,False,4.5,2025-10-03
3146,SITE-008,PART-9893,74,17,57,42,37,False,False,False,3.0,2025-07-06
3147,SITE-096,PART-6508,283,206,77,73,13,False,False,False,8.6,2024-09-15
3148,SITE-031,PART-3343,398,306,92,65,53,False,False,False,18.4,2023-01-24
3149,SITE-031,PART-7159,277,133,144,33,24,False,False,False,8.0,2024-09-24
3150,SITE-002,PART-5875,95,56,39,39,29,False,False,False,1.8,2023-07-27
3151,SITE-003,PART-1081,256,134,122,48,33,False,False,False,17.4,2023-03-21
3152,SITE-025,PART-2131,490,52,438,48,10,False,False,False,18.2,2024-01-04
3153,SITE-034,PART-9666,72,41,31,41,22,False,True,False,1.4,2025-07-27
3154,SITE-015,PART-7036,415,331,84,55,18,False,False,False,14.0,2026-01-02
3155,SITE-020,PART-8214,12,7,5,93,61,False,True,True,0.2,2023-04-28
3156,SITE-004,PART-8127,348,221,127,29,16,False,False,False,7.1,2023-03-18
3157,SITE-033,PART-7641,243,51,192,59,18,False,False,False,10.7,2026-12-14
3158,SITE-042,PART-2506,307,58,249,68,13,False,False,False,35.6,2023-12-08
3159,SITE-034,PART-7240,319,67,252,74,71,False,False,False,42.0,2023-08-07
3160,SITE-054,PART-3291,76,61,15,32,16,False,True,True,2.5,2024-01-22
3161,SITE-019,PART-7886,385,385,0,77,51,True,True,True,0.0,2023-10-19
3162,SITE-023,PART-3704,83,49,34,68,45,False,True,True,3.8,2026-01-26
3163,SITE-037,PART-7263,443,379,64,96,78,False,True,True,10.7,2026-02-27
3164,SITE-010,PART-8322,498,66,432,80,63,False,False,False,216.0,2024-08-22
3165,SITE-025,PART-9184,148,4,144,91,33,False,False,False,9.0,2026-03-17
3166,SITE-065,PART-2577,158,62,96,42,27,False,False,False,16.0,2024-09-22
3167,SITE-019,PART-6768,294,116,178,89,78,False,False,False,14.8,2024-05-03
3168,SITE-038,PART-2422,285,260,25,89,27,False,True,True,1.4,2025-11-02
3169,SITE-054,PART-2039,130,54,76,57,57,False,False,False,5.4,2026-10-05
3170,SITE-085,PART-5813,488,447,41,91,69,False,True,True,1.8,2023-10-22
3171,SITE-096,PART-2068,311,280,31,26,14,False,False,False,1.2,2026-06-11
3172,SITE-070,PART-5988,47,3,44,50,10,False,True,False,4.0,2023-09-05
3173,SITE-085,PART-2779,477,333,144,86,63,False,False,False,13.1,2024-12-11
3174,SITE-056,PART-8420,111,45,66,96,50,False,True,False,3.5,2023-02-01
3175,SITE-008,PART-1557,355,18,337,38,34,False,False,False,112.3,2025-03-03
3176,SITE-093,PART-2959,284,162,122,77,26,False,False,False,24.4,2026-05-06
3177,SITE-069,PART-1700,468,254,214,26,24,False,False,False,71.3,2025-08-09
3178,SITE-100,PART-9623,381,176,205,72,25,False,False,False,41.0,2024-02-20
3179,SITE-088,PART-9512,405,89,316,41,37,False,False,False,28.7,2025-10-18
3180,SITE-100,PART-9467,115,71,44,52,52,False,True,True,2.6,2024-03-27
3181,SITE-052,PART-6417,68,23,45,52,19,False,True,False,3.8,2026-05-06
3182,SITE-092,PART-5982,272,113,159,100,82,False,False,False,17.7,2025-12-14
3183,SITE-075,PART-7520,148,95,53,55,10,False,True,False,6.6,2025-09-16
3184,SITE-067,PART-3340,103,101,2,57,37,False,True,True,0.2,2025-11-20
3185,SITE-073,PART-4762,369,276,93,64,31,False,False,False,10.3,2023-04-07
3186,SITE-098,PART-8841,156,83,73,64,63,False,False,False,6.6,2024-08-25
3187,SITE-021,PART-4206,70,62,8,93,31,False,True,True,0.5,2025-12-23
3188,SITE-027,PART-3959,262,166,96,41,37,False,False,False,6.4,2026-02-20
3189,SITE-043,PART-7413,471,201,270,86,66,False,False,False,54.0,2026-05-07
3190,SITE-007,PART-8194,125,68,57,89,49,False,True,False,19.0,2023-02-11
3191,SITE-008,PART-4538,484,259,225,32,28,False,False,False,10.2,2023-03-16
3192,SITE-039,PART-7441,203,120,83,100,90,False,True,True,41.5,2023-06-06
3193,SITE-024,PART-3329,379,7,372,76,53,False,False,False,15.5,2026-01-22
3194,SITE-025,PART-7745,188,84,104,66,22,False,False,False,5.8,2024-10-05
3195,SITE-013,PART-1759,405,46,359,48,46,False,False,False,19.9,2025-03-28
3196,SITE-061,PART-6924,120,92,28,73,34,False,True,True,1.3,2024-01-19
3197,SITE-058,PART-2451,322,67,255,55,30,False,False,False,11.1,2026-07-05
3198,SITE-092,PART-4251,407,89,318,93,72,False,False,False,22.7,2025-10-14
3199,SITE-075,PART-6072,428,189,239,48,32,False,False,False,12.6,2026-01-27
3200,SITE-049,PART-5225,225,177,48,48,36,False,False,False,2.4,2024-03-16
3201,SITE-016,PART-4662,339,139,200,62,40,False,False,False,16.7,2026-07-23
3202,SITE-046,PART-4215,282,162,120,80,46,False,False,False,120.0,2025-02-24
3203,SITE-045,PART-6926,277,110,167,58,58,False,False,False,13.9,2024-10-14
3204,SITE-044,PART-1650,478,163,315,78,37,False,False,False,157.5,2024-01-15
3205,SITE-020,PART-8694,11,2,9,97,22,False,True,True,0.5,2024-12-25
3206,SITE-093,PART-2852,395,96,299,58,12,False,False,False,33.2,2023-09-19
3207,SITE-096,PART-4662,120,41,79,23,10,False,False,False,7.2,2026-03-21
3208,SITE-024,PART-2319,228,8,220,74,35,False,False,False,36.7,2026-01-27
3209,SITE-038,PART-4215,328,140,188,91,76,False,False,False,14.5,2026-12-28
3210,SITE-090,PART-8593,317,34,283,83,24,False,False,False,25.7,2024-12-21
3211,SITE-095,PART-8758,366,147,219,94,63,False,False,False,9.1,2024-01-28
3212,SITE-074,PART-5743,218,56,162,79,18,False,False,False,8.1,2023-09-23
3213,SITE-087,PART-4449,295,220,75,87,50,False,True,False,3.6,2024-02-05
3214,SITE-017,PART-6522,51,25,26,58,29,False,True,True,2.0,2023-08-21
3215,SITE-096,PART-8537,50,8,42,91,60,False,True,True,21.0,2025-12-23
3216,SITE-092,PART-5011,69,36,33,41,22,False,True,False,3.3,2026-06-11
3217,SITE-051,PART-2973,208,88,120,49,26,False,False,False,5.5,2024-07-12
3218,SITE-092,PART-3103,215,158,57,78,39,False,True,False,6.3,2026-05-27
3219,SITE-027,PART-1987,475,433,42,42,36,False,False,False,2.6,2025-03-19
3220,SITE-019,PART-2035,158,66,92,24,24,False,False,False,13.1,2025-09-05
3221,SITE-074,PART-5004,492,90,402,35,34,False,False,False,36.5,2025-09-16
3222,SITE-011,PART-9340,416,366,50,21,21,False,False,False,8.3,2026-10-07
3223,SITE-017,PART-1832,60,7,53,57,29,False,True,False,2.3,2026-09-22
3224,SITE-086,PART-3340,263,259,4,30,15,False,True,True,4.0,2023-10-21
3225,SITE-036,PART-3133,292,20,272,83,83,False,False,False,30.2,2025-04-03
3226,SITE-087,PART-9388,369,354,15,25,24,False,True,True,0.9,2024-05-16
3227,SITE-048,PART-7599,473,341,132,46,41,False,False,False,8.8,2023-08-02
3228,SITE-019,PART-2246,332,52,280,22,11,False,False,False,18.7,2024-04-07
3229,SITE-070,PART-9606,495,188,307,53,13,False,False,False,307.0,2025-07-25
3230,SITE-005,PART-4655,147,24,123,65,62,False,False,False,6.8,2026-01-01
3231,SITE-012,PART-2052,45,20,25,31,14,False,True,False,1.2,2023-10-20
3232,SITE-067,PART-6072,328,243,85,93,38,False,True,False,5.3,2025-03-08
3233,SITE-061,PART-5674,37,14,23,98,72,False,True,True,5.8,2023-03-04
3234,SITE-082,PART-8505,164,133,31,60,38,False,True,True,3.9,2024-05-08
3235,SITE-094,PART-1873,185,58,127,47,18,False,False,False,8.5,2026-03-19
3236,SITE-019,PART-4128,31,31,0,59,42,True,True,True,0.0,2024-12-10
3237,SITE-073,PART-2897,253,227,26,52,44,False,True,True,3.2,2026-05-20
3238,SITE-069,PART-1673,407,171,236,91,25,False,False,False,13.9,2023-05-28
3239,SITE-067,PART-5646,412,252,160,69,12,False,False,False,53.3,2023-09-18
3240,SITE-051,PART-3915,261,165,96,98,29,False,True,False,3.8,2026-02-17
3241,SITE-035,PART-1873,346,90,256,45,13,False,False,False,10.7,2026-09-17
3242,SITE-088,PART-6122,459,236,223,25,14,False,False,False,20.3,2026-08-08
3243,SITE-051,PART-9288,396,267,129,60,36,False,False,False,43.0,2024-04-02
3244,SITE-007,PART-7960,163,84,79,73,30,False,False,False,4.0,2026-12-13
3245,SITE-073,PART-2404,238,129,109,75,50,False,False,False,5.0,2026-10-27
3246,SITE-087,PART-4997,283,3,280,33,29,False,False,False,46.7,2023-09-04
3247,SITE-094,PART-2445,232,169,63,62,13,False,False,False,15.8,2025-01-10
3248,SITE-033,PART-8625,283,39,244,57,29,False,False,False,12.8,2023-01-19
3249,SITE-083,PART-6784,482,410,72,35,15,False,False,False,7.2,2024-06-16
3250,SITE-032,PART-7121,7,2,5,97,32,False,True,True,0.2,2023-10-19
3251,SITE-011,PART-6805,444,266,178,38,34,False,False,False,7.1,2025-06-05
3252,SITE-004,PART-3103,294,214,80,52,46,False,False,False,3.8,2023-09-24
3253,SITE-035,PART-4311,415,415,0,33,33,True,True,True,0.0,2026-05-24
3254,SITE-034,PART-3188,352,126,226,78,45,False,False,False,17.4,2024-08-13
3255,SITE-074,PART-1768,477,282,195,23,22,False,False,False,27.9,2024-05-20
3256,SITE-083,PART-4035,498,470,28,58,35,False,True,True,1.9,2024-09-15
3257,SITE-079,PART-5029,181,88,93,68,46,False,False,False,15.5,2026-08-24
3258,SITE-045,PART-3349,145,31,114,71,54,False,False,False,7.1,2023-12-10
3259,SITE-063,PART-4752,93,83,10,100,34,False,True,True,1.0,2023-11-22
3260,SITE-054,PART-6574,276,123,153,34,18,False,False,False,12.8,2025-12-08
3261,SITE-037,PART-2784,179,113,66,58,34,False,False,False,5.5,2023-01-02
3262,SITE-047,PART-6013,331,27,304,46,35,False,False,False,17.9,2025-03-04
3263,SITE-078,PART-2397,273,197,76,36,36,False,False,False,8.4,2023-06-23
3264,SITE-059,PART-8163,64,62,2,64,47,False,True,True,0.1,2023-11-18
3265,SITE-055,PART-5990,319,249,70,36,31,False,False,False,7.8,2025-09-19
3266,SITE-100,PART-6628,433,10,423,74,59,False,False,False,47.0,2023-10-05
3267,SITE-020,PART-9165,46,2,44,98,88,False,True,True,7.3,2023-05-13
3268,SITE-076,PART-5543,67,15,52,35,24,False,False,False,17.3,2026-08-08
3269,SITE-071,PART-8505,480,101,379,94,40,False,False,False,29.2,2025-08-01
3270,SITE-030,PART-2739,339,322,17,53,51,False,True,True,4.2,2026-04-13
3271,SITE-043,PART-9913,296,147,149,25,20,False,False,False,6.0,2023-12-13
3272,SITE-063,PART-2046,51,7,44,23,15,False,False,False,3.4,2023-06-16
3273,SITE-054,PART-3798,125,13,112,31,15,False,False,False,7.0,2025-09-19
3274,SITE-010,PART-9363,448,133,315,81,72,False,False,False,157.5,2024-01-20
3275,SITE-048,PART-5214,128,96,32,26,19,False,False,False,1.6,2026-12-10
3276,SITE-083,PART-3121,348,6,342,50,30,False,False,False,14.2,2023-01-28
3277,SITE-019,PART-7008,98,36,62,49,27,False,False,False,10.3,2025-09-02
3278,SITE-086,PART-4844,465,136,329,74,28,False,False,False,20.6,2024-10-22
3279,SITE-070,PART-1891,266,8,258,80,66,False,False,False,19.8,2024-05-26
3280,SITE-065,PART-1496,276,184,92,99,54,False,True,False,6.1,2024-11-27
3281,SITE-050,PART-9451,117,45,72,69,19,False,False,False,8.0,2023-11-03
3282,SITE-090,PART-3887,8,5,3,32,27,False,True,True,0.2,2025-10-28
3283,SITE-077,PART-2218,298,138,160,50,16,False,False,False,10.7,2025-07-15
3284,SITE-053,PART-3360,26,3,23,44,37,False,True,True,11.5,2025-03-04
3285,SITE-086,PART-6492,298,66,232,42,18,False,False,False,12.2,2026-12-05
3286,SITE-063,PART-8694,32,15,17,94,13,False,True,False,0.7,2024-03-27
3287,SITE-069,PART-7690,170,39,131,60,50,False,False,False,65.5,2023-10-09
3288,SITE-087,PART-5411,73,52,21,47,31,False,True,True,1.2,2024-05-02
3289,SITE-060,PART-8518,478,394,84,91,15,False,True,False,5.2,2026-01-13
3290,SITE-019,PART-4872,10,9,1,26,15,False,True,True,0.1,2024-11-15
3291,SITE-092,PART-6766,139,46,93,64,36,False,False,False,6.2,2025-02-10
3292,SITE-100,PART-7159,67,1,66,61,12,False,False,False,3.0,2026-04-02
3293,SITE-097,PART-8273,234,211,23,65,20,False,True,False,1.3,2023-09-08
3294,SITE-011,PART-8200,435,56,379,70,23,False,False,False,15.8,2024-05-24
3295,SITE-089,PART-7388,392,189,203,60,22,False,False,False,16.9,2024-09-21
3296,SITE-036,PART-5070,27,11,16,73,41,False,True,True,2.0,2024-01-13
3297,SITE-018,PART-2516,40,9,31,46,30,False,True,False,3.4,2024-11-17
3298,SITE-061,PART-4582,36,11,25,47,31,False,True,True,4.2,2025-02-19
3299,SITE-031,PART-1081,55,50,5,20,17,False,True,True,0.3,2025-10-23
3300,SITE-023,PART-5876,363,104,259,56,30,False,False,False,37.0,2023-10-24
3301,SITE-080,PART-2235,379,206,173,31,11,False,False,False,28.8,2023-11-19
3302,SITE-027,PART-7444,317,249,68,61,45,False,False,False,9.7,2024-06-06
3303,SITE-040,PART-8535,362,185,177,59,49,False,False,False,9.8,2023-02-13
3304,SITE-043,PART-3388,248,157,91,21,12,False,False,False,5.1,2026-07-27
3305,SITE-009,PART-5873,476,101,375,73,62,False,False,False,37.5,2025-11-15
3306,SITE-043,PART-3388,100,12,88,68,12,False,False,False,3.7,2024-06-11
3307,SITE-048,PART-1496,192,27,165,25,18,False,False,False,6.9,2026-12-01
3308,SITE-008,PART-2794,378,30,348,53,24,False,False,False,13.9,2026-10-19
3309,SITE-055,PART-7232,459,106,353,31,16,False,False,False,35.3,2025-06-17
3310,SITE-038,PART-1771,214,187,27,72,44,False,True,True,2.5,2024-04-25
3311,SITE-007,PART-5539,228,73,155,62,37,False,False,False,6.2,2026-11-06
3312,SITE-086,PART-7794,262,37,225,24,20,False,False,False,13.2,2025-08-10
3313,SITE-081,PART-4908,358,12,346,98,47,False,False,False,86.5,2025-11-02
3314,SITE-098,PART-8211,368,99,269,38,37,False,False,False,38.4,2026-12-16
3315,SITE-095,PART-4309,226,197,29,32,31,False,True,True,3.2,2024-08-17
3316,SITE-067,PART-1228,377,44,333,71,37,False,False,False,30.3,2024-04-09
3317,SITE-065,PART-7823,416,337,79,32,21,False,False,False,7.9,2024-07-06
3318,SITE-074,PART-9292,163,56,107,50,29,False,False,False,15.3,2024-03-26
3319,SITE-039,PART-4872,147,44,103,94,58,False,False,False,17.2,2023-08-14
3320,SITE-007,PART-8807,463,106,357,61,57,False,False,False,178.5,2023-11-12
3321,SITE-097,PART-5907,308,179,129,29,15,False,False,False,6.5,2026-03-02
3322,SITE-007,PART-3274,235,115,120,79,44,False,False,False,9.2,2023-02-10
3323,SITE-094,PART-3064,90,87,3,87,82,False,True,True,0.1,2024-10-19
3324,SITE-052,PART-1173,266,1,265,90,38,False,False,False,15.6,2024-12-03
3325,SITE-010,PART-7560,450,96,354,100,59,False,False,False,20.8,2024-07-10
3326,SITE-075,PART-3015,24,9,15,69,60,False,True,True,1.7,2024-10-12
3327,SITE-077,PART-4247,392,244,148,72,58,False,False,False,6.4,2023-10-28
3328,SITE-096,PART-3199,34,8,26,28,12,False,True,False,3.2,2023-12-01
3329,SITE-029,PART-7237,27,5,22,61,52,False,True,True,2.2,2024-03-04
3330,SITE-030,PART-3103,16,4,12,69,45,False,True,True,0.9,2026-07-26
3331,SITE-005,PART-1937,401,150,251,56,48,False,False,False,62.8,2024-07-03
3332,SITE-057,PART-7559,230,142,88,50,41,False,False,False,14.7,2023-04-03
3333,SITE-046,PART-1105,371,94,277,39,13,False,False,False,14.6,2023-06-21
3334,SITE-064,PART-5354,372,69,303,61,12,False,False,False,30.3,2024-02-23
3335,SITE-058,PART-9528,184,33,151,92,90,False,False,False,25.2,2025-01-02
3336,SITE-022,PART-1710,299,63,236,65,26,False,False,False,78.7,2025-08-14
3337,SITE-015,PART-9605,34,33,1,77,21,False,True,True,0.1,2024-01-26
3338,SITE-001,PART-7785,163,10,153,45,40,False,False,False,17.0,2024-10-22
3339,SITE-035,PART-6628,332,79,253,32,19,False,False,False,10.1,2023-05-18
3340,SITE-022,PART-3663,6,5,1,45,17,False,True,True,0.1,2026-05-09
3341,SITE-096,PART-7444,397,113,284,78,76,False,False,False,56.8,2026-02-24
3342,SITE-041,PART-7944,268,118,150,85,34,False,False,False,11.5,2026-11-17
3343,SITE-084,PART-6492,229,25,204,55,52,False,False,False,68.0,2025-05-02
3344,SITE-076,PART-7237,320,279,41,73,24,False,True,False,13.7,2023-06-10
3345,SITE-005,PART-9634,488,475,13,51,34,False,True,True,1.1,2023-06-24
3346,SITE-039,PART-1945,53,33,20,37,17,False,True,False,0.9,2026-04-12
3347,SITE-100,PART-8302,116,82,34,91,77,False,True,True,1.8,2026-06-28
3348,SITE-036,PART-5180,60,58,2,28,28,False,True,True,0.2,2024-04-28
3349,SITE-045,PART-2826,313,98,215,73,14,False,False,False,23.9,2026-09-10
3350,SITE-076,PART-5999,235,122,113,44,27,False,False,False,6.3,2024-12-01
3351,SITE-059,PART-1225,212,62,150,73,26,False,False,False,18.8,2023-06-12
3352,SITE-014,PART-2735,496,388,108,65,28,False,False,False,15.4,2023-09-08
3353,SITE-046,PART-3182,346,45,301,24,13,False,False,False,50.2,2023-03-04
3354,SITE-017,PART-3735,137,47,90,20,16,False,False,False,6.9,2025-05-27
3355,SITE-081,PART-7135,41,9,32,48,38,False,True,True,2.1,2025-06-03
3356,SITE-025,PART-5368,1,0,1,96,13,False,True,True,0.1,2023-12-26
3357,SITE-029,PART-5781,468,94,374,27,17,False,False,False,22.0,2024-06-18
3358,SITE-061,PART-3548,127,14,113,89,61,False,False,False,5.1,2026-11-26
3359,SITE-096,PART-1873,192,147,45,45,14,False,False,False,11.2,2024-08-20
3360,SITE-046,PART-4260,333,167,166,53,34,False,False,False,7.2,2026-05-12
3361,SITE-075,PART-1777,114,51,63,21,13,False,False,False,4.2,2024-07-05
3362,SITE-083,PART-7250,251,113,138,40,40,False,False,False,6.3,2024-05-17
3363,SITE-066,PART-9306,9,3,6,94,69,False,True,True,0.3,2025-02-10
3364,SITE-017,PART-6574,346,90,256,23,23,False,False,False,256.0,2026-01-06
3365,SITE-001,PART-5121,237,3,234,76,16,False,False,False,39.0,2025-01-19
3366,SITE-014,PART-5411,167,92,75,22,21,False,False,False,10.7,2024-12-26
3367,SITE-059,PART-2019,178,24,154,90,17,False,False,False,14.0,2024-05-04
3368,SITE-083,PART-8361,40,1,39,84,58,False,True,True,2.6,2023-04-18
3369,SITE-085,PART-3548,318,277,41,80,79,False,True,True,2.7,2023-03-05
3370,SITE-080,PART-9007,26,0,26,70,29,False,True,True,2.9,2023-10-08
3371,SITE-053,PART-8986,224,158,66,69,11,False,True,False,2.8,2023-03-22
3372,SITE-094,PART-7181,360,319,41,67,44,False,True,True,2.0,2023-05-11
3373,SITE-017,PART-1798,421,229,192,24,20,False,False,False,16.0,2026-03-02
3374,SITE-096,PART-4518,368,147,221,62,62,False,False,False,36.8,2025-03-03
3375,SITE-012,PART-4448,226,202,24,77,33,False,True,True,3.0,2025-12-03
3376,SITE-099,PART-4908,154,29,125,91,79,False,False,False,6.2,2024-01-02
3377,SITE-093,PART-5907,435,85,350,72,45,False,False,False,29.2,2024-02-21
3378,SITE-063,PART-7008,407,6,401,76,53,False,False,False,23.6,2023-07-24
3379,SITE-030,PART-3867,85,54,31,85,30,False,True,False,1.6,2024-02-05
3380,SITE-094,PART-7591,487,331,156,54,36,False,False,False,39.0,2026-08-19
3381,SITE-026,PART-6183,227,141,86,83,17,False,False,False,86.0,2025-06-23
3382,SITE-044,PART-3415,96,2,94,27,14,False,False,False,4.5,2026-05-25
3383,SITE-006,PART-4897,95,83,12,76,73,False,True,True,0.7,2026-10-11
3384,SITE-067,PART-2396,182,170,12,24,19,False,True,True,1.5,2024-09-18
3385,SITE-088,PART-7199,363,352,11,32,31,False,True,True,1.4,2024-01-09
3386,SITE-051,PART-7690,287,200,87,66,55,False,False,False,4.6,2024-11-02
3387,SITE-035,PART-3188,457,64,393,44,12,False,False,False,35.7,2026-11-18
3388,SITE-055,PART-3160,193,127,66,24,17,False,False,False,2.6,2023-03-12
3389,SITE-024,PART-1081,356,334,22,50,16,False,True,False,0.9,2026-02-17
3390,SITE-018,PART-3201,129,9,120,59,38,False,False,False,40.0,2024-05-02
3391,SITE-031,PART-8194,192,189,3,70,61,False,True,True,1.0,2025-11-21
3392,SITE-071,PART-2485,384,349,35,74,39,False,True,True,1.4,2026-01-04
3393,SITE-085,PART-5200,312,8,304,99,73,False,False,False,50.7,2023-08-14
3394,SITE-031,PART-6819,316,211,105,25,23,False,False,False,35.0,2024-01-13
3395,SITE-018,PART-1124,183,4,179,41,34,False,False,False,14.9,2026-09-01
3396,SITE-088,PART-3548,167,59,108,93,67,False,False,False,6.8,2023-08-10
3397,SITE-088,PART-7413,251,8,243,50,27,False,False,False,11.6,2023-09-21
3398,SITE-091,PART-2391,188,0,188,80,71,False,False,False,20.9,2026-05-02
3399,SITE-011,PART-6766,160,129,31,40,18,False,True,False,1.4,2023-04-07
3400,SITE-091,PART-1768,369,59,310,55,24,False,False,False,28.2,2025-05-05
3401,SITE-095,PART-7200,116,19,97,77,45,False,False,False,13.9,2026-07-11
3402,SITE-057,PART-7903,195,180,15,85,50,False,True,True,0.7,2024-12-28
3403,SITE-065,PART-7823,139,84,55,31,15,False,False,False,5.5,2023-11-23
3404,SITE-033,PART-1214,133,96,37,41,31,False,True,False,18.5,2026-09-17
3405,SITE-080,PART-6627,389,2,387,41,29,False,False,False,18.4,2023-01-18
3406,SITE-031,PART-3657,381,141,240,98,45,False,False,False,26.7,2026-04-11
3407,SITE-095,PART-7599,83,56,27,96,14,False,True,False,1.1,2026-09-22
3408,SITE-045,PART-4277,437,378,59,93,18,False,True,False,3.5,2025-12-20
3409,SITE-058,PART-2963,235,185,50,73,58,False,True,True,25.0,2023-04-14
3410,SITE-035,PART-1547,50,31,19,88,28,False,True,True,1.4,2025-07-19
3411,SITE-077,PART-2283,136,110,26,94,20,False,True,False,1.4,2025-10-11
3412,SITE-068,PART-7740,184,10,174,35,22,False,False,False,10.9,2023-02-01
3413,SITE-079,PART-7087,70,46,24,68,45,False,True,True,3.4,2025-06-17
3414,SITE-097,PART-1534,65,18,47,58,49,False,True,True,3.9,2026-11-27
3415,SITE-005,PART-3344,495,221,274,89,68,False,False,False,54.8,2024-05-10
3416,SITE-003,PART-8635,183,121,62,36,31,False,False,False,3.4,2024-11-17
3417,SITE-012,PART-1897,192,110,82,63,30,False,False,False,7.5,2023-07-01
3418,SITE-062,PART-8555,412,304,108,89,88,False,False,False,8.3,2024-09-06
3419,SITE-098,PART-9114,18,15,3,75,20,False,True,True,3.0,2024-10-19
3420,SITE-066,PART-4748,376,345,31,77,42,False,True,True,1.2,2026-03-06
3421,SITE-085,PART-8156,433,275,158,49,32,False,False,False,8.8,2024-12-26
3422,SITE-082,PART-8987,339,11,328,44,16,False,False,False,25.2,2026-12-10
3423,SITE-090,PART-2445,158,151,7,79,56,False,True,True,1.2,2024-06-21
3424,SITE-020,PART-7416,268,115,153,35,27,False,False,False,7.0,2023-03-24
3425,SITE-048,PART-7886,88,27,61,61,56,False,False,False,5.1,2024-02-08
3426,SITE-058,PART-7599,12,12,0,90,82,True,True,True,0.0,2024-03-11
3427,SITE-033,PART-1816,387,195,192,29,21,False,False,False,10.1,2024-06-27
3428,SITE-030,PART-8273,272,5,267,28,14,False,False,False,10.7,2024-11-04
3429,SITE-018,PART-1264,10,10,0,53,39,True,True,True,0.0,2026-07-09
3430,SITE-054,PART-1852,443,96,347,57,23,False,False,False,18.3,2026-02-22
3431,SITE-040,PART-1733,457,15,442,94,21,False,False,False,27.6,2023-10-26
3432,SITE-007,PART-2140,87,42,45,26,17,False,False,False,3.0,2025-08-20
3433,SITE-007,PART-7277,424,111,313,91,61,False,False,False,19.6,2024-07-28
3434,SITE-080,PART-9363,297,295,2,93,23,False,True,True,1.0,2023-08-16
3435,SITE-070,PART-4886,182,32,150,82,20,False,False,False,16.7,2025-11-15
3436,SITE-045,PART-1506,164,91,73,44,41,False,False,False,7.3,2026-03-15
3437,SITE-003,PART-2046,182,58,124,98,42,False,False,False,12.4,2023-11-08
3438,SITE-013,PART-6349,102,64,38,75,25,False,True,False,2.9,2024-10-20
3439,SITE-017,PART-1733,196,178,18,34,24,False,True,True,2.0,2024-11-23
3440,SITE-095,PART-6209,248,117,131,39,17,False,False,False,7.7,2025-11-12
3441,SITE-053,PART-9184,406,310,96,86,73,False,False,False,4.6,2024-11-07
3442,SITE-053,PART-3731,410,14,396,37,24,False,False,False,66.0,2025-09-22
3443,SITE-030,PART-3739,98,76,22,86,60,False,True,True,1.8,2025-03-12
3444,SITE-011,PART-4084,259,2,257,86,72,False,False,False,14.3,2025-05-14
3445,SITE-083,PART-9336,87,7,80,75,69,False,False,False,3.2,2026-07-22
3446,SITE-099,PART-5950,106,102,4,79,72,False,True,True,0.2,2025-12-26
3447,SITE-066,PART-6023,67,65,2,21,11,False,True,True,0.2,2024-04-25
3448,SITE-047,PART-5921,78,65,13,53,25,False,True,True,0.9,2024-07-17
3449,SITE-073,PART-8355,491,470,21,53,38,False,True,True,1.1,2023-09-23
3450,SITE-032,PART-7067,269,179,90,23,15,False,False,False,8.2,2025-11-22
3451,SITE-015,PART-7468,407,145,262,54,27,False,False,False,11.4,2025-09-01
3452,SITE-008,PART-9795,5,4,1,88,48,False,True,True,0.0,2023-03-03
3453,SITE-001,PART-4872,460,402,58,61,48,False,True,False,4.5,2024-11-20
3454,SITE-048,PART-3732,14,5,9,36,24,False,True,True,3.0,2024-12-18
3455,SITE-069,PART-9549,307,86,221,55,47,False,False,False,11.6,2023-01-02
3456,SITE-010,PART-9288,345,249,96,24,24,False,False,False,6.4,2026-09-21
3457,SITE-043,PART-1670,482,227,255,46,28,False,False,False,12.8,2025-05-13
3458,SITE-095,PART-2391,91,49,42,40,34,False,False,False,4.2,2024-09-25
3459,SITE-047,PART-3224,178,62,116,69,33,False,False,False,38.7,2023-02-12
3460,SITE-091,PART-1483,421,404,17,41,11,False,True,False,1.5,2026-12-24
3461,SITE-015,PART-1433,401,117,284,57,15,False,False,False,14.2,2023-02-18
3462,SITE-095,PART-3172,71,14,57,99,88,False,True,True,9.5,2023-12-01
3463,SITE-070,PART-3015,98,47,51,36,31,False,False,False,2.1,2023-05-16
3464,SITE-015,PART-9374,227,104,123,61,28,False,False,False,8.8,2024-07-08
3465,SITE-092,PART-5100,496,38,458,21,11,False,False,False,24.1,2025-11-25
3466,SITE-067,PART-1872,136,106,30,46,45,False,True,True,2.7,2025-04-21
3467,SITE-041,PART-1873,398,398,0,45,23,True,True,True,0.0,2024-11-04
3468,SITE-047,PART-7199,446,226,220,68,13,False,False,False,10.5,2023-05-20
3469,SITE-020,PART-7345,181,63,118,62,19,False,False,False,19.7,2025-09-20
3470,SITE-048,PART-1105,227,184,43,24,16,False,False,False,2.5,2023-04-02
3471,SITE-100,PART-9038,132,55,77,70,17,False,False,False,11.0,2023-09-28
3472,SITE-093,PART-5961,448,267,181,51,43,False,False,False,12.9,2025-09-01
3473,SITE-041,PART-2404,246,61,185,83,53,False,False,False,30.8,2023-12-14
3474,SITE-002,PART-8156,457,201,256,68,33,False,False,False,256.0,2023-05-21
3475,SITE-060,PART-6122,109,70,39,32,19,False,False,False,2.3,2025-07-08
3476,SITE-030,PART-8910,414,409,5,78,72,False,True,True,1.7,2023-02-10
3477,SITE-013,PART-8861,466,45,421,93,32,False,False,False,28.1,2025-09-19
3478,SITE-054,PART-3648,35,23,12,65,48,False,True,True,2.0,2026-12-20
3479,SITE-088,PART-6299,194,188,6,25,23,False,True,True,0.9,2023-02-15
3480,SITE-070,PART-3457,230,59,171,99,38,False,False,False,34.2,2023-05-13
3481,SITE-085,PART-8746,319,174,145,37,13,False,False,False,48.3,2023-05-09
3482,SITE-059,PART-4422,210,47,163,70,31,False,False,False,10.2,2024-10-27
3483,SITE-071,PART-2380,479,281,198,54,18,False,False,False,10.4,2026-01-08
3484,SITE-010,PART-6826,95,13,82,95,39,False,True,False,7.5,2023-02-14
3485,SITE-046,PART-1074,135,29,106,88,16,False,False,False,17.7,2023-03-23
3486,SITE-028,PART-4844,414,60,354,89,15,False,False,False,50.6,2026-01-25
3487,SITE-033,PART-3130,414,284,130,57,45,False,False,False,7.2,2025-02-02
3488,SITE-097,PART-2131,80,49,31,45,21,False,True,False,31.0,2023-07-07
3489,SITE-055,PART-5696,31,5,26,88,17,False,True,False,5.2,2025-09-26
3490,SITE-088,PART-7263,354,117,237,63,28,False,False,False,21.5,2025-04-01
3491,SITE-100,PART-7599,104,21,83,45,28,False,False,False,4.9,2026-04-19
3492,SITE-065,PART-6628,406,386,20,66,47,False,True,True,10.0,2023-04-27
3493,SITE-040,PART-9278,107,99,8,70,54,False,True,True,0.4,2026-05-20
3494,SITE-026,PART-4206,450,73,377,35,26,False,False,False,31.4,2023-04-07
3495,SITE-079,PART-4181,138,127,11,36,34,False,True,True,1.1,2023-07-27
3496,SITE-039,PART-7045,150,33,117,44,33,False,False,False,6.9,2025-05-21
3497,SITE-076,PART-6618,300,148,152,67,61,False,False,False,11.7,2026-09-21
3498,SITE-091,PART-8199,119,65,54,39,37,False,False,False,13.5,2024-08-10
3499,SITE-019,PART-1557,51,6,45,39,28,False,False,False,3.0,2025-01-22
3500,SITE-021,PART-4247,119,115,4,69,59,False,True,True,1.0,2026-06-02
3501,SITE-047,PART-2577,183,113,70,49,12,False,False,False,70.0,2024-01-07
3502,SITE-079,PART-4897,347,88,259,49,37,False,False,False,51.8,2023-10-11
3503,SITE-078,PART-2970,498,255,243,23,17,False,False,False,121.5,2023-01-07
3504,SITE-013,PART-3064,247,244,3,30,13,False,True,True,0.6,2024-07-06
3505,SITE-010,PART-3684,112,104,8,80,17,False,True,True,0.4,2023-10-15
3506,SITE-053,PART-8143,423,303,120,44,13,False,False,False,15.0,2026-02-11
3507,SITE-043,PART-8423,87,68,19,48,18,False,True,False,1.5,2024-09-25
3508,SITE-071,PART-1816,299,36,263,34,34,False,False,False,87.7,2024-04-25
3509,SITE-061,PART-6768,199,109,90,32,14,False,False,False,45.0,2025-05-04
3510,SITE-011,PART-8916,491,122,369,59,15,False,False,False,46.1,2025-05-15
3511,SITE-020,PART-1768,113,40,73,25,19,False,False,False,24.3,2023-12-02
3512,SITE-060,PART-1376,289,235,54,47,18,False,False,False,2.8,2023-08-07
3513,SITE-023,PART-2779,259,44,215,86,78,False,False,False,71.7,2026-09-05
3514,SITE-095,PART-6926,380,372,8,68,67,False,True,True,0.3,2026-11-27
3515,SITE-012,PART-6355,147,60,87,100,98,False,True,True,14.5,2024-05-15
3516,SITE-093,PART-9512,365,52,313,35,11,False,False,False,13.0,2024-09-18
3517,SITE-058,PART-3718,32,30,2,58,16,False,True,True,0.3,2024-12-21
3518,SITE-065,PART-5660,476,330,146,29,12,False,False,False,9.7,2025-09-24
3519,SITE-011,PART-7740,324,147,177,46,33,False,False,False,59.0,2023-08-06
3520,SITE-027,PART-3286,227,138,89,86,50,False,False,False,8.1,2024-02-11
3521,SITE-016,PART-9284,282,192,90,87,63,False,False,False,4.5,2025-05-09
3522,SITE-006,PART-6286,409,206,203,33,11,False,False,False,10.2,2023-05-05
3523,SITE-074,PART-4251,304,119,185,70,32,False,False,False,16.8,2025-08-01
3524,SITE-092,PART-2331,90,20,70,59,35,False,False,False,3.7,2024-10-05
3525,SITE-005,PART-8062,79,23,56,87,68,False,True,True,3.1,2023-03-05
3526,SITE-021,PART-5661,14,6,8,65,60,False,True,True,0.8,2024-03-02
3527,SITE-074,PART-9038,17,10,7,20,15,False,True,True,0.6,2026-02-13
3528,SITE-066,PART-7066,19,9,10,23,22,False,True,True,0.7,2025-04-02
3529,SITE-056,PART-9371,114,38,76,69,39,False,False,False,5.1,2024-10-22
3530,SITE-059,PART-6908,60,37,23,27,12,False,True,False,3.8,2023-02-12
3531,SITE-084,PART-5907,482,321,161,75,38,False,False,False,14.6,2026-12-19
3532,SITE-094,PART-2297,63,59,4,30,28,False,True,True,0.2,2024-10-18
3533,SITE-052,PART-4137,249,145,104,87,80,False,False,False,26.0,2026-01-12
3534,SITE-056,PART-1225,394,197,197,28,13,False,False,False,8.6,2025-09-05
3535,SITE-024,PART-9194,25,24,1,62,25,False,True,True,0.1,2023-08-10
3536,SITE-040,PART-8163,36,9,27,52,52,False,True,True,9.0,2023-03-07
3537,SITE-010,PART-7785,227,11,216,73,24,False,False,False,18.0,2024-06-24
3538,SITE-051,PART-4906,3,1,2,47,14,False,True,True,0.1,2024-12-20
3539,SITE-043,PART-8322,242,34,208,52,14,False,False,False,10.9,2026-09-15
3540,SITE-038,PART-9337,487,429,58,51,41,False,False,False,6.4,2023-04-21
3541,SITE-046,PART-2590,409,255,154,57,35,False,False,False,9.6,2025-03-21
3542,SITE-083,PART-7136,54,2,52,62,58,False,True,True,10.4,2023-05-07
3543,SITE-061,PART-7944,91,82,9,62,37,False,True,True,0.5,2023-05-04
3544,SITE-011,PART-4781,125,44,81,85,24,False,True,False,3.9,2025-02-21
3545,SITE-090,PART-1987,149,76,73,80,57,False,True,False,4.6,2025-07-24
3546,SITE-019,PART-2673,462,383,79,56,13,False,False,False,4.9,2024-03-11
3547,SITE-068,PART-1783,437,315,122,78,78,False,False,False,4.9,2024-10-25
3548,SITE-048,PART-5961,220,203,17,91,50,False,True,True,2.1,2024-01-25
3549,SITE-015,PART-4392,48,30,18,94,83,False,True,True,2.2,2025-12-02
3550,SITE-050,PART-3121,312,232,80,64,36,False,False,False,3.5,2024-02-22
3551,SITE-007,PART-7020,36,11,25,77,73,False,True,True,2.3,2023-11-21
3552,SITE-083,PART-9589,417,147,270,53,42,False,False,False,22.5,2024-05-18
3553,SITE-028,PART-5805,285,170,115,89,77,False,False,False,14.4,2026-12-27
3554,SITE-058,PART-3329,444,170,274,31,26,False,False,False,15.2,2026-05-17
3555,SITE-038,PART-5115,92,88,4,44,26,False,True,True,0.8,2024-02-06
3556,SITE-030,PART-4886,315,197,118,33,26,False,False,False,9.1,2025-05-23
3557,SITE-080,PART-9128,356,62,294,72,18,False,False,False,42.0,2026-01-24
3558,SITE-099,PART-6031,14,2,12,66,60,False,True,True,0.5,2025-10-18
3559,SITE-099,PART-6391,239,2,237,68,38,False,False,False,16.9,2024-07-14
3560,SITE-003,PART-9589,190,35,155,81,26,False,False,False,12.9,2023-02-24
3561,SITE-093,PART-2430,390,193,197,98,93,False,False,False,98.5,2024-09-09
3562,SITE-090,PART-6330,326,295,31,28,17,False,False,False,1.4,2023-05-24
3563,SITE-079,PART-1088,406,196,210,43,27,False,False,False,8.8,2024-07-24
3564,SITE-005,PART-8695,253,214,39,27,25,False,False,False,6.5,2024-11-03
3565,SITE-034,PART-4392,251,144,107,93,43,False,False,False,35.7,2024-01-11
3566,SITE-088,PART-7036,482,326,156,68,30,False,False,False,156.0,2026-07-13
3567,SITE-014,PART-6023,234,108,126,51,34,False,False,False,14.0,2024-11-27
3568,SITE-072,PART-3199,253,122,131,79,13,False,False,False,131.0,2025-08-12
3569,SITE-078,PART-8042,196,188,8,98,16,False,True,True,0.5,2026-06-14
3570,SITE-041,PART-3209,324,153,171,89,21,False,False,False,9.5,2024-12-25
3571,SITE-045,PART-6324,237,15,222,82,15,False,False,False,9.2,2026-04-06
3572,SITE-020,PART-8896,444,162,282,27,16,False,False,False,20.1,2024-08-27
3573,SITE-098,PART-9586,485,175,310,81,17,False,False,False,25.8,2024-01-15
3574,SITE-096,PART-8676,417,242,175,68,31,False,False,False,7.0,2026-05-10
3575,SITE-071,PART-8668,40,31,9,90,65,False,True,True,0.8,2023-07-08
3576,SITE-099,PART-6013,152,27,125,20,14,False,False,False,5.7,2026-01-01
3577,SITE-059,PART-1124,430,206,224,96,91,False,False,False,14.0,2025-02-26
3578,SITE-046,PART-2281,153,129,24,22,15,False,False,False,6.0,2023-04-27
3579,SITE-059,PART-2952,242,87,155,87,35,False,False,False,15.5,2023-03-23
3580,SITE-100,PART-5031,297,236,61,41,19,False,False,False,2.5,2026-11-18
3581,SITE-007,PART-6355,300,162,138,96,13,False,False,False,15.3,2023-06-14
3582,SITE-074,PART-8496,349,279,70,29,20,False,False,False,7.8,2024-12-04
3583,SITE-019,PART-6615,330,212,118,59,35,False,False,False,5.4,2024-12-22
3584,SITE-096,PART-9329,181,145,36,39,25,False,True,False,18.0,2024-07-17
3585,SITE-008,PART-5534,99,37,62,51,16,False,False,False,5.6,2025-07-19
3586,SITE-079,PART-8500,240,223,17,22,13,False,True,False,1.1,2023-11-06
3587,SITE-062,PART-1032,396,294,102,57,32,False,False,False,5.1,2026-12-06
3588,SITE-084,PART-2758,81,70,11,98,34,False,True,True,1.0,2026-06-17
3589,SITE-083,PART-1816,348,280,68,29,22,False,False,False,3.4,2023-09-27
3590,SITE-013,PART-4505,194,125,69,27,12,False,False,False,13.8,2025-11-10
3591,SITE-032,PART-9340,320,91,229,67,66,False,False,False,9.2,2023-04-13
3592,SITE-068,PART-3418,103,8,95,72,55,False,False,False,9.5,2025-10-23
3593,SITE-039,PART-6908,441,72,369,81,27,False,False,False,369.0,2024-03-07
3594,SITE-014,PART-8214,401,69,332,92,43,False,False,False,20.8,2026-06-02
3595,SITE-058,PART-9467,313,227,86,73,19,False,False,False,4.1,2025-03-22
3596,SITE-069,PART-7237,270,171,99,28,17,False,False,False,5.5,2023-08-27
3597,SITE-049,PART-3653,219,64,155,42,23,False,False,False,7.8,2026-10-21
3598,SITE-076,PART-2506,37,8,29,46,10,False,True,False,1.5,2026-07-20
3599,SITE-046,PART-7441,323,69,254,79,37,False,False,False,21.2,2024-02-08
3600,SITE-075,PART-4999,127,104,23,31,25,False,True,True,1.5,2026-04-23
3601,SITE-016,PART-6107,205,151,54,81,32,False,True,False,54.0,2025-09-17
3602,SITE-037,PART-5186,303,180,123,86,81,False,False,False,123.0,2025-07-07
3603,SITE-047,PART-3172,234,58,176,31,18,False,False,False,19.6,2024-06-21
3604,SITE-064,PART-9007,228,146,82,50,45,False,False,False,8.2,2025-06-15
3605,SITE-018,PART-9564,457,129,328,78,39,False,False,False,54.7,2023-10-09
3606,SITE-058,PART-2622,491,51,440,45,32,False,False,False,440.0,2025-03-15
3607,SITE-074,PART-5124,454,93,361,51,34,False,False,False,17.2,2024-05-17
3608,SITE-061,PART-3392,23,6,17,72,32,False,True,True,2.1,2023-08-25
3609,SITE-063,PART-3347,302,45,257,64,53,False,False,False,10.3,2025-02-06
3610,SITE-051,PART-1214,312,157,155,33,18,False,False,False,7.0,2024-04-03
3611,SITE-009,PART-1591,379,3,376,54,49,False,False,False,47.0,2023-05-10
3612,SITE-063,PART-1737,187,107,80,62,39,False,False,False,13.3,2023-05-15
3613,SITE-031,PART-8330,146,59,87,80,50,False,False,False,8.7,2023-02-01
3614,SITE-024,PART-2036,354,179,175,47,43,False,False,False,25.0,2023-06-26
3615,SITE-078,PART-3388,269,216,53,94,89,False,True,True,2.4,2026-04-13
3616,SITE-039,PART-6719,162,11,151,64,36,False,False,False,50.3,2024-06-17
3617,SITE-002,PART-9678,398,276,122,27,17,False,False,False,30.5,2023-06-12
3618,SITE-040,PART-3280,358,153,205,94,10,False,False,False,10.8,2024-06-08
3619,SITE-010,PART-6112,243,106,137,22,14,False,False,False,6.2,2024-08-26
3620,SITE-023,PART-5873,97,75,22,48,21,False,True,False,1.4,2024-09-28
3621,SITE-095,PART-2622,45,5,40,46,23,False,True,False,5.7,2024-08-15
3622,SITE-024,PART-3290,260,39,221,41,24,False,False,False,15.8,2024-03-18
3623,SITE-038,PART-9129,0,0,0,97,91,True,True,True,0.0,2026-08-18
3624,SITE-015,PART-5200,148,95,53,58,53,False,True,False,8.8,2023-10-04
3625,SITE-038,PART-1138,41,6,35,61,42,False,True,True,2.9,2024-01-13
3626,SITE-098,PART-5321,440,127,313,97,64,False,False,False,13.0,2023-10-15
3627,SITE-040,PART-4603,391,231,160,54,44,False,False,False,7.6,2026-06-18
3628,SITE-055,PART-9458,302,42,260,54,18,False,False,False,15.3,2024-02-27
3629,SITE-029,PART-4260,68,61,7,42,42,False,True,True,0.6,2024-04-11
3630,SITE-091,PART-3188,212,51,161,46,17,False,False,False,10.1,2023-01-21
3631,SITE-034,PART-8581,476,155,321,48,32,False,False,False,321.0,2025-12-08
3632,SITE-067,PART-5321,116,16,100,53,24,False,False,False,25.0,2026-03-20
3633,SITE-023,PART-1670,124,13,111,84,49,False,False,False,12.3,2024-10-18
3634,SITE-039,PART-3739,420,332,88,42,16,False,False,False,5.5,2024-06-23
3635,SITE-060,PART-1266,465,67,398,40,34,False,False,False,30.6,2026-02-03
3636,SITE-063,PART-5846,164,32,132,97,81,False,False,False,6.9,2023-11-16
3637,SITE-053,PART-9363,1,1,0,60,14,True,True,True,0.0,2024-05-02
3638,SITE-025,PART-7524,126,2,124,39,25,False,False,False,5.9,2023-03-25
3639,SITE-084,PART-9037,422,407,15,64,55,False,True,True,2.5,2026-05-06
3640,SITE-085,PART-7599,482,478,4,93,25,False,True,True,0.7,2024-10-15
3641,SITE-083,PART-6153,347,12,335,60,10,False,False,False,13.4,2024-10-11
3642,SITE-023,PART-5225,111,2,109,29,26,False,False,False,21.8,2023-02-23
3643,SITE-034,PART-7202,36,2,34,61,48,False,True,True,4.9,2025-07-12
3644,SITE-099,PART-1591,29,10,19,79,13,False,True,False,1.4,2023-08-02
3645,SITE-071,PART-3718,58,11,47,98,50,False,True,True,4.7,2023-02-03
3646,SITE-082,PART-3858,354,296,58,87,61,False,True,True,29.0,2025-04-25
3647,SITE-061,PART-7761,442,140,302,79,16,False,False,False,33.6,2026-07-08
3648,SITE-086,PART-9933,225,63,162,65,51,False,False,False,7.7,2024-12-21
3649,SITE-011,PART-6778,114,35,79,68,11,False,False,False,3.3,2023-02-26
3650,SITE-043,PART-4014,437,61,376,88,48,False,False,False,53.7,2024-02-10
3651,SITE-095,PART-7087,274,194,80,54,46,False,False,False,4.4,2023-01-14
3652,SITE-058,PART-5186,363,301,62,85,52,False,True,False,10.3,2023-08-19
3653,SITE-083,PART-6628,370,34,336,27,19,False,False,False,14.6,2023-01-07
3654,SITE-045,PART-8762,158,114,44,97,30,False,True,False,7.3,2023-02-11
3655,SITE-038,PART-7833,101,80,21,50,24,False,True,True,1.1,2026-02-07
3656,SITE-049,PART-3715,112,43,69,53,16,False,False,False,2.9,2024-07-04
3657,SITE-008,PART-7782,261,54,207,45,25,False,False,False,15.9,2025-04-23
3658,SITE-084,PART-6668,236,156,80,25,20,False,False,False,40.0,2024-05-08
3659,SITE-075,PART-6811,364,362,2,20,20,False,True,True,0.1,2023-04-06
3660,SITE-062,PART-3333,342,55,287,92,52,False,False,False,26.1,2023-04-16
3661,SITE-059,PART-6983,6,5,1,46,20,False,True,True,0.1,2025-08-15
3662,SITE-086,PART-8126,258,110,148,58,54,False,False,False,148.0,2023-10-17
3663,SITE-015,PART-4422,237,237,0,43,15,True,True,True,0.0,2023-12-24
3664,SITE-091,PART-3937,436,434,2,68,52,False,True,True,0.1,2024-07-02
3665,SITE-089,PART-6709,108,105,3,96,50,False,True,True,0.1,2025-06-14
3666,SITE-009,PART-2179,446,108,338,95,89,False,False,False,37.6,2023-01-01
3667,SITE-100,PART-4303,171,116,55,62,26,False,True,False,3.2,2024-12-21
3668,SITE-067,PART-9388,253,95,158,94,73,False,False,False,14.4,2026-01-19
3669,SITE-032,PART-2896,247,126,121,95,60,False,False,False,5.0,2025-09-27
3670,SITE-052,PART-3653,239,99,140,40,11,False,False,False,28.0,2025-04-22
3671,SITE-006,PART-2699,19,9,10,78,22,False,True,True,0.5,2025-05-16
3672,SITE-053,PART-2477,302,263,39,32,13,False,False,False,9.8,2026-11-26
3673,SITE-060,PART-1347,49,3,46,44,32,False,False,False,9.2,2024-02-17
3674,SITE-066,PART-1483,323,283,40,26,22,False,False,False,2.7,2026-08-10
3675,SITE-012,PART-9371,348,64,284,32,20,False,False,False,14.2,2024-06-25
3676,SITE-061,PART-2356,187,164,23,98,46,False,True,True,2.6,2025-10-09
3677,SITE-052,PART-4538,267,110,157,32,16,False,False,False,22.4,2024-04-06
3678,SITE-088,PART-2946,358,66,292,61,31,False,False,False,16.2,2025-02-04
3679,SITE-022,PART-1987,93,12,81,48,34,False,False,False,6.8,2025-05-26
3680,SITE-041,PART-1032,342,160,182,21,16,False,False,False,18.2,2026-07-14
3681,SITE-016,PART-2794,396,232,164,96,96,False,False,False,6.6,2025-08-07
3682,SITE-056,PART-3825,4,0,4,23,17,False,True,True,0.5,2025-05-05
3683,SITE-036,PART-9629,476,271,205,28,28,False,False,False,8.2,2025-07-19
3684,SITE-099,PART-5121,271,63,208,94,84,False,False,False,41.6,2026-11-17
3685,SITE-050,PART-7745,260,3,257,53,14,False,False,False,42.8,2023-06-12
3686,SITE-077,PART-1897,87,58,29,29,23,False,False,False,1.3,2024-06-23
3687,SITE-015,PART-4572,335,201,134,56,37,False,False,False,11.2,2024-11-26
3688,SITE-056,PART-7442,256,249,7,42,28,False,True,True,0.4,2023-08-25
3689,SITE-048,PART-4545,110,22,88,74,26,False,False,False,6.8,2026-04-17
3690,SITE-064,PART-3257,360,87,273,22,22,False,False,False,17.1,2024-08-08
3691,SITE-066,PART-1777,290,118,172,87,49,False,False,False,172.0,2023-12-04
3692,SITE-048,PART-9377,231,204,27,87,57,False,True,True,1.6,2025-10-25
3693,SITE-030,PART-9758,17,4,13,72,35,False,True,True,0.8,2025-07-27
3694,SITE-027,PART-4680,172,114,58,37,13,False,False,False,4.1,2024-06-04
3695,SITE-080,PART-7944,0,0,0,20,17,True,True,True,0.0,2023-08-02
3696,SITE-073,PART-3290,132,82,50,91,14,False,True,False,3.3,2026-12-10
3697,SITE-090,PART-9921,277,85,192,56,37,False,False,False,24.0,2026-06-19
3698,SITE-091,PART-4449,351,335,16,68,53,False,True,True,0.9,2023-09-07
3699,SITE-024,PART-7625,426,377,49,88,39,False,True,False,24.5,2024-05-04
3700,SITE-040,PART-2838,228,136,92,67,52,False,False,False,9.2,2024-11-10
3701,SITE-059,PART-2035,413,323,90,70,55,False,False,False,6.4,2023-10-16
3702,SITE-045,PART-4397,217,92,125,100,86,False,False,False,41.7,2026-10-25
3703,SITE-055,PART-8943,450,358,92,63,12,False,False,False,30.7,2023-10-02
3704,SITE-054,PART-8144,195,118,77,25,17,False,False,False,4.5,2026-04-04
3705,SITE-067,PART-2102,160,21,139,54,19,False,False,False,69.5,2024-07-13
3706,SITE-078,PART-9856,487,386,101,36,23,False,False,False,25.2,2026-01-28
3707,SITE-035,PART-1474,213,147,66,70,25,False,True,False,2.8,2026-07-07
3708,SITE-006,PART-3030,371,364,7,43,41,False,True,True,0.6,2026-02-02
3709,SITE-064,PART-7495,196,116,80,96,60,False,True,False,3.2,2024-02-20
3710,SITE-074,PART-6568,127,74,53,35,14,False,False,False,10.6,2023-01-18
3711,SITE-059,PART-4662,439,279,160,44,43,False,False,False,8.4,2025-06-14
3712,SITE-084,PART-9856,250,114,136,41,37,False,False,False,5.7,2024-09-17
3713,SITE-099,PART-7914,439,192,247,25,10,False,False,False,10.3,2025-07-02
3714,SITE-010,PART-1405,365,273,92,74,27,False,False,False,4.8,2024-12-08
3715,SITE-062,PART-4680,155,75,80,41,23,False,False,False,8.9,2024-01-09
3716,SITE-011,PART-5698,220,85,135,97,65,False,False,False,8.4,2025-04-24
3717,SITE-079,PART-7121,325,322,3,55,40,False,True,True,0.3,2024-01-20
3718,SITE-084,PART-8675,453,147,306,46,24,False,False,False,43.7,2026-10-02
3719,SITE-085,PART-6768,348,133,215,75,48,False,False,False,17.9,2023-11-28
3720,SITE-058,PART-8675,182,19,163,22,20,False,False,False,18.1,2023-10-28
3721,SITE-036,PART-8535,385,243,142,78,31,False,False,False,47.3,2025-01-27
3722,SITE-006,PART-9623,391,254,137,48,25,False,False,False,8.6,2025-08-04
3723,SITE-086,PART-8581,179,140,39,70,21,False,True,False,3.9,2026-11-06
3724,SITE-024,PART-5415,36,10,26,79,34,False,True,True,2.9,2025-05-21
3725,SITE-033,PART-8127,269,60,209,100,65,False,False,False,69.7,2026-04-19
3726,SITE-083,PART-7250,370,151,219,88,28,False,False,False,8.8,2026-04-11
3727,SITE-048,PART-7820,353,197,156,55,10,False,False,False,8.2,2024-06-27
3728,SITE-066,PART-2189,217,31,186,24,19,False,False,False,23.2,2025-09-23
3729,SITE-076,PART-6412,23,17,6,48,19,False,True,True,1.0,2025-04-09
3730,SITE-087,PART-3793,268,265,3,28,23,False,True,True,0.1,2024-12-20
3731,SITE-021,PART-2396,161,31,130,21,12,False,False,False,6.5,2024-12-14
3732,SITE-050,PART-5898,327,223,104,67,31,False,False,False,104.0,2023-10-14
3733,SITE-077,PART-9309,403,31,372,75,15,False,False,False,15.5,2024-04-16
3734,SITE-065,PART-5961,500,164,336,56,22,False,False,False,21.0,2026-11-03
3735,SITE-087,PART-1456,434,117,317,40,34,False,False,False,16.7,2024-10-06
3736,SITE-056,PART-3228,397,79,318,27,12,False,False,False,12.7,2023-12-21
3737,SITE-047,PART-1937,453,416,37,100,98,False,True,True,2.3,2024-03-07
3738,SITE-029,PART-6162,18,9,9,30,23,False,True,True,4.5,2023-03-24
3739,SITE-092,PART-2451,481,337,144,25,22,False,False,False,13.1,2024-11-14
3740,SITE-002,PART-1660,155,47,108,94,16,False,False,False,6.8,2026-02-02
3741,SITE-003,PART-6709,407,285,122,98,61,False,False,False,7.6,2024-02-19
3742,SITE-021,PART-7767,90,21,69,46,45,False,False,False,3.0,2025-08-22
3743,SITE-037,PART-2419,439,381,58,92,10,False,True,False,2.6,2025-02-09
3744,SITE-095,PART-5238,404,3,401,66,51,False,False,False,19.1,2026-08-13
3745,SITE-036,PART-2959,57,38,19,83,83,False,True,True,1.7,2024-03-13
3746,SITE-027,PART-7138,372,303,69,86,62,False,True,False,6.3,2026-01-02
3747,SITE-069,PART-5652,473,292,181,93,19,False,False,False,16.5,2024-06-24
3748,SITE-067,PART-7967,389,119,270,55,11,False,False,False,30.0,2024-04-07
3749,SITE-051,PART-9181,182,11,171,26,15,False,False,False,14.2,2026-12-04
3750,SITE-023,PART-1918,383,66,317,95,13,False,False,False,16.7,2026-04-16
3751,SITE-051,PART-8558,316,35,281,64,24,False,False,False,16.5,2024-05-11
3752,SITE-030,PART-3781,168,89,79,72,72,False,False,False,13.2,2023-02-22
3753,SITE-011,PART-1650,87,67,20,30,13,False,True,False,1.0,2024-07-16
3754,SITE-016,PART-3251,267,69,198,27,13,False,False,False,39.6,2024-02-16
3755,SITE-015,PART-5200,297,216,81,42,35,False,False,False,3.7,2025-04-28
3756,SITE-020,PART-1074,331,163,168,24,21,False,False,False,6.7,2023-05-03
3757,SITE-010,PART-2585,189,127,62,55,30,False,False,False,3.0,2024-04-08
3758,SITE-004,PART-4448,244,53,191,49,49,False,False,False,8.0,2023-10-14
3759,SITE-081,PART-2317,379,266,113,63,62,False,False,False,5.9,2023-04-06
3760,SITE-036,PART-8254,420,348,72,35,20,False,False,False,3.6,2025-08-24
3761,SITE-047,PART-4078,16,2,14,35,30,False,True,True,0.9,2025-08-27
3762,SITE-033,PART-1228,92,63,29,93,28,False,True,False,3.6,2025-12-15
3763,SITE-060,PART-8113,387,204,183,76,38,False,False,False,8.7,2024-08-24
3764,SITE-064,PART-1074,87,29,58,72,10,False,True,False,6.4,2026-09-01
3765,SITE-028,PART-8181,125,59,66,59,50,False,False,False,33.0,2025-02-13
3766,SITE-068,PART-8195,204,21,183,95,69,False,False,False,12.2,2024-10-04
3767,SITE-004,PART-9948,9,8,1,20,10,False,True,True,0.1,2024-08-03
3768,SITE-086,PART-6324,258,127,131,59,46,False,False,False,6.0,2025-12-22
3769,SITE-015,PART-7577,403,300,103,85,21,False,False,False,12.9,2023-01-17
3770,SITE-003,PART-8202,194,194,0,55,15,True,True,True,0.0,2024-12-08
3771,SITE-006,PART-3130,335,239,96,63,63,False,False,False,4.0,2023-09-01
3772,SITE-001,PART-2516,152,87,65,46,44,False,False,False,2.6,2026-12-04
3773,SITE-039,PART-2973,173,58,115,23,13,False,False,False,4.8,2023-01-12
3774,SITE-049,PART-2779,171,128,43,60,10,False,True,False,10.8,2026-04-09
3775,SITE-030,PART-1061,445,25,420,55,30,False,False,False,210.0,2024-01-19
3776,SITE-018,PART-1105,110,100,10,55,45,False,True,True,0.4,2023-07-12
3777,SITE-041,PART-7388,307,203,104,52,46,False,False,False,20.8,2024-07-14
3778,SITE-036,PART-1124,485,143,342,37,27,False,False,False,18.0,2025-09-25
3779,SITE-002,PART-2052,252,75,177,84,15,False,False,False,59.0,2024-02-10
3780,SITE-055,PART-8219,410,169,241,77,18,False,False,False,20.1,2025-09-08
3781,SITE-041,PART-1129,321,247,74,46,11,False,False,False,12.3,2026-04-08
3782,SITE-070,PART-1088,206,188,18,81,13,False,True,False,1.8,2025-02-20
3783,SITE-070,PART-7672,306,40,266,59,25,False,False,False,133.0,2023-04-17
3784,SITE-079,PART-5445,336,224,112,29,25,False,False,False,4.7,2026-03-13
3785,SITE-002,PART-3543,374,82,292,95,28,False,False,False,97.3,2026-08-19
3786,SITE-012,PART-7903,210,29,181,32,10,False,False,False,18.1,2023-12-25
3787,SITE-070,PART-2003,404,319,85,35,23,False,False,False,7.1,2025-12-15
3788,SITE-001,PART-4215,336,300,36,75,63,False,True,True,6.0,2023-07-06
3789,SITE-080,PART-5219,119,56,63,80,26,False,True,False,3.9,2023-05-15
3790,SITE-081,PART-7442,35,29,6,46,13,False,True,True,0.3,2024-10-19
3791,SITE-093,PART-4062,446,40,406,40,24,False,False,False,67.7,2024-02-25
3792,SITE-037,PART-4014,450,439,11,73,47,False,True,True,2.8,2026-07-22
3793,SITE-093,PART-8195,282,161,121,44,16,False,False,False,13.4,2024-12-25
3794,SITE-023,PART-4999,485,35,450,85,61,False,False,False,19.6,2024-05-28
3795,SITE-038,PART-7960,456,403,53,54,16,False,True,False,4.1,2025-10-12
3796,SITE-086,PART-9007,406,201,205,67,45,False,False,False,12.8,2023-08-27
3797,SITE-050,PART-9320,138,95,43,65,56,False,True,True,3.6,2023-12-17
3798,SITE-034,PART-6417,359,102,257,63,27,False,False,False,16.1,2024-06-09
3799,SITE-008,PART-2135,452,352,100,38,20,False,False,False,20.0,2023-09-28
3800,SITE-013,PART-3323,409,326,83,93,66,False,True,False,10.4,2026-01-14
3801,SITE-026,PART-9363,177,43,134,100,90,False,False,False,67.0,2025-08-05
3802,SITE-003,PART-5100,228,53,175,53,39,False,False,False,15.9,2025-04-01
3803,SITE-087,PART-7433,123,121,2,99,68,False,True,True,0.7,2025-09-07
3804,SITE-062,PART-7056,465,346,119,44,16,False,False,False,19.8,2026-06-07
3805,SITE-040,PART-1700,219,90,129,41,34,False,False,False,21.5,2025-01-15
3806,SITE-010,PART-8714,316,83,233,86,26,False,False,False,10.1,2023-03-22
3807,SITE-074,PART-4942,427,161,266,47,26,False,False,False,20.5,2026-12-16
3808,SITE-002,PART-5982,127,52,75,42,25,False,False,False,6.2,2024-12-10
3809,SITE-096,PART-2445,388,302,86,44,26,False,False,False,10.8,2024-05-18
3810,SITE-039,PART-2165,318,124,194,100,70,False,False,False,32.3,2023-01-25
3811,SITE-034,PART-2779,172,163,9,33,11,False,True,True,0.7,2023-04-22
3812,SITE-096,PART-8690,37,2,35,51,26,False,True,False,4.4,2024-02-09
3813,SITE-050,PART-7008,32,30,2,63,13,False,True,True,0.3,2026-01-02
3814,SITE-019,PART-7053,198,27,171,85,48,False,False,False,14.2,2023-07-01
3815,SITE-038,PART-2116,262,42,220,49,12,False,False,False,10.0,2024-07-04
3816,SITE-077,PART-1238,286,93,193,70,55,False,False,False,9.7,2026-12-16
3817,SITE-054,PART-3574,177,152,25,62,22,False,True,False,1.6,2025-01-10
3818,SITE-073,PART-3329,48,25,23,60,45,False,True,True,3.3,2024-06-15
3819,SITE-070,PART-7534,349,161,188,68,44,False,False,False,13.4,2025-01-27
3820,SITE-054,PART-6508,105,91,14,80,39,False,True,True,0.7,2025-04-22
3821,SITE-073,PART-8676,67,18,49,43,32,False,False,False,16.3,2024-11-20
3822,SITE-071,PART-8896,461,387,74,96,59,False,True,False,3.4,2024-02-05
3823,SITE-057,PART-1249,420,16,404,98,13,False,False,False,101.0,2026-02-26
3824,SITE-057,PART-8807,440,206,234,73,65,False,False,False,11.7,2024-08-20
3825,SITE-026,PART-2464,284,223,61,97,32,False,True,False,6.1,2026-07-19
3826,SITE-093,PART-9077,124,1,123,89,37,False,False,False,10.2,2023-09-16
3827,SITE-027,PART-4603,100,65,35,57,18,False,True,False,2.7,2023-05-18
3828,SITE-074,PART-7138,304,161,143,84,28,False,False,False,23.8,2025-09-25
3829,SITE-089,PART-9623,315,252,63,53,41,False,False,False,2.7,2024-11-02
3830,SITE-086,PART-5029,64,56,8,21,10,False,True,True,1.0,2025-01-25
3831,SITE-030,PART-3822,237,71,166,99,41,False,False,False,55.3,2023-04-01
3832,SITE-024,PART-3663,13,13,0,24,12,True,True,True,0.0,2024-07-05
3833,SITE-074,PART-1696,46,3,43,54,39,False,True,False,2.4,2024-03-15
3834,SITE-095,PART-7140,498,199,299,75,42,False,False,False,74.8,2026-04-05
3835,SITE-025,PART-3344,378,43,335,83,58,False,False,False,13.4,2024-10-23
3836,SITE-014,PART-7209,350,165,185,58,21,False,False,False,7.4,2025-05-09
3837,SITE-001,PART-6299,439,107,332,91,57,False,False,False,55.3,2023-01-01
3838,SITE-033,PART-7358,147,17,130,78,50,False,False,False,65.0,2025-08-17
3839,SITE-079,PART-1266,351,245,106,98,71,False,False,False,6.2,2025-06-01
3840,SITE-069,PART-3959,178,137,41,81,15,False,True,False,20.5,2026-07-26
3841,SITE-067,PART-5496,258,102,156,95,82,False,False,False,52.0,2026-06-04
3842,SITE-053,PART-3291,455,444,11,45,17,False,True,True,0.8,2025-10-16
3843,SITE-036,PART-4942,167,149,18,49,11,False,True,False,1.4,2025-10-02
3844,SITE-010,PART-2127,85,1,84,76,40,False,False,False,10.5,2024-01-07
3845,SITE-034,PART-8593,129,57,72,61,12,False,False,False,4.2,2024-01-26
3846,SITE-038,PART-6162,378,96,282,32,19,False,False,False,20.1,2024-08-09
3847,SITE-041,PART-9632,64,57,7,81,62,False,True,True,0.3,2023-01-03
3848,SITE-091,PART-4844,192,104,88,41,17,False,False,False,11.0,2026-07-03
3849,SITE-100,PART-7298,287,239,48,90,50,False,True,True,4.8,2024-08-21
3850,SITE-022,PART-8505,84,32,52,50,41,False,False,False,2.5,2025-02-14
3851,SITE-049,PART-8273,138,137,1,34,19,False,True,True,0.1,2024-12-14
3852,SITE-054,PART-8202,198,66,132,54,28,False,False,False,7.8,2023-01-10
3853,SITE-025,PART-4844,494,447,47,100,95,False,True,True,11.8,2025-04-14
3854,SITE-041,PART-7282,309,93,216,97,41,False,False,False,12.7,2024-07-14
3855,SITE-051,PART-5771,44,26,18,38,23,False,True,True,0.8,2024-03-07
3856,SITE-021,PART-1049,304,59,245,30,27,False,False,False,40.8,2025-08-06
3857,SITE-036,PART-9933,230,212,18,45,43,False,True,True,0.8,2025-08-08
3858,SITE-024,PART-3285,25,14,11,88,75,False,True,True,2.8,2026-12-09
3859,SITE-055,PART-1734,428,314,114,45,41,False,False,False,57.0,2024-08-12
3860,SITE-057,PART-7590,278,248,30,21,19,False,False,False,3.3,2024-05-07
3861,SITE-059,PART-3333,125,46,79,75,64,False,False,False,9.9,2024-06-07
3862,SITE-095,PART-2802,76,63,13,35,12,False,True,False,0.8,2023-09-01
3863,SITE-026,PART-3101,433,137,296,30,14,False,False,False,42.3,2025-02-19
3864,SITE-061,PART-3392,434,47,387,62,31,False,False,False,387.0,2023-10-17
3865,SITE-038,PART-9213,21,7,14,75,51,False,True,True,0.6,2026-02-05
3866,SITE-020,PART-9297,86,74,12,55,13,False,True,True,3.0,2023-08-02
3867,SITE-028,PART-8625,431,83,348,24,13,False,False,False,16.6,2025-01-16
3868,SITE-075,PART-3188,192,34,158,26,25,False,False,False,158.0,2025-08-04
3869,SITE-080,PART-7413,348,250,98,68,32,False,False,False,5.2,2026-03-08
3870,SITE-007,PART-5503,355,193,162,32,20,False,False,False,13.5,2023-10-22
3871,SITE-021,PART-2019,55,12,43,39,36,False,False,False,1.7,2024-08-22
3872,SITE-035,PART-6854,393,383,10,35,18,False,True,True,0.9,2026-06-22
3873,SITE-072,PART-3388,410,353,57,59,37,False,True,False,2.3,2026-07-12
3874,SITE-089,PART-3291,3,2,1,54,35,False,True,True,0.1,2026-12-10
3875,SITE-084,PART-1715,409,153,256,36,30,False,False,False,51.2,2026-03-05
3876,SITE-037,PART-8768,86,85,1,63,20,False,True,True,0.1,2026-08-02
3877,SITE-077,PART-9492,78,8,70,36,35,False,False,False,3.9,2023-07-19
3878,SITE-089,PART-2577,103,93,10,59,12,False,True,True,1.4,2023-11-16
3879,SITE-018,PART-6913,468,109,359,86,17,False,False,False,17.9,2026-03-19
3880,SITE-008,PART-7740,384,278,106,72,14,False,False,False,11.8,2026-10-19
3881,SITE-064,PART-3718,23,7,16,83,82,False,True,True,0.8,2025-08-05
3882,SITE-074,PART-4741,226,12,214,53,46,False,False,False,26.8,2025-10-24
3883,SITE-029,PART-2127,319,228,91,72,56,False,False,False,91.0,2025-01-09
3884,SITE-046,PART-3188,176,69,107,68,20,False,False,False,4.3,2024-07-21
3885,SITE-035,PART-6627,499,470,29,23,16,False,False,False,5.8,2024-03-27
3886,SITE-001,PART-1335,200,160,40,60,36,False,True,False,10.0,2026-06-03
3887,SITE-040,PART-2451,324,145,179,71,47,False,False,False,44.8,2025-03-06
3888,SITE-010,PART-7984,312,31,281,64,53,False,False,False,56.2,2026-01-17
3889,SITE-005,PART-4128,447,172,275,80,61,False,False,False,13.1,2024-01-03
3890,SITE-066,PART-1632,239,74,165,48,44,False,False,False,18.3,2024-01-21
3891,SITE-082,PART-5813,192,182,10,70,49,False,True,True,10.0,2023-01-26
3892,SITE-077,PART-9119,473,181,292,33,23,False,False,False,73.0,2024-06-16
3893,SITE-003,PART-5238,141,14,127,26,23,False,False,False,127.0,2026-11-23
3894,SITE-063,PART-7165,257,65,192,53,50,False,False,False,10.1,2024-04-13
3895,SITE-052,PART-4713,162,104,58,93,59,False,True,True,29.0,2026-01-16
3896,SITE-089,PART-5543,492,429,63,28,11,False,False,False,3.3,2025-12-02
3897,SITE-039,PART-1771,452,441,11,81,10,False,True,False,2.2,2024-10-21
3898,SITE-023,PART-3415,332,206,126,78,59,False,False,False,11.5,2023-09-21
3899,SITE-076,PART-1061,87,24,63,48,25,False,False,False,63.0,2026-03-15
3900,SITE-028,PART-5660,195,76,119,46,43,False,False,False,11.9,2025-07-13
3901,SITE-070,PART-8084,131,130,1,34,22,False,True,True,0.2,2023-08-01
3902,SITE-037,PART-3418,1,1,0,71,31,True,True,True,0.0,2023-03-02
3903,SITE-022,PART-1147,348,126,222,41,39,False,False,False,17.1,2023-12-25
3904,SITE-097,PART-7424,336,98,238,36,14,False,False,False,14.9,2024-12-21
3905,SITE-036,PART-9037,275,0,275,30,22,False,False,False,34.4,2023-08-24
3906,SITE-081,PART-2799,318,202,116,74,20,False,False,False,5.8,2024-11-27
3907,SITE-001,PART-1768,358,201,157,32,10,False,False,False,39.2,2023-11-27
3908,SITE-035,PART-4251,300,141,159,68,66,False,False,False,7.2,2025-08-25
3909,SITE-059,PART-9921,242,166,76,91,80,False,True,True,8.4,2023-02-03
3910,SITE-003,PART-3808,230,132,98,91,50,False,False,False,49.0,2023-04-03
3911,SITE-077,PART-7385,243,0,243,31,17,False,False,False,12.2,2025-11-24
3912,SITE-014,PART-2838,485,226,259,47,13,False,False,False,10.8,2023-11-25
3913,SITE-019,PART-2622,377,306,71,64,52,False,False,False,5.9,2023-04-20
3914,SITE-067,PART-5401,325,190,135,81,77,False,False,False,45.0,2024-12-15
3915,SITE-075,PART-3887,500,156,344,80,65,False,False,False,22.9,2023-09-25
3916,SITE-088,PART-2830,321,209,112,96,45,False,False,False,5.3,2023-06-17
3917,SITE-091,PART-7991,43,23,20,89,59,False,True,True,1.0,2025-11-03
3918,SITE-074,PART-1138,19,3,16,87,83,False,True,True,8.0,2024-10-23
3919,SITE-039,PART-4228,272,146,126,26,10,False,False,False,126.0,2023-09-10
3920,SITE-004,PART-3504,373,35,338,59,15,False,False,False,16.1,2024-09-23
3921,SITE-031,PART-9511,164,39,125,88,61,False,False,False,25.0,2026-09-05
3922,SITE-075,PART-3246,323,275,48,51,46,False,True,False,4.4,2025-06-21
3923,SITE-064,PART-1129,99,35,64,20,17,False,False,False,2.8,2025-12-21
3924,SITE-097,PART-4354,130,43,87,53,50,False,False,False,17.4,2023-12-19
3925,SITE-100,PART-9272,262,222,40,52,31,False,True,False,3.6,2024-03-02
3926,SITE-040,PART-1116,157,73,84,52,36,False,False,False,4.7,2023-10-22
3927,SITE-044,PART-6108,112,15,97,38,15,False,False,False,19.4,2024-09-04
3928,SITE-063,PART-3161,250,144,106,29,21,False,False,False,11.8,2026-10-19
3929,SITE-048,PART-4404,298,14,284,54,39,False,False,False,11.8,2026-02-11
3930,SITE-033,PART-5698,128,21,107,29,10,False,False,False,7.6,2026-12-21
3931,SITE-085,PART-2356,34,16,18,84,64,False,True,True,9.0,2023-04-19
3932,SITE-073,PART-2356,470,350,120,92,48,False,False,False,20.0,2026-05-23
3933,SITE-072,PART-9271,27,10,17,24,20,False,True,True,5.7,2026-10-28
3934,SITE-013,PART-3781,116,28,88,96,17,False,True,False,11.0,2024-12-28
3935,SITE-050,PART-8474,15,5,10,26,11,False,True,True,0.8,2025-11-17
3936,SITE-054,PART-4198,146,43,103,71,45,False,False,False,4.3,2025-07-21
3937,SITE-011,PART-2451,221,16,205,99,49,False,False,False,13.7,2024-09-24
3938,SITE-059,PART-3732,151,131,20,71,54,False,True,True,10.0,2024-04-02
3939,SITE-010,PART-2451,111,94,17,80,78,False,True,True,1.1,2024-04-04
3940,SITE-049,PART-5625,416,354,62,24,15,False,False,False,5.2,2025-12-09
3941,SITE-098,PART-5298,332,231,101,100,45,False,False,False,16.8,2024-05-13
3942,SITE-001,PART-5652,255,13,242,43,40,False,False,False,10.5,2025-03-22
3943,SITE-015,PART-4771,308,25,283,37,28,False,False,False,283.0,2025-12-17
3944,SITE-027,PART-4918,253,234,19,75,16,False,True,False,0.8,2025-06-02
3945,SITE-024,PART-9606,386,262,124,56,13,False,False,False,10.3,2023-09-04
3946,SITE-019,PART-3009,173,79,94,46,20,False,False,False,4.7,2025-06-06
3947,SITE-077,PART-8874,8,5,3,22,10,False,True,True,1.5,2024-11-04
3948,SITE-021,PART-9629,46,31,15,20,12,False,True,False,2.5,2026-07-22
3949,SITE-073,PART-4280,260,165,95,65,53,False,False,False,10.6,2024-04-13
3950,SITE-051,PART-4309,321,11,310,51,27,False,False,False,14.8,2024-09-13
3951,SITE-097,PART-7388,397,294,103,95,73,False,False,False,4.3,2024-05-15
3952,SITE-036,PART-3739,463,404,59,67,21,False,True,False,59.0,2024-12-11
3953,SITE-092,PART-3887,71,6,65,70,22,False,True,False,3.2,2025-08-06
3954,SITE-041,PART-4072,444,369,75,64,53,False,False,False,3.0,2025-01-05
3955,SITE-023,PART-8448,124,42,82,48,44,False,False,False,7.5,2026-05-21
3956,SITE-060,PART-9451,307,53,254,63,50,False,False,False,10.6,2024-02-07
3957,SITE-029,PART-8780,420,163,257,56,45,False,False,False,128.5,2023-05-07
3958,SITE-094,PART-2867,430,297,133,52,42,False,False,False,6.3,2026-04-17
3959,SITE-083,PART-5214,500,234,266,46,25,False,False,False,17.7,2026-12-05
3960,SITE-019,PART-8200,380,225,155,42,42,False,False,False,8.6,2026-09-20
3961,SITE-082,PART-6568,319,36,283,84,12,False,False,False,16.6,2024-12-11
3962,SITE-018,PART-5704,364,351,13,79,62,False,True,True,2.6,2023-01-08
3963,SITE-096,PART-7121,213,7,206,24,12,False,False,False,103.0,2026-02-24
3964,SITE-043,PART-3344,269,242,27,25,25,False,False,False,1.7,2023-02-16
3965,SITE-062,PART-2217,282,209,73,98,86,False,True,True,18.2,2023-12-11
3966,SITE-064,PART-5936,419,6,413,34,33,False,False,False,45.9,2024-01-28
3967,SITE-036,PART-8535,32,4,28,51,37,False,True,True,9.3,2026-12-20
3968,SITE-097,PART-1266,83,16,67,72,68,False,True,True,6.7,2025-05-20
3969,SITE-055,PART-7210,495,142,353,57,17,False,False,False,35.3,2025-07-10
3970,SITE-086,PART-2698,152,117,35,63,26,False,True,False,35.0,2024-01-24
3971,SITE-015,PART-1783,117,87,30,22,16,False,False,False,30.0,2025-05-06
3972,SITE-054,PART-2415,148,84,64,67,28,False,True,False,7.1,2023-04-04
3973,SITE-039,PART-6412,101,76,25,36,26,False,True,True,1.3,2024-07-13
3974,SITE-019,PART-9549,383,77,306,95,54,False,False,False,12.8,2025-12-26
3975,SITE-006,PART-1744,474,33,441,72,20,False,False,False,27.6,2026-03-25
3976,SITE-082,PART-9605,447,307,140,71,34,False,False,False,5.8,2026-04-20
3977,SITE-041,PART-1291,129,109,20,31,24,False,True,True,0.9,2024-02-05
3978,SITE-007,PART-5198,165,23,142,37,27,False,False,False,15.8,2026-09-20
3979,SITE-025,PART-3793,474,251,223,55,44,False,False,False,10.6,2023-10-11
3980,SITE-002,PART-5183,48,5,43,58,53,False,True,True,4.8,2023-03-25
3981,SITE-098,PART-4545,108,93,15,38,27,False,True,True,7.5,2024-02-23
3982,SITE-088,PART-4001,400,103,297,78,10,False,False,False,27.0,2025-11-08
3983,SITE-031,PART-4280,226,73,153,83,35,False,False,False,25.5,2023-11-27
3984,SITE-058,PART-3290,395,325,70,67,49,False,False,False,17.5,2026-02-27
3985,SITE-064,PART-7431,431,32,399,54,47,False,False,False,44.3,2026-06-13
3986,SITE-063,PART-8910,360,73,287,43,10,False,False,False,15.9,2025-07-19
3987,SITE-021,PART-6140,90,6,84,32,10,False,False,False,84.0,2024-08-14
3988,SITE-080,PART-5625,484,323,161,85,42,False,False,False,17.9,2024-04-05
3989,SITE-010,PART-5321,253,38,215,79,42,False,False,False,53.8,2024-09-21
3990,SITE-021,PART-7746,192,82,110,97,77,False,False,False,8.5,2024-07-01
3991,SITE-018,PART-7200,36,18,18,25,10,False,True,False,0.8,2026-12-13
3992,SITE-082,PART-7820,455,269,186,87,70,False,False,False,7.4,2023-11-25
3993,SITE-002,PART-3657,151,148,3,50,23,False,True,True,1.5,2025-05-08
3994,SITE-010,PART-7181,232,93,139,78,21,False,False,False,69.5,2026-01-20
3995,SITE-010,PART-3388,190,161,29,46,46,False,True,True,2.6,2024-07-19
3996,SITE-032,PART-6812,23,13,10,79,53,False,True,True,1.4,2024-12-28
3997,SITE-077,PART-4804,74,38,36,60,28,False,True,False,12.0,2024-01-04
3998,SITE-029,PART-2319,329,286,43,25,13,False,False,False,2.3,2024-12-02
3999,SITE-045,PART-7053,65,6,59,91,21,False,True,False,14.8,2025-12-18
4000,SITE-033,PART-9162,329,224,105,55,27,False,False,False,4.2,2026-05-20
4001,SITE-031,PART-3858,286,106,180,43,10,False,False,False,9.5,2026-10-17
4002,SITE-074,PART-1366,243,78,165,22,13,False,False,False,8.2,2024-06-08
4003,SITE-073,PART-2897,380,49,331,70,30,False,False,False,110.3,2026-09-02
4004,SITE-090,PART-6227,241,198,43,64,45,False,True,True,1.7,2025-01-19
4005,SITE-002,PART-2477,240,201,39,71,41,False,True,True,2.3,2024-01-20
4006,SITE-092,PART-2131,399,339,60,84,67,False,True,True,3.2,2026-12-02
4007,SITE-099,PART-9634,478,272,206,69,60,False,False,False,8.6,2024-11-04
4008,SITE-002,PART-5411,105,26,79,90,53,False,True,False,3.3,2023-01-22
4009,SITE-063,PART-1684,30,2,28,40,17,False,True,False,1.6,2026-12-07
4010,SITE-038,PART-3895,56,16,40,87,50,False,True,True,40.0,2024-12-21
4011,SITE-062,PART-7036,481,268,213,79,31,False,False,False,14.2,2026-08-02
4012,SITE-018,PART-2790,349,128,221,40,10,False,False,False,44.2,2026-02-02
4013,SITE-076,PART-7740,336,167,169,69,64,False,False,False,11.3,2025-07-18
4014,SITE-052,PART-5200,409,395,14,82,28,False,True,True,2.3,2023-04-07
4015,SITE-081,PART-4001,317,289,28,28,26,False,False,False,14.0,2024-02-15
4016,SITE-051,PART-7991,265,239,26,23,10,False,False,False,3.7,2025-07-24
4017,SITE-092,PART-6894,112,79,33,29,23,False,False,False,11.0,2024-06-01
4018,SITE-001,PART-2422,491,187,304,38,15,False,False,False,12.7,2023-04-09
4019,SITE-090,PART-2487,354,182,172,36,32,False,False,False,13.2,2026-01-26
4020,SITE-008,PART-7042,70,45,25,27,11,False,True,False,2.3,2026-05-19
4021,SITE-021,PART-2577,106,13,93,96,12,False,True,False,7.2,2026-08-11
4022,SITE-064,PART-4752,187,115,72,76,12,False,True,False,2.9,2024-07-25
4023,SITE-026,PART-7298,119,18,101,46,22,False,False,False,7.2,2025-12-05
4024,SITE-067,PART-4640,186,71,115,94,60,False,False,False,6.1,2026-03-07
4025,SITE-043,PART-4662,361,187,174,32,26,False,False,False,10.9,2025-05-12
4026,SITE-040,PART-2487,179,8,171,28,16,False,False,False,9.5,2024-04-14
4027,SITE-010,PART-6829,178,100,78,43,22,False,False,False,3.9,2024-03-13
4028,SITE-076,PART-7140,462,197,265,72,69,False,False,False,26.5,2025-10-27
4029,SITE-042,PART-3228,294,223,71,47,39,False,False,False,5.1,2026-02-02
4030,SITE-094,PART-6069,452,180,272,59,51,False,False,False,11.3,2026-01-09
4031,SITE-013,PART-2451,485,41,444,67,38,False,False,False,24.7,2025-08-21
4032,SITE-023,PART-2699,183,65,118,72,46,False,False,False,29.5,2023-10-04
4033,SITE-070,PART-3251,312,130,182,77,36,False,False,False,9.6,2024-10-01
4034,SITE-040,PART-6588,200,177,23,41,14,False,True,False,1.1,2026-02-24
4035,SITE-045,PART-8762,43,32,11,95,92,False,True,True,2.2,2023-09-14
4036,SITE-004,PART-4545,375,255,120,46,27,False,False,False,5.7,2023-10-13
4037,SITE-039,PART-7984,240,81,159,88,84,False,False,False,12.2,2026-03-19
4038,SITE-093,PART-5018,289,242,47,41,16,False,False,False,9.4,2025-09-06
4039,SITE-064,PART-3112,112,16,96,96,30,False,False,False,4.2,2025-06-10
4040,SITE-031,PART-6153,205,81,124,48,37,False,False,False,15.5,2025-02-05
4041,SITE-036,PART-7944,329,308,21,31,14,False,True,False,10.5,2023-03-24
4042,SITE-058,PART-3133,116,72,44,23,16,False,False,False,4.4,2026-08-17
4043,SITE-097,PART-9467,389,292,97,56,20,False,False,False,7.5,2025-07-06
4044,SITE-070,PART-1218,40,24,16,81,47,False,True,True,1.0,2024-04-01
4045,SITE-072,PART-1524,13,3,10,40,24,False,True,True,0.6,2026-10-07
4046,SITE-041,PART-5876,408,378,30,31,22,False,True,False,3.3,2026-02-16
4047,SITE-005,PART-7144,214,144,70,49,16,False,False,False,6.4,2025-02-25
4048,SITE-060,PART-4662,64,19,45,31,21,False,False,False,2.0,2026-06-09
4049,SITE-041,PART-4781,483,1,482,47,32,False,False,False,68.9,2025-12-27
4050,SITE-012,PART-1124,21,15,6,57,56,False,True,True,0.4,2025-10-14
4051,SITE-022,PART-8448,296,258,38,75,15,False,True,False,5.4,2024-06-22
4052,SITE-085,PART-1238,229,188,41,28,23,False,False,False,8.2,2023-07-03
4053,SITE-084,PART-5625,83,49,34,34,31,False,False,False,8.5,2025-07-14
4054,SITE-060,PART-4680,115,30,85,82,28,False,False,False,28.3,2026-04-17
4055,SITE-007,PART-4694,48,17,31,67,20,False,True,False,1.2,2024-09-15
4056,SITE-056,PART-6412,113,69,44,48,42,False,True,False,5.5,2024-10-08
4057,SITE-042,PART-6330,111,6,105,25,24,False,False,False,8.1,2023-09-08
4058,SITE-040,PART-6209,21,20,1,49,20,False,True,True,0.1,2025-06-17
4059,SITE-051,PART-5011,205,75,130,69,68,False,False,False,65.0,2024-07-22
4060,SITE-010,PART-3574,377,17,360,51,23,False,False,False,17.1,2025-10-01
4061,SITE-037,PART-7066,371,319,52,80,32,False,True,False,4.0,2023-05-02
4062,SITE-040,PART-4836,117,67,50,23,21,False,False,False,3.3,2026-02-03
4063,SITE-010,PART-9948,482,470,12,90,59,False,True,True,0.6,2023-09-02
4064,SITE-034,PART-9306,67,8,59,62,62,False,True,True,2.8,2025-09-14
4065,SITE-078,PART-6412,426,423,3,66,37,False,True,True,0.2,2023-07-14
4066,SITE-031,PART-7935,128,64,64,55,55,False,False,False,2.9,2024-10-19
4067,SITE-039,PART-7209,442,294,148,63,17,False,False,False,13.5,2025-08-12
4068,SITE-019,PART-4844,244,102,142,33,12,False,False,False,15.8,2023-03-04
4069,SITE-019,PART-1074,332,277,55,95,51,False,True,False,3.1,2025-02-10
4070,SITE-028,PART-6023,154,98,56,50,21,False,False,False,4.7,2023-06-01
4071,SITE-012,PART-6101,299,75,224,41,20,False,False,False,20.4,2025-05-06
4072,SITE-096,PART-2007,303,103,200,35,21,False,False,False,20.0,2026-08-22
4073,SITE-059,PART-3329,99,36,63,72,38,False,True,False,2.9,2024-12-17
4074,SITE-004,PART-4999,30,12,18,33,20,False,True,True,1.8,2024-03-23
4075,SITE-080,PART-3209,98,72,26,80,40,False,True,True,13.0,2024-12-21
4076,SITE-052,PART-1049,443,251,192,64,36,False,False,False,32.0,2025-01-04
4077,SITE-043,PART-5570,202,22,180,92,54,False,False,False,12.9,2025-06-24
4078,SITE-091,PART-6112,261,74,187,61,17,False,False,False,93.5,2024-04-16
4079,SITE-076,PART-8524,446,314,132,43,33,False,False,False,6.0,2026-04-20
4080,SITE-001,PART-3435,253,183,70,33,16,False,False,False,5.4,2024-06-26
4081,SITE-094,PART-3349,315,139,176,80,74,False,False,False,14.7,2023-02-14
4082,SITE-048,PART-6884,446,100,346,90,17,False,False,False,19.2,2025-08-09
4083,SITE-012,PART-1695,136,6,130,24,20,False,False,False,9.3,2025-05-16
4084,SITE-031,PART-8127,51,16,35,24,10,False,False,False,2.7,2026-05-10
4085,SITE-074,PART-3895,372,13,359,84,26,False,False,False,14.4,2024-11-11
4086,SITE-095,PART-3329,171,40,131,97,54,False,False,False,5.5,2024-09-08
4087,SITE-004,PART-6227,455,413,42,74,69,False,True,True,2.0,2026-03-02
4088,SITE-091,PART-2451,57,49,8,81,63,False,True,True,1.0,2024-06-25
4089,SITE-029,PART-7056,16,6,10,91,82,False,True,True,0.5,2023-01-11
4090,SITE-039,PART-8355,233,162,71,94,81,False,True,True,11.8,2026-02-11
4091,SITE-062,PART-4137,243,101,142,28,11,False,False,False,7.1,2026-06-16
4092,SITE-065,PART-7684,34,21,13,92,44,False,True,True,4.3,2025-01-20
4093,SITE-071,PART-7277,387,38,349,26,16,False,False,False,29.1,2023-09-14
4094,SITE-056,PART-9263,274,129,145,27,27,False,False,False,36.2,2023-07-06
4095,SITE-063,PART-1656,2,0,2,83,67,False,True,True,0.2,2023-09-25
4096,SITE-075,PART-9263,8,0,8,68,42,False,True,True,0.4,2025-12-24
4097,SITE-008,PART-2699,253,88,165,20,12,False,False,False,6.9,2026-07-26
4098,SITE-075,PART-1798,436,23,413,89,49,False,False,False,137.7,2023-09-17
4099,SITE-001,PART-6894,225,170,55,34,19,False,False,False,2.8,2023-09-04
4100,SITE-077,PART-7066,364,66,298,78,52,False,False,False,149.0,2026-11-15
4101,SITE-042,PART-2445,163,61,102,79,50,False,False,False,12.8,2023-04-08
4102,SITE-071,PART-8007,422,391,31,81,67,False,True,True,1.3,2025-11-23
4103,SITE-062,PART-2317,360,296,64,90,82,False,True,True,8.0,2023-09-01
4104,SITE-034,PART-4335,328,257,71,75,17,False,True,False,7.9,2024-09-23
4105,SITE-040,PART-7746,35,30,5,35,34,False,True,True,0.3,2026-04-28
4106,SITE-084,PART-8084,496,212,284,74,66,False,False,False,11.8,2024-12-10
4107,SITE-083,PART-1124,189,154,35,26,25,False,False,False,1.5,2025-03-01
4108,SITE-037,PART-7761,231,64,167,42,17,False,False,False,10.4,2023-08-24
4109,SITE-052,PART-4238,292,9,283,40,33,False,False,False,21.8,2023-10-14
4110,SITE-081,PART-1937,71,18,53,98,84,False,True,True,8.8,2025-07-14
4111,SITE-035,PART-4072,490,323,167,33,33,False,False,False,9.3,2025-03-28
4112,SITE-003,PART-4501,487,177,310,32,22,False,False,False,20.7,2023-12-15
4113,SITE-063,PART-2075,273,202,71,100,87,False,True,True,71.0,2025-12-27
4114,SITE-076,PART-7967,284,105,179,65,14,False,False,False,179.0,2026-10-13
4115,SITE-009,PART-3109,206,21,185,67,22,False,False,False,30.8,2024-02-24
4116,SITE-090,PART-1124,21,2,19,95,70,False,True,True,19.0,2023-01-27
4117,SITE-030,PART-1647,263,111,152,96,41,False,False,False,16.9,2023-04-17
4118,SITE-067,PART-3548,30,26,4,69,11,False,True,True,0.3,2026-09-07
4119,SITE-043,PART-1832,9,5,4,62,28,False,True,True,0.2,2025-02-21
4120,SITE-065,PART-4078,102,11,91,25,20,False,False,False,7.0,2025-01-07
4121,SITE-079,PART-5115,125,36,89,62,11,False,False,False,44.5,2024-11-01
4122,SITE-099,PART-6854,80,57,23,87,86,False,True,True,1.8,2026-04-20
4123,SITE-018,PART-3388,272,29,243,28,27,False,False,False,12.2,2025-06-28
4124,SITE-092,PART-9306,158,35,123,69,50,False,False,False,8.8,2024-05-21
4125,SITE-068,PART-1700,468,244,224,63,25,False,False,False,11.2,2023-10-24
4126,SITE-079,PART-8113,418,227,191,42,16,False,False,False,8.0,2023-09-28
4127,SITE-018,PART-8746,202,67,135,96,19,False,False,False,12.3,2026-06-25
4128,SITE-022,PART-6072,44,19,25,62,29,False,True,True,2.5,2024-10-14
4129,SITE-054,PART-4771,123,85,38,87,71,False,True,True,38.0,2023-07-25
4130,SITE-045,PART-3030,48,28,20,96,51,False,True,True,4.0,2024-04-10
4131,SITE-007,PART-9834,302,129,173,86,64,False,False,False,14.4,2023-02-11
4132,SITE-010,PART-4603,13,3,10,38,23,False,True,True,10.0,2024-05-27
4133,SITE-006,PART-5771,38,3,35,97,63,False,True,True,2.2,2023-05-17
4134,SITE-017,PART-2487,103,70,33,62,15,False,True,False,1.3,2025-09-05
4135,SITE-006,PART-9388,412,314,98,82,13,False,False,False,7.5,2026-02-26
4136,SITE-044,PART-7578,498,153,345,89,58,False,False,False,15.0,2026-10-02
4137,SITE-074,PART-5936,198,75,123,78,51,False,False,False,8.2,2023-07-20
4138,SITE-055,PART-9805,166,97,69,27,19,False,False,False,4.6,2024-03-13
4139,SITE-032,PART-1335,347,153,194,84,44,False,False,False,14.9,2024-07-08
4140,SITE-081,PART-5784,148,52,96,44,38,False,False,False,6.4,2026-12-16
4141,SITE-039,PART-5999,297,117,180,49,49,False,False,False,7.8,2023-02-01
4142,SITE-011,PART-9213,451,387,64,88,31,False,True,False,3.0,2025-08-17
4143,SITE-023,PART-1557,119,31,88,22,18,False,False,False,11.0,2024-07-01
4144,SITE-057,PART-7413,455,50,405,38,29,False,False,False,16.9,2025-09-12
4145,SITE-040,PART-1134,46,24,22,52,17,False,True,False,1.0,2025-08-08
4146,SITE-045,PART-8529,382,375,7,80,27,False,True,True,0.4,2026-06-16
4147,SITE-057,PART-1737,17,16,1,38,16,False,True,True,0.0,2026-08-03
4148,SITE-006,PART-1358,98,41,57,68,68,False,True,True,6.3,2025-12-18
4149,SITE-096,PART-6762,363,4,359,33,19,False,False,False,17.9,2024-10-01
4150,SITE-015,PART-2099,171,125,46,63,14,False,True,False,15.3,2025-12-21
4151,SITE-014,PART-6108,108,58,50,26,17,False,False,False,2.8,2026-12-04
4152,SITE-020,PART-5460,306,225,81,45,37,False,False,False,13.5,2023-03-09
4153,SITE-081,PART-3161,307,143,164,31,21,False,False,False,20.5,2024-09-10
4154,SITE-020,PART-8635,421,333,88,100,56,False,True,False,3.7,2025-04-14
4155,SITE-057,PART-4846,344,319,25,75,75,False,True,True,1.6,2026-10-28
4156,SITE-053,PART-1918,39,21,18,53,33,False,True,True,0.7,2025-07-07
4157,SITE-030,PART-2826,153,23,130,59,28,False,False,False,26.0,2023-05-03
4158,SITE-087,PART-6588,62,11,51,77,69,False,True,True,3.2,2023-11-08
4159,SITE-060,PART-5214,452,260,192,27,26,False,False,False,21.3,2024-01-14
4160,SITE-029,PART-3646,65,64,1,59,33,False,True,True,0.1,2026-09-20
4161,SITE-024,PART-6574,420,49,371,35,10,False,False,False,92.8,2023-05-15
4162,SITE-095,PART-4370,465,282,183,33,29,False,False,False,12.2,2025-12-07
4163,SITE-067,PART-9007,31,11,20,59,14,False,True,False,1.0,2025-03-09
4164,SITE-068,PART-4836,188,81,107,68,64,False,False,False,10.7,2026-01-08
4165,SITE-056,PART-5050,461,194,267,76,54,False,False,False,17.8,2026-11-09
4166,SITE-037,PART-2994,75,41,34,51,46,False,True,True,2.1,2024-12-08
4167,SITE-035,PART-7468,341,28,313,73,27,False,False,False,13.0,2025-10-07
4168,SITE-009,PART-2122,41,32,9,95,59,False,True,True,0.4,2023-04-21
4169,SITE-045,PART-8144,404,46,358,48,48,False,False,False,22.4,2025-09-19
4170,SITE-048,PART-6430,380,10,370,62,46,False,False,False,16.1,2026-03-06
4171,SITE-035,PART-1474,493,331,162,55,21,False,False,False,9.0,2024-06-16
4172,SITE-043,PART-1930,139,129,10,100,84,False,True,True,10.0,2026-03-17
4173,SITE-024,PART-2396,150,131,19,59,41,False,True,True,2.1,2025-07-02
4174,SITE-008,PART-4450,322,43,279,54,48,False,False,False,19.9,2023-02-19
4175,SITE-004,PART-4392,140,61,79,53,24,False,False,False,15.8,2026-06-19
4176,SITE-074,PART-1343,56,49,7,65,54,False,True,True,0.9,2025-12-24
4177,SITE-049,PART-3729,451,355,96,34,30,False,False,False,4.2,2025-06-03
4178,SITE-086,PART-2148,312,42,270,78,71,False,False,False,67.5,2024-04-19
4179,SITE-010,PART-7534,491,243,248,59,44,False,False,False,82.7,2024-11-11
4180,SITE-093,PART-2897,489,31,458,84,66,False,False,False,24.1,2025-04-05
4181,SITE-095,PART-2451,176,78,98,73,47,False,False,False,5.2,2025-04-08
4182,SITE-078,PART-3231,168,75,93,46,28,False,False,False,11.6,2024-02-01
4183,SITE-084,PART-2485,47,8,39,68,42,False,True,True,1.7,2024-12-09
4184,SITE-016,PART-4365,300,300,0,57,34,True,True,True,0.0,2025-03-18
4185,SITE-062,PART-6069,466,222,244,42,31,False,False,False,16.3,2026-07-18
4186,SITE-042,PART-4538,420,249,171,69,22,False,False,False,8.6,2025-08-28
4187,SITE-081,PART-6522,425,355,70,80,75,False,True,True,7.8,2025-03-25
4188,SITE-087,PART-6922,152,95,57,96,88,False,True,True,4.8,2023-12-06
4189,SITE-054,PART-3808,187,18,169,24,17,False,False,False,7.0,2024-11-07
4190,SITE-037,PART-1335,51,29,22,81,35,False,True,True,1.2,2023-10-22
4191,SITE-023,PART-6140,407,78,329,94,92,False,False,False,13.2,2024-06-17
4192,SITE-073,PART-9377,39,0,39,59,35,False,True,False,2.1,2023-01-26
4193,SITE-099,PART-1911,46,10,36,74,41,False,True,True,1.7,2023-01-22
4194,SITE-082,PART-3280,104,92,12,77,23,False,True,True,0.6,2024-03-25
4195,SITE-067,PART-5936,313,16,297,70,55,False,False,False,19.8,2025-06-27
4196,SITE-048,PART-2396,115,80,35,45,18,False,True,False,1.9,2026-08-09
4197,SITE-074,PART-8987,308,305,3,21,16,False,True,True,0.8,2026-11-07
4198,SITE-025,PART-5460,209,151,58,37,21,False,False,False,29.0,2026-04-03
4199,SITE-033,PART-5682,383,226,157,93,43,False,False,False,19.6,2023-04-18
4200,SITE-033,PART-6888,436,200,236,67,64,False,False,False,15.7,2025-08-11
4201,SITE-027,PART-9648,226,115,111,63,17,False,False,False,5.8,2024-10-14
4202,SITE-013,PART-7431,17,11,6,39,33,False,True,True,0.5,2024-08-24
4203,SITE-068,PART-6787,306,290,16,23,22,False,True,True,1.0,2026-12-15
4204,SITE-007,PART-7584,328,77,251,69,62,False,False,False,25.1,2025-10-09
4205,SITE-041,PART-6013,218,209,9,48,12,False,True,True,0.4,2024-03-18
4206,SITE-044,PART-6089,471,352,119,69,37,False,False,False,11.9,2026-06-17
4207,SITE-021,PART-4309,187,66,121,47,17,False,False,False,8.6,2023-10-27
4208,SITE-026,PART-3887,197,93,104,56,39,False,False,False,10.4,2024-05-21
4209,SITE-066,PART-5050,195,58,137,22,15,False,False,False,10.5,2026-06-01
4210,SITE-063,PART-7135,207,171,36,43,43,False,True,True,36.0,2025-08-26
4211,SITE-099,PART-9913,286,201,85,51,21,False,False,False,8.5,2026-04-02
4212,SITE-075,PART-4072,231,111,120,62,44,False,False,False,5.0,2023-06-11
4213,SITE-098,PART-9165,24,13,11,93,31,False,True,True,0.7,2025-03-22
4214,SITE-027,PART-8823,146,14,132,82,14,False,False,False,7.3,2023-07-01
4215,SITE-006,PART-6355,139,139,0,68,36,True,True,True,0.0,2025-03-11
4216,SITE-040,PART-6811,209,18,191,74,35,False,False,False,14.7,2024-04-09
4217,SITE-081,PART-1470,9,7,2,73,49,False,True,True,0.5,2024-11-22
4218,SITE-010,PART-3251,50,45,5,43,35,False,True,True,0.3,2024-12-21
4219,SITE-036,PART-5846,61,3,58,49,12,False,False,False,19.3,2023-02-06
4220,SITE-044,PART-3109,98,31,67,35,26,False,False,False,4.5,2025-12-08
4221,SITE-016,PART-8537,241,218,23,69,22,False,True,False,2.6,2023-06-12
4222,SITE-077,PART-3887,403,277,126,98,84,False,False,False,15.8,2023-01-28
4223,SITE-022,PART-7416,224,122,102,77,65,False,False,False,11.3,2023-01-20
4224,SITE-038,PART-9492,96,31,65,84,76,False,True,True,3.1,2024-04-17
4225,SITE-079,PART-2451,240,142,98,91,12,False,False,False,4.7,2023-02-20
4226,SITE-015,PART-7424,127,79,48,74,50,False,True,True,2.4,2025-10-22
4227,SITE-045,PART-8200,397,342,55,50,50,False,False,False,3.7,2025-05-10
4228,SITE-037,PART-8084,252,108,144,94,81,False,False,False,11.1,2025-05-20
4229,SITE-055,PART-4846,461,61,400,51,48,False,False,False,100.0,2024-04-11
4230,SITE-097,PART-2896,425,34,391,22,11,False,False,False,48.9,2025-09-24
4231,SITE-035,PART-8302,160,129,31,35,33,False,True,True,31.0,2026-07-09
4232,SITE-083,PART-1470,72,23,49,27,24,False,False,False,4.1,2024-05-21
4233,SITE-039,PART-7690,238,102,136,54,19,False,False,False,11.3,2026-06-25
4234,SITE-048,PART-7259,211,49,162,88,36,False,False,False,40.5,2023-02-18
4235,SITE-025,PART-5921,113,2,111,53,28,False,False,False,4.8,2025-05-27
4236,SITE-073,PART-9037,45,20,25,93,35,False,True,True,8.3,2026-08-28
4237,SITE-085,PART-1647,411,317,94,60,11,False,False,False,47.0,2023-12-23
4238,SITE-038,PART-8987,235,46,189,34,12,False,False,False,31.5,2025-12-26
4239,SITE-065,PART-7897,290,271,19,81,62,False,True,True,0.8,2025-10-12
4240,SITE-032,PART-5460,139,93,46,72,26,False,True,False,7.7,2025-10-02
4241,SITE-098,PART-7535,103,14,89,85,45,False,False,False,4.7,2024-06-08
4242,SITE-073,PART-9371,255,105,150,54,26,False,False,False,6.0,2025-09-13
4243,SITE-087,PART-3257,446,431,15,98,72,False,True,True,0.6,2025-12-06
4244,SITE-098,PART-1798,456,290,166,76,64,False,False,False,11.1,2026-03-09
4245,SITE-059,PART-5625,435,351,84,26,15,False,False,False,84.0,2025-05-28
4246,SITE-041,PART-8534,341,104,237,54,48,False,False,False,21.5,2026-04-15
4247,SITE-022,PART-3895,77,74,3,28,15,False,True,True,0.2,2026-09-16
4248,SITE-015,PART-8874,484,162,322,54,51,False,False,False,14.6,2025-09-26
4249,SITE-098,PART-5813,60,53,7,75,53,False,True,True,0.6,2024-07-19
4250,SITE-006,PART-5696,164,92,72,72,56,False,False,False,3.3,2025-01-14
4251,SITE-068,PART-4655,128,55,73,56,39,False,False,False,3.3,2026-04-21
4252,SITE-095,PART-7897,495,337,158,53,22,False,False,False,7.2,2026-04-05
4253,SITE-094,PART-9272,410,175,235,44,22,False,False,False,117.5,2026-08-10
4254,SITE-028,PART-2356,413,276,137,56,21,False,False,False,9.1,2025-09-08
4255,SITE-053,PART-3349,69,46,23,91,50,False,True,True,3.3,2024-06-13
4256,SITE-014,PART-8448,205,27,178,31,28,False,False,False,7.7,2023-07-05
4257,SITE-074,PART-5214,112,69,43,87,81,False,True,True,3.3,2026-08-04
4258,SITE-057,PART-8384,203,87,116,68,48,False,False,False,8.3,2024-09-23
4259,SITE-025,PART-4762,56,54,2,93,55,False,True,True,0.1,2025-11-02
4260,SITE-092,PART-4999,484,356,128,86,85,False,False,False,8.5,2026-04-19
4261,SITE-067,PART-3592,437,134,303,63,22,False,False,False,15.9,2023-07-02
4262,SITE-090,PART-7433,206,201,5,85,36,False,True,True,0.4,2026-10-27
4263,SITE-030,PART-7384,153,71,82,97,66,False,True,False,4.8,2023-03-06
4264,SITE-014,PART-1210,32,11,21,43,10,False,True,False,1.1,2024-06-05
4265,SITE-011,PART-5445,25,16,9,21,15,False,True,True,0.4,2023-01-10
4266,SITE-090,PART-6113,46,45,1,35,31,False,True,True,0.1,2024-03-10
4267,SITE-023,PART-6293,0,0,0,89,46,True,True,True,0.0,2024-02-04
4268,SITE-064,PART-3435,2,2,0,25,19,True,True,True,0.0,2023-07-11
4269,SITE-094,PART-2790,470,351,119,52,45,False,False,False,7.9,2024-05-13
4270,SITE-083,PART-7203,394,141,253,25,11,False,False,False,16.9,2023-01-03
4271,SITE-004,PART-1366,380,28,352,32,19,False,False,False,19.6,2024-02-08
4272,SITE-034,PART-9833,486,94,392,53,27,False,False,False,65.3,2025-02-04
4273,SITE-036,PART-2052,80,71,9,48,30,False,True,True,1.3,2025-01-25
4274,SITE-055,PART-7282,142,121,21,36,18,False,True,False,1.9,2024-08-04
4275,SITE-079,PART-7977,234,116,118,39,35,False,False,False,4.7,2025-08-24
4276,SITE-019,PART-7949,382,239,143,43,34,False,False,False,7.5,2026-03-25
4277,SITE-012,PART-3344,218,187,31,59,17,False,True,False,2.2,2025-11-23
4278,SITE-083,PART-7488,233,101,132,88,57,False,False,False,44.0,2026-02-22
4279,SITE-080,PART-5427,227,182,45,36,36,False,False,False,3.5,2024-03-21
4280,SITE-072,PART-4303,399,303,96,99,21,False,True,False,9.6,2026-12-22
4281,SITE-075,PART-5921,285,114,171,83,48,False,False,False,85.5,2023-12-26
4282,SITE-046,PART-5664,119,57,62,44,24,False,False,False,31.0,2023-07-24
4283,SITE-011,PART-8529,397,332,65,93,37,False,True,False,65.0,2025-08-12
4284,SITE-077,PART-5664,295,183,112,30,11,False,False,False,6.6,2025-06-03
4285,SITE-041,PART-9948,187,186,1,58,33,False,True,True,0.0,2026-04-15
4286,SITE-002,PART-6349,422,307,115,81,81,False,False,False,115.0,2025-06-12
4287,SITE-064,PART-5898,217,133,84,37,37,False,False,False,6.0,2025-05-21
4288,SITE-006,PART-7433,467,267,200,73,71,False,False,False,200.0,2025-05-06
4289,SITE-009,PART-8007,230,7,223,22,15,False,False,False,14.9,2023-02-18
4290,SITE-089,PART-8876,128,95,33,22,17,False,False,False,2.8,2025-10-10
4291,SITE-079,PART-7425,206,1,205,88,72,False,False,False,12.1,2026-07-25
4292,SITE-059,PART-6572,72,61,11,94,41,False,True,True,0.8,2023-07-17
4293,SITE-044,PART-9337,82,17,65,73,18,False,True,False,13.0,2023-08-15
4294,SITE-075,PART-3729,291,61,230,82,80,False,False,False,12.1,2026-10-16
4295,SITE-100,PART-7486,340,217,123,23,20,False,False,False,7.2,2023-02-26
4296,SITE-065,PART-5990,374,214,160,65,37,False,False,False,7.6,2025-02-08
4297,SITE-041,PART-8694,472,235,237,32,17,False,False,False,15.8,2026-04-04
4298,SITE-046,PART-6568,17,10,7,24,20,False,True,True,0.3,2024-10-26
4299,SITE-021,PART-2974,388,98,290,98,30,False,False,False,36.2,2025-03-03
4300,SITE-071,PART-7419,343,93,250,47,31,False,False,False,10.0,2025-01-11
4301,SITE-030,PART-8254,361,91,270,20,14,False,False,False,54.0,2025-02-21
4302,SITE-088,PART-4031,270,44,226,34,19,False,False,False,10.8,2026-01-19
4303,SITE-042,PART-7384,429,335,94,48,30,False,False,False,4.5,2023-01-27
4304,SITE-086,PART-7792,161,58,103,93,91,False,False,False,7.4,2024-05-26
4305,SITE-077,PART-3254,235,226,9,30,28,False,True,True,4.5,2026-10-01
4306,SITE-074,PART-7066,260,161,99,89,86,False,False,False,4.3,2024-10-15
4307,SITE-052,PART-7066,297,206,91,49,22,False,False,False,22.8,2025-10-24
4308,SITE-065,PART-3251,209,75,134,96,84,False,False,False,134.0,2023-05-06
4309,SITE-088,PART-6072,185,124,61,52,13,False,False,False,2.5,2025-08-01
4310,SITE-017,PART-7590,462,245,217,62,45,False,False,False,54.2,2025-04-16
4311,SITE-079,PART-8690,461,70,391,64,14,False,False,False,48.9,2026-10-03
4312,SITE-041,PART-4880,212,65,147,80,74,False,False,False,73.5,2023-04-24
4313,SITE-017,PART-2779,393,340,53,24,11,False,False,False,6.6,2025-09-03
4314,SITE-083,PART-2748,18,2,16,77,48,False,True,True,0.9,2023-01-25
4315,SITE-003,PART-8500,170,140,30,94,11,False,True,False,7.5,2024-05-07
4316,SITE-021,PART-1591,243,106,137,82,62,False,False,False,6.8,2026-09-27
4317,SITE-009,PART-9216,170,111,59,22,15,False,False,False,14.8,2025-05-07
4318,SITE-083,PART-1240,132,37,95,68,16,False,False,False,13.6,2024-03-27
4319,SITE-029,PART-5031,329,305,24,43,27,False,True,True,1.3,2024-10-13
4320,SITE-100,PART-7008,387,110,277,92,92,False,False,False,69.2,2025-05-07
4321,SITE-089,PART-7419,7,3,4,92,23,False,True,True,0.2,2026-01-14
4322,SITE-022,PART-3798,231,52,179,89,45,False,False,False,8.9,2024-01-02
4323,SITE-039,PART-8534,197,21,176,38,26,False,False,False,11.0,2023-09-27
4324,SITE-059,PART-3549,128,43,85,72,13,False,False,False,4.2,2023-09-26
4325,SITE-077,PART-1700,127,75,52,49,28,False,False,False,13.0,2026-08-09
4326,SITE-073,PART-9458,374,34,340,38,33,False,False,False,22.7,2026-10-01
4327,SITE-019,PART-8779,495,8,487,62,17,False,False,False,69.6,2026-01-22
4328,SITE-039,PART-6209,16,12,4,95,74,False,True,True,0.3,2026-09-12
4329,SITE-063,PART-8355,48,35,13,43,18,False,True,True,1.9,2023-01-13
4330,SITE-017,PART-7534,393,322,71,50,47,False,False,False,3.7,2026-04-25
4331,SITE-048,PART-9805,63,39,24,39,39,False,True,True,4.8,2023-01-19
4332,SITE-006,PART-9933,290,32,258,84,66,False,False,False,258.0,2023-07-16
4333,SITE-066,PART-7121,205,21,184,59,37,False,False,False,23.0,2026-11-06
4334,SITE-065,PART-6903,395,344,51,87,22,False,True,False,12.8,2023-01-09
4335,SITE-089,PART-2779,301,66,235,22,19,False,False,False,26.1,2023-12-20
4336,SITE-060,PART-2075,176,86,90,52,42,False,False,False,7.5,2024-07-02
4337,SITE-002,PART-4370,67,22,45,20,13,False,False,False,45.0,2025-02-22
4338,SITE-092,PART-5588,57,30,27,56,30,False,True,True,2.1,2024-01-05
4339,SITE-077,PART-7321,426,318,108,34,11,False,False,False,10.8,2023-12-26
4340,SITE-034,PART-8448,409,171,238,39,18,False,False,False,13.2,2025-03-04
4341,SITE-096,PART-2281,264,98,166,97,93,False,False,False,16.6,2024-02-06
4342,SITE-029,PART-3808,210,53,157,40,11,False,False,False,26.2,2023-02-02
4343,SITE-070,PART-3392,165,31,134,56,31,False,False,False,16.8,2026-04-19
4344,SITE-006,PART-8823,166,165,1,56,44,False,True,True,0.1,2025-06-17
4345,SITE-068,PART-9678,460,149,311,33,22,False,False,False,20.7,2024-01-08
4346,SITE-066,PART-3504,2,1,1,92,62,False,True,True,0.1,2024-05-22
4347,SITE-020,PART-6089,436,184,252,83,78,False,False,False,10.5,2024-03-02
4348,SITE-072,PART-7202,167,129,38,39,21,False,True,False,2.0,2025-09-22
4349,SITE-021,PART-2035,188,12,176,96,20,False,False,False,7.3,2023-08-24
4350,SITE-070,PART-2784,283,267,16,44,13,False,True,False,16.0,2026-07-09
4351,SITE-012,PART-8537,188,38,150,22,16,False,False,False,7.9,2026-09-26
4352,SITE-016,PART-4320,394,39,355,87,85,False,False,False,27.3,2025-01-23
4353,SITE-044,PART-2391,441,232,209,43,39,False,False,False,26.1,2025-03-16
4354,SITE-007,PART-2585,161,94,67,87,26,False,True,False,4.5,2024-10-24
4355,SITE-023,PART-7534,403,53,350,47,42,False,False,False,50.0,2023-12-03
4356,SITE-097,PART-6355,352,49,303,68,11,False,False,False,23.3,2025-04-07
4357,SITE-010,PART-4206,268,145,123,60,10,False,False,False,41.0,2024-05-07
4358,SITE-029,PART-1684,268,256,12,87,25,False,True,True,4.0,2026-07-07
4359,SITE-089,PART-3887,240,77,163,57,14,False,False,False,6.8,2023-08-02
4360,SITE-032,PART-6797,212,93,119,72,53,False,False,False,19.8,2023-06-07
4361,SITE-070,PART-2748,353,222,131,82,22,False,False,False,14.6,2025-10-23
4362,SITE-039,PART-7159,280,206,74,83,23,False,True,False,6.2,2026-12-27
4363,SITE-078,PART-5037,209,84,125,27,17,False,False,False,6.2,2026-11-22
4364,SITE-078,PART-5726,295,233,62,98,96,False,True,True,6.2,2023-01-13
4365,SITE-088,PART-8008,310,154,156,65,11,False,False,False,78.0,2025-06-19
4366,SITE-012,PART-5432,438,419,19,87,74,False,True,True,0.8,2026-09-26
4367,SITE-070,PART-3867,240,107,133,90,23,False,False,False,44.3,2023-04-02
4368,SITE-050,PART-8202,59,20,39,55,42,False,True,True,3.2,2024-08-01
4369,SITE-043,PART-9184,478,331,147,20,19,False,False,False,6.4,2023-08-25
4370,SITE-091,PART-7991,164,0,164,96,42,False,False,False,14.9,2024-05-01
4371,SITE-053,PART-7036,194,122,72,30,24,False,False,False,2.9,2023-07-13
4372,SITE-007,PART-4999,313,189,124,49,31,False,False,False,8.9,2026-10-03
4373,SITE-065,PART-1506,353,94,259,93,23,False,False,False,28.8,2025-05-12
4374,SITE-082,PART-8524,427,83,344,90,43,False,False,False,17.2,2026-01-25
4375,SITE-085,PART-4247,131,38,93,66,26,False,False,False,4.0,2026-08-14
4376,SITE-084,PART-2419,288,31,257,52,46,False,False,False,17.1,2024-02-13
4377,SITE-026,PART-6888,269,77,192,52,42,False,False,False,8.3,2024-12-18
4378,SITE-060,PART-5919,66,24,42,98,23,False,True,False,3.5,2026-02-25
4379,SITE-002,PART-4422,497,50,447,77,40,False,False,False,34.4,2025-12-28
4380,SITE-088,PART-3251,305,105,200,27,17,False,False,False,25.0,2026-04-06
4381,SITE-003,PART-3825,128,87,41,44,21,False,True,False,2.7,2024-07-01
4382,SITE-037,PART-3798,384,204,180,40,23,False,False,False,12.9,2024-05-25
4383,SITE-037,PART-2246,453,404,49,95,33,False,True,False,3.3,2024-06-01
4384,SITE-053,PART-7199,164,76,88,42,24,False,False,False,4.0,2026-12-15
4385,SITE-039,PART-1214,401,220,181,71,10,False,False,False,36.2,2024-05-12
4386,SITE-035,PART-7560,438,32,406,68,46,False,False,False,203.0,2024-09-06
4387,SITE-044,PART-4215,323,132,191,26,13,False,False,False,10.6,2023-08-16
4388,SITE-009,PART-2577,31,10,21,96,35,False,True,True,1.1,2023-03-25
4389,SITE-090,PART-5050,20,11,9,24,15,False,True,True,1.5,2023-12-04
4390,SITE-089,PART-3739,388,218,170,38,37,False,False,False,8.1,2024-07-21
4391,SITE-097,PART-9768,124,55,69,60,15,False,False,False,4.6,2026-06-23
4392,SITE-036,PART-5401,0,0,0,68,51,True,True,True,0.0,2025-03-23
4393,SITE-069,PART-8896,314,109,205,50,32,False,False,False,13.7,2024-08-18
4394,SITE-096,PART-4303,492,364,128,75,65,False,False,False,5.3,2023-05-16
4395,SITE-066,PART-7441,325,245,80,83,42,False,True,False,4.4,2026-07-10
4396,SITE-024,PART-2590,38,5,33,61,45,False,True,True,2.8,2026-02-10
4397,SITE-052,PART-8007,231,172,59,50,42,False,False,False,2.7,2024-05-14
4398,SITE-080,PART-1264,401,232,169,43,26,False,False,False,42.2,2026-11-11
4399,SITE-079,PART-9278,386,312,74,69,24,False,False,False,3.5,2025-06-13
4400,SITE-078,PART-7740,275,265,10,29,22,False,True,True,0.9,2025-09-13
4401,SITE-092,PART-3879,138,136,2,26,20,False,True,True,0.2,2026-12-18
4402,SITE-044,PART-7424,356,262,94,96,22,False,True,False,5.2,2024-06-12
4403,SITE-018,PART-4290,85,48,37,95,65,False,True,True,3.7,2023-06-20
4404,SITE-095,PART-3130,395,143,252,61,20,False,False,False,42.0,2024-09-04
4405,SITE-058,PART-8113,424,155,269,89,71,False,False,False,33.6,2026-03-02
4406,SITE-023,PART-5704,393,56,337,92,28,False,False,False,18.7,2026-05-16
4407,SITE-064,PART-5350,63,14,49,34,24,False,False,False,2.3,2025-10-28
4408,SITE-067,PART-1264,280,156,124,51,18,False,False,False,6.5,2023-07-01
4409,SITE-059,PART-9165,103,35,68,36,33,False,False,False,3.4,2024-10-09
4410,SITE-064,PART-8535,296,212,84,90,72,False,True,False,4.0,2023-09-26
4411,SITE-028,PART-2035,99,60,39,55,25,False,True,False,1.6,2023-10-16
4412,SITE-083,PART-1656,407,373,34,23,19,False,False,False,2.4,2023-10-10
4413,SITE-083,PART-2443,446,234,212,20,13,False,False,False,53.0,2026-01-18
4414,SITE-061,PART-7599,288,16,272,62,31,False,False,False,13.6,2023-11-15
4415,SITE-095,PART-5771,485,358,127,27,15,False,False,False,5.1,2023-11-27
4416,SITE-019,PART-8127,327,128,199,26,11,False,False,False,9.5,2023-11-18
4417,SITE-013,PART-8483,168,88,80,62,55,False,False,False,3.3,2024-07-16
4418,SITE-057,PART-1911,196,32,164,89,76,False,False,False,23.4,2024-04-13
4419,SITE-027,PART-5693,383,143,240,22,19,False,False,False,18.5,2024-08-07
4420,SITE-005,PART-7321,355,311,44,89,13,False,True,False,1.8,2026-10-11
4421,SITE-069,PART-5539,165,28,137,82,38,False,False,False,27.4,2023-01-23
4422,SITE-020,PART-2735,268,37,231,52,44,False,False,False,231.0,2024-10-22
4423,SITE-026,PART-8910,492,241,251,45,11,False,False,False,17.9,2023-09-09
4424,SITE-083,PART-2897,280,11,269,89,30,False,False,False,14.9,2024-01-24
4425,SITE-031,PART-8448,84,30,54,71,14,False,True,False,6.0,2025-04-22
4426,SITE-027,PART-6922,481,196,285,63,40,False,False,False,15.8,2023-11-07
4427,SITE-048,PART-1892,279,40,239,88,76,False,False,False,26.6,2026-08-07
4428,SITE-066,PART-8807,381,156,225,35,13,False,False,False,37.5,2024-02-05
4429,SITE-078,PART-9090,217,156,61,44,33,False,False,False,5.1,2024-10-11
4430,SITE-005,PART-3553,117,19,98,79,52,False,False,False,32.7,2026-03-10
4431,SITE-070,PART-1575,185,41,144,26,14,False,False,False,13.1,2026-06-18
4432,SITE-083,PART-3739,340,194,146,45,23,False,False,False,146.0,2023-06-18
4433,SITE-045,PART-6089,452,414,38,41,24,False,True,False,1.6,2026-01-23
4434,SITE-065,PART-4856,170,56,114,94,21,False,False,False,9.5,2026-07-27
4435,SITE-086,PART-3418,87,82,5,87,19,False,True,True,1.7,2026-06-17
4436,SITE-072,PART-5350,59,2,57,94,28,False,True,False,4.1,2023-01-11
4437,SITE-076,PART-4545,29,6,23,81,42,False,True,True,1.5,2026-11-11
4438,SITE-010,PART-3869,263,227,36,91,56,False,True,True,4.0,2023-04-03
4439,SITE-086,PART-6628,222,197,25,91,51,False,True,True,4.2,2025-10-21
4440,SITE-066,PART-8505,221,79,142,97,68,False,False,False,142.0,2026-08-12
4441,SITE-042,PART-4582,97,30,67,86,43,False,True,False,2.7,2025-07-11
4442,SITE-066,PART-7684,433,214,219,24,23,False,False,False,24.3,2023-11-08
4443,SITE-098,PART-3732,190,127,63,34,29,False,False,False,5.2,2024-04-02
4444,SITE-043,PART-8959,362,298,64,58,41,False,False,False,4.6,2025-02-27
4445,SITE-082,PART-5771,187,72,115,44,31,False,False,False,5.5,2024-09-20
4446,SITE-033,PART-7282,470,169,301,58,19,False,False,False,150.5,2023-08-16
4447,SITE-016,PART-5696,411,34,377,99,32,False,False,False,37.7,2026-01-10
4448,SITE-049,PART-7121,190,15,175,66,55,False,False,False,58.3,2024-06-19
4449,SITE-068,PART-1496,107,81,26,40,34,False,True,True,2.0,2023-11-14
4450,SITE-046,PART-7991,255,29,226,68,39,False,False,False,25.1,2024-04-27
4451,SITE-021,PART-8156,89,64,25,91,88,False,True,True,1.9,2025-01-18
4452,SITE-047,PART-4582,275,103,172,56,52,False,False,False,172.0,2026-01-28
4453,SITE-023,PART-4997,94,33,61,86,58,False,True,False,4.1,2026-12-17
4454,SITE-019,PART-5401,362,71,291,34,34,False,False,False,17.1,2026-08-14
4455,SITE-075,PART-8690,385,139,246,33,21,False,False,False,16.4,2023-10-19
4456,SITE-018,PART-4501,106,18,88,69,21,False,False,False,5.9,2026-07-26
4457,SITE-092,PART-1210,355,273,82,87,35,False,True,False,4.3,2023-06-08
4458,SITE-025,PART-7036,106,76,30,100,94,False,True,True,3.0,2025-05-22
4459,SITE-030,PART-1715,171,73,98,31,31,False,False,False,32.7,2025-02-08
4460,SITE-070,PART-1416,493,342,151,76,58,False,False,False,151.0,2026-09-15
4461,SITE-091,PART-4058,495,466,29,45,34,False,True,True,29.0,2025-03-02
4462,SITE-072,PART-8505,256,24,232,42,17,False,False,False,12.2,2025-07-13
4463,SITE-087,PART-7758,316,272,44,91,42,False,True,False,5.5,2024-07-18
4464,SITE-024,PART-3548,291,168,123,90,25,False,False,False,12.3,2026-04-12
4465,SITE-035,PART-3340,0,0,0,52,48,True,True,True,0.0,2023-05-24
4466,SITE-068,PART-2974,135,94,41,37,22,False,False,False,1.6,2023-08-25
4467,SITE-048,PART-1264,427,281,146,97,74,False,False,False,7.3,2026-07-20
4468,SITE-099,PART-9204,255,20,235,100,59,False,False,False,19.6,2025-11-16
4469,SITE-023,PART-7138,330,222,108,43,40,False,False,False,4.5,2024-08-15
4470,SITE-022,PART-6221,384,101,283,60,24,False,False,False,40.4,2024-09-18
4471,SITE-031,PART-6975,154,63,91,79,75,False,False,False,3.8,2026-06-02
4472,SITE-052,PART-2506,250,173,77,61,40,False,False,False,19.2,2023-11-01
4473,SITE-058,PART-8062,84,79,5,83,35,False,True,True,0.2,2023-01-05
4474,SITE-043,PART-2665,372,151,221,41,22,False,False,False,73.7,2024-04-15
4475,SITE-092,PART-5709,147,14,133,62,39,False,False,False,133.0,2026-03-27
4476,SITE-015,PART-3457,89,72,17,94,46,False,True,True,0.7,2026-05-03
4477,SITE-030,PART-7833,166,71,95,90,34,False,False,False,4.8,2026-06-07
4478,SITE-097,PART-3735,309,96,213,41,17,False,False,False,16.4,2024-12-06
4479,SITE-033,PART-6683,57,49,8,21,11,False,True,True,0.8,2024-08-26
4480,SITE-061,PART-9629,315,1,314,99,23,False,False,False,22.4,2026-06-09
4481,SITE-038,PART-9458,413,290,123,56,22,False,False,False,5.1,2023-06-07
4482,SITE-002,PART-8987,214,210,4,74,62,False,True,True,4.0,2024-06-02
4483,SITE-021,PART-6391,405,245,160,73,68,False,False,False,160.0,2026-01-23
4484,SITE-089,PART-7250,51,31,20,58,33,False,True,True,2.9,2026-04-06
4485,SITE-027,PART-9288,413,168,245,89,63,False,False,False,49.0,2024-01-05
4486,SITE-005,PART-8505,229,81,148,89,56,False,False,False,9.9,2024-11-05
4487,SITE-010,PART-7442,302,64,238,78,71,False,False,False,11.3,2023-10-26
4488,SITE-004,PART-8181,135,41,94,24,21,False,False,False,4.1,2024-10-07
4489,SITE-087,PART-3360,492,81,411,51,29,False,False,False,37.4,2025-11-21
4490,SITE-034,PART-7321,482,440,42,79,77,False,True,True,3.8,2025-01-18
4491,SITE-011,PART-6330,94,92,2,45,40,False,True,True,0.1,2024-09-11
4492,SITE-059,PART-2125,427,290,137,52,25,False,False,False,5.7,2023-03-01
4493,SITE-025,PART-7321,424,105,319,91,65,False,False,False,14.5,2026-04-23
4494,SITE-026,PART-4215,27,7,20,37,11,False,True,False,0.9,2025-09-05
4495,SITE-004,PART-1817,484,438,46,72,67,False,True,True,9.2,2023-07-12
4496,SITE-085,PART-4084,165,58,107,84,83,False,False,False,7.1,2025-02-13
4497,SITE-096,PART-8896,72,70,2,33,17,False,True,True,0.3,2026-09-09
4498,SITE-034,PART-5781,214,57,157,51,31,False,False,False,22.4,2024-01-27
4499,SITE-097,PART-3704,86,28,58,73,45,False,True,False,3.9,2024-12-27
4500,SITE-030,PART-7203,119,69,50,99,23,False,True,False,6.2,2023-06-20
4501,SITE-063,PART-7213,190,77,113,63,16,False,False,False,11.3,2023-04-04
4502,SITE-093,PART-7641,438,14,424,22,18,False,False,False,30.3,2026-12-07
4503,SITE-001,PART-2217,323,37,286,75,39,False,False,False,17.9,2025-09-07
4504,SITE-007,PART-3531,299,140,159,56,40,False,False,False,53.0,2025-04-14
4505,SITE-082,PART-3258,211,133,78,77,73,False,False,False,4.1,2024-02-11
4506,SITE-054,PART-3793,77,10,67,91,15,False,True,False,13.4,2023-01-14
4507,SITE-069,PART-4844,0,0,0,69,53,True,True,True,0.0,2024-11-15
4508,SITE-069,PART-1363,400,369,31,58,22,False,True,False,3.1,2025-12-07
4509,SITE-015,PART-7165,338,193,145,60,60,False,False,False,6.6,2025-02-03
4510,SITE-012,PART-8840,195,89,106,74,22,False,False,False,6.6,2025-11-26
4511,SITE-019,PART-7056,490,35,455,75,23,False,False,False,56.9,2026-01-21
4512,SITE-016,PART-4906,249,67,182,34,28,False,False,False,182.0,2025-09-14
4513,SITE-063,PART-9933,290,15,275,56,46,False,False,False,15.3,2025-05-23
4514,SITE-091,PART-2246,258,71,187,54,16,False,False,False,62.3,2024-04-02
4515,SITE-097,PART-2577,157,88,69,26,21,False,False,False,69.0,2026-02-05
4516,SITE-097,PART-4543,207,27,180,58,33,False,False,False,11.2,2023-11-05
4517,SITE-009,PART-3887,22,13,9,40,19,False,True,True,0.5,2024-09-21
4518,SITE-016,PART-1017,83,46,37,86,83,False,True,True,1.5,2023-09-01
4519,SITE-032,PART-4311,414,309,105,30,22,False,False,False,8.1,2024-12-18
4520,SITE-027,PART-5445,248,135,113,42,16,False,False,False,4.7,2026-05-05
4521,SITE-068,PART-9492,172,36,136,73,45,False,False,False,5.4,2024-11-11
4522,SITE-002,PART-4228,212,4,208,55,40,False,False,False,8.7,2024-12-21
4523,SITE-075,PART-8261,4,0,4,84,64,False,True,True,0.2,2025-11-15
4524,SITE-097,PART-9271,36,32,4,92,51,False,True,True,2.0,2023-07-02
4525,SITE-001,PART-9181,21,0,21,45,19,False,True,False,21.0,2024-04-24
4526,SITE-015,PART-9388,161,150,11,44,11,False,True,False,0.5,2023-10-22
4527,SITE-048,PART-3879,70,38,32,89,80,False,True,True,5.3,2025-09-10
4528,SITE-050,PART-5070,190,174,16,50,18,False,True,True,1.6,2024-01-21
4529,SITE-065,PART-3811,126,77,49,50,17,False,True,False,3.3,2023-05-26
4530,SITE-033,PART-1228,200,115,85,95,29,False,True,False,21.2,2024-07-01
4531,SITE-035,PART-2098,158,124,34,27,25,False,False,False,3.1,2025-02-06
4532,SITE-064,PART-2963,322,281,41,25,24,False,False,False,20.5,2024-05-02
4533,SITE-098,PART-1710,367,134,233,32,17,False,False,False,21.2,2026-06-11
4534,SITE-007,PART-7486,273,80,193,47,21,False,False,False,10.7,2025-04-01
4535,SITE-049,PART-7425,239,179,60,81,81,False,True,True,12.0,2023-06-25
4536,SITE-020,PART-4582,365,52,313,53,52,False,False,False,22.4,2025-04-15
4537,SITE-068,PART-5696,61,3,58,90,24,False,True,False,5.3,2024-09-02
4538,SITE-065,PART-1897,234,172,62,52,46,False,False,False,7.8,2025-05-15
4539,SITE-036,PART-9121,350,74,276,53,13,False,False,False,19.7,2024-09-24
4540,SITE-047,PART-6176,177,71,106,37,14,False,False,False,4.6,2025-07-20
4541,SITE-098,PART-5539,464,288,176,98,91,False,False,False,19.6,2026-09-26
4542,SITE-036,PART-2430,472,148,324,44,34,False,False,False,64.8,2026-07-25
4543,SITE-062,PART-7560,23,6,17,56,38,False,True,True,1.0,2026-09-07
4544,SITE-009,PART-7971,328,136,192,60,20,False,False,False,7.7,2025-11-18
4545,SITE-040,PART-9933,283,121,162,74,65,False,False,False,16.2,2025-05-08
4546,SITE-027,PART-2735,192,137,55,72,40,False,True,False,7.9,2025-11-04
4547,SITE-082,PART-2830,168,166,2,50,47,False,True,True,0.2,2024-03-05
4548,SITE-043,PART-7298,79,71,8,75,44,False,True,True,0.3,2024-07-17
4549,SITE-062,PART-2653,466,428,38,23,12,False,False,False,1.7,2025-08-08
4550,SITE-095,PART-7672,413,385,28,26,15,False,False,False,1.3,2024-05-08
4551,SITE-020,PART-7177,262,255,7,85,44,False,True,True,0.3,2026-04-23
4552,SITE-070,PART-4311,34,29,5,66,49,False,True,True,0.3,2025-01-18
4553,SITE-051,PART-7486,226,206,20,90,48,False,True,True,1.5,2025-12-17
4554,SITE-001,PART-3504,273,64,209,35,10,False,False,False,13.9,2025-06-06
4555,SITE-062,PART-3333,305,182,123,100,70,False,False,False,41.0,2023-06-08
4556,SITE-060,PART-4448,144,15,129,42,32,False,False,False,12.9,2026-08-18
4557,SITE-078,PART-2585,252,179,73,94,25,False,True,False,6.6,2025-03-10
4558,SITE-047,PART-2003,107,98,9,75,12,False,True,True,0.7,2024-11-22
4559,SITE-090,PART-5401,94,65,29,82,30,False,True,True,2.6,2026-07-11
4560,SITE-004,PART-9288,349,117,232,53,45,False,False,False,12.2,2026-06-13
4561,SITE-019,PART-8163,25,6,19,63,12,False,True,False,19.0,2023-04-15
4562,SITE-087,PART-8084,123,60,63,98,84,False,True,True,2.6,2026-12-14
4563,SITE-069,PART-9108,264,151,113,59,51,False,False,False,8.7,2026-10-02
4564,SITE-046,PART-3276,292,196,96,21,16,False,False,False,6.4,2024-05-11
4565,SITE-069,PART-8084,376,71,305,54,19,False,False,False,23.5,2024-02-26
4566,SITE-067,PART-8690,346,298,48,94,65,False,True,True,4.8,2025-02-26
4567,SITE-071,PART-8273,365,168,197,49,14,False,False,False,14.1,2026-11-08
4568,SITE-046,PART-2165,419,276,143,60,20,False,False,False,5.7,2025-01-25
4569,SITE-034,PART-7366,496,452,44,40,36,False,False,False,2.6,2025-06-12
4570,SITE-094,PART-3133,393,147,246,22,19,False,False,False,10.2,2026-11-12
4571,SITE-029,PART-3472,250,175,75,71,34,False,False,False,3.8,2023-07-19
4572,SITE-058,PART-2295,97,9,88,31,19,False,False,False,11.0,2024-12-26
4573,SITE-032,PART-7468,237,18,219,92,61,False,False,False,36.5,2026-04-27
4574,SITE-084,PART-7739,225,12,213,95,72,False,False,False,16.4,2026-01-28
4575,SITE-061,PART-2102,232,112,120,52,37,False,False,False,15.0,2025-03-08
4576,SITE-070,PART-6430,173,127,46,59,30,False,True,False,2.2,2024-04-17
4577,SITE-052,PART-5588,269,263,6,44,19,False,True,True,2.0,2026-09-06
4578,SITE-061,PART-8330,23,8,15,63,10,False,True,False,1.7,2026-07-08
4579,SITE-078,PART-5726,388,312,76,99,21,False,True,False,4.5,2025-05-16
4580,SITE-058,PART-9843,48,17,31,44,17,False,True,False,1.3,2025-01-24
4581,SITE-052,PART-5319,315,171,144,91,15,False,False,False,24.0,2024-05-24
4582,SITE-028,PART-5646,207,157,50,35,27,False,False,False,25.0,2024-11-07
4583,SITE-004,PART-6805,66,1,65,59,18,False,False,False,6.5,2024-10-04
4584,SITE-055,PART-1897,170,88,82,28,17,False,False,False,3.4,2025-06-11
4585,SITE-013,PART-3858,329,168,161,37,23,False,False,False,10.1,2026-04-12
4586,SITE-013,PART-7792,316,277,39,68,39,False,True,False,1.9,2023-11-24
4587,SITE-020,PART-6412,210,193,17,87,83,False,True,True,1.5,2023-07-20
4588,SITE-052,PART-3133,208,79,129,49,19,False,False,False,11.7,2025-10-17
4589,SITE-050,PART-1088,138,23,115,53,30,False,False,False,8.2,2026-10-07
4590,SITE-100,PART-8625,414,64,350,59,46,False,False,False,26.9,2024-02-02
4591,SITE-094,PART-4031,455,288,167,88,73,False,False,False,18.6,2023-06-10
4592,SITE-070,PART-1291,484,258,226,76,48,False,False,False,226.0,2024-11-23
4593,SITE-069,PART-2927,198,11,187,68,18,False,False,False,10.4,2026-04-28
4594,SITE-032,PART-4872,134,38,96,81,44,False,False,False,8.7,2023-04-19
4595,SITE-062,PART-3199,48,8,40,50,46,False,True,True,6.7,2024-09-05
4596,SITE-074,PART-7428,268,152,116,70,27,False,False,False,58.0,2024-06-20
4597,SITE-020,PART-6601,234,56,178,66,16,False,False,False,19.8,2023-01-07
4598,SITE-047,PART-9165,163,150,13,61,14,False,True,True,0.6,2024-04-24
4599,SITE-045,PART-6513,477,4,473,46,13,False,False,False,59.1,2026-03-09
4600,SITE-025,PART-8840,174,15,159,44,19,False,False,False,22.7,2024-12-15
4601,SITE-046,PART-8505,62,47,15,96,74,False,True,True,1.5,2024-04-04
4602,SITE-049,PART-3653,213,197,16,98,94,False,True,True,0.9,2023-02-14
4603,SITE-091,PART-1724,252,117,135,47,15,False,False,False,5.6,2026-05-08
4604,SITE-056,PART-7599,186,184,2,45,43,False,True,True,0.7,2024-02-26
4605,SITE-071,PART-8273,79,6,73,95,67,False,True,False,5.2,2025-05-08
4606,SITE-086,PART-4335,426,378,48,32,23,False,False,False,3.2,2024-01-15
4607,SITE-088,PART-9211,158,56,102,31,30,False,False,False,7.3,2026-12-20
4608,SITE-087,PART-2506,377,5,372,28,12,False,False,False,24.8,2026-06-04
4609,SITE-003,PART-1734,197,61,136,37,13,False,False,False,5.4,2024-09-18
4610,SITE-069,PART-9768,36,1,35,43,40,False,True,True,5.0,2025-12-21
4611,SITE-050,PART-2165,274,146,128,90,13,False,False,False,14.2,2024-06-16
4612,SITE-028,PART-3729,213,159,54,91,10,False,True,False,3.4,2023-07-03
4613,SITE-009,PART-5876,39,16,23,82,31,False,True,True,1.6,2024-04-26
4614,SITE-092,PART-6975,314,36,278,92,58,False,False,False,16.4,2023-09-18
4615,SITE-073,PART-2100,318,141,177,58,27,False,False,False,8.4,2024-08-06
4616,SITE-080,PART-9371,323,296,27,75,72,False,True,True,1.4,2026-08-23
4617,SITE-012,PART-8635,387,36,351,77,31,False,False,False,29.2,2023-05-18
4618,SITE-051,PART-2039,208,149,59,66,65,False,True,True,2.4,2023-05-24
4619,SITE-085,PART-4448,412,163,249,47,19,False,False,False,13.8,2026-01-17
4620,SITE-057,PART-7599,189,11,178,65,54,False,False,False,22.2,2023-10-04
4621,SITE-089,PART-8143,42,16,26,98,31,False,True,True,6.5,2026-05-28
4622,SITE-036,PART-6574,21,1,20,63,48,False,True,True,2.2,2024-03-02
4623,SITE-060,PART-8723,115,13,102,58,29,False,False,False,12.8,2024-12-20
4624,SITE-057,PART-2590,44,4,40,90,87,False,True,True,3.6,2023-05-15
4625,SITE-056,PART-3121,152,68,84,37,35,False,False,False,5.6,2026-07-21
4626,SITE-040,PART-3228,483,56,427,25,21,False,False,False,19.4,2025-03-14
4627,SITE-100,PART-7767,330,8,322,27,21,False,False,False,20.1,2023-12-23
4628,SITE-071,PART-7559,384,123,261,25,12,False,False,False,14.5,2024-02-23
4629,SITE-040,PART-7203,246,213,33,94,56,False,True,True,2.1,2026-02-25
4630,SITE-038,PART-5704,296,120,176,49,41,False,False,False,8.4,2023-08-09
4631,SITE-039,PART-6854,222,108,114,97,45,False,False,False,6.3,2025-01-18
4632,SITE-022,PART-3781,482,431,51,48,33,False,False,False,17.0,2026-07-08
4633,SITE-068,PART-2790,17,3,14,87,38,False,True,True,1.3,2026-07-23
4634,SITE-033,PART-3574,120,19,101,36,30,False,False,False,6.7,2025-03-22
4635,SITE-092,PART-7606,419,206,213,63,13,False,False,False,8.5,2024-02-20
4636,SITE-069,PART-8695,499,35,464,41,30,False,False,False,35.7,2026-06-15
4637,SITE-022,PART-6805,164,0,164,84,64,False,False,False,164.0,2024-11-28
4638,SITE-079,PART-5664,475,196,279,63,36,False,False,False,34.9,2026-07-02
4639,SITE-015,PART-6568,256,137,119,56,30,False,False,False,6.3,2026-05-14
4640,SITE-010,PART-2673,274,65,209,96,57,False,False,False,104.5,2023-05-02
4641,SITE-061,PART-7425,281,24,257,93,51,False,False,False,51.4,2026-03-24
4642,SITE-001,PART-9511,391,308,83,74,22,False,False,False,20.8,2024-12-21
4643,SITE-063,PART-3684,281,8,273,70,38,False,False,False,45.5,2024-07-16
4644,SITE-010,PART-3130,226,66,160,48,26,False,False,False,12.3,2024-05-09
4645,SITE-058,PART-5668,11,9,2,77,69,False,True,True,1.0,2024-10-04
4646,SITE-009,PART-3290,138,3,135,95,40,False,False,False,6.1,2025-10-27
4647,SITE-054,PART-7345,284,164,120,77,48,False,False,False,30.0,2023-08-27
4648,SITE-094,PART-7181,106,28,78,46,40,False,False,False,6.5,2023-04-08
4649,SITE-079,PART-4501,61,60,1,84,26,False,True,True,0.0,2024-08-03
4650,SITE-048,PART-8500,174,49,125,24,12,False,False,False,11.4,2026-10-21
4651,SITE-047,PART-3280,378,235,143,79,25,False,False,False,11.0,2026-09-16
4652,SITE-007,PART-5664,104,70,34,90,59,False,True,True,2.3,2024-12-11
4653,SITE-077,PART-2994,302,196,106,95,14,False,False,False,13.2,2025-09-06
4654,SITE-022,PART-8746,283,260,23,96,78,False,True,True,2.9,2023-12-16
4655,SITE-075,PART-2305,1,1,0,71,45,True,True,True,0.0,2026-08-02
4656,SITE-089,PART-5664,345,335,10,80,56,False,True,True,0.6,2025-07-08
4657,SITE-076,PART-1734,328,99,229,68,36,False,False,False,76.3,2025-05-21
4658,SITE-076,PART-4128,162,102,60,30,12,False,False,False,2.6,2025-09-21
4659,SITE-071,PART-8534,117,93,24,73,34,False,True,True,1.0,2026-09-19
4660,SITE-047,PART-9288,131,20,111,44,20,False,False,False,8.5,2024-12-16
4661,SITE-010,PART-5661,192,97,95,56,33,False,False,False,5.9,2023-12-08
4662,SITE-010,PART-6888,97,7,90,23,15,False,False,False,6.9,2026-07-12
4663,SITE-019,PART-1547,473,111,362,30,19,False,False,False,45.2,2025-08-22
4664,SITE-003,PART-2585,185,116,69,78,25,False,True,False,23.0,2026-08-07
4665,SITE-053,PART-2443,143,40,103,83,62,False,False,False,7.4,2023-05-17
4666,SITE-038,PART-8780,101,87,14,81,11,False,True,False,2.8,2023-07-27
4667,SITE-053,PART-8537,39,37,2,93,15,False,True,True,0.1,2025-02-09
4668,SITE-017,PART-1771,254,137,117,65,10,False,False,False,23.4,2024-11-23
4669,SITE-080,PART-4872,189,141,48,24,13,False,False,False,8.0,2024-12-24
4670,SITE-095,PART-3257,175,18,157,55,10,False,False,False,11.2,2023-04-21
4671,SITE-005,PART-1433,140,50,90,95,84,False,True,False,3.6,2023-06-09
4672,SITE-032,PART-1891,388,378,10,50,15,False,True,True,3.3,2023-09-18
4673,SITE-076,PART-7991,488,476,12,42,39,False,True,True,0.6,2026-05-07
4674,SITE-078,PART-9758,288,42,246,39,16,False,False,False,22.4,2023-07-12
4675,SITE-046,PART-2295,330,315,15,29,15,False,True,False,15.0,2026-07-16
4676,SITE-074,PART-6286,465,366,99,86,27,False,False,False,8.2,2026-03-07
4677,SITE-082,PART-7136,293,9,284,75,36,False,False,False,31.6,2023-02-20
4678,SITE-077,PART-2773,456,296,160,49,13,False,False,False,8.4,2026-07-27
4679,SITE-069,PART-2735,277,172,105,97,68,False,False,False,5.5,2025-03-13
4680,SITE-036,PART-4128,365,134,231,94,61,False,False,False,33.0,2025-10-26
4681,SITE-093,PART-2135,416,253,163,42,32,False,False,False,13.6,2024-07-07
4682,SITE-040,PART-7045,63,9,54,68,42,False,True,False,3.9,2023-05-01
4683,SITE-001,PART-6072,86,25,61,89,55,False,True,False,30.5,2023-04-19
4684,SITE-090,PART-9377,34,8,26,22,11,False,False,False,1.5,2026-01-05
4685,SITE-091,PART-4035,344,6,338,36,35,False,False,False,42.2,2025-06-05
4686,SITE-075,PART-9309,72,19,53,80,21,False,True,False,2.4,2023-02-18
4687,SITE-055,PART-7590,156,22,134,60,41,False,False,False,9.6,2026-10-20
4688,SITE-023,PART-7833,399,273,126,89,59,False,False,False,126.0,2025-08-08
4689,SITE-062,PART-1259,308,170,138,57,45,False,False,False,6.3,2024-08-18
4690,SITE-013,PART-7944,83,39,44,58,40,False,True,False,11.0,2024-06-09
4691,SITE-084,PART-4062,167,148,19,97,81,False,True,True,3.2,2023-12-11
4692,SITE-006,PART-7588,181,62,119,30,11,False,False,False,39.7,2024-11-17
4693,SITE-081,PART-8806,479,150,329,55,20,False,False,False,14.3,2023-03-28
4694,SITE-029,PART-7820,46,3,43,44,17,False,True,False,2.4,2025-06-28
4695,SITE-020,PART-3133,24,9,15,49,15,False,True,False,0.6,2025-04-12
4696,SITE-098,PART-6431,470,120,350,73,29,False,False,False,175.0,2023-09-23
4697,SITE-032,PART-3130,309,278,31,20,11,False,False,False,10.3,2026-02-07
4698,SITE-069,PART-1129,239,167,72,97,63,False,True,False,14.4,2025-06-08
4699,SITE-077,PART-5115,449,352,97,38,24,False,False,False,6.1,2024-03-05
4700,SITE-030,PART-7584,416,28,388,34,29,False,False,False,25.9,2025-05-06
4701,SITE-056,PART-2036,146,4,142,68,49,False,False,False,6.5,2023-05-22
4702,SITE-060,PART-5805,406,307,99,63,29,False,False,False,8.2,2025-04-07
4703,SITE-094,PART-3739,390,379,11,90,22,False,True,True,1.6,2026-08-23
4704,SITE-040,PART-1470,196,44,152,75,46,False,False,False,6.3,2025-07-06
4705,SITE-038,PART-2735,131,126,5,97,69,False,True,True,0.2,2024-08-07
4706,SITE-024,PART-5004,246,106,140,38,30,False,False,False,6.1,2023-11-19
4707,SITE-065,PART-5050,181,19,162,65,25,False,False,False,27.0,2023-05-08
4708,SITE-040,PART-6884,377,65,312,52,25,False,False,False,16.4,2026-03-05
4709,SITE-008,PART-3548,260,140,120,24,17,False,False,False,15.0,2025-04-12
4710,SITE-090,PART-2102,101,25,76,43,33,False,False,False,10.9,2023-03-06
4711,SITE-056,PART-1173,241,133,108,23,11,False,False,False,13.5,2025-06-10
4712,SITE-055,PART-9623,404,25,379,68,46,False,False,False,63.2,2023-09-04
4713,SITE-039,PART-6894,81,16,65,32,28,False,False,False,5.0,2023-03-06
4714,SITE-089,PART-3953,483,47,436,62,59,False,False,False,43.6,2024-04-10
4715,SITE-065,PART-2451,133,128,5,21,17,False,True,True,0.2,2024-04-02
4716,SITE-096,PART-4354,298,65,233,64,25,False,False,False,77.7,2024-08-25
4717,SITE-045,PART-7942,355,163,192,71,11,False,False,False,11.3,2023-12-04
4718,SITE-037,PART-8163,38,18,20,55,46,False,True,True,1.2,2023-03-24
4719,SITE-008,PART-6627,437,272,165,24,15,False,False,False,41.2,2026-11-24
4720,SITE-037,PART-5445,487,54,433,37,16,False,False,False,61.9,2026-09-21
4721,SITE-018,PART-7416,59,36,23,65,48,False,True,True,2.3,2023-11-09
4722,SITE-084,PART-8675,432,412,20,46,26,False,True,True,0.8,2024-07-11
4723,SITE-023,PART-2035,207,59,148,74,55,False,False,False,9.9,2024-11-09
4724,SITE-090,PART-7189,20,0,20,21,19,False,True,False,1.5,2024-06-28
4725,SITE-001,PART-3254,473,325,148,100,88,False,False,False,10.6,2023-11-18
4726,SITE-092,PART-7209,112,22,90,69,65,False,False,False,9.0,2024-11-08
4727,SITE-023,PART-8448,331,171,160,81,81,False,False,False,8.4,2024-04-18
4728,SITE-038,PART-2122,263,136,127,79,40,False,False,False,9.1,2024-10-11
4729,SITE-078,PART-9987,99,41,58,43,22,False,False,False,5.3,2026-05-02
4730,SITE-045,PART-1817,115,14,101,42,34,False,False,False,25.2,2026-06-25
4731,SITE-043,PART-3729,247,233,14,70,35,False,True,True,1.8,2026-09-28
4732,SITE-078,PART-1798,262,8,254,50,16,False,False,False,11.5,2023-02-19
4733,SITE-025,PART-2430,234,68,166,51,24,False,False,False,18.4,2024-11-15
4734,SITE-043,PART-8505,361,318,43,95,34,False,True,False,4.3,2026-05-24
4735,SITE-024,PART-4324,292,157,135,56,30,False,False,False,5.4,2023-12-27
4736,SITE-009,PART-3133,277,213,64,93,18,False,True,False,4.9,2026-10-06
4737,SITE-056,PART-1733,488,124,364,66,50,False,False,False,20.2,2023-09-16
4738,SITE-053,PART-6183,392,356,36,60,50,False,True,True,7.2,2026-02-26
4739,SITE-099,PART-5219,150,101,49,79,76,False,True,True,4.5,2024-01-19
4740,SITE-030,PART-9184,272,8,264,72,57,False,False,False,44.0,2025-11-03
4741,SITE-041,PART-1892,459,270,189,89,32,False,False,False,13.5,2023-11-16
4742,SITE-022,PART-5682,70,7,63,78,28,False,True,False,3.3,2023-02-22
4743,SITE-099,PART-7977,125,56,69,76,52,False,True,False,3.5,2026-11-23
4744,SITE-025,PART-1547,331,0,331,69,15,False,False,False,15.0,2026-05-11
4745,SITE-002,PART-1783,433,63,370,68,33,False,False,False,14.8,2025-11-17
4746,SITE-083,PART-9284,90,89,1,84,82,False,True,True,0.1,2026-09-07
4747,SITE-015,PART-6947,131,45,86,96,38,False,True,False,12.3,2023-12-28
4748,SITE-026,PART-4856,37,5,32,87,73,False,True,True,1.4,2025-11-26
4749,SITE-082,PART-1684,292,285,7,35,13,False,True,True,3.5,2023-07-11
4750,SITE-057,PART-1613,474,98,376,82,41,False,False,False,17.1,2024-11-20
4751,SITE-057,PART-8768,202,34,168,94,44,False,False,False,8.0,2025-12-14
4752,SITE-074,PART-6013,111,106,5,84,24,False,True,True,5.0,2024-11-03
4753,SITE-046,PART-7358,469,230,239,31,13,False,False,False,15.9,2024-03-25
4754,SITE-045,PART-7495,462,37,425,28,12,False,False,False,28.3,2024-12-05
4755,SITE-097,PART-2179,65,20,45,92,89,False,True,True,1.9,2026-01-05
4756,SITE-057,PART-1768,152,150,2,77,70,False,True,True,0.1,2024-12-15
4757,SITE-092,PART-1105,419,378,41,79,73,False,True,True,1.6,2025-12-26
4758,SITE-079,PART-5625,259,50,209,31,19,False,False,False,69.7,2026-12-09
4759,SITE-066,PART-4538,120,111,9,87,78,False,True,True,0.4,2024-04-13
4760,SITE-024,PART-1138,273,112,161,67,32,False,False,False,7.3,2023-03-17
4761,SITE-065,PART-1327,402,374,28,23,23,False,False,False,1.3,2025-07-05
4762,SITE-084,PART-6442,300,134,166,97,14,False,False,False,7.9,2024-07-27
4763,SITE-041,PART-5037,111,34,77,53,11,False,False,False,11.0,2025-03-02
4764,SITE-082,PART-2189,249,1,248,47,33,False,False,False,10.3,2025-12-18
4765,SITE-008,PART-1116,46,42,4,68,57,False,True,True,0.5,2025-09-02
4766,SITE-059,PART-3472,135,96,39,28,25,False,False,False,1.7,2025-04-26
4767,SITE-049,PART-6072,395,8,387,28,26,False,False,False,96.8,2023-06-27
4768,SITE-074,PART-9554,127,127,0,49,23,True,True,True,0.0,2025-09-23
4769,SITE-005,PART-5354,200,106,94,70,18,False,False,False,4.9,2025-02-21
4770,SITE-037,PART-8523,63,37,26,45,12,False,True,False,1.5,2024-09-11
4771,SITE-020,PART-8943,83,59,24,42,16,False,True,False,12.0,2025-06-06
4772,SITE-007,PART-6236,450,336,114,37,26,False,False,False,4.6,2026-01-02
4773,SITE-064,PART-7442,298,243,55,25,13,False,False,False,6.9,2023-08-23
4774,SITE-094,PART-7202,54,27,27,51,16,False,True,False,2.5,2025-06-21
4775,SITE-001,PART-8113,228,51,177,24,23,False,False,False,19.7,2023-04-19
4776,SITE-031,PART-2035,207,105,102,84,49,False,False,False,7.3,2023-06-11
4777,SITE-044,PART-4999,386,231,155,61,55,False,False,False,8.6,2026-11-10
4778,SITE-057,PART-5368,36,24,12,92,40,False,True,True,1.7,2024-01-21
4779,SITE-091,PART-8896,281,228,53,88,46,False,True,False,3.3,2025-07-23
4780,SITE-040,PART-3286,224,133,91,98,17,False,True,False,5.1,2026-10-23
4781,SITE-082,PART-4640,415,359,56,21,11,False,False,False,2.8,2024-03-02
4782,SITE-083,PART-7722,165,61,104,58,51,False,False,False,11.6,2023-12-02
4783,SITE-019,PART-5094,172,159,13,84,82,False,True,True,0.7,2025-01-12
4784,SITE-095,PART-4062,235,4,231,41,40,False,False,False,77.0,2024-03-04
4785,SITE-043,PART-8910,471,67,404,24,20,False,False,False,17.6,2026-03-25
4786,SITE-027,PART-4303,112,41,71,52,27,False,False,False,3.1,2026-05-07
4787,SITE-019,PART-1456,478,413,65,95,86,False,True,True,6.5,2024-04-18
4788,SITE-066,PART-1660,9,9,0,83,63,True,True,True,0.0,2026-11-24
4789,SITE-066,PART-6492,292,17,275,48,44,False,False,False,21.2,2023-02-05
4790,SITE-045,PART-6113,174,20,154,91,90,False,False,False,19.2,2023-04-10
4791,SITE-087,PART-4309,152,126,26,60,39,False,True,True,8.7,2024-04-01
4792,SITE-038,PART-3858,485,313,172,24,15,False,False,False,28.7,2026-07-06
4793,SITE-047,PART-6947,494,392,102,54,10,False,False,False,4.1,2023-07-20
4794,SITE-082,PART-2838,25,23,2,82,49,False,True,True,0.5,2024-04-22
4795,SITE-057,PART-6072,50,6,44,99,36,False,True,False,7.3,2026-10-19
4796,SITE-028,PART-1228,186,38,148,71,53,False,False,False,12.3,2026-06-01
4797,SITE-024,PART-7413,296,184,112,75,70,False,False,False,14.0,2023-09-26
4798,SITE-092,PART-3162,194,5,189,71,22,False,False,False,9.4,2023-01-02
4799,SITE-006,PART-8025,127,0,127,67,59,False,False,False,6.3,2024-09-05
4800,SITE-083,PART-3162,201,57,144,58,54,False,False,False,8.0,2026-01-24
4801,SITE-077,PART-4999,203,144,59,95,51,False,True,False,3.5,2026-10-20
4802,SITE-008,PART-3199,496,150,346,23,17,False,False,False,15.0,2026-04-04
4803,SITE-005,PART-3879,423,31,392,88,71,False,False,False,28.0,2026-12-08
4804,SITE-091,PART-4247,81,48,33,28,25,False,False,False,2.2,2025-10-17
4805,SITE-088,PART-3553,464,408,56,23,21,False,False,False,4.3,2026-12-20
4806,SITE-051,PART-7590,347,88,259,45,15,False,False,False,10.8,2026-01-27
4807,SITE-009,PART-8505,42,3,39,55,15,False,True,False,19.5,2026-05-17
4808,SITE-016,PART-3276,140,3,137,45,25,False,False,False,11.4,2023-02-24
4809,SITE-062,PART-3548,2,0,2,39,11,False,True,True,0.1,2025-09-25
4810,SITE-058,PART-7144,466,115,351,63,18,False,False,False,18.5,2023-03-01
4811,SITE-001,PART-9038,151,139,12,75,62,False,True,True,0.5,2026-04-25
4812,SITE-094,PART-3347,452,90,362,71,25,False,False,False,17.2,2026-08-24
4813,SITE-079,PART-1134,402,342,60,44,25,False,False,False,6.7,2023-07-09
4814,SITE-014,PART-2218,369,117,252,43,17,False,False,False,50.4,2024-09-07
4815,SITE-066,PART-6991,437,355,82,70,56,False,False,False,20.5,2023-12-10
4816,SITE-058,PART-2415,169,154,15,56,36,False,True,True,0.7,2023-01-08
4817,SITE-011,PART-4260,103,48,55,45,43,False,False,False,2.2,2023-03-09
4818,SITE-075,PART-2826,105,43,62,45,37,False,False,False,7.8,2023-01-09
4819,SITE-099,PART-4001,205,120,85,37,31,False,False,False,10.6,2025-05-25
4820,SITE-095,PART-5018,175,118,57,94,91,False,True,True,3.4,2024-11-17
4821,SITE-021,PART-9629,112,42,70,28,28,False,False,False,8.8,2026-04-25
4822,SITE-058,PART-8780,252,31,221,27,26,False,False,False,31.6,2025-11-15
4823,SITE-097,PART-1291,256,151,105,46,27,False,False,False,4.6,2025-12-15
4824,SITE-077,PART-7758,137,34,103,65,60,False,False,False,4.3,2025-04-26
4825,SITE-095,PART-4404,30,17,13,41,33,False,True,True,0.9,2026-11-24
4826,SITE-095,PART-3289,94,14,80,35,24,False,False,False,80.0,2023-08-28
4827,SITE-056,PART-5401,16,14,2,71,12,False,True,True,0.2,2025-12-26
4828,SITE-049,PART-3258,415,316,99,78,55,False,False,False,5.8,2026-09-18
4829,SITE-050,PART-7016,393,356,37,26,12,False,False,False,2.8,2026-02-25
4830,SITE-021,PART-1343,1,0,1,91,36,False,True,True,0.1,2026-01-10
4831,SITE-016,PART-5648,361,19,342,50,18,False,False,False,16.3,2026-09-23
4832,SITE-027,PART-6112,401,46,355,69,28,False,False,False,14.8,2026-07-03
4833,SITE-020,PART-9278,360,236,124,22,15,False,False,False,7.8,2024-08-25
4834,SITE-055,PART-4663,232,171,61,48,28,False,False,False,7.6,2024-05-19
4835,SITE-028,PART-1116,237,11,226,77,76,False,False,False,56.5,2024-08-13
4836,SITE-073,PART-2396,324,264,60,55,54,False,False,False,12.0,2024-05-09
4837,SITE-034,PART-3825,123,87,36,39,22,False,True,False,12.0,2023-01-16
4838,SITE-046,PART-7045,279,147,132,75,61,False,False,False,6.9,2026-09-03
4839,SITE-028,PART-5898,234,176,58,64,19,False,True,False,4.1,2024-11-18
4840,SITE-017,PART-9606,215,108,107,63,11,False,False,False,5.1,2025-01-12
4841,SITE-085,PART-8780,365,353,12,27,15,False,True,True,0.7,2023-08-02
4842,SITE-008,PART-9833,447,207,240,70,30,False,False,False,34.3,2024-11-06
4843,SITE-033,PART-4448,371,352,19,76,54,False,True,True,19.0,2024-07-12
4844,SITE-095,PART-6814,15,15,0,23,14,True,True,True,0.0,2025-11-01
4845,SITE-085,PART-6327,241,89,152,93,48,False,False,False,19.0,2026-11-09
4846,SITE-013,PART-9432,283,199,84,74,62,False,False,False,14.0,2025-02-16
4847,SITE-023,PART-8500,200,146,54,36,29,False,False,False,3.0,2026-02-12
4848,SITE-004,PART-8127,207,32,175,89,54,False,False,False,25.0,2023-07-25
4849,SITE-068,PART-5031,47,38,9,53,37,False,True,True,1.5,2025-10-28
4850,SITE-058,PART-8987,193,151,42,100,49,False,True,True,10.5,2024-01-20
4851,SITE-070,PART-2165,255,97,158,92,10,False,False,False,79.0,2024-04-08
4852,SITE-017,PART-1647,211,170,41,80,80,False,True,True,2.0,2024-07-20
4853,SITE-088,PART-9605,39,38,1,24,23,False,True,True,0.1,2026-05-09
4854,SITE-021,PART-7189,398,372,26,41,10,False,True,False,1.1,2025-01-03
4855,SITE-058,PART-9605,147,70,77,59,16,False,False,False,77.0,2024-08-26
4856,SITE-066,PART-7690,407,143,264,93,44,False,False,False,264.0,2024-01-04
4857,SITE-085,PART-6991,129,38,91,28,19,False,False,False,4.5,2023-10-22
4858,SITE-027,PART-5133,292,288,4,87,14,False,True,True,0.4,2024-10-15
4859,SITE-003,PART-4404,480,113,367,41,22,False,False,False,122.3,2023-02-16
4860,SITE-081,PART-1291,468,330,138,95,53,False,False,False,6.0,2025-06-16
4861,SITE-009,PART-8195,24,9,15,91,74,False,True,True,1.5,2023-09-23
4862,SITE-087,PART-1650,383,350,33,93,91,False,True,True,1.8,2026-12-14
4863,SITE-033,PART-7588,318,228,90,41,13,False,False,False,6.4,2026-09-17
4864,SITE-013,PART-5784,115,53,62,60,55,False,False,False,5.2,2023-10-10
4865,SITE-033,PART-4752,270,87,183,31,30,False,False,False,91.5,2026-01-10
4866,SITE-083,PART-8518,89,39,50,31,12,False,False,False,5.6,2024-10-12
4867,SITE-089,PART-9320,217,53,164,93,86,False,False,False,16.4,2023-05-10
4868,SITE-097,PART-4216,203,183,20,27,20,False,True,False,10.0,2024-01-17
4869,SITE-026,PART-9329,323,193,130,28,14,False,False,False,5.9,2024-03-18
4870,SITE-039,PART-4663,313,110,203,99,17,False,False,False,101.5,2023-10-25
4871,SITE-076,PART-6812,147,118,29,61,26,False,True,False,7.2,2025-12-08
4872,SITE-094,PART-6947,128,85,43,45,38,False,True,False,2.0,2024-01-09
4873,SITE-074,PART-5415,81,54,27,32,31,False,True,True,2.7,2023-02-14
4874,SITE-055,PART-6628,185,7,178,74,45,False,False,False,17.8,2026-04-28
4875,SITE-059,PART-5828,269,193,76,64,51,False,False,False,3.0,2023-12-10
4876,SITE-085,PART-8200,129,113,16,96,17,False,True,True,8.0,2025-04-05
4877,SITE-034,PART-6615,340,183,157,47,30,False,False,False,26.2,2024-04-07
4878,SITE-065,PART-9948,91,76,15,59,13,False,True,False,1.9,2024-07-25
4879,SITE-087,PART-9518,140,55,85,91,63,False,True,False,12.1,2024-09-05
4880,SITE-064,PART-4640,165,102,63,57,11,False,False,False,4.8,2023-11-18
4881,SITE-006,PART-9320,89,35,54,84,13,False,True,False,2.2,2023-07-14
4882,SITE-040,PART-7314,166,98,68,40,32,False,False,False,2.7,2026-03-23
4883,SITE-036,PART-6922,264,197,67,35,24,False,False,False,2.8,2024-08-20
4884,SITE-092,PART-6299,294,126,168,90,88,False,False,False,21.0,2023-05-20
4885,SITE-049,PART-1557,192,41,151,62,30,False,False,False,30.2,2025-04-20
4886,SITE-093,PART-7358,198,53,145,21,13,False,False,False,12.1,2026-04-03
4887,SITE-100,PART-8714,72,59,13,50,39,False,True,True,1.2,2023-09-16
4888,SITE-097,PART-5588,93,66,27,74,16,False,True,False,1.7,2025-10-04
4889,SITE-008,PART-2852,231,129,102,48,25,False,False,False,6.0,2024-07-06
4890,SITE-097,PART-1116,98,87,11,84,33,False,True,True,1.8,2025-08-10
4891,SITE-007,PART-9432,368,173,195,88,22,False,False,False,11.5,2023-10-24
4892,SITE-019,PART-9037,135,83,52,51,22,False,False,False,2.6,2025-07-22
4893,SITE-075,PART-6286,318,69,249,79,14,False,False,False,13.8,2025-03-08
4894,SITE-076,PART-5150,256,121,135,49,16,False,False,False,8.4,2026-04-02
4895,SITE-072,PART-3188,150,113,37,73,15,False,True,False,18.5,2025-11-15
4896,SITE-089,PART-2135,179,141,38,60,39,False,True,True,2.1,2026-11-03
4897,SITE-069,PART-5961,343,290,53,65,34,False,True,False,2.6,2023-12-21
4898,SITE-028,PART-2036,264,254,10,84,26,False,True,True,0.8,2025-07-05
4899,SITE-005,PART-1737,85,25,60,58,41,False,False,False,3.2,2025-06-03
4900,SITE-008,PART-3822,452,178,274,86,47,False,False,False,16.1,2026-12-04
4901,SITE-095,PART-8783,148,13,135,33,21,False,False,False,67.5,2024-06-07
4902,SITE-046,PART-5648,110,27,83,51,19,False,False,False,8.3,2025-07-19
4903,SITE-033,PART-5698,19,18,1,80,73,False,True,True,0.0,2025-03-21
4904,SITE-026,PART-4997,465,309,156,35,27,False,False,False,78.0,2024-02-13
4905,SITE-056,PART-7560,277,18,259,64,58,False,False,False,86.3,2024-05-26
4906,SITE-016,PART-9754,94,76,18,57,53,False,True,True,1.6,2024-04-11
4907,SITE-043,PART-7897,32,27,5,85,66,False,True,True,0.2,2025-07-22
4908,SITE-025,PART-9184,204,192,12,68,48,False,True,True,1.0,2026-04-27
4909,SITE-018,PART-3781,183,129,54,56,41,False,True,False,6.8,2025-10-28
4910,SITE-091,PART-7820,480,450,30,59,11,False,True,False,15.0,2023-04-12
4911,SITE-072,PART-1926,477,7,470,35,29,False,False,False,33.6,2023-09-20
4912,SITE-076,PART-6568,234,15,219,30,30,False,False,False,43.8,2023-03-27
4913,SITE-079,PART-2297,302,138,164,41,23,False,False,False,164.0,2023-03-18
4914,SITE-005,PART-1088,492,385,107,62,18,False,False,False,13.4,2025-08-23
4915,SITE-032,PART-2445,399,297,102,71,61,False,False,False,5.7,2024-11-10
4916,SITE-019,PART-3161,109,95,14,58,25,False,True,True,14.0,2025-04-06
4917,SITE-077,PART-8625,438,149,289,39,13,False,False,False,28.9,2023-02-01
4918,SITE-052,PART-6627,463,240,223,26,16,False,False,False,13.1,2025-04-24
4919,SITE-045,PART-5846,467,133,334,39,18,False,False,False,27.8,2025-07-11
4920,SITE-097,PART-5427,361,308,53,21,12,False,False,False,2.2,2025-09-21
4921,SITE-015,PART-2952,211,127,84,90,67,False,True,False,9.3,2023-05-05
4922,SITE-035,PART-3130,174,133,41,20,14,False,False,False,2.2,2026-01-15
4923,SITE-092,PART-4297,229,27,202,35,13,False,False,False,28.9,2026-11-12
4924,SITE-003,PART-5496,439,154,285,48,21,False,False,False,16.8,2025-03-21
4925,SITE-092,PART-5876,256,10,246,96,88,False,False,False,10.7,2024-09-02
4926,SITE-097,PART-5503,467,153,314,42,12,False,False,False,14.3,2024-07-21
4927,SITE-044,PART-4080,467,415,52,78,24,False,True,False,8.7,2026-06-08
4928,SITE-017,PART-1074,265,66,199,48,35,False,False,False,15.3,2025-03-24
4929,SITE-004,PART-3285,413,255,158,61,53,False,False,False,14.4,2026-01-02
4930,SITE-058,PART-6293,273,97,176,33,15,False,False,False,10.4,2024-09-11
4931,SITE-030,PART-4741,33,13,20,29,23,False,True,True,0.9,2024-04-12
4932,SITE-041,PART-9097,207,80,127,87,22,False,False,False,9.1,2025-10-07
4933,SITE-061,PART-2830,66,58,8,34,18,False,True,True,1.6,2023-05-27
4934,SITE-077,PART-4092,64,57,7,28,10,False,True,True,3.5,2026-05-14
4935,SITE-039,PART-1942,126,25,101,59,30,False,False,False,101.0,2024-02-01
4936,SITE-053,PART-2799,148,135,13,22,21,False,True,True,0.6,2023-10-15
4937,SITE-030,PART-2276,190,87,103,51,29,False,False,False,14.7,2024-03-06
4938,SITE-006,PART-9189,389,217,172,48,39,False,False,False,9.6,2026-01-23
4939,SITE-058,PART-6153,193,125,68,63,28,False,False,False,68.0,2023-08-27
4940,SITE-020,PART-3887,493,328,165,31,19,False,False,False,82.5,2024-06-26
4941,SITE-019,PART-7935,114,78,36,46,17,False,True,False,36.0,2025-06-21
4942,SITE-017,PART-5050,343,116,227,95,44,False,False,False,9.5,2025-12-12
4943,SITE-062,PART-8676,401,311,90,27,20,False,False,False,90.0,2024-11-13
4944,SITE-054,PART-9467,435,300,135,68,60,False,False,False,19.3,2026-08-11
4945,SITE-078,PART-1650,254,237,17,73,24,False,True,True,0.7,2026-02-18
4946,SITE-062,PART-3953,372,261,111,52,22,False,False,False,6.9,2025-04-08
4947,SITE-095,PART-5921,357,102,255,66,38,False,False,False,12.8,2025-07-01
4948,SITE-089,PART-3201,236,183,53,59,59,False,True,True,2.3,2023-08-05
4949,SITE-083,PART-1327,148,68,80,34,28,False,False,False,4.4,2023-10-27
4950,SITE-043,PART-6209,132,21,111,52,45,False,False,False,37.0,2024-08-15
4951,SITE-003,PART-2125,284,108,176,90,46,False,False,False,7.7,2023-12-27
4952,SITE-097,PART-2415,365,211,154,75,13,False,False,False,38.5,2024-05-15
4953,SITE-034,PART-9297,254,95,159,72,62,False,False,False,9.4,2023-12-19
4954,SITE-096,PART-6031,390,48,342,56,51,False,False,False,34.2,2025-03-27
4955,SITE-097,PART-2297,225,166,59,99,89,False,True,True,3.9,2024-02-12
4956,SITE-078,PART-4999,315,32,283,83,80,False,False,False,18.9,2023-02-13
4957,SITE-098,PART-1737,373,292,81,43,36,False,False,False,13.5,2023-08-28
4958,SITE-023,PART-9589,381,36,345,94,11,False,False,False,15.7,2026-07-18
4959,SITE-067,PART-7020,94,3,91,26,23,False,False,False,7.6,2025-02-27
4960,SITE-100,PART-5100,426,122,304,36,31,False,False,False,17.9,2024-02-02
4961,SITE-040,PART-5148,311,128,183,91,69,False,False,False,22.9,2025-07-08
4962,SITE-094,PART-3602,58,40,18,20,17,False,True,False,1.0,2026-01-09
4963,SITE-017,PART-2485,382,236,146,60,39,False,False,False,11.2,2023-01-20
4964,SITE-096,PART-3959,392,343,49,33,31,False,False,False,5.4,2023-02-16
4965,SITE-093,PART-1416,279,86,193,76,40,False,False,False,38.6,2025-03-03
4966,SITE-097,PART-9512,58,57,1,75,56,False,True,True,0.2,2026-01-14
4967,SITE-026,PART-4713,251,23,228,87,10,False,False,False,28.5,2026-12-14
4968,SITE-092,PART-7425,72,64,8,29,13,False,True,True,0.3,2023-09-02
4969,SITE-013,PART-7588,98,52,46,61,48,False,True,True,2.3,2025-04-28
4970,SITE-067,PART-3290,189,17,172,94,21,False,False,False,10.8,2025-04-11
4971,SITE-012,PART-4280,127,80,47,65,16,False,True,False,3.4,2026-04-05
4972,SITE-092,PART-6013,416,143,273,53,51,False,False,False,273.0,2025-08-08
4973,SITE-009,PART-6926,294,1,293,80,47,False,False,False,36.6,2026-02-26
4974,SITE-046,PART-7087,73,28,45,96,78,False,True,True,2.1,2025-06-26
4975,SITE-046,PART-9549,137,93,44,78,41,False,True,False,3.7,2024-01-16
4976,SITE-068,PART-1198,460,171,289,33,13,False,False,False,13.8,2026-04-03
4977,SITE-027,PART-2122,470,295,175,47,44,False,False,False,8.8,2025-03-22
4978,SITE-083,PART-6586,54,27,27,60,12,False,True,False,3.9,2026-03-10
4979,SITE-026,PART-9184,178,121,57,38,28,False,False,False,4.8,2024-06-16
4980,SITE-069,PART-2122,309,52,257,67,65,False,False,False,85.7,2024-10-22
4981,SITE-085,PART-7967,159,4,155,63,53,False,False,False,11.1,2025-03-19
4982,SITE-010,PART-8555,460,81,379,96,72,False,False,False,15.8,2025-04-08
4983,SITE-036,PART-4335,4,4,0,38,23,True,True,True,0.0,2024-12-22
4984,SITE-061,PART-6107,204,122,82,74,27,False,False,False,5.1,2024-09-16
4985,SITE-023,PART-2799,455,304,151,48,48,False,False,False,37.8,2026-04-22
4986,SITE-074,PART-7935,168,10,158,76,72,False,False,False,17.6,2024-04-16
4987,SITE-031,PART-1017,71,12,59,22,15,False,False,False,3.5,2023-12-11
4988,SITE-048,PART-3472,421,260,161,40,12,False,False,False,9.5,2025-09-16
4989,SITE-083,PART-5982,414,289,125,25,15,False,False,False,11.4,2023-02-15
4990,SITE-016,PART-4802,398,163,235,79,22,False,False,False,14.7,2025-09-14
4991,SITE-065,PART-7537,469,220,249,74,69,False,False,False,49.8,2026-07-02
4992,SITE-062,PART-4872,489,409,80,60,40,False,False,False,3.5,2024-08-18
4993,SITE-041,PART-7200,497,250,247,25,15,False,False,False,13.0,2024-01-17
4994,SITE-060,PART-4836,65,52,13,20,18,False,True,True,0.7,2023-09-19
4995,SITE-015,PART-8384,227,199,28,97,57,False,True,True,1.8,2023-01-21
4996,SITE-050,PART-7419,97,9,88,80,57,False,False,False,88.0,2024-12-11
4997,SITE-047,PART-5127,218,115,103,89,15,False,False,False,6.9,2025-02-08
4998,SITE-088,PART-9623,449,327,122,45,27,False,False,False,6.4,2024-05-22
4999,SITE-089,PART-5696,125,24,101,22,16,False,False,False,6.7,2025-11-12
5000,SITE-010,PART-5401,108,85,23,27,11,False,True,False,3.8,2024-05-12
