maintenance_event_id,site_id,part_id,event_date,equipment_id,status,days_non_mission_capable,backlog_days,defect_flag
1,SITE-075,PART-1733,2024-12-09,EQ-3621,completed,1,0,False
2,SITE-075,PART-2622,2024-04-28,EQ-6763,awaiting_parts,27,43,False
3,SITE-049,PART-7345,2023-05-23,EQ-3123,in_progress,4,7,False
4,SITE-055,PART-3182,2025-02-22,EQ-4666,in_progress,10,31,False
5,SITE-001,PART-1416,2024-03-08,EQ-3601,completed,9,0,False
6,SITE-079,PART-3858,2024-07-27,EQ-9257,awaiting_parts,28,18,False
7,SITE-032,PART-2705,2026-09-17,EQ-3961,in_progress,21,1,False
8,SITE-094,PART-1463,2024-10-28,EQ-6375,awaiting_parts,24,31,True
9,SITE-060,PART-3257,2024-09-13,EQ-5297,in_progress,7,6,False
10,SITE-039,PART-4206,2024-04-19,EQ-4940,deferred,14,19,False
11,SITE-097,PART-7008,2024-01-24,EQ-7179,completed,4,0,False
12,SITE-008,PART-1852,2024-03-06,EQ-4113,completed,7,0,False
13,SITE-039,PART-2135,2024-01-20,EQ-3262,completed,6,0,False
14,SITE-086,PART-2946,2024-09-10,EQ-1696,open,25,33,False
15,SITE-035,PART-3133,2024-03-16,EQ-9629,deferred,21,39,False
16,SITE-065,PART-5726,2026-08-06,EQ-7619,open,30,9,False
17,SITE-029,PART-9586,2024-02-21,EQ-6772,completed,4,0,False
18,SITE-059,PART-3798,2023-02-18,EQ-5654,completed,7,0,False
19,SITE-067,PART-8723,2024-11-04,EQ-3844,in_progress,20,34,False
20,SITE-009,PART-5358,2025-12-15,EQ-2926,in_progress,30,15,False
21,SITE-089,PART-7140,2024-11-22,EQ-1610,open,15,44,False
22,SITE-076,PART-3648,2023-02-10,EQ-4723,completed,5,0,False
23,SITE-052,PART-7792,2025-11-13,EQ-6503,awaiting_parts,28,35,False
24,SITE-064,PART-7984,2025-03-25,EQ-9988,completed,10,0,False
25,SITE-053,PART-7144,2024-11-01,EQ-2522,in_progress,7,31,False
26,SITE-100,PART-5298,2026-11-07,EQ-8687,open,12,38,False
27,SITE-009,PART-7385,2024-10-10,EQ-5511,awaiting_parts,13,4,False
28,SITE-053,PART-1081,2024-04-15,EQ-3860,awaiting_parts,2,14,False
29,SITE-047,PART-5411,2025-12-07,EQ-5304,open,22,30,False
30,SITE-018,PART-4846,2024-11-14,EQ-3250,awaiting_parts,30,31,False
31,SITE-044,PART-5936,2023-04-24,EQ-1415,awaiting_parts,12,3,False
32,SITE-075,PART-1099,2024-02-22,EQ-3083,awaiting_parts,5,39,False
33,SITE-032,PART-7577,2024-12-23,EQ-4551,in_progress,4,9,False
34,SITE-096,PART-3392,2023-10-12,EQ-9275,completed,9,0,False
35,SITE-099,PART-8806,2024-07-01,EQ-6585,awaiting_parts,22,5,False
36,SITE-027,PART-3285,2024-01-21,EQ-2829,in_progress,2,10,False
37,SITE-028,PART-6814,2024-06-18,EQ-6728,deferred,13,9,False
38,SITE-001,PART-5401,2023-11-03,EQ-7503,in_progress,24,7,False
39,SITE-021,PART-7345,2026-03-25,EQ-7472,open,17,27,False
40,SITE-042,PART-7190,2023-11-27,EQ-2451,awaiting_parts,7,2,False
41,SITE-054,PART-1891,2025-12-21,EQ-6761,completed,2,0,False
42,SITE-013,PART-5200,2024-11-04,EQ-2406,deferred,4,39,True
43,SITE-091,PART-3103,2026-06-23,EQ-1699,deferred,4,16,False
44,SITE-011,PART-5682,2024-07-17,EQ-9842,awaiting_parts,19,44,False
45,SITE-099,PART-1210,2025-02-18,EQ-2354,in_progress,30,6,False
46,SITE-067,PART-7416,2026-01-21,EQ-4518,awaiting_parts,8,22,False
47,SITE-046,PART-2391,2023-10-20,EQ-9838,open,10,4,False
48,SITE-046,PART-2283,2023-04-19,EQ-5052,awaiting_parts,17,7,False
49,SITE-042,PART-6031,2023-12-23,EQ-5600,open,28,8,False
50,SITE-100,PART-3548,2026-01-26,EQ-9051,awaiting_parts,4,34,False
51,SITE-048,PART-5503,2024-11-20,EQ-3178,open,28,7,False
52,SITE-033,PART-2430,2023-08-01,EQ-9058,in_progress,8,36,False
53,SITE-008,PART-6574,2024-09-18,EQ-2953,open,18,13,False
54,SITE-026,PART-3388,2026-02-14,EQ-8039,open,26,44,False
55,SITE-034,PART-9167,2023-03-19,EQ-3013,open,5,45,False
56,SITE-064,PART-8943,2025-06-16,EQ-6602,completed,3,0,False
57,SITE-012,PART-6013,2023-04-06,EQ-2720,open,9,45,False
58,SITE-033,PART-7537,2025-10-06,EQ-6797,awaiting_parts,11,19,False
59,SITE-075,PART-2046,2023-07-01,EQ-1103,completed,6,0,False
60,SITE-027,PART-5898,2024-03-12,EQ-6859,awaiting_parts,30,17,False
61,SITE-057,PART-8355,2023-08-17,EQ-3864,deferred,22,19,False
62,SITE-063,PART-1225,2025-06-26,EQ-6662,in_progress,20,3,False
63,SITE-052,PART-2698,2023-10-07,EQ-3246,in_progress,21,4,False
64,SITE-059,PART-5659,2026-06-02,EQ-2552,awaiting_parts,18,20,False
65,SITE-026,PART-9099,2024-04-17,EQ-6895,in_progress,22,8,False
66,SITE-053,PART-9632,2023-01-20,EQ-2516,completed,6,0,False
67,SITE-025,PART-9204,2025-06-06,EQ-8728,open,20,3,False
68,SITE-099,PART-7269,2023-08-25,EQ-8450,awaiting_parts,18,28,False
69,SITE-038,PART-8451,2026-10-14,EQ-4539,in_progress,19,8,True
70,SITE-023,PART-6330,2025-01-23,EQ-8451,deferred,25,17,False
71,SITE-098,PART-5921,2025-03-08,EQ-1653,open,28,6,False
72,SITE-013,PART-3130,2023-05-26,EQ-5787,in_progress,29,28,False
73,SITE-058,PART-3251,2026-05-02,EQ-3521,deferred,19,36,False
74,SITE-099,PART-2140,2024-06-15,EQ-5188,awaiting_parts,17,44,False
75,SITE-100,PART-5072,2026-04-24,EQ-6917,open,22,12,False
76,SITE-074,PART-5543,2026-10-22,EQ-7208,open,16,1,False
77,SITE-060,PART-1055,2026-10-07,EQ-6435,open,7,28,False
78,SITE-022,PART-2102,2025-11-15,EQ-3009,deferred,19,25,False
79,SITE-058,PART-7599,2024-11-10,EQ-6612,in_progress,18,27,False
80,SITE-048,PART-1682,2026-06-10,EQ-9527,open,27,11,False
81,SITE-038,PART-7534,2026-12-16,EQ-2962,awaiting_parts,22,6,False
82,SITE-090,PART-1376,2025-06-04,EQ-9462,in_progress,5,43,False
83,SITE-048,PART-4781,2025-09-07,EQ-7145,deferred,4,3,False
84,SITE-025,PART-7608,2024-05-10,EQ-5473,completed,2,0,False
85,SITE-006,PART-6778,2024-09-22,EQ-2331,in_progress,29,42,False
86,SITE-089,PART-5704,2026-02-10,EQ-8149,in_progress,5,19,False
87,SITE-007,PART-6107,2024-03-07,EQ-1237,awaiting_parts,6,33,True
88,SITE-041,PART-9099,2025-02-01,EQ-8198,open,18,45,False
89,SITE-004,PART-3101,2026-12-12,EQ-7245,deferred,9,33,False
90,SITE-056,PART-4781,2024-07-11,EQ-3713,open,3,28,False
91,SITE-088,PART-7944,2023-01-05,EQ-8255,in_progress,22,29,False
92,SITE-028,PART-7424,2026-06-28,EQ-3260,in_progress,16,3,False
93,SITE-087,PART-2317,2026-02-16,EQ-7758,completed,4,0,False
94,SITE-050,PART-8768,2025-04-03,EQ-9912,awaiting_parts,9,12,False
95,SITE-089,PART-9564,2026-02-27,EQ-6549,awaiting_parts,21,16,False
96,SITE-027,PART-7425,2023-09-01,EQ-1916,open,24,13,False
97,SITE-042,PART-6153,2025-10-01,EQ-4352,deferred,17,13,False
98,SITE-066,PART-2673,2023-03-03,EQ-2812,open,12,32,False
99,SITE-071,PART-4382,2025-01-01,EQ-6733,open,30,29,True
100,SITE-010,PART-8727,2023-07-27,EQ-8570,completed,9,0,False
101,SITE-030,PART-1945,2024-07-05,EQ-1443,open,2,27,False
102,SITE-094,PART-3648,2026-10-23,EQ-9192,completed,5,0,False
103,SITE-088,PART-3109,2025-03-13,EQ-2975,open,18,37,False
104,SITE-043,PART-7588,2023-08-10,EQ-5960,in_progress,7,16,False
105,SITE-086,PART-2505,2026-02-16,EQ-5501,deferred,27,37,False
106,SITE-058,PART-5696,2026-01-23,EQ-6031,open,2,27,False
107,SITE-070,PART-3030,2026-06-07,EQ-4907,completed,4,0,False
108,SITE-028,PART-1670,2026-01-24,EQ-3758,awaiting_parts,30,25,False
109,SITE-097,PART-9288,2025-05-27,EQ-7353,open,1,37,False
110,SITE-063,PART-4228,2024-08-07,EQ-9335,open,29,10,False
111,SITE-039,PART-8558,2023-07-18,EQ-9601,in_progress,13,21,False
112,SITE-036,PART-2276,2024-09-23,EQ-3651,deferred,19,29,False
113,SITE-061,PART-7053,2023-02-03,EQ-6472,deferred,6,29,False
114,SITE-001,PART-6812,2024-05-18,EQ-3627,open,17,33,False
115,SITE-039,PART-3392,2025-09-11,EQ-4800,deferred,5,40,False
116,SITE-087,PART-5990,2024-04-18,EQ-9861,deferred,13,11,False
117,SITE-052,PART-9613,2025-03-10,EQ-4771,in_progress,23,43,True
118,SITE-056,PART-1874,2026-02-20,EQ-8111,awaiting_parts,6,33,False
119,SITE-085,PART-6371,2025-12-21,EQ-1276,awaiting_parts,4,14,False
120,SITE-060,PART-7345,2025-04-07,EQ-8082,deferred,16,23,False
121,SITE-040,PART-6762,2026-02-01,EQ-5491,in_progress,30,34,False
122,SITE-024,PART-6221,2026-03-06,EQ-4165,completed,7,0,False
123,SITE-081,PART-6826,2025-01-02,EQ-4081,open,25,36,False
124,SITE-086,PART-2739,2023-06-14,EQ-2886,awaiting_parts,4,29,False
125,SITE-092,PART-1198,2024-09-02,EQ-3346,open,5,30,False
126,SITE-007,PART-3285,2025-06-27,EQ-4489,in_progress,3,4,False
127,SITE-029,PART-7345,2024-01-02,EQ-1356,in_progress,1,35,False
128,SITE-007,PART-4448,2026-08-21,EQ-3927,in_progress,9,41,False
129,SITE-060,PART-8420,2026-03-18,EQ-2632,completed,10,0,False
130,SITE-001,PART-9586,2023-09-12,EQ-5544,completed,0,0,False
131,SITE-015,PART-3549,2023-06-26,EQ-9957,deferred,29,45,False
132,SITE-091,PART-6762,2025-03-09,EQ-6772,open,23,20,True
133,SITE-065,PART-4247,2025-10-07,EQ-5809,deferred,10,32,False
134,SITE-069,PART-6089,2024-04-24,EQ-7607,open,3,1,False
135,SITE-076,PART-8219,2023-04-10,EQ-9245,awaiting_parts,26,37,False
136,SITE-083,PART-4543,2023-12-21,EQ-2325,open,22,12,True
137,SITE-056,PART-4573,2026-10-22,EQ-9497,completed,5,0,False
138,SITE-076,PART-8113,2025-09-28,EQ-1865,open,7,33,False
139,SITE-094,PART-1055,2023-12-04,EQ-7536,awaiting_parts,15,42,False
140,SITE-098,PART-8261,2024-10-28,EQ-2008,awaiting_parts,2,33,False
141,SITE-005,PART-6430,2023-10-07,EQ-1650,completed,8,0,False
142,SITE-053,PART-6668,2024-04-04,EQ-9688,awaiting_parts,21,13,False
143,SITE-060,PART-6683,2024-11-11,EQ-3776,open,6,1,False
144,SITE-010,PART-6417,2026-06-09,EQ-3254,in_progress,14,22,False
145,SITE-062,PART-5133,2026-12-16,EQ-9272,awaiting_parts,3,44,False
146,SITE-075,PART-9208,2023-06-18,EQ-1625,in_progress,25,2,False
147,SITE-004,PART-1142,2025-02-14,EQ-7163,deferred,7,43,False
148,SITE-062,PART-2779,2026-09-23,EQ-9591,open,14,30,False
149,SITE-007,PART-8695,2023-12-20,EQ-2548,awaiting_parts,3,19,False
150,SITE-050,PART-4762,2025-02-04,EQ-5218,completed,1,0,False
151,SITE-074,PART-3592,2024-04-05,EQ-1775,open,12,41,False
152,SITE-021,PART-7903,2024-11-19,EQ-8463,in_progress,14,16,False
153,SITE-077,PART-6972,2025-02-01,EQ-9210,awaiting_parts,20,4,False
154,SITE-066,PART-8199,2026-03-04,EQ-9465,completed,1,0,False
155,SITE-069,PART-8593,2025-12-18,EQ-3568,awaiting_parts,1,7,False
156,SITE-018,PART-2283,2026-08-25,EQ-8604,open,26,42,False
157,SITE-033,PART-7960,2024-09-02,EQ-2514,in_progress,14,4,True
158,SITE-048,PART-2356,2025-05-13,EQ-8592,in_progress,25,5,True
159,SITE-093,PART-7321,2026-09-18,EQ-4328,open,21,18,False
160,SITE-032,PART-3251,2026-02-15,EQ-2988,in_progress,15,4,False
161,SITE-063,PART-8423,2023-03-08,EQ-8974,deferred,8,42,False
162,SITE-086,PART-6112,2023-05-15,EQ-1613,open,29,12,False
163,SITE-060,PART-2140,2024-04-07,EQ-7720,awaiting_parts,17,2,False
164,SITE-095,PART-4219,2025-08-25,EQ-2539,awaiting_parts,25,37,False
165,SITE-045,PART-1228,2026-10-26,EQ-4615,in_progress,3,24,False
166,SITE-096,PART-6814,2025-02-13,EQ-9739,open,15,19,False
167,SITE-044,PART-4640,2024-08-19,EQ-7874,open,12,20,True
168,SITE-042,PART-9106,2023-08-08,EQ-4653,in_progress,7,26,False
169,SITE-029,PART-1283,2026-12-23,EQ-5135,in_progress,8,38,False
170,SITE-088,PART-2867,2024-02-24,EQ-6781,completed,10,0,True
171,SITE-002,PART-7967,2025-03-15,EQ-2744,awaiting_parts,25,3,True
172,SITE-064,PART-7385,2023-03-06,EQ-7157,awaiting_parts,13,16,False
173,SITE-052,PART-1032,2026-10-08,EQ-5471,open,20,2,False
174,SITE-010,PART-4856,2026-09-26,EQ-5894,open,3,23,True
175,SITE-029,PART-4137,2024-07-24,EQ-6976,awaiting_parts,11,44,False
176,SITE-003,PART-2739,2024-06-28,EQ-7988,completed,5,0,False
177,SITE-055,PART-1734,2025-12-15,EQ-3764,open,10,3,False
178,SITE-068,PART-5696,2026-06-25,EQ-4264,open,9,7,False
179,SITE-095,PART-4084,2025-07-24,EQ-3027,open,11,45,False
180,SITE-081,PART-3819,2025-02-23,EQ-1495,deferred,3,37,False
181,SITE-077,PART-3915,2026-06-08,EQ-5290,awaiting_parts,1,10,False
182,SITE-007,PART-9451,2023-04-21,EQ-8686,in_progress,8,40,True
183,SITE-005,PART-2927,2023-12-17,EQ-4428,open,13,43,False
184,SITE-068,PART-2218,2026-11-17,EQ-1675,deferred,9,1,False
185,SITE-062,PART-7277,2024-08-17,EQ-6564,open,11,32,False
186,SITE-012,PART-5846,2025-09-16,EQ-5048,completed,7,0,False
187,SITE-048,PART-3472,2024-01-03,EQ-6746,in_progress,20,15,False
188,SITE-065,PART-2297,2025-04-05,EQ-1656,in_progress,2,4,False
189,SITE-065,PART-2140,2026-09-09,EQ-9646,awaiting_parts,7,25,False
190,SITE-007,PART-4762,2024-04-03,EQ-8019,completed,6,0,False
191,SITE-020,PART-3739,2025-05-02,EQ-9041,deferred,1,2,False
192,SITE-038,PART-5496,2023-03-19,EQ-9195,open,27,27,False
193,SITE-093,PART-5846,2024-01-07,EQ-3995,deferred,11,17,False
194,SITE-077,PART-6805,2024-07-24,EQ-3517,open,11,11,False
195,SITE-066,PART-9037,2024-09-11,EQ-6563,deferred,18,24,False
196,SITE-031,PART-7468,2024-07-20,EQ-8339,completed,7,0,False
197,SITE-057,PART-2415,2026-10-10,EQ-4734,open,26,27,False
198,SITE-017,PART-2039,2024-11-26,EQ-5098,completed,7,0,False
199,SITE-052,PART-5784,2024-10-10,EQ-6553,open,11,6,False
200,SITE-030,PART-3781,2023-03-02,EQ-7202,deferred,7,4,False
201,SITE-059,PART-9216,2023-11-23,EQ-5511,awaiting_parts,18,11,False
202,SITE-033,PART-2867,2024-12-23,EQ-5660,open,7,4,False
203,SITE-066,PART-8876,2024-08-12,EQ-8871,awaiting_parts,25,16,False
204,SITE-073,PART-9739,2026-06-05,EQ-8655,awaiting_parts,9,1,False
205,SITE-026,PART-7625,2024-11-09,EQ-8404,open,6,11,False
206,SITE-001,PART-2739,2025-06-10,EQ-1310,deferred,13,38,False
207,SITE-016,PART-5660,2023-12-06,EQ-1982,completed,2,0,False
208,SITE-023,PART-2896,2026-04-24,EQ-6110,open,30,3,True
209,SITE-096,PART-3648,2023-10-08,EQ-2899,open,22,18,False
210,SITE-076,PART-7067,2025-05-24,EQ-6351,awaiting_parts,13,30,False
211,SITE-055,PART-1564,2025-12-14,EQ-5950,open,4,1,False
212,SITE-094,PART-9271,2025-03-25,EQ-1999,deferred,28,10,False
213,SITE-086,PART-7020,2026-03-09,EQ-6689,completed,3,0,False
214,SITE-051,PART-1238,2026-09-26,EQ-5225,completed,9,0,False
215,SITE-034,PART-4836,2026-09-13,EQ-6679,deferred,17,17,True
216,SITE-031,PART-4908,2025-07-03,EQ-1794,deferred,30,27,False
217,SITE-063,PART-9758,2023-11-10,EQ-3810,completed,1,0,False
218,SITE-024,PART-2035,2023-04-11,EQ-1756,completed,0,0,False
219,SITE-002,PART-9948,2025-06-26,EQ-4966,in_progress,22,7,True
220,SITE-011,PART-8127,2024-08-27,EQ-1225,deferred,1,15,False
221,SITE-052,PART-5073,2025-02-06,EQ-3622,open,26,5,False
222,SITE-068,PART-5193,2024-06-24,EQ-8520,in_progress,2,11,False
223,SITE-047,PART-5115,2025-08-03,EQ-1876,deferred,3,15,False
224,SITE-077,PART-2419,2023-01-10,EQ-4927,completed,0,0,False
225,SITE-057,PART-6908,2024-03-16,EQ-6785,completed,3,0,False
226,SITE-074,PART-9512,2024-08-24,EQ-5501,open,27,12,False
227,SITE-017,PART-2099,2025-08-24,EQ-7582,open,3,31,False
228,SITE-026,PART-5990,2025-03-20,EQ-1743,in_progress,8,24,False
229,SITE-034,PART-4694,2026-09-25,EQ-2888,completed,5,0,True
230,SITE-077,PART-5214,2025-08-12,EQ-2206,open,19,34,True
231,SITE-096,PART-9913,2024-11-19,EQ-3647,completed,2,0,False
232,SITE-004,PART-8427,2023-09-28,EQ-4653,awaiting_parts,3,3,False
233,SITE-060,PART-1891,2023-03-15,EQ-6632,awaiting_parts,18,17,False
234,SITE-007,PART-4215,2026-12-02,EQ-9980,completed,3,0,False
235,SITE-089,PART-2430,2023-09-08,EQ-3964,in_progress,23,31,False
236,SITE-088,PART-2430,2026-06-06,EQ-5902,awaiting_parts,18,34,False
237,SITE-065,PART-5121,2026-12-17,EQ-4744,open,11,21,False
238,SITE-075,PART-6508,2025-02-14,EQ-4372,open,3,28,True
239,SITE-036,PART-2297,2026-05-25,EQ-6061,awaiting_parts,4,23,False
240,SITE-049,PART-6113,2023-11-22,EQ-2853,in_progress,26,1,False
241,SITE-075,PART-5988,2024-02-13,EQ-1940,in_progress,25,15,True
242,SITE-028,PART-8529,2026-06-11,EQ-5518,awaiting_parts,1,35,False
243,SITE-020,PART-2396,2024-08-13,EQ-5726,in_progress,18,13,False
244,SITE-083,PART-6628,2025-11-16,EQ-3142,completed,9,0,False
245,SITE-017,PART-7782,2026-05-07,EQ-5280,open,27,15,False
246,SITE-050,PART-2451,2025-09-24,EQ-2697,deferred,9,16,True
247,SITE-072,PART-8195,2024-06-28,EQ-2914,deferred,24,40,False
248,SITE-086,PART-6209,2025-04-17,EQ-2417,deferred,4,27,False
249,SITE-093,PART-4449,2026-01-24,EQ-6658,open,28,26,False
250,SITE-049,PART-5982,2024-06-04,EQ-6972,awaiting_parts,5,8,False
251,SITE-071,PART-5999,2024-06-26,EQ-5759,deferred,20,33,False
252,SITE-021,PART-2246,2025-09-22,EQ-5596,deferred,29,36,True
253,SITE-019,PART-9467,2023-02-17,EQ-6074,completed,10,0,False
254,SITE-057,PART-8163,2024-02-05,EQ-3188,awaiting_parts,7,24,False
255,SITE-039,PART-3472,2023-05-15,EQ-8784,deferred,1,8,False
256,SITE-097,PART-4335,2026-05-27,EQ-4391,completed,3,0,True
257,SITE-065,PART-3193,2023-07-10,EQ-4233,in_progress,5,6,False
258,SITE-020,PART-6430,2024-04-16,EQ-8313,awaiting_parts,17,41,True
259,SITE-038,PART-8780,2025-10-14,EQ-1712,completed,3,0,False
260,SITE-014,PART-9288,2023-12-06,EQ-7128,awaiting_parts,20,23,False
261,SITE-079,PART-1744,2026-08-19,EQ-6992,deferred,24,41,False
262,SITE-058,PART-9432,2024-10-24,EQ-4357,awaiting_parts,23,35,False
263,SITE-026,PART-7590,2025-08-24,EQ-5203,open,18,40,False
264,SITE-079,PART-9843,2024-12-07,EQ-9674,awaiting_parts,20,36,False
265,SITE-002,PART-9586,2024-06-10,EQ-5121,deferred,16,21,True
266,SITE-046,PART-7560,2026-03-01,EQ-2525,deferred,2,23,False
267,SITE-012,PART-3257,2025-12-22,EQ-1178,awaiting_parts,22,7,True
268,SITE-086,PART-5193,2026-12-16,EQ-7646,awaiting_parts,25,36,False
269,SITE-097,PART-8273,2026-12-07,EQ-7970,completed,0,0,True
270,SITE-099,PART-4713,2024-08-28,EQ-7093,awaiting_parts,22,4,False
271,SITE-071,PART-6784,2025-04-15,EQ-2299,deferred,7,44,False
272,SITE-027,PART-8558,2023-03-06,EQ-1404,completed,0,0,False
273,SITE-080,PART-2035,2025-05-04,EQ-8166,completed,2,0,False
274,SITE-056,PART-3030,2024-12-03,EQ-2634,awaiting_parts,25,5,False
275,SITE-008,PART-3340,2023-11-12,EQ-9035,in_progress,27,40,False
276,SITE-003,PART-2397,2026-06-10,EQ-9386,in_progress,23,16,False
277,SITE-028,PART-7782,2026-04-27,EQ-1612,completed,3,0,False
278,SITE-080,PART-3602,2026-06-11,EQ-4956,deferred,28,28,False
279,SITE-088,PART-8254,2025-04-03,EQ-2505,awaiting_parts,17,33,False
280,SITE-083,PART-5762,2026-04-03,EQ-3541,in_progress,10,36,False
281,SITE-028,PART-3531,2023-08-27,EQ-7626,in_progress,20,20,False
282,SITE-031,PART-1264,2023-02-05,EQ-5730,in_progress,13,29,False
283,SITE-085,PART-7136,2025-02-11,EQ-2932,in_progress,29,38,True
284,SITE-024,PART-5460,2026-11-07,EQ-9093,awaiting_parts,21,40,False
285,SITE-030,PART-9564,2026-01-17,EQ-6102,completed,2,0,False
286,SITE-027,PART-1872,2023-03-21,EQ-1228,open,28,4,False
287,SITE-058,PART-6176,2025-05-20,EQ-3907,awaiting_parts,2,38,False
288,SITE-014,PART-2246,2024-07-26,EQ-9337,awaiting_parts,7,10,False
289,SITE-032,PART-2394,2023-01-17,EQ-3562,open,14,14,False
290,SITE-015,PART-5999,2024-08-16,EQ-6336,awaiting_parts,16,14,False
291,SITE-095,PART-8008,2024-03-15,EQ-7702,in_progress,26,25,True
292,SITE-039,PART-5037,2026-03-05,EQ-9979,deferred,19,7,False
293,SITE-080,PART-6778,2026-06-08,EQ-8956,awaiting_parts,6,33,False
294,SITE-052,PART-4774,2026-07-04,EQ-7354,awaiting_parts,15,15,False
295,SITE-061,PART-9987,2025-09-18,EQ-1007,open,17,32,True
296,SITE-048,PART-7042,2025-07-06,EQ-8448,awaiting_parts,28,40,False
297,SITE-077,PART-3548,2025-11-04,EQ-5819,deferred,10,34,False
298,SITE-049,PART-4752,2023-09-23,EQ-6572,deferred,1,39,False
299,SITE-045,PART-8798,2025-02-04,EQ-5515,open,3,6,False
300,SITE-099,PART-9336,2026-09-07,EQ-1084,open,18,39,True
301,SITE-066,PART-4872,2024-12-04,EQ-5190,completed,8,0,False
302,SITE-034,PART-4215,2026-07-17,EQ-5615,in_progress,27,18,False
303,SITE-070,PART-7739,2023-01-09,EQ-8958,awaiting_parts,22,20,False
304,SITE-006,PART-8581,2024-12-21,EQ-4261,in_progress,25,3,True
305,SITE-085,PART-6803,2024-09-08,EQ-7403,open,8,11,False
306,SITE-077,PART-1061,2025-02-25,EQ-6180,open,6,42,False
307,SITE-084,PART-9492,2024-09-14,EQ-3234,open,30,13,False
308,SITE-027,PART-5031,2024-05-25,EQ-7869,completed,3,0,False
309,SITE-070,PART-4216,2023-01-24,EQ-3340,open,21,29,True
310,SITE-037,PART-5214,2026-10-18,EQ-4991,in_progress,28,27,False
311,SITE-018,PART-5121,2024-03-14,EQ-3866,open,12,39,True
312,SITE-065,PART-5652,2025-01-28,EQ-3294,deferred,6,14,False
313,SITE-024,PART-7419,2023-05-26,EQ-1267,deferred,14,39,False
314,SITE-065,PART-8537,2024-11-03,EQ-9979,completed,2,0,False
315,SITE-061,PART-7944,2024-04-20,EQ-9193,completed,9,0,False
316,SITE-009,PART-7156,2023-01-25,EQ-6881,awaiting_parts,26,31,False
317,SITE-100,PART-2406,2023-11-17,EQ-8209,awaiting_parts,10,5,False
318,SITE-080,PART-2125,2023-10-01,EQ-5481,deferred,23,20,False
319,SITE-005,PART-3457,2025-09-03,EQ-4314,open,16,6,False
320,SITE-029,PART-7820,2023-09-23,EQ-3166,completed,1,0,False
321,SITE-091,PART-6431,2024-05-05,EQ-3709,completed,4,0,False
322,SITE-099,PART-2505,2025-10-28,EQ-3611,open,22,29,False
323,SITE-073,PART-7792,2026-09-20,EQ-8679,awaiting_parts,12,6,False
324,SITE-004,PART-7277,2024-02-15,EQ-3303,completed,5,0,False
325,SITE-043,PART-2790,2025-10-04,EQ-7793,awaiting_parts,22,13,False
326,SITE-043,PART-1768,2025-10-27,EQ-6930,deferred,23,35,False
327,SITE-066,PART-1759,2026-10-02,EQ-9471,open,19,10,False
328,SITE-030,PART-7641,2026-12-16,EQ-5256,completed,5,0,False
329,SITE-049,PART-7486,2025-03-03,EQ-3337,deferred,19,7,False
330,SITE-023,PART-7505,2026-05-04,EQ-5688,completed,7,0,False
331,SITE-047,PART-9037,2025-11-19,EQ-2848,open,4,7,False
332,SITE-080,PART-9128,2024-09-23,EQ-7177,in_progress,13,31,False
333,SITE-023,PART-7991,2026-05-13,EQ-6679,open,4,18,False
334,SITE-061,PART-2297,2026-10-20,EQ-1140,deferred,18,36,False
335,SITE-009,PART-7053,2024-01-10,EQ-9853,completed,7,0,False
336,SITE-100,PART-7165,2024-10-16,EQ-2940,completed,9,0,False
337,SITE-018,PART-2758,2025-03-13,EQ-2902,awaiting_parts,14,28,False
338,SITE-014,PART-8635,2026-06-05,EQ-5122,open,8,43,False
339,SITE-059,PART-4062,2023-03-12,EQ-8248,completed,8,0,False
340,SITE-097,PART-9492,2025-06-11,EQ-2809,deferred,20,2,False
341,SITE-043,PART-5183,2026-08-27,EQ-3916,open,21,24,False
342,SITE-071,PART-7066,2024-06-07,EQ-3866,open,16,37,False
343,SITE-058,PART-4370,2024-01-27,EQ-8023,in_progress,27,34,True
344,SITE-017,PART-4872,2026-10-17,EQ-7007,awaiting_parts,11,26,False
345,SITE-009,PART-5762,2023-04-11,EQ-5961,completed,6,0,False
346,SITE-075,PART-7190,2026-01-19,EQ-9344,completed,10,0,False
347,SITE-078,PART-5646,2024-03-13,EQ-3391,deferred,15,41,False
348,SITE-023,PART-7486,2023-08-23,EQ-7585,deferred,14,26,False
349,SITE-017,PART-9216,2023-11-11,EQ-3703,awaiting_parts,29,18,False
350,SITE-024,PART-2356,2025-04-18,EQ-1793,completed,4,0,False
351,SITE-064,PART-2419,2025-12-05,EQ-6236,deferred,20,16,False
352,SITE-032,PART-4450,2023-02-06,EQ-6200,in_progress,14,6,False
353,SITE-043,PART-5959,2026-03-04,EQ-2524,awaiting_parts,8,28,False
354,SITE-071,PART-4880,2025-12-21,EQ-1005,completed,0,0,False
355,SITE-013,PART-1798,2023-05-10,EQ-5300,awaiting_parts,7,15,False
356,SITE-017,PART-7442,2023-04-09,EQ-2100,open,4,43,False
357,SITE-087,PART-7135,2024-12-23,EQ-8005,in_progress,16,39,False
358,SITE-075,PART-7190,2025-07-07,EQ-8008,completed,2,0,False
359,SITE-013,PART-9558,2023-04-20,EQ-2683,in_progress,14,6,False
360,SITE-083,PART-2994,2026-08-22,EQ-5175,awaiting_parts,15,27,False
361,SITE-091,PART-2075,2025-01-14,EQ-4717,awaiting_parts,5,43,False
362,SITE-031,PART-1575,2023-06-09,EQ-7085,awaiting_parts,15,22,False
363,SITE-048,PART-5693,2023-02-17,EQ-2142,completed,9,0,False
364,SITE-091,PART-4640,2023-09-18,EQ-9104,in_progress,21,1,False
365,SITE-033,PART-6888,2024-07-19,EQ-3021,completed,5,0,False
366,SITE-074,PART-2098,2025-06-06,EQ-2724,completed,4,0,False
367,SITE-013,PART-8143,2025-05-04,EQ-1750,awaiting_parts,26,28,False
368,SITE-058,PART-4062,2026-04-16,EQ-7563,deferred,4,1,False
369,SITE-088,PART-2419,2026-09-19,EQ-4695,deferred,20,44,False
370,SITE-096,PART-7949,2024-03-05,EQ-6483,in_progress,30,26,False
371,SITE-054,PART-4880,2026-02-11,EQ-6318,completed,4,0,False
372,SITE-021,PART-5875,2024-05-17,EQ-5482,deferred,3,36,False
373,SITE-091,PART-2794,2025-04-04,EQ-7960,completed,9,0,False
374,SITE-061,PART-1930,2025-07-13,EQ-8580,completed,5,0,False
375,SITE-057,PART-8676,2026-09-12,EQ-5645,in_progress,21,37,False
376,SITE-048,PART-3825,2024-02-13,EQ-7926,open,6,28,False
377,SITE-075,PART-7428,2024-10-04,EQ-6091,completed,8,0,False
378,SITE-018,PART-9512,2026-09-17,EQ-4652,awaiting_parts,16,37,False
379,SITE-033,PART-6113,2025-06-19,EQ-4771,deferred,10,12,False
380,SITE-042,PART-9549,2023-04-17,EQ-2160,completed,9,0,False
381,SITE-034,PART-1228,2025-03-25,EQ-7033,completed,5,0,True
382,SITE-097,PART-3953,2025-11-14,EQ-4968,awaiting_parts,17,44,False
383,SITE-036,PART-2391,2024-02-27,EQ-1490,deferred,14,1,False
384,SITE-012,PART-9336,2026-06-06,EQ-4614,in_progress,2,18,False
385,SITE-026,PART-8194,2026-10-28,EQ-3797,in_progress,17,25,False
386,SITE-065,PART-4518,2024-04-27,EQ-2065,in_progress,10,35,False
387,SITE-012,PART-3257,2026-03-17,EQ-4048,in_progress,23,44,False
388,SITE-051,PART-2396,2026-06-16,EQ-4718,completed,5,0,False
389,SITE-098,PART-2733,2023-03-16,EQ-5819,completed,5,0,False
390,SITE-048,PART-3112,2023-11-03,EQ-9304,open,4,4,False
391,SITE-078,PART-2213,2026-07-21,EQ-8898,awaiting_parts,16,3,False
392,SITE-055,PART-9739,2025-12-06,EQ-2923,in_progress,1,30,False
393,SITE-065,PART-2590,2024-08-20,EQ-9372,in_progress,12,35,False
394,SITE-089,PART-2217,2026-06-27,EQ-1977,completed,10,0,True
395,SITE-069,PART-5726,2023-09-10,EQ-4223,completed,0,0,False
396,SITE-030,PART-4247,2024-09-19,EQ-5789,in_progress,19,3,False
397,SITE-060,PART-9377,2024-09-18,EQ-7186,open,12,25,False
398,SITE-018,PART-2733,2026-03-12,EQ-1157,deferred,15,2,False
399,SITE-092,PART-9334,2025-02-04,EQ-4082,deferred,24,41,False
400,SITE-091,PART-7210,2024-02-17,EQ-3371,completed,3,0,False
401,SITE-019,PART-6508,2025-02-22,EQ-2432,open,22,3,False
402,SITE-022,PART-5982,2023-12-13,EQ-9707,completed,2,0,False
403,SITE-069,PART-5496,2023-07-01,EQ-4153,open,4,29,False
404,SITE-052,PART-6924,2023-02-12,EQ-1346,awaiting_parts,9,8,False
405,SITE-092,PART-4518,2023-02-02,EQ-6035,open,20,2,False
406,SITE-078,PART-3825,2026-04-24,EQ-1089,awaiting_parts,19,17,False
407,SITE-094,PART-9340,2024-11-20,EQ-6376,completed,4,0,False
408,SITE-029,PART-1987,2023-03-25,EQ-7232,open,22,40,False
409,SITE-062,PART-1832,2025-10-28,EQ-8375,open,30,35,False
410,SITE-033,PART-7534,2023-04-19,EQ-9661,open,14,26,False
411,SITE-094,PART-7366,2024-07-22,EQ-9998,open,4,2,False
412,SITE-073,PART-5496,2024-06-21,EQ-1460,in_progress,1,23,False
413,SITE-033,PART-1921,2023-04-19,EQ-7149,open,18,23,True
414,SITE-027,PART-2698,2026-09-17,EQ-2270,open,19,37,False
415,SITE-022,PART-3548,2023-06-05,EQ-7321,deferred,1,29,False
416,SITE-073,PART-4802,2024-10-15,EQ-9816,completed,0,0,True
417,SITE-058,PART-4804,2025-10-19,EQ-7237,completed,0,0,False
418,SITE-006,PART-3286,2023-12-09,EQ-7691,open,27,9,False
419,SITE-042,PART-9194,2025-04-03,EQ-3492,awaiting_parts,4,14,False
420,SITE-011,PART-8448,2023-10-10,EQ-6085,deferred,5,10,False
421,SITE-056,PART-3160,2023-10-23,EQ-3002,open,3,10,False
422,SITE-076,PART-4084,2026-11-26,EQ-5017,completed,7,0,False
423,SITE-062,PART-4680,2026-05-27,EQ-8950,awaiting_parts,16,4,False
424,SITE-042,PART-6153,2025-10-28,EQ-2526,awaiting_parts,28,10,False
425,SITE-047,PART-7498,2026-04-04,EQ-1318,open,5,41,False
426,SITE-098,PART-1759,2026-04-21,EQ-6553,in_progress,22,26,False
427,SITE-020,PART-9775,2026-03-03,EQ-7899,in_progress,20,37,False
428,SITE-055,PART-1656,2026-12-14,EQ-3074,awaiting_parts,3,36,False
429,SITE-073,PART-8279,2025-01-27,EQ-5792,completed,1,0,False
430,SITE-090,PART-3349,2026-11-04,EQ-8100,in_progress,21,27,False
431,SITE-031,PART-1228,2026-10-20,EQ-8323,deferred,19,1,False
432,SITE-056,PART-5771,2023-11-04,EQ-8471,deferred,12,40,False
433,SITE-095,PART-2116,2026-12-11,EQ-1791,awaiting_parts,4,28,False
434,SITE-048,PART-6814,2025-04-27,EQ-6002,awaiting_parts,27,34,False
435,SITE-045,PART-8537,2024-12-06,EQ-7006,deferred,26,3,False
436,SITE-073,PART-7588,2023-06-14,EQ-3705,open,9,19,False
437,SITE-071,PART-5124,2026-03-14,EQ-2360,deferred,21,16,False
438,SITE-033,PART-1219,2026-02-13,EQ-3551,in_progress,17,11,True
439,SITE-006,PART-6113,2024-02-11,EQ-7099,awaiting_parts,29,8,False
440,SITE-050,PART-6236,2023-01-07,EQ-2141,in_progress,13,7,False
441,SITE-048,PART-2739,2024-08-21,EQ-7775,open,8,2,False
442,SITE-054,PART-9549,2026-06-09,EQ-3802,awaiting_parts,9,22,False
443,SITE-089,PART-4662,2024-11-23,EQ-3562,completed,1,0,True
444,SITE-061,PART-6023,2023-04-16,EQ-4678,awaiting_parts,8,3,False
445,SITE-032,PART-1017,2026-04-20,EQ-1081,in_progress,11,16,False
446,SITE-067,PART-4582,2023-03-12,EQ-4399,in_progress,26,39,False
447,SITE-035,PART-3739,2024-08-21,EQ-3978,deferred,5,19,True
448,SITE-005,PART-6586,2023-10-07,EQ-3124,deferred,29,13,False
449,SITE-015,PART-2766,2023-09-04,EQ-5961,completed,9,0,False
450,SITE-019,PART-1524,2025-11-16,EQ-8380,in_progress,30,10,False
451,SITE-036,PART-7177,2025-04-01,EQ-1605,awaiting_parts,1,15,False
452,SITE-037,PART-7345,2023-04-01,EQ-2358,open,21,17,False
453,SITE-065,PART-7042,2025-07-06,EQ-7157,completed,3,0,False
454,SITE-051,PART-6884,2025-06-18,EQ-4157,completed,0,0,False
455,SITE-015,PART-5029,2024-04-28,EQ-8409,completed,3,0,False
456,SITE-012,PART-3285,2023-01-06,EQ-4760,in_progress,1,30,False
457,SITE-096,PART-9933,2026-07-16,EQ-6170,completed,8,0,False
458,SITE-040,PART-1327,2025-08-14,EQ-5011,in_progress,17,3,False
459,SITE-058,PART-5358,2025-02-17,EQ-1629,completed,1,0,True
460,SITE-028,PART-8143,2026-09-03,EQ-1916,open,15,45,False
461,SITE-063,PART-9278,2024-12-11,EQ-7191,in_progress,14,42,False
462,SITE-091,PART-2779,2024-09-04,EQ-8671,awaiting_parts,29,12,False
463,SITE-042,PART-7384,2024-04-08,EQ-6467,open,9,7,False
464,SITE-025,PART-1129,2026-04-01,EQ-2823,open,12,7,False
465,SITE-033,PART-7967,2023-05-19,EQ-1931,deferred,16,36,False
466,SITE-083,PART-9913,2024-11-14,EQ-5202,in_progress,30,2,False
467,SITE-054,PART-2007,2024-12-10,EQ-3452,completed,8,0,False
468,SITE-017,PART-6327,2026-09-18,EQ-3424,in_progress,18,12,True
469,SITE-018,PART-9211,2026-07-07,EQ-9597,in_progress,2,9,False
470,SITE-021,PART-9739,2026-09-28,EQ-5417,awaiting_parts,10,2,False
471,SITE-061,PART-2790,2023-03-20,EQ-1725,awaiting_parts,11,7,False
472,SITE-088,PART-5982,2023-09-03,EQ-6362,awaiting_parts,28,42,False
473,SITE-032,PART-7016,2024-12-26,EQ-9199,completed,4,0,False
474,SITE-014,PART-6107,2025-05-19,EQ-4209,open,6,31,False
475,SITE-063,PART-5919,2023-05-23,EQ-7488,completed,9,0,False
476,SITE-033,PART-7385,2026-03-03,EQ-9640,in_progress,29,28,False
477,SITE-049,PART-3869,2024-04-27,EQ-2655,awaiting_parts,22,36,False
478,SITE-032,PART-8714,2025-08-16,EQ-6655,deferred,21,20,False
479,SITE-090,PART-1832,2025-06-07,EQ-4065,in_progress,27,5,False
480,SITE-038,PART-9255,2026-04-25,EQ-7514,deferred,9,22,False
481,SITE-056,PART-6542,2023-01-15,EQ-2462,deferred,21,45,False
482,SITE-087,PART-5148,2023-08-07,EQ-4613,deferred,4,10,False
483,SITE-081,PART-5031,2025-09-03,EQ-3043,awaiting_parts,17,12,False
484,SITE-018,PART-9458,2026-12-07,EQ-5303,awaiting_parts,3,29,True
485,SITE-063,PART-7690,2025-07-12,EQ-4978,awaiting_parts,28,32,False
486,SITE-017,PART-5749,2023-05-16,EQ-7568,open,21,42,False
487,SITE-034,PART-8084,2025-07-08,EQ-2004,deferred,24,27,False
488,SITE-038,PART-2946,2026-09-27,EQ-3128,in_progress,25,29,False
489,SITE-059,PART-8675,2023-04-03,EQ-5172,in_progress,10,34,False
490,SITE-026,PART-4324,2025-04-08,EQ-6044,open,10,25,False
491,SITE-023,PART-6784,2026-11-05,EQ-2762,deferred,12,40,False
492,SITE-071,PART-3418,2026-03-19,EQ-4863,in_progress,29,23,False
493,SITE-007,PART-1194,2026-02-12,EQ-7469,open,19,34,False
494,SITE-001,PART-3193,2025-05-27,EQ-5046,awaiting_parts,20,31,False
495,SITE-061,PART-3799,2023-11-18,EQ-6167,deferred,17,32,False
496,SITE-068,PART-5432,2024-03-05,EQ-4649,deferred,20,7,False
497,SITE-091,PART-8396,2023-05-07,EQ-7534,open,23,28,True
498,SITE-100,PART-5743,2025-08-19,EQ-2571,awaiting_parts,3,15,False
499,SITE-087,PART-2826,2023-01-14,EQ-5080,completed,1,0,False
500,SITE-083,PART-3112,2025-02-20,EQ-8693,in_progress,5,6,False
501,SITE-001,PART-9613,2026-06-27,EQ-9825,deferred,6,43,False
502,SITE-075,PART-2699,2026-12-23,EQ-6988,deferred,25,4,False
503,SITE-058,PART-7419,2024-06-07,EQ-6332,open,28,30,False
504,SITE-009,PART-8537,2026-07-20,EQ-4907,in_progress,1,33,False
505,SITE-086,PART-2179,2024-04-07,EQ-3273,open,1,13,False
506,SITE-093,PART-1219,2023-11-04,EQ-1220,awaiting_parts,4,11,False
507,SITE-070,PART-2122,2025-05-26,EQ-4402,in_progress,10,7,False
508,SITE-075,PART-4694,2024-10-04,EQ-5089,in_progress,4,10,False
509,SITE-075,PART-1414,2025-01-02,EQ-2216,awaiting_parts,4,35,False
510,SITE-017,PART-2317,2025-10-10,EQ-6597,awaiting_parts,4,16,False
511,SITE-028,PART-7042,2023-10-07,EQ-9154,awaiting_parts,21,9,False
512,SITE-018,PART-2036,2026-01-02,EQ-1597,open,20,13,False
513,SITE-031,PART-4663,2025-05-10,EQ-6521,open,3,36,False
514,SITE-040,PART-3592,2026-04-01,EQ-5846,open,25,23,False
515,SITE-084,PART-7495,2025-08-15,EQ-4742,deferred,18,8,False
516,SITE-034,PART-8427,2023-09-19,EQ-2796,completed,1,0,False
517,SITE-087,PART-2098,2025-05-06,EQ-4180,deferred,30,11,False
518,SITE-077,PART-1259,2026-03-09,EQ-3025,completed,7,0,False
519,SITE-023,PART-6762,2026-09-05,EQ-2931,in_progress,26,11,False
520,SITE-033,PART-4247,2026-07-24,EQ-8571,completed,10,0,False
521,SITE-022,PART-1214,2026-03-08,EQ-9767,open,25,28,False
522,SITE-095,PART-3732,2023-12-24,EQ-5424,in_progress,17,29,False
523,SITE-099,PART-8007,2023-04-27,EQ-8869,in_progress,28,21,False
524,SITE-027,PART-2451,2023-08-09,EQ-2630,deferred,16,34,False
525,SITE-036,PART-8625,2026-03-08,EQ-1996,in_progress,16,6,False
526,SITE-021,PART-9993,2024-09-08,EQ-8678,in_progress,1,39,False
527,SITE-014,PART-7121,2026-01-17,EQ-9553,open,9,40,False
528,SITE-039,PART-6768,2025-06-06,EQ-8037,deferred,14,40,False
529,SITE-062,PART-1506,2023-12-28,EQ-2433,open,20,29,False
530,SITE-057,PART-7588,2024-04-26,EQ-7213,completed,7,0,False
531,SITE-093,PART-7056,2023-09-03,EQ-4016,open,14,35,False
532,SITE-077,PART-7433,2024-11-09,EQ-4555,in_progress,6,33,False
533,SITE-062,PART-2705,2026-08-18,EQ-1794,awaiting_parts,21,22,False
534,SITE-049,PART-4397,2025-03-06,EQ-8316,in_progress,20,43,False
535,SITE-070,PART-4662,2025-05-04,EQ-7102,completed,0,0,True
536,SITE-066,PART-5959,2026-09-07,EQ-9413,deferred,28,17,False
537,SITE-099,PART-9511,2023-08-13,EQ-8299,in_progress,10,43,False
538,SITE-016,PART-4215,2024-03-22,EQ-3157,open,3,35,False
539,SITE-041,PART-9297,2023-11-14,EQ-8659,in_progress,28,37,True
540,SITE-068,PART-5186,2024-11-17,EQ-3570,deferred,18,7,False
541,SITE-082,PART-7608,2023-08-04,EQ-5602,in_progress,22,39,False
542,SITE-063,PART-6888,2024-04-12,EQ-7071,in_progress,28,35,False
543,SITE-022,PART-2434,2025-03-22,EQ-7843,deferred,25,16,False
544,SITE-013,PART-4638,2026-06-10,EQ-9142,open,25,31,False
545,SITE-007,PART-9554,2025-06-06,EQ-1554,completed,6,0,True
546,SITE-009,PART-9306,2025-01-04,EQ-7101,deferred,8,13,False
547,SITE-017,PART-8254,2025-01-06,EQ-6079,awaiting_parts,30,12,False
548,SITE-100,PART-3811,2025-02-22,EQ-9434,open,14,22,False
549,SITE-058,PART-2766,2024-06-11,EQ-8046,open,1,34,False
550,SITE-083,PART-1138,2025-03-02,EQ-4138,deferred,15,41,False
551,SITE-089,PART-9834,2024-06-12,EQ-5675,open,10,35,False
552,SITE-068,PART-8565,2026-07-05,EQ-8548,completed,1,0,False
553,SITE-087,PART-3691,2025-11-21,EQ-3644,open,11,31,False
554,SITE-004,PART-2794,2026-09-20,EQ-5939,deferred,2,39,False
555,SITE-072,PART-4277,2023-04-05,EQ-3400,deferred,8,33,False
556,SITE-047,PART-7578,2025-11-15,EQ-6681,deferred,23,26,False
557,SITE-020,PART-2802,2023-12-19,EQ-8060,in_progress,11,12,False
558,SITE-011,PART-9037,2026-03-18,EQ-1613,awaiting_parts,29,40,False
559,SITE-072,PART-5298,2024-04-25,EQ-1154,completed,6,0,False
560,SITE-032,PART-8355,2023-12-26,EQ-7719,in_progress,3,36,False
561,SITE-025,PART-4206,2023-04-23,EQ-7550,awaiting_parts,7,8,False
562,SITE-053,PART-7045,2025-09-04,EQ-3749,completed,1,0,False
563,SITE-006,PART-5298,2024-03-01,EQ-1716,completed,4,0,False
564,SITE-055,PART-6884,2026-02-05,EQ-1458,open,2,29,False
565,SITE-049,PART-5709,2023-01-05,EQ-7276,in_progress,6,10,False
566,SITE-029,PART-9284,2025-11-20,EQ-3905,completed,6,0,False
567,SITE-009,PART-4260,2026-04-11,EQ-2380,in_progress,13,2,False
568,SITE-090,PART-8007,2023-07-03,EQ-4725,deferred,4,27,False
569,SITE-036,PART-2102,2026-04-03,EQ-3446,completed,7,0,False
570,SITE-091,PART-2135,2026-10-28,EQ-5736,open,21,8,False
571,SITE-085,PART-5674,2024-05-27,EQ-8910,open,6,8,False
572,SITE-099,PART-1934,2025-09-25,EQ-3771,open,26,22,False
573,SITE-035,PART-7578,2026-03-10,EQ-5698,in_progress,1,41,False
574,SITE-063,PART-1219,2026-05-09,EQ-5420,in_progress,11,34,False
575,SITE-012,PART-6972,2024-06-06,EQ-8001,completed,7,0,False
576,SITE-009,PART-4501,2024-12-05,EQ-2196,in_progress,14,35,False
577,SITE-049,PART-5539,2026-02-09,EQ-8117,deferred,25,2,False
578,SITE-039,PART-8695,2026-01-19,EQ-5651,awaiting_parts,8,23,False
579,SITE-075,PART-7794,2023-04-19,EQ-2050,awaiting_parts,9,42,False
580,SITE-024,PART-6089,2023-02-04,EQ-1501,in_progress,10,2,False
581,SITE-094,PART-7036,2023-05-12,EQ-3610,completed,9,0,False
582,SITE-091,PART-4518,2023-07-06,EQ-2221,awaiting_parts,13,39,False
583,SITE-085,PART-1099,2025-08-13,EQ-5820,open,9,38,True
584,SITE-012,PART-8524,2023-10-23,EQ-5621,awaiting_parts,19,42,False
585,SITE-074,PART-1724,2024-11-07,EQ-7266,completed,6,0,False
586,SITE-064,PART-2758,2023-09-27,EQ-9055,in_progress,29,1,True
587,SITE-045,PART-3290,2025-09-16,EQ-7358,in_progress,25,34,True
588,SITE-056,PART-9194,2024-11-02,EQ-8520,deferred,13,13,False
589,SITE-048,PART-9297,2024-07-10,EQ-4108,open,19,3,False
590,SITE-016,PART-2505,2024-07-25,EQ-1079,open,23,45,False
591,SITE-080,PART-9184,2024-03-13,EQ-3234,open,27,12,False
592,SITE-073,PART-5127,2025-02-10,EQ-2998,in_progress,7,1,False
593,SITE-094,PART-4603,2023-09-26,EQ-8647,open,10,18,False
594,SITE-052,PART-3280,2024-06-13,EQ-7997,in_progress,22,22,False
595,SITE-016,PART-6922,2023-03-18,EQ-7814,in_progress,3,14,False
596,SITE-056,PART-5321,2023-09-25,EQ-2649,awaiting_parts,26,29,False
597,SITE-099,PART-2356,2023-10-26,EQ-7218,open,20,31,False
598,SITE-008,PART-4277,2023-07-05,EQ-8425,completed,6,0,True
599,SITE-072,PART-8451,2024-12-04,EQ-8789,awaiting_parts,7,25,False
600,SITE-011,PART-6107,2025-08-10,EQ-5613,open,9,35,False
601,SITE-003,PART-1942,2026-11-07,EQ-8334,open,23,23,False
602,SITE-012,PART-7237,2025-02-07,EQ-6588,completed,5,0,False
603,SITE-083,PART-3735,2026-02-27,EQ-5531,open,6,36,False
604,SITE-071,PART-7758,2026-09-07,EQ-8445,completed,6,0,False
605,SITE-077,PART-7290,2026-07-06,EQ-4869,deferred,10,14,False
606,SITE-021,PART-3663,2024-10-19,EQ-6403,awaiting_parts,11,18,False
607,SITE-095,PART-6812,2023-05-15,EQ-2476,awaiting_parts,11,24,False
608,SITE-042,PART-9564,2026-08-01,EQ-2386,completed,7,0,True
609,SITE-003,PART-6668,2025-05-13,EQ-5845,completed,4,0,False
610,SITE-072,PART-5588,2024-12-17,EQ-4797,deferred,26,36,False
611,SITE-100,PART-7189,2026-12-15,EQ-9556,open,10,39,False
612,SITE-002,PART-2189,2025-01-25,EQ-4777,awaiting_parts,25,37,False
613,SITE-047,PART-1918,2024-04-13,EQ-7505,deferred,19,12,False
614,SITE-064,PART-9097,2025-11-24,EQ-8346,deferred,1,39,False
615,SITE-095,PART-1496,2024-08-18,EQ-9719,open,5,9,False
616,SITE-036,PART-8876,2024-05-25,EQ-7956,awaiting_parts,19,2,False
617,SITE-001,PART-7944,2026-03-12,EQ-4158,open,8,11,False
618,SITE-070,PART-2799,2025-12-22,EQ-7359,open,24,12,False
619,SITE-029,PART-6072,2025-01-11,EQ-1511,in_progress,17,16,False
620,SITE-010,PART-1771,2026-03-10,EQ-4167,in_progress,3,36,True
621,SITE-073,PART-8384,2026-01-03,EQ-7451,completed,8,0,True
622,SITE-021,PART-2802,2024-10-13,EQ-1678,deferred,30,44,True
623,SITE-027,PART-1524,2023-11-28,EQ-1879,in_progress,25,18,True
624,SITE-049,PART-8565,2023-03-28,EQ-1742,awaiting_parts,19,29,False
625,SITE-052,PART-8214,2025-05-04,EQ-6552,deferred,28,27,False
626,SITE-029,PART-1194,2026-08-23,EQ-3006,deferred,9,23,False
627,SITE-011,PART-9114,2023-06-01,EQ-4351,deferred,3,38,False
628,SITE-009,PART-3064,2025-09-04,EQ-9174,open,27,4,False
629,SITE-065,PART-7290,2024-09-25,EQ-6671,in_progress,4,7,True
630,SITE-016,PART-2705,2024-03-09,EQ-3809,open,15,35,False
631,SITE-050,PART-6013,2025-05-10,EQ-3171,awaiting_parts,11,3,False
632,SITE-055,PART-9363,2023-01-19,EQ-8286,completed,6,0,False
633,SITE-038,PART-2165,2026-06-27,EQ-8552,open,7,12,False
634,SITE-093,PART-8195,2024-05-27,EQ-8477,in_progress,20,25,False
635,SITE-044,PART-8823,2023-06-12,EQ-7015,in_progress,14,17,False
636,SITE-054,PART-3280,2025-03-25,EQ-8817,completed,8,0,False
637,SITE-061,PART-1335,2025-12-07,EQ-6753,deferred,21,20,False
638,SITE-034,PART-3280,2026-12-01,EQ-4588,deferred,18,32,True
639,SITE-019,PART-8505,2023-08-01,EQ-2597,deferred,8,19,True
640,SITE-009,PART-7388,2025-02-15,EQ-8299,completed,9,0,False
641,SITE-053,PART-1987,2025-06-14,EQ-2671,deferred,25,27,False
642,SITE-077,PART-4448,2026-10-26,EQ-7559,deferred,12,16,True
643,SITE-053,PART-8807,2024-09-23,EQ-8558,in_progress,12,34,False
644,SITE-015,PART-4055,2023-12-18,EQ-5247,in_progress,29,32,False
645,SITE-084,PART-2897,2026-04-02,EQ-8640,in_progress,19,39,False
646,SITE-055,PART-4762,2023-03-17,EQ-6866,completed,6,0,False
647,SITE-045,PART-3209,2026-01-25,EQ-7645,in_progress,6,36,False
648,SITE-001,PART-8690,2023-11-06,EQ-2648,awaiting_parts,27,3,False
649,SITE-040,PART-1456,2026-11-23,EQ-9445,deferred,23,20,False
650,SITE-057,PART-3228,2025-06-21,EQ-5856,completed,1,0,False
651,SITE-080,PART-7045,2026-09-21,EQ-1476,completed,9,0,False
652,SITE-021,PART-8798,2024-10-01,EQ-8414,in_progress,10,10,False
653,SITE-014,PART-7672,2023-01-17,EQ-6556,awaiting_parts,27,36,False
654,SITE-080,PART-4080,2023-11-16,EQ-4338,deferred,2,44,False
655,SITE-067,PART-1613,2025-09-23,EQ-6487,completed,8,0,False
656,SITE-039,PART-5659,2026-08-19,EQ-6520,in_progress,26,31,False
657,SITE-075,PART-1173,2025-09-22,EQ-1410,in_progress,15,40,False
658,SITE-046,PART-8565,2026-02-15,EQ-5960,completed,6,0,False
659,SITE-023,PART-8523,2024-05-16,EQ-7281,deferred,23,40,False
660,SITE-029,PART-7066,2025-11-26,EQ-2409,open,14,31,False
661,SITE-042,PART-3280,2023-09-03,EQ-6785,open,15,27,False
662,SITE-070,PART-7053,2023-02-02,EQ-1025,open,2,6,False
663,SITE-011,PART-7735,2025-01-14,EQ-3787,in_progress,16,16,False
664,SITE-050,PART-9278,2026-08-13,EQ-7813,completed,3,0,False
665,SITE-034,PART-2994,2025-08-04,EQ-3518,open,27,3,False
666,SITE-093,PART-3879,2024-06-03,EQ-3335,awaiting_parts,20,32,False
667,SITE-063,PART-4713,2025-04-28,EQ-6722,deferred,3,30,False
668,SITE-047,PART-5762,2024-07-02,EQ-9446,completed,8,0,False
669,SITE-081,PART-5950,2025-05-19,EQ-3699,deferred,25,41,False
670,SITE-064,PART-8007,2026-04-04,EQ-1266,deferred,10,38,False
671,SITE-040,PART-6805,2024-01-05,EQ-5469,completed,4,0,False
672,SITE-070,PART-4662,2023-06-18,EQ-3761,deferred,29,42,False
673,SITE-072,PART-4290,2024-01-27,EQ-1747,deferred,19,26,False
674,SITE-074,PART-5321,2026-10-05,EQ-9358,completed,9,0,False
675,SITE-058,PART-4582,2023-10-25,EQ-7631,open,11,34,True
676,SITE-071,PART-2235,2023-06-08,EQ-4539,awaiting_parts,19,9,False
677,SITE-024,PART-1259,2024-04-11,EQ-4200,in_progress,26,43,False
678,SITE-065,PART-5011,2025-05-10,EQ-5929,open,29,22,False
679,SITE-086,PART-5172,2024-05-26,EQ-8006,completed,5,0,False
680,SITE-082,PART-2959,2024-10-01,EQ-8973,completed,2,0,False
681,SITE-059,PART-4663,2026-11-21,EQ-6215,deferred,17,17,False
682,SITE-070,PART-3201,2026-10-11,EQ-3041,awaiting_parts,2,36,False
683,SITE-024,PART-8986,2024-12-19,EQ-6474,awaiting_parts,17,45,False
684,SITE-032,PART-1116,2025-03-15,EQ-7420,deferred,15,43,False
685,SITE-043,PART-8384,2026-11-28,EQ-4701,deferred,15,41,False
686,SITE-002,PART-8214,2024-01-23,EQ-7308,awaiting_parts,23,5,False
687,SITE-033,PART-9564,2026-08-16,EQ-1720,awaiting_parts,23,21,False
688,SITE-084,PART-2380,2024-02-11,EQ-5258,open,1,4,False
689,SITE-019,PART-9292,2023-05-26,EQ-9731,awaiting_parts,23,16,False
690,SITE-072,PART-1017,2023-10-18,EQ-8441,in_progress,4,20,True
691,SITE-086,PART-3418,2026-04-05,EQ-6339,awaiting_parts,11,34,False
692,SITE-069,PART-6299,2026-05-16,EQ-3756,awaiting_parts,14,12,False
693,SITE-098,PART-2046,2024-06-09,EQ-1819,open,7,37,False
694,SITE-011,PART-5070,2025-06-19,EQ-9798,open,2,40,False
695,SITE-088,PART-2036,2025-02-12,EQ-6344,awaiting_parts,2,25,False
696,SITE-053,PART-2406,2026-06-19,EQ-3143,awaiting_parts,5,44,False
697,SITE-060,PART-1173,2023-11-06,EQ-9338,awaiting_parts,24,29,False
698,SITE-064,PART-1613,2026-06-22,EQ-2787,open,5,20,False
699,SITE-068,PART-7385,2024-07-14,EQ-6026,open,5,38,False
700,SITE-080,PART-2135,2025-11-23,EQ-6728,awaiting_parts,14,45,True
701,SITE-045,PART-4311,2025-07-03,EQ-3214,open,6,40,False
702,SITE-068,PART-6719,2026-12-08,EQ-8681,open,2,43,True
703,SITE-069,PART-6926,2026-09-01,EQ-1895,deferred,15,42,False
704,SITE-039,PART-5415,2023-11-14,EQ-1820,open,29,3,False
705,SITE-066,PART-2705,2025-12-19,EQ-2279,deferred,24,27,False
706,SITE-032,PART-8194,2026-04-28,EQ-5310,deferred,5,19,True
707,SITE-070,PART-4449,2026-08-15,EQ-5235,open,6,35,False
708,SITE-044,PART-6355,2025-01-03,EQ-6567,open,27,40,False
709,SITE-051,PART-2499,2024-08-03,EQ-3293,open,21,45,False
710,SITE-065,PART-9648,2025-10-12,EQ-2422,in_progress,28,34,False
711,SITE-063,PART-1737,2023-09-27,EQ-1413,open,30,12,False
712,SITE-061,PART-9987,2025-02-09,EQ-6121,completed,8,0,True
713,SITE-015,PART-3704,2024-07-24,EQ-6423,in_progress,22,35,False
714,SITE-062,PART-4092,2023-11-25,EQ-2741,awaiting_parts,29,29,False
715,SITE-088,PART-5094,2024-02-22,EQ-5044,completed,0,0,False
716,SITE-079,PART-4303,2024-05-09,EQ-5095,deferred,24,12,False
717,SITE-032,PART-6854,2023-09-24,EQ-6788,completed,3,0,False
718,SITE-049,PART-3825,2024-04-21,EQ-3679,open,6,32,False
719,SITE-080,PART-3289,2024-11-25,EQ-7992,open,22,27,False
720,SITE-050,PART-1376,2025-07-07,EQ-9360,deferred,13,3,False
721,SITE-025,PART-3392,2023-07-11,EQ-5861,completed,6,0,False
722,SITE-057,PART-6113,2023-06-05,EQ-3348,completed,0,0,False
723,SITE-001,PART-7045,2023-10-05,EQ-6425,open,7,7,False
724,SITE-075,PART-3251,2026-10-27,EQ-8308,completed,9,0,False
725,SITE-091,PART-5648,2024-03-14,EQ-6407,in_progress,18,12,False
726,SITE-066,PART-6286,2023-04-12,EQ-3150,deferred,17,25,False
727,SITE-092,PART-2235,2025-12-12,EQ-7863,open,23,6,False
728,SITE-046,PART-7250,2025-05-10,EQ-3019,deferred,17,4,False
729,SITE-057,PART-2396,2025-04-10,EQ-9424,awaiting_parts,18,7,False
730,SITE-051,PART-3392,2026-06-23,EQ-1351,in_progress,17,39,False
731,SITE-003,PART-7282,2026-05-11,EQ-8621,deferred,2,25,False
732,SITE-056,PART-2098,2024-07-14,EQ-9762,in_progress,13,39,False
733,SITE-003,PART-5674,2026-07-27,EQ-2892,in_progress,9,35,False
734,SITE-061,PART-6766,2024-12-19,EQ-5845,open,1,21,False
735,SITE-100,PART-8861,2023-12-12,EQ-6486,open,2,25,False
736,SITE-018,PART-2779,2025-11-13,EQ-8672,in_progress,4,26,False
737,SITE-028,PART-9623,2025-05-06,EQ-4042,completed,1,0,False
738,SITE-011,PART-2356,2023-04-21,EQ-2711,awaiting_parts,9,10,False
739,SITE-089,PART-2213,2023-02-06,EQ-6245,completed,6,0,False
740,SITE-040,PART-3280,2025-10-16,EQ-9445,deferred,5,44,True
741,SITE-078,PART-3188,2024-08-06,EQ-9918,open,25,6,False
742,SITE-036,PART-9913,2026-09-01,EQ-5436,completed,1,0,False
743,SITE-021,PART-5693,2023-02-03,EQ-3637,in_progress,16,40,False
744,SITE-048,PART-1695,2023-06-24,EQ-9008,awaiting_parts,23,43,False
745,SITE-059,PART-1088,2025-06-06,EQ-1094,in_progress,20,37,False
746,SITE-069,PART-8420,2024-11-07,EQ-6720,completed,7,0,False
747,SITE-058,PART-8723,2023-12-28,EQ-3594,in_progress,20,35,False
748,SITE-073,PART-1632,2026-04-02,EQ-9589,awaiting_parts,11,7,False
749,SITE-009,PART-8723,2025-08-15,EQ-1664,completed,2,0,False
750,SITE-032,PART-8896,2024-10-24,EQ-6360,open,3,21,False
751,SITE-079,PART-8558,2024-09-09,EQ-6346,deferred,6,21,False
752,SITE-011,PART-1283,2023-11-09,EQ-4349,open,22,21,False
753,SITE-078,PART-7250,2025-04-25,EQ-5838,awaiting_parts,13,34,True
754,SITE-061,PART-5726,2026-12-04,EQ-9883,deferred,19,43,False
755,SITE-099,PART-3822,2025-07-08,EQ-8579,awaiting_parts,25,26,False
756,SITE-015,PART-2404,2024-01-18,EQ-1125,open,8,32,False
757,SITE-086,PART-2521,2026-02-08,EQ-5383,awaiting_parts,19,15,True
758,SITE-014,PART-8676,2024-01-02,EQ-9145,deferred,23,20,False
759,SITE-015,PART-8535,2026-06-13,EQ-5927,completed,1,0,False
760,SITE-024,PART-9037,2025-05-18,EQ-5173,open,8,29,False
761,SITE-086,PART-7211,2023-12-12,EQ-4509,completed,5,0,False
762,SITE-058,PART-5743,2024-10-21,EQ-8007,open,1,28,False
763,SITE-011,PART-2430,2024-06-21,EQ-1401,open,28,23,False
764,SITE-002,PART-5546,2025-02-18,EQ-3777,in_progress,30,44,False
765,SITE-031,PART-1240,2023-07-04,EQ-2929,open,2,29,False
766,SITE-069,PART-7722,2023-10-21,EQ-4908,completed,6,0,True
767,SITE-044,PART-1147,2023-06-12,EQ-7734,in_progress,10,14,False
768,SITE-074,PART-8823,2025-08-03,EQ-8216,deferred,29,44,False
769,SITE-044,PART-1416,2024-04-07,EQ-9686,completed,2,0,False
770,SITE-050,PART-2075,2024-10-08,EQ-8571,in_progress,19,33,False
771,SITE-085,PART-3415,2025-05-06,EQ-9463,in_progress,22,21,False
772,SITE-087,PART-9467,2023-10-16,EQ-4561,completed,10,0,False
773,SITE-086,PART-2590,2024-11-27,EQ-2651,open,24,23,False
774,SITE-041,PART-7468,2026-02-14,EQ-5282,deferred,3,44,False
775,SITE-059,PART-1124,2023-05-15,EQ-5953,deferred,4,41,False
776,SITE-005,PART-6572,2023-01-07,EQ-9197,awaiting_parts,15,25,False
777,SITE-051,PART-1798,2025-08-19,EQ-5938,open,9,34,False
778,SITE-021,PART-6412,2024-08-14,EQ-7621,deferred,2,20,False
779,SITE-025,PART-3103,2024-02-24,EQ-3893,deferred,2,9,False
780,SITE-097,PART-9278,2024-08-04,EQ-8884,awaiting_parts,22,28,False
781,SITE-041,PART-7036,2024-05-11,EQ-1899,in_progress,27,30,False
782,SITE-020,PART-9090,2023-02-09,EQ-9145,completed,5,0,False
783,SITE-076,PART-3887,2023-05-20,EQ-2177,completed,0,0,False
784,SITE-078,PART-8959,2023-07-24,EQ-7077,deferred,15,33,False
785,SITE-045,PART-7093,2023-04-28,EQ-6719,completed,9,0,False
786,SITE-002,PART-8916,2024-01-28,EQ-4683,completed,4,0,False
787,SITE-100,PART-4450,2023-12-02,EQ-9691,completed,4,0,False
788,SITE-021,PART-6072,2026-04-05,EQ-5312,in_progress,28,34,False
789,SITE-097,PART-6627,2026-06-23,EQ-6920,open,9,43,False
790,SITE-015,PART-4450,2026-07-01,EQ-4559,awaiting_parts,29,30,False
791,SITE-060,PART-7144,2026-01-11,EQ-1677,open,28,21,True
792,SITE-044,PART-1343,2023-12-22,EQ-1146,open,23,6,True
793,SITE-081,PART-9340,2026-08-02,EQ-4379,completed,0,0,False
794,SITE-027,PART-6768,2025-11-22,EQ-4765,open,7,42,False
795,SITE-032,PART-9632,2025-01-16,EQ-6649,open,15,11,False
796,SITE-028,PART-1783,2026-12-08,EQ-7206,open,26,18,False
797,SITE-076,PART-8523,2025-05-04,EQ-6974,deferred,20,22,False
798,SITE-027,PART-6829,2024-10-19,EQ-8028,deferred,3,14,True
799,SITE-049,PART-4382,2023-05-02,EQ-3150,open,23,2,False
800,SITE-039,PART-2585,2026-11-13,EQ-6795,awaiting_parts,13,31,False
801,SITE-058,PART-7745,2024-02-01,EQ-5055,awaiting_parts,1,13,False
802,SITE-073,PART-7045,2026-11-26,EQ-7873,completed,2,0,False
803,SITE-015,PART-9213,2025-10-26,EQ-9434,awaiting_parts,11,29,False
804,SITE-005,PART-3718,2025-05-21,EQ-3003,awaiting_parts,27,14,False
805,SITE-052,PART-7991,2026-12-13,EQ-4007,awaiting_parts,21,39,False
806,SITE-100,PART-6107,2025-12-06,EQ-6529,completed,0,0,False
807,SITE-012,PART-6140,2024-05-25,EQ-4098,awaiting_parts,15,38,False
808,SITE-051,PART-8302,2024-05-21,EQ-4145,open,6,29,False
809,SITE-086,PART-4297,2024-11-24,EQ-9730,deferred,2,7,False
810,SITE-100,PART-1147,2023-11-20,EQ-9901,deferred,9,45,False
811,SITE-087,PART-5115,2026-02-23,EQ-4412,awaiting_parts,7,41,False
812,SITE-003,PART-2622,2025-06-12,EQ-8606,in_progress,18,20,False
813,SITE-011,PART-4290,2026-07-17,EQ-5676,open,22,11,False
814,SITE-008,PART-3867,2026-12-05,EQ-5133,open,23,22,False
815,SITE-018,PART-7745,2025-01-10,EQ-4683,deferred,14,28,False
816,SITE-037,PART-4713,2025-04-26,EQ-9800,open,19,35,False
817,SITE-046,PART-6812,2025-08-12,EQ-7253,deferred,7,4,False
818,SITE-066,PART-6108,2023-11-13,EQ-3240,in_progress,6,14,False
819,SITE-028,PART-6072,2023-10-26,EQ-1297,completed,0,0,False
820,SITE-030,PART-4397,2025-04-20,EQ-7102,awaiting_parts,22,13,False
821,SITE-093,PART-4422,2026-06-22,EQ-3617,in_progress,23,4,False
822,SITE-064,PART-2963,2023-03-08,EQ-5957,awaiting_parts,10,33,False
823,SITE-053,PART-5846,2026-10-21,EQ-1484,open,16,27,True
824,SITE-079,PART-3182,2023-06-24,EQ-5304,in_progress,29,5,False
825,SITE-100,PART-4206,2026-07-08,EQ-4981,completed,6,0,False
826,SITE-003,PART-1099,2023-02-08,EQ-8989,deferred,1,37,True
827,SITE-022,PART-9278,2023-09-15,EQ-2946,in_progress,6,4,False
828,SITE-095,PART-2758,2023-02-21,EQ-6427,in_progress,3,19,False
829,SITE-040,PART-4880,2024-09-20,EQ-1670,completed,3,0,False
830,SITE-055,PART-5661,2023-10-06,EQ-4406,in_progress,18,45,False
831,SITE-020,PART-8959,2024-02-23,EQ-2983,deferred,28,29,False
832,SITE-014,PART-4206,2025-10-03,EQ-9455,completed,5,0,False
833,SITE-080,PART-7690,2026-03-13,EQ-8617,deferred,21,43,False
834,SITE-080,PART-2276,2024-09-20,EQ-8098,awaiting_parts,16,15,False
835,SITE-042,PART-7144,2026-01-20,EQ-1595,awaiting_parts,21,42,False
836,SITE-017,PART-2100,2023-06-23,EQ-1215,open,19,22,False
837,SITE-037,PART-7135,2026-08-03,EQ-7636,awaiting_parts,22,30,False
838,SITE-087,PART-9987,2023-12-16,EQ-1743,completed,10,0,False
839,SITE-049,PART-3879,2023-10-09,EQ-4424,open,6,15,False
840,SITE-084,PART-4802,2024-04-10,EQ-3323,deferred,28,22,False
841,SITE-028,PART-5982,2025-11-18,EQ-1729,awaiting_parts,15,38,False
842,SITE-098,PART-6628,2025-06-14,EQ-5823,awaiting_parts,27,2,False
843,SITE-072,PART-3228,2026-04-21,EQ-4875,open,6,31,False
844,SITE-006,PART-1283,2025-04-18,EQ-1912,awaiting_parts,3,1,False
845,SITE-027,PART-1684,2024-10-05,EQ-5128,awaiting_parts,6,42,False
846,SITE-077,PART-4072,2026-04-13,EQ-6992,in_progress,21,21,True
847,SITE-064,PART-9337,2024-08-21,EQ-4645,awaiting_parts,2,12,True
848,SITE-069,PART-6101,2026-09-06,EQ-3842,deferred,18,30,False
849,SITE-080,PART-2451,2025-08-14,EQ-4918,in_progress,27,21,False
850,SITE-060,PART-7189,2023-11-22,EQ-3489,awaiting_parts,21,13,False
851,SITE-019,PART-2356,2024-12-03,EQ-7971,open,22,38,False
852,SITE-041,PART-6431,2025-12-05,EQ-9356,open,11,45,False
853,SITE-041,PART-9194,2024-06-10,EQ-8535,completed,9,0,False
854,SITE-018,PART-7269,2025-03-01,EQ-1417,deferred,30,21,False
855,SITE-076,PART-5648,2023-04-16,EQ-7534,completed,7,0,False
856,SITE-004,PART-2838,2023-09-21,EQ-6494,in_progress,1,1,False
857,SITE-018,PART-2830,2024-06-14,EQ-2651,open,16,17,False
858,SITE-100,PART-3130,2024-11-09,EQ-3211,open,15,26,False
859,SITE-078,PART-4062,2024-10-11,EQ-9117,awaiting_parts,28,22,False
860,SITE-029,PART-6908,2025-08-22,EQ-1195,completed,10,0,False
861,SITE-036,PART-9336,2025-10-08,EQ-7029,completed,9,0,False
862,SITE-085,PART-4084,2023-10-22,EQ-9116,in_progress,26,2,False
863,SITE-053,PART-3258,2024-04-14,EQ-4717,open,14,2,False
864,SITE-020,PART-1017,2023-10-15,EQ-7611,awaiting_parts,20,33,False
865,SITE-056,PART-9118,2024-06-11,EQ-9153,deferred,7,5,True
866,SITE-070,PART-9666,2023-09-05,EQ-5889,open,25,3,True
867,SITE-025,PART-1405,2025-10-12,EQ-5008,completed,0,0,False
868,SITE-097,PART-1173,2026-04-04,EQ-6167,open,3,43,False
869,SITE-007,PART-7746,2025-06-04,EQ-4931,deferred,19,14,False
870,SITE-049,PART-6819,2025-07-13,EQ-4100,open,24,38,False
871,SITE-053,PART-2297,2024-06-25,EQ-3110,in_progress,28,5,False
872,SITE-060,PART-7524,2024-04-03,EQ-6216,deferred,14,22,False
873,SITE-065,PART-6894,2023-03-06,EQ-3210,completed,5,0,False
874,SITE-096,PART-6417,2023-09-19,EQ-4831,deferred,22,10,False
875,SITE-004,PART-3392,2026-10-12,EQ-3502,completed,2,0,False
876,SITE-074,PART-4238,2023-01-12,EQ-9994,open,14,22,False
877,SITE-086,PART-4802,2023-12-04,EQ-2169,open,8,35,False
878,SITE-100,PART-9993,2024-01-05,EQ-8347,completed,6,0,False
879,SITE-054,PART-6227,2024-01-04,EQ-1129,open,25,16,False
880,SITE-053,PART-8695,2024-04-06,EQ-2182,open,4,16,False
881,SITE-002,PART-5873,2023-07-09,EQ-8626,awaiting_parts,12,43,True
882,SITE-092,PART-5172,2026-08-21,EQ-3503,awaiting_parts,14,31,False
883,SITE-014,PART-3109,2024-03-01,EQ-7685,deferred,20,33,False
884,SITE-028,PART-6522,2024-06-01,EQ-1181,in_progress,7,45,False
885,SITE-040,PART-5648,2023-10-14,EQ-4669,completed,5,0,False
886,SITE-081,PART-7833,2024-11-26,EQ-9127,open,1,36,False
887,SITE-025,PART-8798,2025-11-25,EQ-5856,in_progress,9,13,False
888,SITE-009,PART-7138,2026-10-27,EQ-8638,open,6,23,False
889,SITE-081,PART-8987,2024-09-18,EQ-5401,in_progress,16,33,False
890,SITE-070,PART-8496,2025-09-28,EQ-3373,deferred,10,24,False
891,SITE-088,PART-1734,2025-07-10,EQ-5405,in_progress,9,25,False
892,SITE-025,PART-2794,2025-04-01,EQ-1952,open,15,40,False
893,SITE-047,PART-5876,2024-12-05,EQ-8220,deferred,11,35,True
894,SITE-017,PART-6492,2023-12-04,EQ-4156,in_progress,28,40,False
895,SITE-082,PART-7537,2024-08-02,EQ-3493,in_progress,25,36,False
896,SITE-036,PART-3188,2026-11-14,EQ-9024,deferred,22,36,True
897,SITE-077,PART-4206,2023-11-13,EQ-7028,completed,4,0,False
898,SITE-042,PART-8943,2023-01-17,EQ-9169,deferred,25,41,False
899,SITE-028,PART-1416,2025-10-02,EQ-8124,deferred,7,30,False
900,SITE-038,PART-1503,2026-03-20,EQ-5543,in_progress,17,2,False
901,SITE-093,PART-1017,2023-05-02,EQ-9094,in_progress,2,5,False
902,SITE-096,PART-9377,2024-09-09,EQ-6940,in_progress,1,45,False
903,SITE-066,PART-4092,2026-08-12,EQ-8965,awaiting_parts,27,3,False
904,SITE-020,PART-2521,2024-11-15,EQ-9577,completed,1,0,False
905,SITE-018,PART-1142,2026-10-23,EQ-3844,deferred,11,19,False
906,SITE-043,PART-6951,2023-06-28,EQ-1053,deferred,26,45,False
907,SITE-078,PART-7584,2024-08-26,EQ-7856,deferred,23,33,False
908,SITE-057,PART-8723,2024-06-19,EQ-2546,open,3,29,False
909,SITE-015,PART-8062,2025-03-04,EQ-8958,awaiting_parts,3,22,False
910,SITE-054,PART-2963,2026-12-21,EQ-4857,in_progress,24,14,False
911,SITE-006,PART-1363,2025-08-28,EQ-9412,awaiting_parts,29,1,False
912,SITE-046,PART-6089,2023-04-10,EQ-9304,completed,7,0,False
913,SITE-088,PART-2416,2023-07-15,EQ-6687,awaiting_parts,2,13,False
914,SITE-050,PART-1673,2026-02-28,EQ-6889,awaiting_parts,16,40,False
915,SITE-080,PART-8254,2026-11-23,EQ-3970,in_progress,19,35,False
916,SITE-021,PART-1105,2023-05-12,EQ-7413,in_progress,8,14,False
917,SITE-066,PART-4908,2025-07-01,EQ-1410,deferred,26,1,True
918,SITE-088,PART-9406,2023-12-13,EQ-2018,completed,0,0,False
919,SITE-061,PART-2397,2025-08-21,EQ-1990,completed,2,0,False
920,SITE-001,PART-2779,2026-11-15,EQ-4310,deferred,15,37,False
921,SITE-037,PART-2794,2025-04-07,EQ-1460,awaiting_parts,30,25,True
922,SITE-016,PART-8474,2024-07-21,EQ-4997,deferred,15,6,False
923,SITE-087,PART-1534,2023-02-13,EQ-3737,completed,7,0,False
924,SITE-004,PART-8156,2023-05-28,EQ-8545,awaiting_parts,16,41,False
925,SITE-093,PART-8841,2023-09-02,EQ-7613,in_progress,16,16,False
926,SITE-003,PART-9679,2024-11-04,EQ-4150,awaiting_parts,29,41,True
927,SITE-083,PART-2665,2025-08-16,EQ-8169,open,15,39,False
928,SITE-001,PART-3811,2023-11-17,EQ-5077,in_progress,13,14,False
929,SITE-030,PART-4215,2025-10-02,EQ-7563,deferred,29,17,False
930,SITE-077,PART-6069,2026-02-28,EQ-2655,in_progress,13,13,False
931,SITE-026,PART-7599,2025-08-03,EQ-6380,in_progress,3,39,False
932,SITE-068,PART-1327,2023-06-26,EQ-7286,completed,6,0,False
933,SITE-041,PART-6924,2023-03-15,EQ-6059,completed,1,0,False
934,SITE-081,PART-6922,2026-07-17,EQ-3910,deferred,17,7,False
935,SITE-059,PART-1926,2026-04-19,EQ-5281,awaiting_parts,4,19,False
936,SITE-071,PART-6894,2023-01-14,EQ-5662,completed,6,0,False
937,SITE-036,PART-4762,2024-05-14,EQ-5615,in_progress,6,11,False
938,SITE-088,PART-7588,2024-03-02,EQ-6139,completed,7,0,False
939,SITE-021,PART-1700,2026-10-06,EQ-3768,deferred,27,37,True
940,SITE-085,PART-4137,2024-11-11,EQ-1576,completed,4,0,False
941,SITE-018,PART-2135,2025-04-03,EQ-4508,open,20,21,False
942,SITE-073,PART-3684,2025-03-06,EQ-8981,deferred,13,13,False
943,SITE-071,PART-5198,2023-02-20,EQ-6657,deferred,22,3,False
944,SITE-096,PART-9467,2023-05-25,EQ-7149,completed,3,0,False
945,SITE-034,PART-9549,2025-12-13,EQ-6539,awaiting_parts,2,35,False
946,SITE-003,PART-7634,2023-10-04,EQ-5266,in_progress,4,42,False
947,SITE-048,PART-7949,2026-10-28,EQ-6977,in_progress,6,36,False
948,SITE-031,PART-5193,2023-12-04,EQ-8691,completed,10,0,True
949,SITE-046,PART-6072,2025-06-10,EQ-3242,open,14,27,False
950,SITE-054,PART-6227,2024-10-28,EQ-2851,deferred,9,39,False
951,SITE-044,PART-3995,2026-09-04,EQ-7770,completed,1,0,True
952,SITE-014,PART-9883,2024-01-13,EQ-1753,awaiting_parts,13,45,False
953,SITE-041,PART-2705,2024-08-21,EQ-9772,open,10,30,False
954,SITE-073,PART-5875,2025-01-27,EQ-7437,completed,10,0,False
955,SITE-007,PART-2127,2024-01-19,EQ-5549,completed,8,0,True
956,SITE-039,PART-9297,2024-03-13,EQ-8268,in_progress,30,22,False
957,SITE-045,PART-5660,2026-01-24,EQ-9306,awaiting_parts,11,23,True
958,SITE-069,PART-2896,2025-09-27,EQ-6732,awaiting_parts,30,16,False
959,SITE-090,PART-5659,2025-02-11,EQ-5214,completed,0,0,True
960,SITE-081,PART-7535,2023-11-01,EQ-9264,in_progress,24,30,False
961,SITE-067,PART-7488,2025-10-15,EQ-7386,open,9,44,False
962,SITE-024,PART-9913,2023-12-12,EQ-3872,completed,1,0,False
963,SITE-050,PART-3246,2024-03-14,EQ-3650,in_progress,27,5,False
964,SITE-056,PART-7082,2023-09-10,EQ-6732,deferred,14,21,False
965,SITE-074,PART-3112,2025-11-05,EQ-6115,deferred,4,13,False
966,SITE-059,PART-3289,2025-07-03,EQ-1153,completed,4,0,False
967,SITE-044,PART-8668,2026-01-01,EQ-1041,in_progress,9,18,False
968,SITE-064,PART-3193,2024-11-08,EQ-5148,completed,0,0,False
969,SITE-045,PART-5046,2023-10-06,EQ-3420,deferred,17,10,True
970,SITE-011,PART-4397,2023-04-04,EQ-7060,in_progress,4,36,False
971,SITE-081,PART-7424,2026-11-23,EQ-9778,in_progress,5,10,False
972,SITE-042,PART-9216,2024-07-10,EQ-1379,completed,6,0,False
973,SITE-092,PART-5503,2026-03-05,EQ-4146,awaiting_parts,1,10,False
974,SITE-095,PART-5961,2025-02-27,EQ-5029,open,10,15,False
975,SITE-072,PART-6430,2026-09-10,EQ-1563,open,15,17,False
976,SITE-091,PART-2419,2026-06-15,EQ-7442,completed,3,0,False
977,SITE-049,PART-4897,2026-07-22,EQ-1548,open,7,15,False
978,SITE-016,PART-2356,2023-02-01,EQ-3568,in_progress,22,25,False
979,SITE-054,PART-2464,2025-05-02,EQ-7843,open,27,12,False
980,SITE-076,PART-8254,2023-04-16,EQ-3426,awaiting_parts,17,32,False
981,SITE-057,PART-1715,2024-10-27,EQ-2982,completed,5,0,False
982,SITE-033,PART-4092,2026-11-27,EQ-5483,deferred,15,30,False
983,SITE-042,PART-6814,2023-01-12,EQ-9637,awaiting_parts,7,36,False
984,SITE-053,PART-4573,2024-02-05,EQ-5328,completed,6,0,False
985,SITE-026,PART-7578,2023-02-01,EQ-4516,in_progress,1,11,False
986,SITE-048,PART-9623,2023-12-15,EQ-8501,awaiting_parts,3,37,False
987,SITE-059,PART-5121,2026-01-25,EQ-9622,awaiting_parts,20,9,False
988,SITE-038,PART-2897,2024-05-22,EQ-9131,in_progress,19,36,False
989,SITE-032,PART-3030,2026-02-26,EQ-6007,open,20,33,False
990,SITE-050,PART-2485,2023-12-28,EQ-1264,open,5,43,False
991,SITE-059,PART-4062,2025-01-01,EQ-4309,open,26,12,False
992,SITE-015,PART-2281,2026-11-26,EQ-7894,awaiting_parts,3,15,False
993,SITE-100,PART-8593,2023-12-10,EQ-4023,awaiting_parts,28,2,False
994,SITE-064,PART-8003,2024-03-10,EQ-5329,deferred,17,10,False
995,SITE-074,PART-5543,2024-03-19,EQ-5335,awaiting_parts,2,39,True
996,SITE-028,PART-8302,2025-07-24,EQ-3465,awaiting_parts,17,45,False
997,SITE-058,PART-1032,2026-09-08,EQ-2817,in_progress,1,21,False
998,SITE-092,PART-2970,2026-03-13,EQ-2311,open,23,28,False
999,SITE-090,PART-7087,2024-08-05,EQ-8284,in_progress,8,7,False
1000,SITE-067,PART-2127,2026-12-02,EQ-6241,awaiting_parts,22,20,False
1001,SITE-092,PART-5543,2025-11-12,EQ-9545,in_progress,7,27,False
1002,SITE-063,PART-9678,2025-09-15,EQ-9626,awaiting_parts,11,35,True
1003,SITE-079,PART-2952,2026-09-06,EQ-6089,open,3,39,False
1004,SITE-046,PART-1017,2023-02-05,EQ-4892,completed,0,0,False
1005,SITE-019,PART-5225,2026-11-16,EQ-8037,open,18,27,False
1006,SITE-073,PART-3109,2024-11-11,EQ-8777,completed,1,0,False
1007,SITE-039,PART-8625,2026-12-05,EQ-4041,awaiting_parts,20,36,False
1008,SITE-044,PART-3161,2025-01-25,EQ-1257,open,16,32,False
1009,SITE-086,PART-3867,2024-09-17,EQ-6218,completed,0,0,False
1010,SITE-026,PART-2281,2024-05-04,EQ-4837,in_progress,25,29,False
1011,SITE-018,PART-9340,2023-11-25,EQ-1460,in_progress,20,31,True
1012,SITE-014,PART-4228,2025-01-22,EQ-4824,awaiting_parts,4,40,False
1013,SITE-064,PART-1934,2025-10-26,EQ-8810,awaiting_parts,11,8,False
1014,SITE-060,PART-2003,2023-10-14,EQ-5548,awaiting_parts,30,17,False
1015,SITE-024,PART-1416,2024-11-24,EQ-9444,awaiting_parts,27,35,False
1016,SITE-075,PART-5368,2026-08-23,EQ-7310,open,9,3,False
1017,SITE-020,PART-4856,2023-12-22,EQ-9619,awaiting_parts,16,33,False
1018,SITE-026,PART-7008,2024-11-25,EQ-3309,open,29,40,False
1019,SITE-023,PART-7608,2024-03-21,EQ-2310,deferred,17,28,False
1020,SITE-060,PART-2794,2025-10-12,EQ-2636,open,26,42,False
1021,SITE-013,PART-1734,2024-10-14,EQ-5260,completed,0,0,True
1022,SITE-076,PART-1547,2025-03-21,EQ-3734,completed,3,0,False
1023,SITE-047,PART-1733,2024-10-04,EQ-4142,completed,7,0,False
1024,SITE-100,PART-6951,2025-09-23,EQ-3681,open,12,20,False
1025,SITE-079,PART-3799,2025-07-17,EQ-8524,completed,6,0,False
1026,SITE-038,PART-7505,2026-03-04,EQ-3847,deferred,11,30,True
1027,SITE-032,PART-9666,2023-04-18,EQ-8834,open,5,2,False
1028,SITE-075,PART-6513,2023-12-11,EQ-6017,deferred,17,4,False
1029,SITE-068,PART-4422,2023-11-19,EQ-3029,in_progress,4,10,False
1030,SITE-037,PART-1416,2023-11-20,EQ-7313,open,18,34,True
1031,SITE-018,PART-9216,2025-09-08,EQ-9359,in_progress,29,42,False
1032,SITE-094,PART-6947,2023-04-11,EQ-5216,awaiting_parts,22,13,False
1033,SITE-086,PART-8062,2026-03-08,EQ-4581,completed,5,0,False
1034,SITE-063,PART-4335,2026-06-25,EQ-2492,deferred,1,15,False
1035,SITE-062,PART-7820,2023-04-16,EQ-6436,completed,3,0,False
1036,SITE-032,PART-7524,2025-04-23,EQ-6632,completed,0,0,False
1037,SITE-072,PART-9255,2024-06-07,EQ-6845,awaiting_parts,9,3,False
1038,SITE-002,PART-5646,2023-08-25,EQ-7268,in_progress,11,35,False
1039,SITE-009,PART-3392,2023-03-25,EQ-5301,awaiting_parts,19,30,True
1040,SITE-062,PART-2852,2026-01-03,EQ-4976,open,22,39,False
1041,SITE-077,PART-1660,2023-09-02,EQ-4217,deferred,14,35,False
1042,SITE-026,PART-1613,2024-07-11,EQ-2661,open,26,22,True
1043,SITE-007,PART-8676,2024-10-12,EQ-1146,in_progress,1,25,False
1044,SITE-049,PART-2317,2023-02-04,EQ-9607,completed,0,0,True
1045,SITE-035,PART-8779,2025-01-13,EQ-2436,awaiting_parts,20,12,False
1046,SITE-058,PART-1783,2025-01-26,EQ-7722,completed,9,0,True
1047,SITE-023,PART-5664,2024-04-24,EQ-3659,completed,4,0,False
1048,SITE-090,PART-4206,2023-03-08,EQ-4636,open,17,42,False
1049,SITE-050,PART-5415,2026-10-26,EQ-3397,deferred,19,40,False
1050,SITE-079,PART-8163,2023-03-19,EQ-6640,open,16,1,False
1051,SITE-084,PART-7135,2024-07-07,EQ-2570,awaiting_parts,30,39,False
1052,SITE-098,PART-1225,2023-09-05,EQ-2381,open,26,26,False
1053,SITE-074,PART-3290,2025-04-18,EQ-4899,in_progress,22,30,False
1054,SITE-083,PART-8840,2023-08-27,EQ-8489,open,18,39,False
1055,SITE-033,PART-3228,2023-04-10,EQ-8648,in_progress,8,27,False
1056,SITE-061,PART-8163,2025-02-16,EQ-6745,deferred,19,8,False
1057,SITE-093,PART-5350,2026-04-22,EQ-2872,deferred,17,14,False
1058,SITE-079,PART-9805,2025-08-19,EQ-2550,deferred,20,26,False
1059,SITE-016,PART-1225,2025-12-14,EQ-6451,completed,4,0,False
1060,SITE-030,PART-2590,2026-05-13,EQ-8161,in_progress,19,36,False
1061,SITE-013,PART-4538,2025-11-06,EQ-4770,completed,4,0,False
1062,SITE-012,PART-3101,2026-09-03,EQ-6371,completed,7,0,False
1063,SITE-003,PART-4215,2025-08-07,EQ-1496,in_progress,12,40,False
1064,SITE-053,PART-3015,2024-04-11,EQ-4831,open,2,23,False
1065,SITE-003,PART-9108,2025-12-07,EQ-3422,deferred,19,23,False
1066,SITE-058,PART-7416,2026-09-23,EQ-7239,open,3,9,False
1067,SITE-094,PART-3172,2025-10-18,EQ-6887,open,30,44,False
1068,SITE-011,PART-4055,2026-09-05,EQ-6382,in_progress,3,15,False
1069,SITE-088,PART-3392,2023-12-26,EQ-9780,deferred,22,4,False
1070,SITE-009,PART-7560,2024-05-12,EQ-2504,open,24,44,False
1071,SITE-091,PART-1817,2023-07-10,EQ-1618,completed,5,0,False
1072,SITE-046,PART-3646,2026-07-13,EQ-7263,in_progress,2,15,False
1073,SITE-066,PART-2506,2024-03-02,EQ-6886,in_progress,1,17,False
1074,SITE-016,PART-9511,2023-01-06,EQ-5795,awaiting_parts,4,6,False
1075,SITE-001,PART-8986,2023-06-13,EQ-5238,deferred,15,23,False
1076,SITE-015,PART-1240,2026-04-05,EQ-9575,open,24,32,False
1077,SITE-096,PART-1872,2026-11-11,EQ-5841,completed,7,0,False
1078,SITE-073,PART-1225,2023-01-08,EQ-6796,deferred,24,2,False
1079,SITE-066,PART-9184,2025-10-27,EQ-3576,open,13,18,False
1080,SITE-093,PART-9893,2026-02-08,EQ-4640,awaiting_parts,24,28,False
1081,SITE-041,PART-2485,2024-08-07,EQ-5827,completed,4,0,False
1082,SITE-099,PART-6069,2025-10-06,EQ-9492,deferred,4,43,False
1083,SITE-025,PART-7083,2026-12-21,EQ-9869,deferred,20,20,False
1084,SITE-007,PART-9292,2025-10-14,EQ-3433,in_progress,26,23,False
1085,SITE-050,PART-4448,2025-05-22,EQ-2667,open,30,44,False
1086,SITE-076,PART-1470,2025-05-08,EQ-4598,open,18,17,False
1087,SITE-094,PART-3917,2026-05-17,EQ-7868,open,8,6,False
1088,SITE-002,PART-9623,2025-01-24,EQ-4699,in_progress,21,37,False
1089,SITE-062,PART-3289,2023-05-04,EQ-8794,awaiting_parts,20,11,False
1090,SITE-095,PART-8974,2023-03-28,EQ-2404,in_progress,13,42,False
1091,SITE-006,PART-4001,2025-07-02,EQ-4166,open,9,37,False
1092,SITE-018,PART-7588,2024-05-08,EQ-4816,completed,6,0,False
1093,SITE-017,PART-3254,2025-08-23,EQ-9458,in_progress,22,29,False
1094,SITE-093,PART-7590,2024-11-04,EQ-2259,awaiting_parts,6,15,False
1095,SITE-088,PART-3161,2025-01-22,EQ-4028,in_progress,11,12,True
1096,SITE-041,PART-2122,2024-10-26,EQ-1812,open,5,38,False
1097,SITE-093,PART-3887,2026-05-20,EQ-7153,in_progress,19,7,False
1098,SITE-006,PART-7984,2025-04-04,EQ-7489,awaiting_parts,3,15,False
1099,SITE-072,PART-3799,2026-04-03,EQ-5128,completed,7,0,False
1100,SITE-046,PART-3418,2026-08-18,EQ-1622,awaiting_parts,12,36,False
1101,SITE-035,PART-9758,2025-01-26,EQ-3163,deferred,16,15,True
1102,SITE-098,PART-8163,2026-01-18,EQ-9537,in_progress,18,23,False
1103,SITE-040,PART-7203,2023-09-02,EQ-7727,open,26,44,False
1104,SITE-047,PART-4092,2023-04-28,EQ-7142,deferred,16,37,True
1105,SITE-032,PART-1055,2026-11-15,EQ-5968,completed,1,0,False
1106,SITE-061,PART-4997,2025-09-01,EQ-4986,in_progress,29,34,False
1107,SITE-080,PART-5875,2023-11-08,EQ-1938,awaiting_parts,28,35,False
1108,SITE-006,PART-4774,2025-10-20,EQ-6917,deferred,17,23,False
1109,SITE-075,PART-5664,2024-07-18,EQ-4806,in_progress,5,1,True
1110,SITE-093,PART-2099,2026-12-09,EQ-6906,open,24,32,False
1111,SITE-031,PART-1937,2025-11-26,EQ-4744,completed,9,0,False
1112,SITE-056,PART-9388,2026-07-10,EQ-3717,open,8,36,False
1113,SITE-074,PART-4677,2025-07-07,EQ-2484,open,29,27,False
1114,SITE-072,PART-6013,2024-10-08,EQ-4258,open,1,15,False
1115,SITE-027,PART-4206,2023-02-25,EQ-9882,awaiting_parts,2,43,False
1116,SITE-061,PART-6031,2024-11-25,EQ-7224,in_progress,18,25,True
1117,SITE-063,PART-1456,2025-08-08,EQ-2213,open,4,22,False
1118,SITE-051,PART-1534,2026-12-03,EQ-6482,completed,9,0,False
1119,SITE-051,PART-5648,2024-03-13,EQ-4826,in_progress,22,13,False
1120,SITE-093,PART-1733,2024-09-26,EQ-9501,awaiting_parts,16,22,False
1121,SITE-048,PART-1347,2023-10-06,EQ-8294,deferred,25,11,False
1122,SITE-096,PART-9208,2023-05-20,EQ-4623,awaiting_parts,28,21,True
1123,SITE-076,PART-1684,2024-10-25,EQ-1999,awaiting_parts,20,34,False
1124,SITE-060,PART-9370,2026-10-11,EQ-1652,awaiting_parts,2,8,False
1125,SITE-022,PART-1236,2024-02-14,EQ-4298,deferred,27,1,False
1126,SITE-002,PART-4370,2026-04-21,EQ-2417,in_progress,18,29,False
1127,SITE-058,PART-1291,2025-01-16,EQ-7312,completed,8,0,False
1128,SITE-067,PART-7181,2024-12-22,EQ-8455,open,20,29,False
1129,SITE-066,PART-5988,2024-01-23,EQ-3882,deferred,28,35,False
1130,SITE-006,PART-4184,2023-05-06,EQ-1017,deferred,10,29,False
1131,SITE-086,PART-2683,2023-06-06,EQ-5096,open,11,32,False
1132,SITE-072,PART-9605,2026-12-18,EQ-7077,awaiting_parts,1,35,True
1133,SITE-018,PART-7468,2023-02-09,EQ-6224,open,5,35,False
1134,SITE-060,PART-2396,2026-07-08,EQ-2491,deferred,10,25,False
1135,SITE-057,PART-5150,2026-04-26,EQ-5819,open,20,16,False
1136,SITE-001,PART-5898,2026-07-12,EQ-1056,in_progress,26,40,False
1137,SITE-024,PART-9211,2026-12-12,EQ-5700,open,14,7,False
1138,SITE-013,PART-7269,2024-12-23,EQ-3144,in_progress,5,36,False
1139,SITE-057,PART-6176,2026-06-03,EQ-5120,open,2,32,False
1140,SITE-006,PART-2039,2024-05-15,EQ-1383,deferred,29,32,False
1141,SITE-061,PART-7577,2025-09-12,EQ-6384,open,10,21,False
1142,SITE-002,PART-3161,2024-06-17,EQ-8238,awaiting_parts,8,2,False
1143,SITE-034,PART-6829,2026-02-04,EQ-3868,open,13,18,False
1144,SITE-004,PART-9272,2026-06-12,EQ-3286,deferred,15,17,True
1145,SITE-090,PART-8916,2023-08-15,EQ-1051,awaiting_parts,2,33,False
1146,SITE-050,PART-8126,2026-08-07,EQ-6603,completed,0,0,False
1147,SITE-044,PART-1937,2024-02-12,EQ-5485,in_progress,10,6,False
1148,SITE-047,PART-7960,2024-10-14,EQ-7637,completed,9,0,False
1149,SITE-044,PART-2896,2023-03-26,EQ-7000,deferred,1,7,False
1150,SITE-099,PART-1198,2026-08-13,EQ-3675,in_progress,17,39,False
1151,SITE-066,PART-2516,2023-05-12,EQ-3466,in_progress,19,44,False
1152,SITE-062,PART-9320,2023-09-13,EQ-4068,awaiting_parts,10,42,False
1153,SITE-092,PART-2035,2026-05-01,EQ-2177,completed,1,0,False
1154,SITE-017,PART-5124,2023-04-02,EQ-2831,awaiting_parts,12,15,False
1155,SITE-092,PART-1264,2023-05-18,EQ-9106,deferred,2,6,False
1156,SITE-047,PART-6371,2026-01-20,EQ-4645,awaiting_parts,19,44,False
1157,SITE-067,PART-5503,2026-06-01,EQ-7555,deferred,26,12,False
1158,SITE-004,PART-3869,2024-05-25,EQ-5609,open,7,9,False
1159,SITE-013,PART-2295,2023-07-19,EQ-7173,in_progress,24,19,False
1160,SITE-008,PART-4181,2025-12-11,EQ-3301,completed,6,0,False
1161,SITE-025,PART-5784,2024-03-15,EQ-8254,deferred,30,4,True
1162,SITE-051,PART-7559,2023-04-03,EQ-3448,deferred,23,23,False
1163,SITE-014,PART-7140,2024-09-25,EQ-6936,completed,2,0,False
1164,SITE-084,PART-9432,2026-08-09,EQ-8411,in_progress,6,13,False
1165,SITE-085,PART-5100,2024-07-08,EQ-3521,in_progress,28,42,True
1166,SITE-077,PART-1710,2024-12-12,EQ-1789,in_progress,19,13,False
1167,SITE-046,PART-3280,2025-04-28,EQ-6510,awaiting_parts,29,2,False
1168,SITE-016,PART-7534,2026-06-13,EQ-2637,awaiting_parts,24,45,False
1169,SITE-087,PART-3201,2025-02-18,EQ-9690,deferred,16,41,False
1170,SITE-015,PART-3388,2025-11-02,EQ-9145,completed,2,0,False
1171,SITE-054,PART-2521,2023-08-09,EQ-9354,open,2,44,True
1172,SITE-013,PART-6778,2023-05-17,EQ-2767,open,1,10,False
1173,SITE-007,PART-5828,2025-01-28,EQ-9884,deferred,2,22,False
1174,SITE-058,PART-4538,2024-12-26,EQ-7064,deferred,3,19,False
1175,SITE-034,PART-6574,2023-12-08,EQ-7823,open,26,9,False
1176,SITE-042,PART-5029,2026-10-28,EQ-8688,open,8,6,False
1177,SITE-017,PART-7345,2026-04-22,EQ-1027,in_progress,30,41,False
1178,SITE-067,PART-1061,2026-11-28,EQ-5197,deferred,2,23,False
1179,SITE-069,PART-3819,2023-09-25,EQ-2559,awaiting_parts,15,20,False
1180,SITE-038,PART-9406,2025-09-28,EQ-7451,open,10,20,False
1181,SITE-072,PART-1363,2024-02-15,EQ-6974,deferred,22,45,False
1182,SITE-098,PART-2970,2026-01-25,EQ-9711,awaiting_parts,28,1,True
1183,SITE-004,PART-1099,2023-08-11,EQ-7285,open,16,26,True
1184,SITE-024,PART-6805,2024-11-17,EQ-2838,in_progress,24,33,False
1185,SITE-085,PART-8807,2025-11-11,EQ-9123,completed,10,0,False
1186,SITE-057,PART-3549,2024-08-15,EQ-9029,deferred,9,28,False
1187,SITE-076,PART-4804,2024-02-14,EQ-9697,open,27,12,False
1188,SITE-034,PART-2106,2025-09-23,EQ-2075,in_progress,14,6,False
1189,SITE-022,PART-4762,2025-03-22,EQ-6940,deferred,7,12,False
1190,SITE-029,PART-5037,2024-06-13,EQ-4195,deferred,24,16,False
1191,SITE-054,PART-3343,2024-05-22,EQ-5848,awaiting_parts,22,45,False
1192,SITE-048,PART-8008,2024-04-19,EQ-1011,in_progress,9,23,False
1193,SITE-047,PART-8062,2026-02-17,EQ-8252,completed,8,0,False
1194,SITE-031,PART-9371,2026-08-18,EQ-6530,deferred,16,19,False
1195,SITE-093,PART-8780,2024-01-07,EQ-3878,deferred,26,28,False
1196,SITE-072,PART-5183,2024-02-23,EQ-7077,in_progress,24,5,False
1197,SITE-100,PART-6324,2025-09-11,EQ-9922,in_progress,7,26,False
1198,SITE-017,PART-7820,2026-12-08,EQ-4242,completed,9,0,False
1199,SITE-061,PART-8420,2025-07-17,EQ-9568,open,5,15,False
1200,SITE-050,PART-6947,2025-04-05,EQ-1080,completed,8,0,False
1201,SITE-091,PART-9293,2026-01-18,EQ-7451,in_progress,29,15,True
1202,SITE-039,PART-4297,2023-09-10,EQ-2811,in_progress,7,3,False
1203,SITE-099,PART-8355,2025-05-28,EQ-6222,open,2,32,False
1204,SITE-058,PART-5148,2026-11-01,EQ-6337,completed,9,0,False
1205,SITE-086,PART-6991,2026-01-17,EQ-2625,completed,8,0,False
1206,SITE-060,PART-9165,2024-04-25,EQ-2942,completed,0,0,False
1207,SITE-027,PART-7431,2026-11-11,EQ-2776,awaiting_parts,17,38,False
1208,SITE-007,PART-9208,2023-04-24,EQ-3926,awaiting_parts,22,37,False
1209,SITE-065,PART-7903,2024-12-20,EQ-6946,open,6,37,False
1210,SITE-047,PART-3064,2024-12-09,EQ-6544,completed,10,0,False
1211,SITE-010,PART-8746,2026-06-08,EQ-4493,deferred,13,27,False
1212,SITE-022,PART-4277,2025-02-14,EQ-4181,in_progress,2,45,False
1213,SITE-078,PART-2733,2025-06-28,EQ-9007,completed,2,0,False
1214,SITE-078,PART-7767,2025-06-07,EQ-6812,open,1,33,False
1215,SITE-029,PART-1816,2024-08-03,EQ-9134,deferred,26,33,False
1216,SITE-021,PART-2653,2026-06-21,EQ-3060,in_progress,16,18,False
1217,SITE-034,PART-7606,2025-12-27,EQ-8462,open,24,32,True
1218,SITE-075,PART-6072,2026-04-20,EQ-9755,completed,10,0,False
1219,SITE-094,PART-6615,2024-08-01,EQ-3422,awaiting_parts,21,41,False
1220,SITE-049,PART-9377,2026-01-19,EQ-2655,awaiting_parts,3,5,False
1221,SITE-013,PART-3009,2023-06-25,EQ-6459,completed,1,0,False
1222,SITE-043,PART-3130,2024-09-16,EQ-7284,open,15,6,False
1223,SITE-054,PART-2125,2024-05-22,EQ-8574,deferred,11,20,False
1224,SITE-077,PART-1798,2025-12-23,EQ-2850,completed,5,0,False
1225,SITE-064,PART-2443,2023-06-21,EQ-9559,awaiting_parts,15,42,True
1226,SITE-039,PART-7232,2024-10-27,EQ-1175,in_progress,30,23,False
1227,SITE-081,PART-4206,2025-01-26,EQ-9831,deferred,17,7,False
1228,SITE-089,PART-2434,2026-01-11,EQ-5938,deferred,2,27,False
1229,SITE-072,PART-2653,2023-02-18,EQ-2751,completed,0,0,False
1230,SITE-022,PART-2283,2025-08-27,EQ-2008,deferred,1,23,False
1231,SITE-072,PART-7237,2026-12-26,EQ-9193,awaiting_parts,27,3,True
1232,SITE-007,PART-6162,2026-07-03,EQ-5951,awaiting_parts,4,40,False
1233,SITE-039,PART-7690,2023-02-24,EQ-9539,completed,10,0,False
1234,SITE-028,PART-1744,2025-01-08,EQ-7963,deferred,15,31,False
1235,SITE-024,PART-2758,2023-03-05,EQ-8866,in_progress,15,20,False
1236,SITE-098,PART-2189,2024-01-20,EQ-5989,deferred,11,34,False
1237,SITE-049,PART-5094,2026-06-01,EQ-5410,completed,6,0,False
1238,SITE-004,PART-8156,2026-12-13,EQ-6670,completed,1,0,False
1239,SITE-034,PART-5999,2023-01-24,EQ-7688,deferred,30,2,False
1240,SITE-066,PART-4128,2024-03-03,EQ-2714,awaiting_parts,29,37,True
1241,SITE-083,PART-4404,2024-09-15,EQ-6882,awaiting_parts,3,33,False
1242,SITE-054,PART-7210,2025-06-07,EQ-5228,open,26,28,False
1243,SITE-100,PART-4206,2025-02-16,EQ-6163,completed,3,0,False
1244,SITE-005,PART-7794,2026-03-27,EQ-1485,awaiting_parts,25,10,True
1245,SITE-076,PART-1416,2024-12-26,EQ-4788,open,26,29,False
1246,SITE-076,PART-6628,2026-03-17,EQ-9755,awaiting_parts,21,20,False
1247,SITE-014,PART-1733,2025-04-20,EQ-3014,deferred,16,27,True
1248,SITE-073,PART-6762,2025-02-13,EQ-8055,deferred,26,3,False
1249,SITE-043,PART-1105,2024-09-23,EQ-7328,awaiting_parts,17,44,False
1250,SITE-071,PART-9883,2024-12-15,EQ-2514,open,23,36,False
1251,SITE-096,PART-5682,2024-08-02,EQ-5583,in_progress,11,12,False
1252,SITE-066,PART-7577,2023-02-04,EQ-4716,completed,7,0,False
1253,SITE-003,PART-8084,2023-01-13,EQ-7309,completed,9,0,False
1254,SITE-006,PART-2116,2024-06-08,EQ-5218,deferred,26,40,True
1255,SITE-012,PART-2036,2023-04-21,EQ-1849,deferred,22,21,False
1256,SITE-031,PART-1673,2023-09-22,EQ-3639,awaiting_parts,17,45,False
1257,SITE-099,PART-2516,2024-08-22,EQ-9963,awaiting_parts,24,19,False
1258,SITE-092,PART-2406,2026-06-15,EQ-4226,completed,8,0,False
1259,SITE-033,PART-3937,2024-05-09,EQ-3713,open,28,9,False
1260,SITE-094,PART-1926,2025-12-24,EQ-1919,deferred,6,42,False
1261,SITE-026,PART-5661,2023-12-02,EQ-6503,awaiting_parts,26,34,False
1262,SITE-006,PART-1987,2026-12-20,EQ-7851,open,17,2,False
1263,SITE-006,PART-4677,2024-06-11,EQ-8246,completed,9,0,True
1264,SITE-093,PART-7578,2023-03-02,EQ-1377,in_progress,24,15,False
1265,SITE-054,PART-1682,2026-12-08,EQ-5100,open,7,17,False
1266,SITE-060,PART-8625,2025-06-05,EQ-9055,open,30,23,False
1267,SITE-001,PART-2973,2025-08-22,EQ-5680,completed,10,0,False
1268,SITE-068,PART-3553,2023-01-07,EQ-9831,open,14,24,False
1269,SITE-034,PART-9913,2023-01-14,EQ-3304,open,6,2,True
1270,SITE-034,PART-1061,2023-12-18,EQ-3914,in_progress,30,17,False
1271,SITE-042,PART-3064,2024-09-02,EQ-9635,completed,2,0,False
1272,SITE-046,PART-6572,2026-09-13,EQ-7208,deferred,10,13,False
1273,SITE-040,PART-7935,2023-11-25,EQ-3944,deferred,17,4,True
1274,SITE-049,PART-7984,2025-08-28,EQ-3947,deferred,28,17,False
1275,SITE-081,PART-8841,2026-11-15,EQ-6329,open,7,9,False
1276,SITE-036,PART-6122,2024-01-11,EQ-5013,open,25,28,False
1277,SITE-054,PART-8690,2024-07-28,EQ-4866,open,12,5,False
1278,SITE-021,PART-2946,2025-03-15,EQ-3468,deferred,19,6,False
1279,SITE-064,PART-4538,2023-09-28,EQ-5369,open,22,20,False
1280,SITE-062,PART-7740,2025-04-05,EQ-5696,open,24,29,False
1281,SITE-008,PART-2973,2024-07-19,EQ-3689,awaiting_parts,17,24,False
1282,SITE-027,PART-5011,2023-02-23,EQ-9804,open,1,23,False
1283,SITE-075,PART-1684,2023-03-13,EQ-6341,completed,2,0,False
1284,SITE-022,PART-7020,2026-01-11,EQ-4990,deferred,21,43,False
1285,SITE-068,PART-2276,2026-10-13,EQ-5229,deferred,26,22,True
1286,SITE-097,PART-3182,2024-09-26,EQ-5030,deferred,12,12,False
1287,SITE-030,PART-8361,2025-02-23,EQ-6978,open,23,29,False
1288,SITE-077,PART-9099,2025-09-11,EQ-6752,completed,0,0,False
1289,SITE-007,PART-9306,2025-07-09,EQ-9265,open,14,4,False
1290,SITE-004,PART-7468,2025-05-16,EQ-3379,awaiting_parts,14,28,False
1291,SITE-079,PART-2281,2024-03-13,EQ-2752,awaiting_parts,27,38,False
1292,SITE-039,PART-9948,2024-01-23,EQ-5464,open,21,42,False
1293,SITE-081,PART-1930,2026-01-28,EQ-9029,awaiting_parts,12,17,True
1294,SITE-053,PART-2748,2023-10-12,EQ-2230,awaiting_parts,9,4,False
1295,SITE-081,PART-4694,2024-08-06,EQ-2727,in_progress,5,32,False
1296,SITE-066,PART-5401,2026-11-26,EQ-2780,awaiting_parts,7,8,False
1297,SITE-007,PART-8823,2023-05-27,EQ-1928,in_progress,14,10,True
1298,SITE-008,PART-4324,2024-05-27,EQ-7964,awaiting_parts,21,28,False
1299,SITE-056,PART-3691,2024-04-12,EQ-2429,deferred,16,17,False
1300,SITE-060,PART-7314,2023-04-03,EQ-5006,open,21,37,False
1301,SITE-018,PART-2317,2026-10-03,EQ-8980,open,16,18,False
1302,SITE-077,PART-3574,2026-06-24,EQ-2327,awaiting_parts,17,28,False
1303,SITE-075,PART-5115,2024-06-03,EQ-8272,completed,4,0,False
1304,SITE-097,PART-3648,2024-10-11,EQ-3344,completed,6,0,True
1305,SITE-039,PART-4112,2025-05-23,EQ-5594,in_progress,11,5,False
1306,SITE-089,PART-2068,2025-10-28,EQ-7870,completed,10,0,False
1307,SITE-037,PART-6153,2024-01-07,EQ-1545,in_progress,4,38,False
1308,SITE-058,PART-1547,2025-08-08,EQ-5208,deferred,30,28,False
1309,SITE-080,PART-2283,2026-07-28,EQ-3623,open,11,37,False
1310,SITE-003,PART-9458,2023-05-19,EQ-7686,deferred,13,33,False
1311,SITE-040,PART-6991,2024-11-12,EQ-6360,completed,8,0,False
1312,SITE-043,PART-9337,2026-12-05,EQ-8343,deferred,8,26,False
1313,SITE-031,PART-8143,2026-01-08,EQ-3712,awaiting_parts,23,30,False
1314,SITE-014,PART-1771,2026-04-24,EQ-8675,in_progress,30,24,False
1315,SITE-050,PART-8690,2023-07-06,EQ-2884,deferred,30,5,False
1316,SITE-075,PART-1124,2023-07-09,EQ-6257,open,12,19,False
1317,SITE-011,PART-4752,2023-11-07,EQ-7180,in_progress,7,21,False
1318,SITE-017,PART-9632,2025-05-07,EQ-1249,deferred,24,7,False
1319,SITE-003,PART-1524,2026-09-25,EQ-4552,in_progress,23,20,False
1320,SITE-090,PART-6762,2023-05-14,EQ-8820,in_progress,19,23,False
1321,SITE-088,PART-6072,2026-04-23,EQ-3113,completed,9,0,False
1322,SITE-073,PART-8144,2026-07-23,EQ-8724,deferred,15,42,False
1323,SITE-001,PART-6176,2026-03-26,EQ-2675,in_progress,9,10,False
1324,SITE-042,PART-1061,2024-11-01,EQ-7221,in_progress,14,15,False
1325,SITE-041,PART-8558,2023-05-05,EQ-6635,in_progress,16,14,False
1326,SITE-090,PART-2799,2025-09-09,EQ-9118,deferred,24,21,False
1327,SITE-058,PART-7240,2023-05-12,EQ-7199,awaiting_parts,11,38,False
1328,SITE-027,PART-3246,2025-10-01,EQ-5596,open,9,11,False
1329,SITE-057,PART-7345,2024-07-27,EQ-8407,deferred,25,39,False
1330,SITE-057,PART-1327,2025-02-10,EQ-2783,deferred,30,15,False
1331,SITE-099,PART-3691,2025-01-21,EQ-8796,open,23,40,False
1332,SITE-081,PART-7505,2024-01-11,EQ-1141,completed,1,0,False
1333,SITE-066,PART-3209,2024-03-24,EQ-7657,deferred,30,25,False
1334,SITE-028,PART-6618,2024-10-21,EQ-1565,completed,9,0,True
1335,SITE-049,PART-7684,2023-11-20,EQ-2579,awaiting_parts,11,10,False
1336,SITE-009,PART-3839,2025-01-01,EQ-7846,completed,1,0,False
1337,SITE-033,PART-4908,2025-03-18,EQ-6515,awaiting_parts,2,34,False
1338,SITE-036,PART-3793,2025-08-20,EQ-6373,open,2,32,False
1339,SITE-021,PART-2699,2025-06-05,EQ-2248,awaiting_parts,13,26,False
1340,SITE-020,PART-3887,2023-11-06,EQ-1229,awaiting_parts,9,42,False
1341,SITE-026,PART-7524,2025-01-15,EQ-6275,completed,10,0,False
1342,SITE-016,PART-1225,2025-10-12,EQ-1875,in_progress,2,20,False
1343,SITE-018,PART-7794,2025-03-23,EQ-2206,deferred,21,27,False
1344,SITE-055,PART-5813,2023-09-14,EQ-7839,deferred,15,34,False
1345,SITE-055,PART-2799,2026-12-03,EQ-6673,awaiting_parts,18,31,False
1346,SITE-025,PART-6787,2023-08-17,EQ-8680,open,21,24,False
1347,SITE-091,PART-7082,2026-01-26,EQ-6298,open,29,31,False
1348,SITE-084,PART-4582,2023-08-05,EQ-2041,deferred,15,44,False
1349,SITE-088,PART-7767,2023-04-14,EQ-6832,open,6,9,False
1350,SITE-062,PART-8727,2024-03-03,EQ-9539,deferred,15,30,False
1351,SITE-088,PART-5873,2025-02-09,EQ-1363,deferred,3,33,False
1352,SITE-089,PART-4311,2023-09-04,EQ-6038,awaiting_parts,25,37,True
1353,SITE-060,PART-7177,2025-08-22,EQ-1912,in_progress,18,36,False
1354,SITE-052,PART-6884,2026-02-27,EQ-1075,awaiting_parts,17,32,False
1355,SITE-062,PART-5401,2025-04-21,EQ-2537,awaiting_parts,20,15,False
1356,SITE-077,PART-6107,2023-03-23,EQ-3204,completed,0,0,False
1357,SITE-006,PART-6768,2025-01-11,EQ-2801,completed,6,0,False
1358,SITE-076,PART-7498,2026-08-01,EQ-3589,deferred,12,34,False
1359,SITE-075,PART-3867,2024-12-10,EQ-2791,in_progress,18,40,False
1360,SITE-006,PART-8909,2026-05-01,EQ-4766,in_progress,7,5,False
1361,SITE-018,PART-5358,2025-08-14,EQ-4352,open,8,3,False
1362,SITE-002,PART-5543,2024-05-25,EQ-1903,completed,10,0,True
1363,SITE-040,PART-1759,2023-08-13,EQ-6618,completed,9,0,False
1364,SITE-097,PART-5321,2023-05-16,EQ-5701,awaiting_parts,25,1,True
1365,SITE-081,PART-8762,2024-09-23,EQ-4292,in_progress,28,10,False
1366,SITE-039,PART-9292,2025-01-25,EQ-9567,in_progress,29,38,False
1367,SITE-079,PART-8163,2023-01-24,EQ-2992,open,19,4,False
1368,SITE-074,PART-3655,2026-06-12,EQ-6072,in_progress,9,21,True
1369,SITE-064,PART-3193,2023-12-26,EQ-7005,in_progress,14,23,False
1370,SITE-002,PART-5029,2024-05-10,EQ-4261,completed,4,0,False
1371,SITE-018,PART-2735,2024-06-22,EQ-9531,open,19,29,False
1372,SITE-062,PART-3735,2024-07-13,EQ-2824,completed,9,0,False
1373,SITE-092,PART-6572,2023-05-17,EQ-6497,awaiting_parts,26,45,True
1374,SITE-061,PART-1684,2023-07-22,EQ-4675,open,6,10,False
1375,SITE-024,PART-5180,2023-06-12,EQ-2875,open,22,24,False
1376,SITE-093,PART-2739,2024-02-01,EQ-2990,completed,9,0,True
1377,SITE-055,PART-6069,2026-01-19,EQ-4319,deferred,18,12,False
1378,SITE-078,PART-7020,2023-12-19,EQ-8805,in_progress,6,24,False
1379,SITE-051,PART-8723,2026-06-26,EQ-4461,in_progress,30,6,False
1380,SITE-002,PART-2415,2026-03-21,EQ-3539,awaiting_parts,30,28,False
1381,SITE-044,PART-5427,2026-02-21,EQ-1231,open,3,27,False
1382,SITE-014,PART-4872,2026-04-14,EQ-9684,completed,9,0,False
1383,SITE-052,PART-6778,2025-01-04,EQ-3438,deferred,10,27,False
1384,SITE-062,PART-6113,2024-06-10,EQ-6370,in_progress,24,13,False
1385,SITE-066,PART-8488,2024-02-19,EQ-7202,in_progress,12,42,False
1386,SITE-029,PART-3781,2024-02-21,EQ-9404,in_progress,22,40,False
1387,SITE-012,PART-4662,2024-05-18,EQ-5463,awaiting_parts,15,11,False
1388,SITE-100,PART-7758,2024-02-02,EQ-2131,open,27,15,False
1389,SITE-098,PART-9632,2026-11-21,EQ-4409,deferred,16,40,False
1390,SITE-004,PART-8211,2025-08-05,EQ-1700,deferred,8,39,True
1391,SITE-038,PART-7282,2023-02-03,EQ-7587,completed,8,0,False
1392,SITE-073,PART-9309,2023-06-08,EQ-4124,awaiting_parts,13,41,False
1393,SITE-086,PART-9255,2023-09-05,EQ-2062,awaiting_parts,25,37,True
1394,SITE-037,PART-6926,2023-08-26,EQ-9276,in_progress,1,42,False
1395,SITE-052,PART-9204,2026-02-28,EQ-9404,awaiting_parts,25,13,False
1396,SITE-005,PART-8144,2025-11-12,EQ-7875,awaiting_parts,17,31,False
1397,SITE-016,PART-2397,2024-04-25,EQ-8149,completed,3,0,False
1398,SITE-042,PART-3291,2026-08-09,EQ-4928,awaiting_parts,24,8,False
1399,SITE-051,PART-7914,2023-03-28,EQ-4970,in_progress,16,6,False
1400,SITE-008,PART-9648,2024-03-27,EQ-3444,completed,9,0,False
1401,SITE-096,PART-4181,2023-05-23,EQ-6350,deferred,8,5,False
1402,SITE-063,PART-1343,2024-05-23,EQ-7250,deferred,3,41,False
1403,SITE-042,PART-4897,2025-02-28,EQ-4516,completed,1,0,False
1404,SITE-008,PART-9638,2026-04-09,EQ-5364,deferred,11,25,False
1405,SITE-034,PART-4324,2026-09-16,EQ-7087,awaiting_parts,23,17,False
1406,SITE-028,PART-2802,2023-05-01,EQ-1740,open,21,4,False
1407,SITE-099,PART-3887,2024-04-21,EQ-2183,completed,9,0,False
1408,SITE-095,PART-8003,2026-12-18,EQ-1255,completed,1,0,False
1409,SITE-026,PART-4942,2023-02-20,EQ-4781,open,11,15,False
1410,SITE-032,PART-9090,2026-10-01,EQ-4819,deferred,10,11,False
1411,SITE-004,PART-4238,2024-12-01,EQ-9274,open,4,23,False
1412,SITE-005,PART-6568,2026-11-14,EQ-1390,open,18,3,False
1413,SITE-027,PART-1852,2024-01-18,EQ-5321,completed,5,0,False
1414,SITE-040,PART-1737,2024-09-03,EQ-6587,in_progress,26,26,False
1415,SITE-011,PART-5198,2025-06-25,EQ-2801,completed,5,0,True
1416,SITE-055,PART-5961,2023-06-08,EQ-1446,awaiting_parts,5,39,False
1417,SITE-065,PART-3715,2023-07-07,EQ-1413,awaiting_parts,4,3,False
1418,SITE-094,PART-1219,2025-05-10,EQ-9456,in_progress,12,12,False
1419,SITE-091,PART-8727,2023-02-01,EQ-3663,in_progress,11,15,False
1420,SITE-072,PART-7634,2023-07-04,EQ-4491,open,23,43,False
1421,SITE-035,PART-1591,2026-10-28,EQ-1132,completed,1,0,False
1422,SITE-060,PART-7189,2025-01-07,EQ-9935,in_progress,10,20,False
1423,SITE-027,PART-2131,2024-06-11,EQ-9698,deferred,25,43,False
1424,SITE-014,PART-3953,2023-03-24,EQ-9204,completed,2,0,True
1425,SITE-012,PART-1852,2026-03-15,EQ-8709,completed,6,0,False
1426,SITE-034,PART-3162,2026-02-23,EQ-8196,completed,5,0,False
1427,SITE-001,PART-2135,2026-09-18,EQ-9619,completed,9,0,False
1428,SITE-029,PART-6442,2025-04-13,EQ-6452,completed,0,0,False
1429,SITE-060,PART-5950,2025-06-28,EQ-3180,in_progress,27,45,False
1430,SITE-029,PART-1414,2024-10-05,EQ-3084,completed,3,0,False
1431,SITE-051,PART-5543,2026-11-26,EQ-9990,awaiting_parts,8,4,True
1432,SITE-052,PART-7944,2024-04-19,EQ-4213,open,23,40,False
1433,SITE-009,PART-4918,2025-02-27,EQ-9589,completed,9,0,False
1434,SITE-079,PART-9284,2023-04-21,EQ-9320,open,22,26,False
1435,SITE-006,PART-8355,2023-08-23,EQ-6042,completed,6,0,False
1436,SITE-023,PART-9856,2023-08-18,EQ-1951,completed,10,0,False
1437,SITE-042,PART-9883,2026-01-15,EQ-1062,deferred,22,12,False
1438,SITE-041,PART-4092,2023-07-19,EQ-9838,open,21,13,True
1439,SITE-028,PART-4752,2025-03-26,EQ-2787,deferred,13,18,True
1440,SITE-033,PART-9320,2026-05-13,EQ-4157,in_progress,21,24,False
1441,SITE-007,PART-9284,2026-12-02,EQ-4034,deferred,3,15,False
1442,SITE-061,PART-9292,2023-08-27,EQ-6324,completed,3,0,False
1443,SITE-002,PART-6627,2026-03-06,EQ-5561,in_progress,14,21,False
1444,SITE-051,PART-8330,2024-01-23,EQ-1560,open,12,45,False
1445,SITE-074,PART-2958,2024-11-16,EQ-7163,deferred,18,2,False
1446,SITE-002,PART-2098,2026-08-14,EQ-7251,completed,4,0,False
1447,SITE-073,PART-5050,2024-03-10,EQ-3222,deferred,22,15,False
1448,SITE-023,PART-5127,2026-07-02,EQ-5893,awaiting_parts,9,20,False
1449,SITE-046,PART-7903,2023-10-09,EQ-1453,deferred,8,13,False
1450,SITE-096,PART-5648,2023-04-27,EQ-3516,completed,8,0,True
1451,SITE-050,PART-3109,2024-01-25,EQ-3863,completed,4,0,False
1452,SITE-082,PART-3286,2025-10-05,EQ-2058,open,9,35,False
1453,SITE-028,PART-4802,2024-12-10,EQ-6765,awaiting_parts,12,7,False
1454,SITE-027,PART-3103,2026-07-19,EQ-1220,open,15,6,False
1455,SITE-050,PART-3869,2023-10-02,EQ-9690,awaiting_parts,23,45,False
1456,SITE-039,PART-3340,2023-07-13,EQ-6481,completed,7,0,False
1457,SITE-015,PART-7240,2025-04-13,EQ-1901,deferred,20,18,False
1458,SITE-029,PART-8840,2025-02-28,EQ-7517,open,29,31,False
1459,SITE-092,PART-3274,2025-12-15,EQ-3299,completed,9,0,False
1460,SITE-032,PART-4137,2023-12-13,EQ-5750,awaiting_parts,20,44,False
1461,SITE-025,PART-1524,2025-01-05,EQ-6633,in_progress,26,40,False
1462,SITE-011,PART-7690,2026-12-28,EQ-8464,awaiting_parts,15,4,False
1463,SITE-089,PART-5950,2026-02-15,EQ-2759,awaiting_parts,12,39,False
1464,SITE-030,PART-3781,2026-02-08,EQ-9746,awaiting_parts,24,8,False
1465,SITE-072,PART-7431,2025-01-13,EQ-8128,completed,2,0,False
1466,SITE-046,PART-8219,2024-06-13,EQ-9943,in_progress,7,8,False
1467,SITE-079,PART-4014,2026-05-13,EQ-7155,deferred,13,8,False
1468,SITE-027,PART-7036,2026-09-28,EQ-6534,awaiting_parts,27,31,False
1469,SITE-100,PART-9679,2024-10-09,EQ-9681,open,15,32,False
1470,SITE-052,PART-2698,2025-08-08,EQ-3451,in_progress,27,19,False
1471,SITE-025,PART-5115,2025-11-09,EQ-3691,open,16,43,True
1472,SITE-002,PART-4198,2024-07-26,EQ-5444,in_progress,5,16,False
1473,SITE-092,PART-8676,2026-09-02,EQ-2516,in_progress,14,3,False
1474,SITE-061,PART-3684,2024-05-26,EQ-5446,deferred,27,30,False
1475,SITE-082,PART-3718,2026-10-23,EQ-1103,in_progress,26,17,False
1476,SITE-027,PART-9883,2023-10-15,EQ-6996,open,14,15,False
1477,SITE-006,PART-5127,2023-05-02,EQ-8314,deferred,5,41,False
1478,SITE-088,PART-3199,2025-11-23,EQ-4698,completed,4,0,True
1479,SITE-045,PART-3172,2025-03-21,EQ-5491,in_progress,15,23,True
1480,SITE-033,PART-3663,2023-11-27,EQ-7982,deferred,24,43,False
1481,SITE-002,PART-9106,2026-05-12,EQ-7728,deferred,18,14,False
1482,SITE-047,PART-5415,2024-02-09,EQ-8515,in_progress,17,15,False
1483,SITE-074,PART-8874,2023-11-14,EQ-4553,in_progress,29,22,False
1484,SITE-071,PART-5321,2025-06-11,EQ-5573,open,24,5,False
1485,SITE-087,PART-6513,2026-11-08,EQ-7491,completed,3,0,False
1486,SITE-016,PART-8529,2025-05-10,EQ-4953,awaiting_parts,4,43,False
1487,SITE-095,PART-2305,2023-03-02,EQ-2473,awaiting_parts,18,34,False
1488,SITE-015,PART-2356,2025-11-15,EQ-3271,awaiting_parts,5,44,False
1489,SITE-001,PART-9987,2023-12-08,EQ-8803,awaiting_parts,15,45,False
1490,SITE-070,PART-1777,2023-12-15,EQ-5076,open,19,2,False
1491,SITE-057,PART-4078,2026-08-13,EQ-8916,open,4,14,False
1492,SITE-005,PART-2445,2023-02-17,EQ-9453,awaiting_parts,7,14,False
1493,SITE-058,PART-9297,2023-11-23,EQ-7678,in_progress,25,43,True
1494,SITE-045,PART-3531,2024-08-07,EQ-3478,completed,6,0,False
1495,SITE-015,PART-9129,2026-09-20,EQ-5349,open,29,12,False
1496,SITE-034,PART-3452,2026-05-15,EQ-7031,open,10,1,False
1497,SITE-055,PART-1647,2026-03-05,EQ-7826,in_progress,22,4,False
1498,SITE-044,PART-1816,2023-12-03,EQ-3109,in_progress,6,30,False
1499,SITE-002,PART-1291,2023-11-26,EQ-1483,deferred,17,4,False
1500,SITE-057,PART-4238,2025-12-10,EQ-5984,completed,9,0,False
1501,SITE-005,PART-4762,2025-12-28,EQ-3780,open,2,41,False
1502,SITE-045,PART-1734,2026-05-04,EQ-2260,deferred,11,32,False
1503,SITE-001,PART-1376,2025-02-09,EQ-3890,open,7,14,False
1504,SITE-074,PART-8555,2025-04-05,EQ-6746,awaiting_parts,9,4,False
1505,SITE-090,PART-2297,2025-02-19,EQ-4923,open,27,44,True
1506,SITE-046,PART-3887,2024-06-22,EQ-1189,open,1,25,False
1507,SITE-018,PART-2396,2025-10-28,EQ-8323,awaiting_parts,2,40,False
1508,SITE-094,PART-5011,2025-05-17,EQ-6952,awaiting_parts,3,39,False
1509,SITE-006,PART-8694,2023-11-17,EQ-8696,completed,10,0,True
1510,SITE-042,PART-1783,2024-01-20,EQ-4720,open,8,35,False
1511,SITE-027,PART-7967,2023-05-07,EQ-5657,in_progress,12,40,False
1512,SITE-046,PART-5664,2023-11-19,EQ-5551,completed,7,0,False
1513,SITE-085,PART-1682,2026-11-18,EQ-7125,open,16,16,False
1514,SITE-075,PART-7960,2024-05-26,EQ-8928,awaiting_parts,19,23,False
1515,SITE-024,PART-7441,2024-03-09,EQ-7988,in_progress,2,40,True
1516,SITE-082,PART-9162,2023-09-08,EQ-2249,deferred,11,34,False
1517,SITE-041,PART-3015,2024-10-01,EQ-4241,deferred,7,17,False
1518,SITE-066,PART-2526,2023-10-25,EQ-3922,in_progress,28,21,False
1519,SITE-094,PART-6884,2023-03-10,EQ-1121,completed,9,0,False
1520,SITE-025,PART-6492,2023-12-07,EQ-3386,in_progress,12,40,False
1521,SITE-078,PART-4677,2024-09-13,EQ-5027,completed,3,0,False
1522,SITE-066,PART-2127,2025-12-26,EQ-9224,completed,7,0,False
1523,SITE-069,PART-9843,2026-08-19,EQ-9326,open,29,29,False
1524,SITE-029,PART-3162,2024-08-12,EQ-7264,deferred,11,27,False
1525,SITE-098,PART-2415,2024-04-22,EQ-2689,open,18,21,False
1526,SITE-067,PART-9549,2026-05-09,EQ-6871,open,18,22,False
1527,SITE-090,PART-2994,2024-02-23,EQ-2091,completed,3,0,False
1528,SITE-029,PART-8694,2025-11-14,EQ-9583,awaiting_parts,10,43,False
1529,SITE-077,PART-5648,2025-06-18,EQ-9414,awaiting_parts,10,41,False
1530,SITE-036,PART-1147,2026-12-17,EQ-7975,completed,8,0,False
1531,SITE-029,PART-9213,2025-05-10,EQ-3975,open,9,42,False
1532,SITE-029,PART-3825,2025-04-01,EQ-1574,in_progress,23,45,False
1533,SITE-054,PART-8593,2024-01-26,EQ-3369,in_progress,21,22,False
1534,SITE-071,PART-9263,2023-10-22,EQ-3714,completed,8,0,False
1535,SITE-064,PART-3915,2026-07-08,EQ-5627,awaiting_parts,7,30,False
1536,SITE-018,PART-9007,2026-04-10,EQ-4050,deferred,23,45,False
1537,SITE-010,PART-6908,2024-04-07,EQ-5624,deferred,16,7,False
1538,SITE-073,PART-7384,2023-04-25,EQ-2201,completed,8,0,False
1539,SITE-098,PART-6072,2025-04-28,EQ-2386,completed,8,0,False
1540,SITE-060,PART-4228,2024-04-25,EQ-5306,completed,3,0,False
1541,SITE-030,PART-7314,2023-10-06,EQ-8237,awaiting_parts,24,13,False
1542,SITE-091,PART-7190,2024-12-20,EQ-6320,awaiting_parts,4,12,False
1543,SITE-093,PART-6513,2025-07-15,EQ-1253,awaiting_parts,7,23,False
1544,SITE-021,PART-3867,2024-07-05,EQ-1967,deferred,20,1,False
1545,SITE-017,PART-3347,2023-09-26,EQ-5905,in_progress,29,38,False
1546,SITE-015,PART-5180,2023-05-09,EQ-1988,completed,2,0,False
1547,SITE-087,PART-8896,2026-07-12,EQ-4576,awaiting_parts,6,24,False
1548,SITE-018,PART-7210,2025-06-05,EQ-1725,completed,4,0,False
1549,SITE-037,PART-7495,2025-05-22,EQ-4642,completed,9,0,False
1550,SITE-044,PART-6972,2023-10-12,EQ-4107,completed,1,0,False
1551,SITE-081,PART-6227,2026-06-22,EQ-7548,open,17,38,False
1552,SITE-035,PART-7468,2024-05-12,EQ-8660,open,2,26,False
1553,SITE-062,PART-3452,2026-06-25,EQ-5231,awaiting_parts,9,22,False
1554,SITE-087,PART-9638,2026-09-24,EQ-4243,open,18,7,False
1555,SITE-005,PART-7505,2023-02-20,EQ-7347,completed,1,0,False
1556,SITE-071,PART-2356,2025-09-04,EQ-6272,open,27,42,False
1557,SITE-002,PART-6805,2023-09-03,EQ-9068,completed,1,0,False
1558,SITE-096,PART-8199,2026-03-27,EQ-2411,awaiting_parts,6,15,False
1559,SITE-092,PART-1236,2024-07-08,EQ-7151,awaiting_parts,13,34,False
1560,SITE-039,PART-5588,2024-07-20,EQ-6617,open,22,36,True
1561,SITE-086,PART-7413,2025-12-24,EQ-7325,open,3,30,False
1562,SITE-037,PART-4638,2025-03-18,EQ-2036,awaiting_parts,8,19,False
1563,SITE-087,PART-5121,2023-08-02,EQ-9804,in_progress,21,35,False
1564,SITE-030,PART-9993,2024-02-18,EQ-1030,in_progress,5,9,False
1565,SITE-031,PART-3715,2023-10-22,EQ-2397,open,19,36,False
1566,SITE-067,PART-8448,2026-09-02,EQ-2063,awaiting_parts,13,14,True
1567,SITE-037,PART-4886,2023-09-14,EQ-8977,in_progress,14,24,False
1568,SITE-080,PART-9629,2026-09-09,EQ-9350,completed,9,0,False
1569,SITE-073,PART-9586,2025-05-25,EQ-2949,open,7,6,True
1570,SITE-033,PART-3531,2025-10-24,EQ-5915,in_progress,30,24,False
1571,SITE-003,PART-8974,2024-12-05,EQ-1118,open,9,29,False
1572,SITE-096,PART-7008,2026-03-18,EQ-4228,in_progress,25,34,False
1573,SITE-089,PART-3648,2024-09-25,EQ-7560,deferred,20,29,False
1574,SITE-016,PART-2396,2024-11-14,EQ-3892,open,21,2,False
1575,SITE-060,PART-7690,2023-03-05,EQ-5777,deferred,16,27,False
1576,SITE-013,PART-6412,2025-08-19,EQ-2079,in_progress,24,43,True
1577,SITE-090,PART-3798,2026-10-05,EQ-8342,completed,10,0,False
1578,SITE-055,PART-6618,2026-06-17,EQ-4707,awaiting_parts,14,6,False
1579,SITE-027,PART-7971,2024-11-17,EQ-9280,in_progress,1,28,False
1580,SITE-075,PART-3653,2023-04-05,EQ-1516,awaiting_parts,15,8,False
1581,SITE-064,PART-7606,2023-10-01,EQ-4639,deferred,24,4,False
1582,SITE-028,PART-5704,2024-12-24,EQ-2108,completed,9,0,True
1583,SITE-083,PART-2852,2025-02-02,EQ-5506,completed,6,0,False
1584,SITE-035,PART-6567,2025-04-19,EQ-1861,in_progress,13,15,False
1585,SITE-017,PART-2673,2026-08-15,EQ-6297,in_progress,8,29,False
1586,SITE-032,PART-7746,2023-12-14,EQ-1354,open,20,33,False
1587,SITE-100,PART-4677,2023-02-01,EQ-6304,deferred,21,10,False
1588,SITE-040,PART-1768,2025-10-13,EQ-1182,deferred,21,25,True
1589,SITE-055,PART-3161,2024-01-11,EQ-8921,awaiting_parts,3,13,True
1590,SITE-084,PART-5875,2024-09-14,EQ-1975,in_progress,26,27,False
1591,SITE-011,PART-5115,2023-07-25,EQ-8114,awaiting_parts,15,28,False
1592,SITE-095,PART-2748,2025-05-08,EQ-4984,completed,0,0,False
1593,SITE-067,PART-4942,2026-04-17,EQ-4868,awaiting_parts,10,4,False
1594,SITE-095,PART-6814,2023-07-27,EQ-3158,open,17,9,False
1595,SITE-091,PART-2445,2025-02-21,EQ-5229,awaiting_parts,18,33,False
1596,SITE-055,PART-7036,2023-05-14,EQ-8711,awaiting_parts,15,28,False
1597,SITE-068,PART-7082,2025-09-11,EQ-1240,completed,4,0,False
1598,SITE-019,PART-5415,2023-03-06,EQ-8349,in_progress,28,7,False
1599,SITE-059,PART-9037,2026-07-24,EQ-1510,completed,3,0,True
1600,SITE-074,PART-8084,2025-11-19,EQ-6982,in_progress,4,34,False
1601,SITE-067,PART-8727,2024-09-25,EQ-5291,open,10,31,False
1602,SITE-053,PART-9284,2023-08-18,EQ-5775,open,8,2,False
1603,SITE-093,PART-1768,2026-08-01,EQ-8689,awaiting_parts,9,15,False
1604,SITE-100,PART-8199,2026-07-04,EQ-8579,in_progress,8,42,True
1605,SITE-031,PART-2784,2025-06-10,EQ-3091,awaiting_parts,20,41,False
1606,SITE-072,PART-1710,2026-03-02,EQ-9492,deferred,23,13,False
1607,SITE-058,PART-5018,2023-12-13,EQ-8767,open,12,36,False
1608,SITE-017,PART-9263,2024-10-09,EQ-2106,open,3,13,False
1609,SITE-086,PART-1926,2023-06-04,EQ-9887,awaiting_parts,21,21,False
1610,SITE-046,PART-3276,2023-06-03,EQ-1172,in_progress,10,36,False
1611,SITE-073,PART-5298,2026-08-08,EQ-9334,completed,2,0,False
1612,SITE-077,PART-2665,2026-05-05,EQ-9073,deferred,13,20,False
1613,SITE-082,PART-6766,2025-03-05,EQ-8175,open,17,1,False
1614,SITE-095,PART-4501,2024-04-25,EQ-8613,in_progress,28,2,False
1615,SITE-061,PART-1366,2024-08-09,EQ-5629,in_progress,17,43,False
1616,SITE-046,PART-2434,2024-05-06,EQ-3041,awaiting_parts,18,41,False
1617,SITE-003,PART-2135,2025-05-02,EQ-9691,deferred,17,11,False
1618,SITE-050,PART-8062,2024-01-11,EQ-2324,deferred,26,8,False
1619,SITE-039,PART-3793,2024-05-13,EQ-5307,deferred,29,14,True
1620,SITE-015,PART-7820,2024-09-22,EQ-9358,in_progress,13,32,True
1621,SITE-052,PART-8783,2023-01-16,EQ-7348,completed,1,0,False
1622,SITE-004,PART-7984,2024-05-18,EQ-2032,in_progress,30,20,False
1623,SITE-050,PART-5704,2023-10-09,EQ-9248,open,12,38,False
1624,SITE-093,PART-4055,2025-04-24,EQ-8893,awaiting_parts,6,29,False
1625,SITE-001,PART-5180,2025-10-27,EQ-5297,awaiting_parts,24,27,False
1626,SITE-061,PART-1470,2024-10-26,EQ-8820,awaiting_parts,17,40,False
1627,SITE-033,PART-3729,2025-11-27,EQ-5932,deferred,30,22,False
1628,SITE-083,PART-2739,2025-01-17,EQ-7942,in_progress,23,36,False
1629,SITE-021,PART-3915,2026-07-26,EQ-1011,in_progress,27,39,False
1630,SITE-012,PART-8211,2024-08-08,EQ-9313,in_progress,16,30,False
1631,SITE-001,PART-7431,2023-05-24,EQ-4237,awaiting_parts,10,44,False
1632,SITE-015,PART-2673,2023-08-14,EQ-7603,awaiting_parts,30,25,False
1633,SITE-060,PART-3895,2024-11-15,EQ-2156,completed,10,0,True
1634,SITE-054,PART-3729,2023-06-05,EQ-9826,in_progress,20,40,False
1635,SITE-005,PART-5696,2024-05-09,EQ-3944,completed,7,0,False
1636,SITE-016,PART-3103,2024-10-12,EQ-1814,deferred,19,24,False
1637,SITE-053,PART-9334,2025-04-21,EQ-5604,deferred,12,20,False
1638,SITE-076,PART-4001,2024-10-12,EQ-3629,completed,8,0,True
1639,SITE-016,PART-9648,2025-09-24,EQ-1431,in_progress,17,3,False
1640,SITE-049,PART-7211,2025-01-25,EQ-1270,awaiting_parts,2,11,False
1641,SITE-075,PART-4404,2025-09-24,EQ-7552,in_progress,25,10,True
1642,SITE-077,PART-7672,2026-07-13,EQ-1315,awaiting_parts,19,44,False
1643,SITE-079,PART-4663,2026-07-10,EQ-5443,completed,1,0,False
1644,SITE-034,PART-1142,2026-07-27,EQ-1355,completed,2,0,True
1645,SITE-047,PART-8025,2026-09-11,EQ-8642,completed,0,0,False
1646,SITE-059,PART-4148,2023-12-13,EQ-2048,open,21,36,False
1647,SITE-085,PART-5503,2025-01-16,EQ-1514,completed,3,0,False
1648,SITE-051,PART-3691,2023-08-09,EQ-6975,open,12,43,False
1649,SITE-064,PART-9371,2023-02-03,EQ-3657,completed,7,0,False
1650,SITE-024,PART-5762,2026-09-16,EQ-3599,deferred,29,6,False
1651,SITE-075,PART-7625,2026-12-26,EQ-5907,open,30,17,False
1652,SITE-058,PART-2106,2024-01-14,EQ-2319,in_progress,13,16,True
1653,SITE-041,PART-7321,2025-11-26,EQ-8980,in_progress,18,13,False
1654,SITE-060,PART-5018,2023-01-08,EQ-2441,completed,2,0,False
1655,SITE-032,PART-9337,2025-10-06,EQ-2156,awaiting_parts,20,41,False
1656,SITE-099,PART-1291,2024-08-10,EQ-9331,open,3,32,False
1657,SITE-060,PART-2577,2024-07-15,EQ-7999,completed,6,0,False
1658,SITE-051,PART-6371,2024-08-10,EQ-2318,awaiting_parts,19,32,True
1659,SITE-068,PART-2699,2023-04-19,EQ-3979,deferred,28,7,False
1660,SITE-030,PART-1061,2023-05-20,EQ-3538,in_progress,24,1,False
1661,SITE-046,PART-7416,2024-12-14,EQ-4360,open,8,17,False
1662,SITE-045,PART-2838,2024-12-19,EQ-8016,in_progress,27,7,False
1663,SITE-067,PART-8273,2024-07-18,EQ-7138,deferred,3,28,True
1664,SITE-016,PART-2698,2026-08-22,EQ-1479,deferred,30,27,False
1665,SITE-066,PART-7903,2023-01-01,EQ-5745,deferred,1,16,False
1666,SITE-007,PART-2218,2023-12-28,EQ-9891,open,1,43,False
1667,SITE-089,PART-8727,2026-05-19,EQ-5795,awaiting_parts,23,27,False
1668,SITE-034,PART-2099,2026-12-06,EQ-5727,deferred,14,29,False
1669,SITE-096,PART-7199,2026-10-06,EQ-3155,completed,8,0,False
1670,SITE-060,PART-6709,2023-10-02,EQ-9462,deferred,25,35,False
1671,SITE-028,PART-7785,2024-03-18,EQ-2786,deferred,29,17,False
1672,SITE-091,PART-6615,2025-04-20,EQ-9198,open,13,29,False
1673,SITE-019,PART-3343,2023-05-21,EQ-3886,open,9,29,False
1674,SITE-056,PART-8420,2023-08-17,EQ-7052,open,16,13,False
1675,SITE-068,PART-9451,2025-05-15,EQ-7295,deferred,13,17,False
1676,SITE-008,PART-3691,2026-07-02,EQ-7999,deferred,15,32,False
1677,SITE-098,PART-7428,2023-07-17,EQ-9538,completed,10,0,False
1678,SITE-046,PART-6926,2025-10-23,EQ-2107,deferred,11,4,False
1679,SITE-032,PART-7290,2024-07-25,EQ-9772,open,27,23,False
1680,SITE-042,PART-9320,2026-05-19,EQ-2652,in_progress,1,15,False
1681,SITE-067,PART-6089,2023-12-25,EQ-8539,in_progress,13,16,False
1682,SITE-010,PART-6355,2024-03-27,EQ-4818,deferred,4,11,False
1683,SITE-064,PART-2404,2025-09-14,EQ-7619,deferred,25,33,False
1684,SITE-015,PART-7203,2025-04-02,EQ-3898,in_progress,22,33,False
1685,SITE-051,PART-7413,2026-02-11,EQ-6637,in_progress,22,9,True
1686,SITE-046,PART-1768,2026-08-04,EQ-2542,completed,4,0,False
1687,SITE-016,PART-7345,2024-06-09,EQ-2002,awaiting_parts,10,30,True
1688,SITE-064,PART-6826,2026-05-03,EQ-8061,completed,9,0,True
1689,SITE-067,PART-1376,2024-10-05,EQ-4166,awaiting_parts,12,14,False
1690,SITE-056,PART-2140,2025-03-23,EQ-7636,in_progress,18,22,False
1691,SITE-063,PART-1194,2023-06-11,EQ-9604,open,10,14,False
1692,SITE-065,PART-1715,2025-11-13,EQ-1875,open,23,44,False
1693,SITE-023,PART-5659,2026-01-01,EQ-1267,awaiting_parts,13,20,False
1694,SITE-039,PART-8779,2023-03-01,EQ-1353,in_progress,22,31,False
1695,SITE-092,PART-2116,2024-03-18,EQ-1919,deferred,11,11,False
1696,SITE-011,PART-8194,2024-06-23,EQ-9878,in_progress,5,18,True
1697,SITE-040,PART-2148,2023-03-08,EQ-7110,in_progress,23,4,False
1698,SITE-099,PART-7912,2024-10-18,EQ-5049,completed,8,0,False
1699,SITE-029,PART-2577,2026-12-25,EQ-3252,in_progress,13,1,False
1700,SITE-012,PART-3781,2023-06-24,EQ-9811,completed,3,0,False
1701,SITE-090,PART-1129,2023-06-10,EQ-8266,completed,9,0,False
1702,SITE-019,PART-8194,2023-05-12,EQ-2560,open,3,25,True
1703,SITE-067,PART-6227,2024-01-22,EQ-3011,completed,6,0,False
1704,SITE-007,PART-2036,2026-02-05,EQ-4689,in_progress,29,9,False
1705,SITE-077,PART-8723,2025-07-25,EQ-2996,open,20,41,True
1706,SITE-072,PART-5762,2023-02-26,EQ-4421,in_progress,29,38,False
1707,SITE-039,PART-4215,2024-01-12,EQ-8716,completed,6,0,True
1708,SITE-068,PART-7314,2025-12-27,EQ-5373,completed,0,0,False
1709,SITE-023,PART-1210,2026-10-04,EQ-7555,open,2,15,False
1710,SITE-068,PART-8505,2024-12-12,EQ-8728,open,2,28,False
1711,SITE-002,PART-8427,2026-09-16,EQ-5338,deferred,9,33,False
1712,SITE-028,PART-3289,2025-11-21,EQ-5633,in_progress,18,20,False
1713,SITE-004,PART-2830,2023-05-18,EQ-4435,in_progress,10,26,False
1714,SITE-069,PART-3182,2024-02-14,EQ-8154,in_progress,21,36,False
1715,SITE-013,PART-2416,2024-06-10,EQ-7325,deferred,6,29,False
1716,SITE-024,PART-3653,2026-01-21,EQ-5353,completed,9,0,True
1717,SITE-054,PART-5319,2025-08-14,EQ-6520,completed,7,0,False
1718,SITE-065,PART-5588,2023-03-21,EQ-7493,completed,4,0,False
1719,SITE-100,PART-8779,2026-06-25,EQ-3594,awaiting_parts,11,34,False
1720,SITE-005,PART-4543,2026-04-06,EQ-5828,deferred,17,2,False
1721,SITE-094,PART-5771,2023-01-22,EQ-8480,awaiting_parts,3,8,True
1722,SITE-019,PART-6762,2024-09-01,EQ-7407,awaiting_parts,28,43,False
1723,SITE-012,PART-3646,2024-10-26,EQ-7744,completed,3,0,True
1724,SITE-004,PART-1049,2024-05-01,EQ-3210,awaiting_parts,23,44,False
1725,SITE-018,PART-7213,2025-04-15,EQ-2733,completed,5,0,False
1726,SITE-023,PART-7282,2023-02-25,EQ-7167,open,22,33,True
1727,SITE-059,PART-3333,2023-11-23,EQ-6010,in_progress,30,16,False
1728,SITE-087,PART-6908,2023-11-22,EQ-4336,completed,4,0,False
1729,SITE-068,PART-2773,2023-08-15,EQ-7794,open,21,17,False
1730,SITE-047,PART-9334,2023-12-26,EQ-1018,in_progress,7,29,False
1731,SITE-039,PART-6031,2024-11-03,EQ-7499,in_progress,9,42,False
1732,SITE-047,PART-2946,2025-10-06,EQ-1442,completed,1,0,False
1733,SITE-086,PART-5961,2023-11-07,EQ-1044,in_progress,13,23,False
1734,SITE-062,PART-7232,2025-11-24,EQ-2300,open,6,10,False
1735,SITE-034,PART-1817,2023-10-18,EQ-4078,awaiting_parts,13,30,False
1736,SITE-047,PART-3290,2023-01-04,EQ-2684,in_progress,24,26,False
1737,SITE-072,PART-8322,2023-11-16,EQ-1364,open,28,37,True
1738,SITE-059,PART-1926,2025-08-12,EQ-2063,in_progress,7,13,False
1739,SITE-028,PART-9272,2024-03-17,EQ-5988,deferred,14,37,True
1740,SITE-094,PART-1777,2026-06-17,EQ-7148,awaiting_parts,16,17,False
1741,SITE-081,PART-1783,2023-05-06,EQ-2865,in_progress,20,45,False
1742,SITE-079,PART-4804,2024-01-02,EQ-2678,in_progress,23,23,False
1743,SITE-062,PART-7203,2025-05-13,EQ-7853,in_progress,21,42,False
1744,SITE-059,PART-2122,2026-02-04,EQ-3016,in_progress,19,14,False
1745,SITE-062,PART-9194,2025-08-27,EQ-5704,deferred,25,6,False
1746,SITE-015,PART-4112,2024-10-07,EQ-4823,completed,5,0,False
1747,SITE-013,PART-5214,2023-05-16,EQ-8920,open,2,27,False
1748,SITE-071,PART-2269,2023-05-09,EQ-9615,in_progress,25,28,False
1749,SITE-034,PART-1134,2024-04-12,EQ-1850,in_progress,7,39,False
1750,SITE-074,PART-3201,2026-10-27,EQ-3168,awaiting_parts,9,10,False
1751,SITE-091,PART-2897,2023-04-09,EQ-9025,open,5,8,True
1752,SITE-042,PART-7250,2025-07-08,EQ-9936,deferred,26,9,False
1753,SITE-056,PART-7036,2025-05-28,EQ-2152,open,1,23,False
1754,SITE-034,PART-2952,2026-02-04,EQ-6498,completed,5,0,False
1755,SITE-076,PART-1456,2023-04-09,EQ-1851,awaiting_parts,22,14,False
1756,SITE-059,PART-4872,2026-07-19,EQ-5319,awaiting_parts,3,7,False
1757,SITE-084,PART-2189,2023-07-17,EQ-7778,in_progress,23,10,False
1758,SITE-039,PART-2683,2023-02-21,EQ-5959,awaiting_parts,27,6,False
1759,SITE-041,PART-1236,2026-02-15,EQ-8800,open,19,34,False
1760,SITE-082,PART-7634,2024-01-26,EQ-1059,open,17,34,False
1761,SITE-062,PART-8723,2026-08-24,EQ-8134,deferred,26,19,False
1762,SITE-066,PART-6371,2023-06-06,EQ-6389,open,12,36,False
1763,SITE-095,PART-7136,2025-12-18,EQ-1089,in_progress,26,17,False
1764,SITE-039,PART-7949,2026-04-08,EQ-4775,awaiting_parts,18,21,False
1765,SITE-040,PART-5652,2023-12-02,EQ-4281,open,17,9,False
1766,SITE-026,PART-9754,2024-09-02,EQ-5210,deferred,24,15,False
1767,SITE-082,PART-5121,2023-04-11,EQ-4239,in_progress,10,28,False
1768,SITE-088,PART-8496,2024-03-10,EQ-1953,deferred,17,26,False
1769,SITE-100,PART-7210,2025-08-06,EQ-2228,in_progress,2,33,False
1770,SITE-024,PART-4450,2026-06-20,EQ-8064,completed,9,0,False
1771,SITE-002,PART-9288,2026-06-11,EQ-8772,deferred,20,38,False
1772,SITE-011,PART-5298,2024-04-07,EQ-6421,completed,1,0,False
1773,SITE-060,PART-6140,2023-09-11,EQ-7734,in_progress,30,19,False
1774,SITE-052,PART-9293,2026-09-17,EQ-1718,deferred,7,33,False
1775,SITE-066,PART-6492,2025-09-06,EQ-1961,open,24,36,False
1776,SITE-077,PART-2189,2025-04-11,EQ-6074,in_progress,4,21,False
1777,SITE-094,PART-2116,2024-05-08,EQ-1637,in_progress,4,24,False
1778,SITE-044,PART-9128,2026-10-28,EQ-2978,in_progress,26,15,False
1779,SITE-054,PART-9634,2024-05-06,EQ-2839,in_progress,24,8,False
1780,SITE-089,PART-1647,2025-08-08,EQ-2866,open,10,8,False
1781,SITE-086,PART-6209,2023-01-17,EQ-6420,completed,4,0,False
1782,SITE-002,PART-6391,2026-10-10,EQ-8644,open,25,26,False
1783,SITE-055,PART-3646,2024-04-11,EQ-7740,deferred,15,34,False
1784,SITE-057,PART-8505,2025-10-23,EQ-8174,awaiting_parts,19,2,False
1785,SITE-077,PART-6926,2024-08-11,EQ-1752,awaiting_parts,19,17,False
1786,SITE-075,PART-7935,2023-11-14,EQ-1776,deferred,22,35,False
1787,SITE-040,PART-2125,2024-07-21,EQ-2840,awaiting_parts,22,9,False
1788,SITE-074,PART-6903,2024-09-11,EQ-8390,completed,2,0,False
1789,SITE-030,PART-3684,2024-06-10,EQ-1761,completed,10,0,False
1790,SITE-036,PART-8727,2023-11-22,EQ-7782,open,20,24,False
1791,SITE-100,PART-8451,2024-05-09,EQ-6423,completed,5,0,False
1792,SITE-022,PART-5873,2026-10-04,EQ-1968,open,23,33,False
1793,SITE-089,PART-2826,2024-01-20,EQ-8592,in_progress,9,35,False
1794,SITE-017,PART-1376,2025-10-28,EQ-7758,completed,3,0,False
1795,SITE-054,PART-6089,2023-09-26,EQ-1824,open,1,22,False
1796,SITE-076,PART-5781,2026-04-12,EQ-1142,completed,9,0,False
1797,SITE-043,PART-8322,2025-07-15,EQ-9035,deferred,19,11,True
1798,SITE-080,PART-4335,2024-11-19,EQ-6746,awaiting_parts,26,44,False
1799,SITE-072,PART-2773,2024-05-13,EQ-7942,open,17,44,False
1800,SITE-002,PART-5298,2025-11-04,EQ-4536,deferred,14,28,True
1801,SITE-075,PART-2422,2025-10-12,EQ-1950,open,13,1,False
1802,SITE-033,PART-7977,2024-11-13,EQ-9736,in_progress,5,27,True
1803,SITE-005,PART-9948,2026-04-26,EQ-1799,deferred,2,13,False
1804,SITE-034,PART-9077,2026-11-09,EQ-6189,deferred,1,31,False
1805,SITE-075,PART-7833,2025-07-15,EQ-9396,awaiting_parts,16,33,False
1806,SITE-092,PART-8396,2026-05-10,EQ-7752,completed,0,0,True
1807,SITE-043,PART-3343,2024-02-10,EQ-4735,open,23,24,False
1808,SITE-041,PART-2451,2024-12-25,EQ-6027,deferred,22,18,False
1809,SITE-062,PART-3729,2025-05-22,EQ-6968,awaiting_parts,6,4,False
1810,SITE-017,PART-2283,2024-06-04,EQ-7027,in_progress,10,38,False
1811,SITE-070,PART-1358,2024-03-24,EQ-7089,deferred,7,38,False
1812,SITE-039,PART-5401,2024-03-25,EQ-4723,deferred,19,16,False
1813,SITE-092,PART-4804,2024-10-07,EQ-6828,completed,2,0,False
1814,SITE-033,PART-5696,2026-11-05,EQ-4485,in_progress,20,20,False
1815,SITE-014,PART-4518,2024-02-04,EQ-6134,deferred,20,24,True
1816,SITE-021,PART-7136,2025-08-03,EQ-4640,completed,4,0,False
1817,SITE-029,PART-5999,2024-12-25,EQ-8823,in_progress,19,9,False
1818,SITE-061,PART-2698,2024-01-07,EQ-9352,open,8,22,False
1819,SITE-013,PART-3691,2026-01-11,EQ-3969,in_progress,23,2,False
1820,SITE-010,PART-1700,2025-09-22,EQ-3946,open,6,35,False
1821,SITE-014,PART-5762,2026-06-28,EQ-9499,in_progress,13,11,True
1822,SITE-021,PART-8896,2026-03-20,EQ-1298,awaiting_parts,14,36,False
1823,SITE-003,PART-5100,2023-10-04,EQ-6046,deferred,30,38,False
1824,SITE-054,PART-7067,2026-02-13,EQ-4851,completed,4,0,False
1825,SITE-096,PART-8714,2025-07-16,EQ-7391,awaiting_parts,10,10,False
1826,SITE-084,PART-3133,2023-05-28,EQ-8937,deferred,3,16,True
1827,SITE-082,PART-1088,2025-04-12,EQ-8461,awaiting_parts,4,31,False
1828,SITE-098,PART-6113,2025-08-22,EQ-1800,awaiting_parts,13,42,True
1829,SITE-023,PART-8500,2025-10-11,EQ-2852,completed,6,0,True
1830,SITE-059,PART-3064,2025-08-24,EQ-1748,awaiting_parts,26,16,False
1831,SITE-022,PART-7431,2024-04-13,EQ-6930,in_progress,6,6,False
1832,SITE-017,PART-6618,2025-05-26,EQ-3683,in_progress,4,8,False
1833,SITE-004,PART-8523,2026-07-01,EQ-3520,deferred,4,36,False
1834,SITE-006,PART-2127,2025-08-08,EQ-1152,awaiting_parts,9,5,False
1835,SITE-036,PART-2415,2025-10-24,EQ-9992,completed,6,0,False
1836,SITE-058,PART-4335,2024-07-19,EQ-3898,open,15,42,False
1837,SITE-058,PART-4092,2026-10-19,EQ-7966,in_progress,9,30,False
1838,SITE-028,PART-5648,2024-12-17,EQ-4046,awaiting_parts,8,25,False
1839,SITE-059,PART-8555,2024-04-22,EQ-9282,open,12,45,False
1840,SITE-071,PART-1613,2025-11-22,EQ-5728,in_progress,10,45,False
1841,SITE-084,PART-6926,2024-03-15,EQ-3383,open,13,13,False
1842,SITE-094,PART-5115,2023-02-27,EQ-5961,in_progress,27,28,False
1843,SITE-070,PART-1283,2025-06-22,EQ-7235,awaiting_parts,2,4,False
1844,SITE-093,PART-1228,2023-11-20,EQ-4722,in_progress,17,15,False
1845,SITE-011,PART-3274,2026-04-05,EQ-7760,open,17,4,False
1846,SITE-086,PART-3276,2026-08-21,EQ-6000,awaiting_parts,28,3,False
1847,SITE-071,PART-4752,2023-11-12,EQ-6578,awaiting_parts,17,44,False
1848,SITE-001,PART-1456,2023-06-27,EQ-2275,awaiting_parts,17,23,False
1849,SITE-043,PART-2046,2026-02-17,EQ-1046,open,6,31,True
1850,SITE-065,PART-7949,2025-10-01,EQ-1191,open,14,15,False
1851,SITE-058,PART-6947,2025-11-27,EQ-9667,deferred,2,18,False
1852,SITE-052,PART-3285,2025-03-02,EQ-5755,awaiting_parts,17,14,False
1853,SITE-097,PART-5503,2025-03-22,EQ-7232,awaiting_parts,30,9,False
1854,SITE-080,PART-7758,2024-07-24,EQ-2197,awaiting_parts,29,43,False
1855,SITE-093,PART-5046,2023-01-19,EQ-8192,awaiting_parts,7,10,False
1856,SITE-052,PART-2036,2024-01-02,EQ-3904,in_progress,10,40,False
1857,SITE-032,PART-2733,2023-12-13,EQ-8166,in_progress,19,32,False
1858,SITE-085,PART-6567,2025-07-26,EQ-9156,in_progress,29,34,False
1859,SITE-047,PART-4999,2023-01-27,EQ-4974,open,29,32,False
1860,SITE-089,PART-1591,2026-11-08,EQ-7470,deferred,15,4,False
1861,SITE-041,PART-7203,2026-10-08,EQ-2386,awaiting_parts,23,17,False
1862,SITE-042,PART-2973,2023-11-26,EQ-2064,awaiting_parts,20,33,False
1863,SITE-078,PART-4829,2024-05-14,EQ-9205,completed,5,0,False
1864,SITE-073,PART-6618,2026-03-19,EQ-1534,deferred,19,36,False
1865,SITE-057,PART-8746,2024-10-06,EQ-6996,in_progress,23,6,False
1866,SITE-071,PART-2799,2023-10-11,EQ-9659,in_progress,2,43,False
1867,SITE-054,PART-5183,2024-06-28,EQ-4163,open,11,26,False
1868,SITE-062,PART-8555,2023-10-17,EQ-4367,awaiting_parts,25,9,False
1869,SITE-016,PART-4084,2025-01-28,EQ-4184,awaiting_parts,18,11,False
1870,SITE-006,PART-8214,2023-05-06,EQ-1805,awaiting_parts,20,41,False
1871,SITE-006,PART-5214,2024-09-08,EQ-9072,open,14,17,False
1872,SITE-005,PART-8876,2024-12-07,EQ-5292,in_progress,11,22,False
1873,SITE-007,PART-3819,2024-04-27,EQ-5393,deferred,23,6,False
1874,SITE-075,PART-2852,2023-10-19,EQ-3522,open,29,39,False
1875,SITE-014,PART-6766,2023-02-15,EQ-9999,completed,9,0,False
1876,SITE-092,PART-5037,2025-12-03,EQ-8119,completed,4,0,True
1877,SITE-079,PART-9371,2023-02-28,EQ-6678,in_progress,30,22,False
1878,SITE-074,PART-9795,2024-01-24,EQ-1454,completed,3,0,False
1879,SITE-069,PART-3781,2023-01-12,EQ-5791,in_progress,6,35,True
1880,SITE-040,PART-2505,2023-02-25,EQ-7485,deferred,23,31,False
1881,SITE-034,PART-6330,2023-01-26,EQ-2021,deferred,20,35,True
1882,SITE-062,PART-2341,2026-07-03,EQ-1837,awaiting_parts,27,31,False
1883,SITE-080,PART-5133,2024-12-17,EQ-1495,in_progress,16,5,False
1884,SITE-053,PART-1506,2025-01-24,EQ-2744,in_progress,14,40,False
1885,SITE-007,PART-7984,2025-04-17,EQ-5298,open,3,18,False
1886,SITE-081,PART-7584,2024-07-06,EQ-8091,open,13,4,False
1887,SITE-027,PART-3504,2024-05-28,EQ-6535,completed,0,0,True
1888,SITE-015,PART-6442,2024-12-06,EQ-3226,open,20,14,False
1889,SITE-032,PART-6975,2023-03-19,EQ-7008,open,4,1,False
1890,SITE-073,PART-6112,2025-10-15,EQ-2912,awaiting_parts,21,39,False
1891,SITE-019,PART-8355,2025-01-28,EQ-1145,open,7,5,False
1892,SITE-005,PART-9165,2024-10-08,EQ-6746,completed,7,0,False
1893,SITE-005,PART-7599,2025-05-23,EQ-9265,completed,8,0,False
1894,SITE-038,PART-4215,2023-11-08,EQ-6582,open,12,39,False
1895,SITE-084,PART-6719,2024-06-16,EQ-7617,in_progress,13,38,False
1896,SITE-073,PART-1456,2024-09-26,EQ-4453,completed,2,0,False
1897,SITE-046,PART-6991,2026-04-21,EQ-4052,in_progress,2,37,False
1898,SITE-088,PART-7298,2024-01-15,EQ-4317,awaiting_parts,9,23,False
1899,SITE-024,PART-7237,2024-06-27,EQ-9632,deferred,5,39,False
1900,SITE-017,PART-8593,2026-06-13,EQ-2020,open,14,21,False
1901,SITE-043,PART-1892,2023-08-13,EQ-8021,awaiting_parts,2,44,True
1902,SITE-050,PART-5646,2024-03-19,EQ-4337,deferred,29,2,False
1903,SITE-090,PART-9309,2024-08-05,EQ-4461,awaiting_parts,1,23,False
1904,SITE-098,PART-7785,2025-09-22,EQ-7789,deferred,18,3,False
1905,SITE-065,PART-9586,2025-12-06,EQ-4716,in_progress,17,31,True
1906,SITE-068,PART-1503,2023-12-02,EQ-8910,awaiting_parts,29,6,False
1907,SITE-073,PART-8555,2026-11-13,EQ-3925,open,19,2,False
1908,SITE-040,PART-2394,2025-06-18,EQ-6414,completed,2,0,False
1909,SITE-082,PART-4655,2025-08-23,EQ-2780,deferred,16,23,False
1910,SITE-069,PART-1921,2023-07-28,EQ-7365,open,22,6,False
1911,SITE-030,PART-1987,2025-08-10,EQ-8980,awaiting_parts,7,32,False
1912,SITE-029,PART-7156,2023-07-28,EQ-8719,awaiting_parts,30,23,False
1913,SITE-019,PART-7559,2024-05-13,EQ-9308,deferred,5,12,False
1914,SITE-064,PART-6327,2026-10-23,EQ-9133,deferred,8,1,False
1915,SITE-020,PART-5784,2025-08-03,EQ-6334,awaiting_parts,8,21,False
1916,SITE-098,PART-3435,2023-05-21,EQ-4065,in_progress,16,22,False
1917,SITE-021,PART-6492,2025-06-22,EQ-8510,awaiting_parts,26,23,False
1918,SITE-066,PART-1147,2025-11-07,EQ-8244,open,12,2,False
1919,SITE-095,PART-2733,2025-06-02,EQ-4513,deferred,27,23,False
1920,SITE-022,PART-5298,2026-03-27,EQ-2259,in_progress,1,41,False
1921,SITE-035,PART-2526,2023-12-08,EQ-8400,in_progress,20,43,False
1922,SITE-076,PART-7578,2024-05-16,EQ-8507,awaiting_parts,5,13,False
1923,SITE-089,PART-9118,2024-05-10,EQ-3452,open,1,14,False
1924,SITE-075,PART-8384,2026-07-24,EQ-9249,open,16,22,True
1925,SITE-044,PART-6894,2025-07-04,EQ-8037,completed,4,0,False
1926,SITE-088,PART-3209,2025-02-08,EQ-6571,completed,0,0,False
1927,SITE-034,PART-2148,2025-05-25,EQ-6541,completed,2,0,False
1928,SITE-017,PART-4547,2026-12-20,EQ-4727,awaiting_parts,15,3,False
1929,SITE-096,PART-3472,2026-10-14,EQ-3880,in_progress,14,38,False
1930,SITE-058,PART-6330,2025-11-05,EQ-7277,awaiting_parts,4,42,False
1931,SITE-060,PART-2622,2024-06-28,EQ-7513,open,23,6,True
1932,SITE-096,PART-3172,2023-01-25,EQ-8645,in_progress,26,27,False
1933,SITE-027,PART-2127,2025-09-18,EQ-6192,open,16,9,False
1934,SITE-032,PART-5193,2024-12-17,EQ-6671,open,1,7,False
1935,SITE-009,PART-7087,2024-05-27,EQ-5522,completed,0,0,False
1936,SITE-048,PART-8355,2025-11-28,EQ-1696,in_progress,15,31,False
1937,SITE-019,PART-2305,2026-08-28,EQ-8982,deferred,24,2,False
1938,SITE-065,PART-2830,2026-03-07,EQ-2811,awaiting_parts,5,5,False
1939,SITE-074,PART-7425,2023-10-07,EQ-9782,awaiting_parts,11,3,False
1940,SITE-040,PART-2189,2025-01-26,EQ-6708,open,21,17,False
1941,SITE-095,PART-5898,2026-03-18,EQ-8878,awaiting_parts,16,36,False
1942,SITE-077,PART-7767,2025-05-07,EQ-6014,in_progress,19,31,False
1943,SITE-092,PART-2391,2025-10-10,EQ-2813,in_progress,10,45,False
1944,SITE-046,PART-2970,2024-03-04,EQ-8950,awaiting_parts,10,40,False
1945,SITE-099,PART-8746,2023-04-02,EQ-6889,open,16,38,False
1946,SITE-043,PART-8195,2026-12-17,EQ-3999,completed,7,0,True
1947,SITE-087,PART-7444,2026-12-17,EQ-1275,open,1,24,False
1948,SITE-027,PART-7505,2023-02-15,EQ-8971,deferred,16,12,False
1949,SITE-075,PART-7156,2025-12-11,EQ-8936,open,25,32,False
1950,SITE-023,PART-8254,2023-04-01,EQ-3153,open,5,12,False
1951,SITE-092,PART-7104,2025-12-22,EQ-4164,completed,8,0,False
1952,SITE-042,PART-7202,2024-11-28,EQ-2199,open,22,25,False
1953,SITE-009,PART-9204,2025-12-04,EQ-1375,awaiting_parts,25,5,False
1954,SITE-038,PART-6805,2025-06-08,EQ-4746,in_progress,9,37,False
1955,SITE-094,PART-6826,2024-05-09,EQ-6895,awaiting_parts,1,15,False
1956,SITE-019,PART-5200,2026-05-15,EQ-8697,awaiting_parts,10,27,False
1957,SITE-058,PART-3290,2025-12-22,EQ-1961,in_progress,6,36,False
1958,SITE-021,PART-6567,2023-03-19,EQ-9921,completed,1,0,True
1959,SITE-005,PART-6951,2026-11-12,EQ-4833,deferred,10,10,False
1960,SITE-034,PART-1228,2026-08-12,EQ-1011,awaiting_parts,8,21,False
1961,SITE-001,PART-9121,2025-08-25,EQ-4359,open,7,14,True
1962,SITE-051,PART-7524,2025-11-01,EQ-1121,awaiting_parts,15,44,False
1963,SITE-088,PART-2733,2026-07-13,EQ-6657,deferred,13,20,False
1964,SITE-046,PART-1214,2025-04-08,EQ-3601,deferred,24,3,True
1965,SITE-061,PART-6072,2025-08-07,EQ-5595,completed,3,0,False
1966,SITE-090,PART-3246,2026-03-13,EQ-2795,awaiting_parts,17,34,False
1967,SITE-071,PART-2896,2023-12-26,EQ-5090,in_progress,14,23,False
1968,SITE-053,PART-1926,2024-08-16,EQ-3568,awaiting_parts,20,18,False
1969,SITE-089,PART-9119,2025-01-17,EQ-6140,completed,4,0,False
1970,SITE-032,PART-3291,2024-07-03,EQ-1936,open,8,12,False
1971,SITE-091,PART-6826,2025-09-22,EQ-1341,awaiting_parts,1,6,False
1972,SITE-057,PART-9077,2023-02-03,EQ-5292,open,7,3,False
1973,SITE-002,PART-8505,2025-03-26,EQ-6303,open,28,41,False
1974,SITE-049,PART-6975,2023-06-28,EQ-1487,awaiting_parts,21,5,False
1975,SITE-092,PART-9632,2025-07-14,EQ-1338,in_progress,4,23,False
1976,SITE-057,PART-2477,2026-12-08,EQ-6805,deferred,11,23,False
1977,SITE-033,PART-5460,2024-06-16,EQ-6219,awaiting_parts,24,15,False
1978,SITE-035,PART-6112,2025-06-06,EQ-7018,open,13,37,False
1979,SITE-092,PART-3009,2023-01-12,EQ-8093,open,13,4,False
1980,SITE-044,PART-3109,2024-07-02,EQ-7005,deferred,7,3,False
1981,SITE-047,PART-9511,2025-11-19,EQ-8020,awaiting_parts,7,22,False
1982,SITE-070,PART-9374,2026-07-14,EQ-1775,in_progress,8,25,False
1983,SITE-071,PART-4215,2025-09-21,EQ-4401,in_progress,20,41,False
1984,SITE-035,PART-5401,2023-09-04,EQ-8875,completed,6,0,True
1985,SITE-066,PART-7767,2023-03-09,EQ-3051,awaiting_parts,19,1,False
1986,SITE-060,PART-1613,2023-05-02,EQ-1865,open,24,1,False
1987,SITE-045,PART-9948,2025-02-26,EQ-8685,in_progress,17,1,False
1988,SITE-090,PART-2396,2026-09-26,EQ-6384,in_progress,11,17,False
1989,SITE-044,PART-4448,2025-04-08,EQ-2858,in_progress,11,39,False
1990,SITE-078,PART-6615,2024-08-03,EQ-9673,in_progress,1,34,False
1991,SITE-028,PART-9558,2026-10-09,EQ-3502,completed,0,0,False
1992,SITE-043,PART-3739,2024-10-16,EQ-8786,awaiting_parts,14,11,False
1993,SITE-002,PART-8768,2025-11-03,EQ-8932,deferred,28,29,False
1994,SITE-059,PART-1816,2025-10-11,EQ-3719,in_progress,5,4,False
1995,SITE-097,PART-4181,2025-06-13,EQ-2390,awaiting_parts,26,10,False
1996,SITE-084,PART-3009,2024-07-13,EQ-9295,open,1,7,False
1997,SITE-055,PART-4694,2026-08-08,EQ-4880,completed,1,0,True
1998,SITE-099,PART-9329,2024-02-12,EQ-9350,deferred,3,27,False
1999,SITE-061,PART-9293,2023-12-28,EQ-5747,awaiting_parts,6,12,False
2000,SITE-072,PART-7442,2023-07-03,EQ-1603,completed,1,0,False
2001,SITE-008,PART-7082,2024-04-08,EQ-3930,completed,7,0,False
2002,SITE-029,PART-7181,2023-08-16,EQ-8707,in_progress,19,44,False
2003,SITE-040,PART-5749,2026-01-02,EQ-5471,in_progress,24,27,False
2004,SITE-064,PART-7785,2023-07-19,EQ-3146,completed,6,0,True
2005,SITE-065,PART-1142,2023-04-05,EQ-7216,awaiting_parts,1,3,False
2006,SITE-059,PART-6615,2025-03-08,EQ-1546,awaiting_parts,9,10,False
2007,SITE-021,PART-3360,2025-12-07,EQ-1403,in_progress,27,24,False
2008,SITE-091,PART-3333,2023-05-22,EQ-5771,in_progress,3,22,True
2009,SITE-015,PART-1402,2023-04-16,EQ-7004,open,28,39,True
2010,SITE-045,PART-3548,2026-07-14,EQ-5456,open,26,17,False
2011,SITE-013,PART-5828,2024-03-21,EQ-7729,completed,7,0,False
2012,SITE-076,PART-6162,2024-05-18,EQ-6458,open,10,28,False
2013,SITE-081,PART-5781,2023-03-25,EQ-4359,in_progress,2,27,False
2014,SITE-046,PART-9856,2025-10-08,EQ-6185,open,28,18,False
2015,SITE-013,PART-4999,2024-06-09,EQ-5361,deferred,5,6,False
2016,SITE-063,PART-3257,2025-03-01,EQ-9204,completed,8,0,False
2017,SITE-084,PART-7121,2024-07-19,EQ-9386,awaiting_parts,28,36,False
2018,SITE-092,PART-3015,2023-08-12,EQ-1254,in_progress,23,20,True
2019,SITE-054,PART-3457,2026-01-28,EQ-2977,deferred,8,45,False
2020,SITE-061,PART-5148,2025-06-26,EQ-1267,open,24,12,False
2021,SITE-021,PART-6069,2024-01-15,EQ-9163,deferred,18,14,True
2022,SITE-079,PART-3879,2025-04-25,EQ-9452,in_progress,13,26,False
2023,SITE-029,PART-7902,2026-11-14,EQ-8808,open,11,27,False
2024,SITE-052,PART-2305,2026-01-16,EQ-2003,awaiting_parts,8,15,True
2025,SITE-095,PART-7608,2024-08-20,EQ-3622,completed,9,0,False
2026,SITE-017,PART-9204,2025-05-16,EQ-5992,deferred,3,2,False
2027,SITE-057,PART-3349,2023-04-02,EQ-9039,open,23,44,False
2028,SITE-079,PART-2036,2023-08-22,EQ-9046,awaiting_parts,8,38,False
2029,SITE-029,PART-3333,2025-01-02,EQ-3654,open,6,31,False
2030,SITE-045,PART-7942,2025-04-14,EQ-7637,in_progress,21,3,False
2031,SITE-038,PART-4846,2023-05-12,EQ-1943,deferred,11,7,False
2032,SITE-018,PART-5873,2025-07-24,EQ-5863,in_progress,27,17,False
2033,SITE-040,PART-3602,2023-10-05,EQ-7476,in_progress,27,38,False
2034,SITE-074,PART-9921,2023-05-05,EQ-8254,completed,8,0,False
2035,SITE-043,PART-2099,2023-11-26,EQ-5020,open,25,12,False
2036,SITE-030,PART-8199,2024-05-06,EQ-4943,completed,4,0,False
2037,SITE-005,PART-2802,2026-07-09,EQ-3410,open,12,40,False
2038,SITE-021,PART-1142,2023-12-15,EQ-6977,in_progress,5,33,False
2039,SITE-001,PART-2416,2024-08-17,EQ-9789,awaiting_parts,10,19,False
2040,SITE-009,PART-3822,2024-01-18,EQ-1011,open,1,3,False
2041,SITE-069,PART-7563,2024-03-28,EQ-6347,completed,7,0,False
2042,SITE-054,PART-6586,2024-02-10,EQ-5961,in_progress,21,12,True
2043,SITE-056,PART-4320,2024-10-01,EQ-7145,awaiting_parts,11,27,False
2044,SITE-085,PART-1816,2026-11-07,EQ-1786,in_progress,3,24,False
2045,SITE-040,PART-9334,2026-06-25,EQ-9881,open,3,38,False
2046,SITE-035,PART-9106,2025-04-11,EQ-3823,in_progress,7,31,False
2047,SITE-004,PART-1228,2025-05-17,EQ-4354,deferred,22,9,False
2048,SITE-034,PART-3811,2025-08-16,EQ-5626,in_progress,4,25,False
2049,SITE-077,PART-8823,2026-03-24,EQ-7745,awaiting_parts,24,32,False
2050,SITE-061,PART-4354,2024-11-07,EQ-3222,awaiting_parts,14,37,False
2051,SITE-074,PART-5771,2024-10-03,EQ-5708,deferred,1,26,False
2052,SITE-010,PART-1228,2024-07-13,EQ-2845,awaiting_parts,20,22,False
2053,SITE-027,PART-7486,2026-11-15,EQ-9654,deferred,7,31,False
2054,SITE-054,PART-5846,2023-11-18,EQ-7577,in_progress,26,7,False
2055,SITE-029,PART-8537,2026-11-02,EQ-3707,open,18,33,False
2056,SITE-037,PART-2748,2025-07-12,EQ-9239,deferred,4,28,True
2057,SITE-078,PART-9077,2026-11-25,EQ-5943,deferred,16,8,False
2058,SITE-028,PART-2148,2025-08-25,EQ-9431,open,28,13,False
2059,SITE-092,PART-8156,2026-11-20,EQ-6700,deferred,15,22,False
2060,SITE-096,PART-1873,2024-09-13,EQ-6299,deferred,10,13,False
2061,SITE-032,PART-1724,2024-05-14,EQ-8449,open,15,36,False
2062,SITE-043,PART-8727,2023-05-23,EQ-1625,deferred,12,19,False
2063,SITE-009,PART-8959,2023-05-18,EQ-2349,deferred,3,28,False
2064,SITE-033,PART-3959,2025-11-07,EQ-8971,completed,2,0,False
2065,SITE-044,PART-4603,2024-02-12,EQ-9015,in_progress,18,43,False
2066,SITE-085,PART-8474,2026-05-10,EQ-6996,awaiting_parts,2,21,False
2067,SITE-019,PART-8254,2023-09-07,EQ-7036,open,5,5,False
2068,SITE-058,PART-9204,2026-04-22,EQ-7887,in_progress,4,30,False
2069,SITE-003,PART-9883,2024-02-25,EQ-5779,completed,1,0,False
2070,SITE-010,PART-8194,2023-02-27,EQ-4746,in_progress,10,9,False
2071,SITE-002,PART-2699,2025-12-24,EQ-4832,in_progress,7,41,False
2072,SITE-041,PART-2758,2026-06-18,EQ-7831,deferred,28,29,False
2073,SITE-097,PART-2974,2025-04-21,EQ-4754,in_progress,16,41,False
2074,SITE-005,PART-5534,2025-05-20,EQ-2870,in_progress,5,20,False
2075,SITE-031,PART-3731,2025-03-09,EQ-2619,deferred,15,37,False
2076,SITE-048,PART-8987,2023-01-14,EQ-4611,completed,6,0,False
2077,SITE-063,PART-1088,2023-01-24,EQ-1918,awaiting_parts,26,44,False
2078,SITE-064,PART-5875,2025-11-16,EQ-7358,open,13,42,False
2079,SITE-021,PART-4844,2026-10-08,EQ-6884,in_progress,11,16,False
2080,SITE-015,PART-2434,2023-11-18,EQ-4370,awaiting_parts,21,29,False
2081,SITE-092,PART-7121,2026-03-07,EQ-1673,in_progress,26,19,False
2082,SITE-055,PART-6618,2023-09-22,EQ-2287,deferred,7,16,False
2083,SITE-026,PART-6709,2026-06-15,EQ-1932,awaiting_parts,22,13,False
2084,SITE-028,PART-1061,2026-03-27,EQ-2659,awaiting_parts,24,15,False
2085,SITE-048,PART-1138,2025-05-21,EQ-9152,completed,9,0,False
2086,SITE-029,PART-5238,2025-03-14,EQ-6354,awaiting_parts,5,40,False
2087,SITE-004,PART-8143,2025-07-04,EQ-8893,awaiting_parts,5,42,False
2088,SITE-052,PART-2281,2023-11-11,EQ-5781,awaiting_parts,28,39,False
2089,SITE-071,PART-6542,2024-07-25,EQ-4335,open,27,27,False
2090,SITE-087,PART-9334,2025-09-04,EQ-4759,deferred,5,2,False
2091,SITE-010,PART-1744,2023-09-08,EQ-2810,completed,7,0,False
2092,SITE-023,PART-2963,2023-12-26,EQ-2126,open,5,29,True
2093,SITE-087,PART-8896,2026-03-26,EQ-6270,in_progress,10,13,False
2094,SITE-008,PART-9181,2024-08-13,EQ-8149,deferred,29,20,False
2095,SITE-095,PART-2135,2024-11-25,EQ-4073,awaiting_parts,28,12,True
2096,SITE-074,PART-9121,2025-04-07,EQ-7791,deferred,24,1,False
2097,SITE-096,PART-5073,2023-07-04,EQ-9993,deferred,25,43,False
2098,SITE-083,PART-1503,2024-01-19,EQ-4207,in_progress,9,11,False
2099,SITE-072,PART-8780,2023-04-27,EQ-5754,in_progress,15,28,True
2100,SITE-027,PART-7820,2023-11-15,EQ-1710,completed,10,0,False
2101,SITE-072,PART-6991,2023-11-12,EQ-9249,awaiting_parts,5,24,False
2102,SITE-059,PART-5534,2025-09-13,EQ-3618,in_progress,22,21,False
2103,SITE-011,PART-4382,2024-03-22,EQ-9744,completed,6,0,False
2104,SITE-061,PART-9586,2026-11-26,EQ-2155,deferred,30,38,False
2105,SITE-095,PART-1724,2025-01-10,EQ-6264,in_progress,14,24,False
2106,SITE-073,PART-8199,2026-03-28,EQ-9747,deferred,14,1,False
2107,SITE-058,PART-7897,2026-01-08,EQ-2669,completed,8,0,False
2108,SITE-015,PART-6072,2025-04-11,EQ-9360,awaiting_parts,26,12,False
2109,SITE-031,PART-6908,2025-07-02,EQ-6503,in_progress,13,15,False
2110,SITE-030,PART-4354,2024-11-17,EQ-5301,deferred,4,16,False
2111,SITE-058,PART-8876,2023-07-14,EQ-3712,deferred,24,18,False
2112,SITE-009,PART-1816,2025-02-08,EQ-8824,completed,2,0,False
2113,SITE-094,PART-1942,2024-09-24,EQ-2620,open,6,13,False
2114,SITE-098,PART-9284,2024-12-10,EQ-8414,completed,1,0,False
2115,SITE-030,PART-4662,2026-12-23,EQ-1361,completed,3,0,False
2116,SITE-095,PART-2802,2025-07-28,EQ-9616,in_progress,26,36,False
2117,SITE-051,PART-1891,2025-09-09,EQ-5338,awaiting_parts,26,17,False
2118,SITE-041,PART-8261,2026-03-08,EQ-2619,awaiting_parts,22,39,False
2119,SITE-005,PART-9334,2025-07-07,EQ-6970,in_progress,2,1,True
2120,SITE-003,PART-8558,2025-10-16,EQ-1653,completed,2,0,False
2121,SITE-030,PART-1416,2024-03-04,EQ-1094,open,22,33,False
2122,SITE-040,PART-1099,2025-12-17,EQ-7493,open,16,1,True
2123,SITE-033,PART-5427,2023-08-07,EQ-1321,in_progress,2,5,False
2124,SITE-025,PART-7785,2024-02-17,EQ-6264,deferred,28,19,False
2125,SITE-008,PART-5238,2023-04-18,EQ-4454,awaiting_parts,20,19,True
2126,SITE-019,PART-5321,2026-10-12,EQ-2416,deferred,27,36,True
2127,SITE-039,PART-2622,2025-11-04,EQ-2542,open,28,39,False
2128,SITE-056,PART-1061,2023-07-06,EQ-9136,awaiting_parts,23,19,False
2129,SITE-037,PART-3280,2023-05-15,EQ-9267,in_progress,9,29,False
2130,SITE-070,PART-5415,2023-11-20,EQ-3431,completed,9,0,True
2131,SITE-047,PART-7441,2025-08-08,EQ-6522,completed,6,0,False
2132,SITE-056,PART-7199,2026-09-28,EQ-8821,awaiting_parts,1,6,True
2133,SITE-028,PART-9181,2025-06-19,EQ-5482,in_progress,17,19,False
2134,SITE-027,PART-7067,2023-10-22,EQ-1860,open,2,5,False
2135,SITE-040,PART-8625,2025-04-23,EQ-4258,awaiting_parts,12,27,False
2136,SITE-018,PART-3684,2026-08-22,EQ-1053,awaiting_parts,15,44,False
2137,SITE-038,PART-6371,2023-10-04,EQ-5226,completed,6,0,False
2138,SITE-031,PART-7183,2023-12-19,EQ-2446,open,3,36,False
2139,SITE-025,PART-6819,2024-03-10,EQ-9344,completed,1,0,False
2140,SITE-006,PART-1832,2024-07-26,EQ-6599,in_progress,23,4,False
2141,SITE-027,PART-6113,2025-10-02,EQ-2290,open,23,30,False
2142,SITE-010,PART-1099,2026-02-06,EQ-6999,awaiting_parts,27,8,False
2143,SITE-075,PART-6221,2026-08-16,EQ-7920,deferred,11,5,False
2144,SITE-014,PART-4995,2026-03-25,EQ-4028,deferred,12,2,False
2145,SITE-098,PART-4663,2026-10-13,EQ-6558,deferred,28,24,False
2146,SITE-006,PART-2733,2024-07-21,EQ-5795,open,27,26,False
2147,SITE-079,PART-1591,2025-06-26,EQ-7201,deferred,3,39,True
2148,SITE-083,PART-6951,2024-03-05,EQ-5281,in_progress,18,40,True
2149,SITE-088,PART-9390,2026-02-02,EQ-1003,open,27,1,False
2150,SITE-036,PART-3133,2023-11-14,EQ-9186,completed,6,0,False
2151,SITE-067,PART-8025,2023-01-10,EQ-9707,awaiting_parts,9,2,False
2152,SITE-018,PART-3731,2024-07-14,EQ-8196,awaiting_parts,5,10,False
2153,SITE-093,PART-6908,2025-07-12,EQ-8630,deferred,11,21,False
2154,SITE-088,PART-5127,2025-03-21,EQ-9501,awaiting_parts,15,4,False
2155,SITE-030,PART-7560,2023-02-05,EQ-9124,awaiting_parts,26,13,False
2156,SITE-087,PART-8194,2024-12-05,EQ-4202,open,30,41,False
2157,SITE-059,PART-6324,2026-02-15,EQ-3644,completed,7,0,True
2158,SITE-035,PART-4290,2024-11-11,EQ-7220,in_progress,27,40,False
2159,SITE-044,PART-8783,2025-10-04,EQ-1042,deferred,21,4,False
2160,SITE-051,PART-1266,2023-03-15,EQ-4558,deferred,23,14,False
2161,SITE-011,PART-8420,2025-01-24,EQ-8364,in_progress,24,42,False
2162,SITE-091,PART-3274,2026-06-24,EQ-1245,deferred,20,9,False
2163,SITE-091,PART-8384,2023-04-22,EQ-3206,deferred,29,5,False
2164,SITE-039,PART-6107,2024-10-27,EQ-9207,open,29,4,False
2165,SITE-002,PART-7902,2024-12-10,EQ-2184,open,6,38,False
2166,SITE-058,PART-3825,2024-11-03,EQ-6955,in_progress,13,29,False
2167,SITE-029,PART-6107,2023-02-24,EQ-2056,awaiting_parts,11,38,False
2168,SITE-098,PART-5749,2023-05-23,EQ-8039,open,7,25,False
2169,SITE-088,PART-8084,2024-11-09,EQ-5289,completed,8,0,False
2170,SITE-052,PART-1816,2024-04-23,EQ-8069,deferred,8,27,False
2171,SITE-091,PART-9097,2023-09-18,EQ-4642,in_progress,14,11,False
2172,SITE-040,PART-3209,2025-08-02,EQ-3687,in_progress,17,27,False
2173,SITE-025,PART-2075,2025-06-09,EQ-2939,awaiting_parts,18,15,False
2174,SITE-009,PART-8384,2025-07-13,EQ-2672,in_progress,9,26,False
2175,SITE-056,PART-9297,2026-03-03,EQ-3855,completed,1,0,False
2176,SITE-027,PART-5496,2023-08-05,EQ-1654,awaiting_parts,8,42,False
2177,SITE-094,PART-6153,2023-06-12,EQ-6446,completed,6,0,False
2178,SITE-068,PART-4128,2025-09-04,EQ-3559,open,26,15,False
2179,SITE-020,PART-8690,2025-06-11,EQ-7027,awaiting_parts,1,44,False
2180,SITE-011,PART-9805,2026-09-21,EQ-8553,in_progress,23,16,False
2181,SITE-022,PART-9634,2025-12-11,EQ-6651,open,7,4,False
2182,SITE-037,PART-2135,2023-05-03,EQ-4325,in_progress,10,25,True
2183,SITE-096,PART-9336,2023-09-26,EQ-8754,awaiting_parts,30,40,False
2184,SITE-072,PART-2794,2025-05-06,EQ-7948,in_progress,23,37,False
2185,SITE-035,PART-3718,2023-01-27,EQ-3422,completed,0,0,False
2186,SITE-004,PART-9320,2025-10-07,EQ-4320,awaiting_parts,7,41,False
2187,SITE-100,PART-6293,2024-07-25,EQ-1666,awaiting_parts,6,36,False
2188,SITE-005,PART-1266,2026-10-22,EQ-4625,deferred,7,19,False
2189,SITE-073,PART-5133,2024-06-20,EQ-7695,open,8,44,False
2190,SITE-015,PART-7535,2023-12-15,EQ-6150,deferred,4,35,False
2191,SITE-054,PART-8910,2023-06-18,EQ-3100,open,5,35,True
2192,SITE-060,PART-3858,2026-01-08,EQ-1094,awaiting_parts,4,7,False
2193,SITE-097,PART-6162,2025-07-03,EQ-9949,open,17,22,False
2194,SITE-069,PART-8840,2023-04-10,EQ-8583,awaiting_parts,20,42,False
2195,SITE-092,PART-3121,2026-02-10,EQ-3935,open,20,39,False
2196,SITE-029,PART-4897,2024-11-02,EQ-4823,completed,0,0,False
2197,SITE-036,PART-2896,2023-02-16,EQ-3047,deferred,21,14,False
2198,SITE-078,PART-5988,2026-10-16,EQ-7553,awaiting_parts,3,29,False
2199,SITE-098,PART-9128,2026-06-21,EQ-8085,deferred,23,41,True
2200,SITE-030,PART-8007,2025-05-13,EQ-5711,open,12,28,False
2201,SITE-019,PART-9363,2023-04-17,EQ-1933,completed,2,0,False
2202,SITE-065,PART-2135,2023-03-04,EQ-4646,open,27,14,False
2203,SITE-005,PART-4538,2024-08-07,EQ-1111,awaiting_parts,22,15,False
2204,SITE-025,PART-2019,2023-09-23,EQ-9422,deferred,28,34,False
2205,SITE-098,PART-4397,2026-02-02,EQ-7819,awaiting_parts,14,13,False
2206,SITE-045,PART-2179,2023-01-28,EQ-1511,deferred,25,14,True
2207,SITE-081,PART-2733,2023-10-21,EQ-6729,in_progress,30,7,False
2208,SITE-010,PART-7949,2024-01-23,EQ-4570,in_progress,15,13,False
2209,SITE-022,PART-4748,2023-12-10,EQ-5904,completed,9,0,False
2210,SITE-097,PART-1873,2023-05-28,EQ-3831,in_progress,8,1,False
2211,SITE-013,PART-5539,2024-11-26,EQ-7569,awaiting_parts,19,28,False
2212,SITE-091,PART-2116,2026-02-23,EQ-9248,completed,1,0,False
2213,SITE-077,PART-9629,2023-03-08,EQ-4909,open,26,43,False
2214,SITE-021,PART-6615,2024-10-14,EQ-8357,awaiting_parts,16,15,False
2215,SITE-043,PART-1474,2026-05-20,EQ-9859,completed,4,0,True
2216,SITE-066,PART-4752,2025-07-25,EQ-9616,awaiting_parts,18,34,False
2217,SITE-084,PART-4572,2025-10-10,EQ-7472,awaiting_parts,25,28,True
2218,SITE-040,PART-3121,2023-04-18,EQ-3561,in_progress,28,4,False
2219,SITE-070,PART-7441,2023-12-20,EQ-5342,in_progress,5,34,True
2220,SITE-017,PART-6668,2023-07-02,EQ-8405,in_progress,3,33,False
2221,SITE-064,PART-5029,2025-09-03,EQ-1313,completed,9,0,False
2222,SITE-043,PART-4382,2023-06-08,EQ-3505,in_progress,30,27,False
2223,SITE-078,PART-6854,2023-02-16,EQ-4167,open,12,31,True
2224,SITE-028,PART-8316,2025-10-02,EQ-4164,in_progress,16,28,False
2225,SITE-098,PART-8505,2025-01-20,EQ-7550,in_progress,9,42,False
2226,SITE-088,PART-7202,2023-09-12,EQ-2120,awaiting_parts,5,24,False
2227,SITE-003,PART-8916,2025-06-11,EQ-8382,in_progress,22,37,False
2228,SITE-076,PART-5180,2025-01-21,EQ-4598,awaiting_parts,27,33,False
2229,SITE-061,PART-1414,2023-02-16,EQ-8896,in_progress,27,45,False
2230,SITE-014,PART-5539,2025-08-02,EQ-9572,in_progress,29,13,False
2231,SITE-036,PART-2585,2023-04-25,EQ-3151,deferred,11,25,False
2232,SITE-063,PART-2396,2026-07-28,EQ-1812,deferred,25,3,False
2233,SITE-025,PART-2019,2023-09-09,EQ-7748,deferred,13,26,False
2234,SITE-076,PART-8163,2026-11-02,EQ-5778,in_progress,21,5,False
2235,SITE-054,PART-3188,2026-11-01,EQ-2714,deferred,25,26,False
2236,SITE-055,PART-3653,2023-07-18,EQ-8125,open,14,2,False
2237,SITE-028,PART-2140,2024-02-22,EQ-1520,open,7,1,False
2238,SITE-018,PART-4031,2026-04-15,EQ-5485,completed,2,0,False
2239,SITE-021,PART-9037,2025-12-18,EQ-2316,awaiting_parts,18,17,False
2240,SITE-023,PART-7942,2023-11-04,EQ-2398,awaiting_parts,1,11,False
2241,SITE-062,PART-3360,2025-04-14,EQ-2646,awaiting_parts,4,10,False
2242,SITE-083,PART-7159,2023-09-22,EQ-5781,in_progress,19,27,False
2243,SITE-054,PART-9634,2023-06-26,EQ-7236,open,13,29,True
2244,SITE-022,PART-5415,2024-02-13,EQ-9933,in_progress,12,23,False
2245,SITE-018,PART-7599,2025-04-16,EQ-9035,in_progress,11,26,False
2246,SITE-080,PART-3825,2025-02-17,EQ-7031,awaiting_parts,25,11,False
2247,SITE-083,PART-8003,2023-12-10,EQ-4425,deferred,30,42,False
2248,SITE-084,PART-6293,2024-07-04,EQ-8314,completed,4,0,False
2249,SITE-021,PART-1249,2023-05-19,EQ-5643,awaiting_parts,22,18,False
2250,SITE-051,PART-8202,2023-08-21,EQ-1929,completed,5,0,False
2251,SITE-022,PART-5415,2024-11-05,EQ-6826,open,21,9,False
2252,SITE-010,PART-7588,2025-12-07,EQ-9498,completed,0,0,False
2253,SITE-035,PART-1852,2024-06-05,EQ-8091,deferred,20,2,False
2254,SITE-046,PART-6572,2026-10-03,EQ-1296,open,1,29,False
2255,SITE-085,PART-9216,2024-07-04,EQ-1630,awaiting_parts,8,13,False
2256,SITE-002,PART-9833,2026-06-20,EQ-6646,open,11,38,False
2257,SITE-067,PART-3323,2023-12-03,EQ-8520,open,1,10,False
2258,SITE-043,PART-9795,2024-12-19,EQ-1537,open,17,22,False
2259,SITE-074,PART-6176,2025-01-09,EQ-2712,in_progress,23,12,False
2260,SITE-056,PART-6588,2024-08-27,EQ-3477,awaiting_parts,2,9,True
2261,SITE-051,PART-7213,2025-07-06,EQ-5380,in_progress,16,35,False
2262,SITE-080,PART-2952,2026-11-02,EQ-5445,awaiting_parts,22,14,False
2263,SITE-006,PART-7211,2025-05-09,EQ-7988,deferred,3,26,True
2264,SITE-087,PART-1673,2023-09-04,EQ-8036,awaiting_parts,10,27,False
2265,SITE-012,PART-7488,2024-11-04,EQ-6347,awaiting_parts,28,14,False
2266,SITE-018,PART-2305,2026-01-07,EQ-8325,awaiting_parts,11,20,False
2267,SITE-002,PART-3388,2023-08-03,EQ-5997,awaiting_parts,19,31,False
2268,SITE-092,PART-6140,2026-04-11,EQ-4306,completed,2,0,True
2269,SITE-064,PART-3392,2025-04-01,EQ-1822,deferred,5,37,False
2270,SITE-006,PART-3472,2026-06-13,EQ-9319,awaiting_parts,7,45,False
2271,SITE-063,PART-8322,2024-02-21,EQ-2054,awaiting_parts,12,10,False
2272,SITE-100,PART-3811,2026-07-20,EQ-5114,open,7,16,True
2273,SITE-071,PART-6031,2026-11-02,EQ-2095,awaiting_parts,19,4,False
2274,SITE-059,PART-9451,2026-12-12,EQ-9341,deferred,12,31,False
2275,SITE-004,PART-7209,2026-12-16,EQ-7969,completed,7,0,False
2276,SITE-023,PART-3105,2025-05-07,EQ-8801,open,19,10,False
2277,SITE-088,PART-1684,2023-09-13,EQ-2176,completed,5,0,False
2278,SITE-025,PART-8505,2023-05-20,EQ-1673,in_progress,10,2,False
2279,SITE-058,PART-3887,2026-12-27,EQ-3856,awaiting_parts,25,37,False
2280,SITE-099,PART-4836,2025-01-11,EQ-3020,deferred,14,3,False
2281,SITE-088,PART-3291,2026-02-06,EQ-1109,awaiting_parts,12,5,False
2282,SITE-047,PART-9213,2026-06-20,EQ-4522,open,30,42,False
2283,SITE-038,PART-2035,2023-08-18,EQ-1086,completed,5,0,False
2284,SITE-082,PART-6903,2025-11-05,EQ-9325,completed,8,0,False
2285,SITE-068,PART-7156,2026-05-15,EQ-6637,in_progress,22,8,False
2286,SITE-001,PART-5726,2023-12-14,EQ-4358,open,2,21,False
2287,SITE-099,PART-7505,2024-12-23,EQ-8185,in_progress,18,8,False
2288,SITE-082,PART-6031,2024-01-14,EQ-7675,in_progress,10,38,False
2289,SITE-096,PART-7042,2024-08-16,EQ-9961,deferred,7,2,True
2290,SITE-023,PART-1238,2026-03-28,EQ-9247,in_progress,14,6,False
2291,SITE-064,PART-9586,2023-08-21,EQ-9891,in_progress,23,26,True
2292,SITE-082,PART-8008,2023-01-28,EQ-9401,awaiting_parts,20,29,True
2293,SITE-069,PART-1327,2025-02-18,EQ-2167,open,3,5,False
2294,SITE-009,PART-6101,2026-07-22,EQ-6512,awaiting_parts,18,29,False
2295,SITE-009,PART-3161,2024-11-05,EQ-5384,in_progress,2,14,False
2296,SITE-058,PART-4062,2023-05-08,EQ-6828,awaiting_parts,11,29,False
2297,SITE-038,PART-6926,2023-04-28,EQ-8090,open,6,27,False
2298,SITE-091,PART-1987,2025-09-11,EQ-9310,deferred,19,31,False
2299,SITE-021,PART-8668,2023-01-11,EQ-4665,open,27,11,False
2300,SITE-005,PART-3251,2024-09-10,EQ-3914,deferred,14,42,False
2301,SITE-067,PART-9293,2025-07-20,EQ-5541,awaiting_parts,4,13,False
2302,SITE-048,PART-7559,2024-06-06,EQ-3110,open,26,29,False
2303,SITE-087,PART-4320,2026-04-11,EQ-5905,deferred,1,38,False
2304,SITE-092,PART-4771,2026-04-15,EQ-4393,deferred,3,31,False
2305,SITE-067,PART-9638,2024-05-05,EQ-1185,in_progress,21,3,False
2306,SITE-055,PART-5029,2024-04-03,EQ-2903,open,10,27,False
2307,SITE-058,PART-3160,2026-01-02,EQ-4949,open,29,40,False
2308,SITE-035,PART-9606,2023-12-17,EQ-4703,open,27,20,False
2309,SITE-092,PART-8062,2026-09-11,EQ-9316,in_progress,7,39,False
2310,SITE-011,PART-7935,2025-09-23,EQ-9160,open,14,13,False
2311,SITE-082,PART-4741,2023-02-11,EQ-9465,awaiting_parts,20,32,False
2312,SITE-091,PART-7358,2026-07-13,EQ-8685,in_progress,12,45,False
2313,SITE-063,PART-7263,2026-05-14,EQ-6011,open,7,25,False
2314,SITE-045,PART-7385,2023-12-16,EQ-9244,deferred,30,45,False
2315,SITE-021,PART-6122,2024-06-14,EQ-6979,awaiting_parts,12,21,False
2316,SITE-058,PART-9623,2026-12-26,EQ-2355,open,28,7,False
2317,SITE-056,PART-1660,2024-05-18,EQ-1284,open,8,36,False
2318,SITE-097,PART-2098,2025-09-20,EQ-6210,completed,1,0,False
2319,SITE-033,PART-4752,2026-01-07,EQ-3658,in_progress,19,18,False
2320,SITE-053,PART-9679,2023-12-06,EQ-4790,awaiting_parts,26,14,False
2321,SITE-069,PART-8959,2024-09-28,EQ-2256,completed,7,0,False
2322,SITE-074,PART-2735,2023-03-18,EQ-2934,completed,3,0,False
2323,SITE-054,PART-3343,2023-07-07,EQ-1983,completed,0,0,True
2324,SITE-047,PART-4032,2025-11-10,EQ-5871,awaiting_parts,8,24,False
2325,SITE-086,PART-7833,2023-03-10,EQ-9076,in_progress,19,38,False
2326,SITE-043,PART-2319,2025-05-08,EQ-9103,open,23,24,False
2327,SITE-075,PART-1474,2024-03-18,EQ-1139,open,7,8,False
2328,SITE-007,PART-9097,2026-01-16,EQ-7862,in_progress,1,32,False
2329,SITE-046,PART-5200,2023-06-18,EQ-1593,in_progress,26,12,False
2330,SITE-087,PART-4277,2025-03-03,EQ-4502,awaiting_parts,20,12,False
2331,SITE-060,PART-5401,2026-05-16,EQ-9801,awaiting_parts,19,14,False
2332,SITE-042,PART-2526,2024-04-19,EQ-9989,open,19,3,False
2333,SITE-061,PART-4309,2024-06-24,EQ-8194,in_progress,14,14,False
2334,SITE-004,PART-3133,2025-04-15,EQ-9098,deferred,4,37,False
2335,SITE-092,PART-4311,2023-09-21,EQ-3410,awaiting_parts,20,2,False
2336,SITE-023,PART-7259,2025-04-16,EQ-6526,awaiting_parts,25,43,False
2337,SITE-079,PART-7586,2024-04-09,EQ-3313,completed,8,0,False
2338,SITE-047,PART-9208,2025-02-13,EQ-7626,deferred,10,20,False
2339,SITE-092,PART-2165,2024-01-28,EQ-5479,deferred,4,43,False
2340,SITE-089,PART-3343,2026-05-26,EQ-9181,awaiting_parts,8,43,False
2341,SITE-031,PART-7971,2024-10-21,EQ-4088,awaiting_parts,26,39,False
2342,SITE-009,PART-2499,2026-06-27,EQ-1818,open,25,21,False
2343,SITE-034,PART-7672,2025-10-09,EQ-3233,completed,5,0,False
2344,SITE-021,PART-2019,2026-10-24,EQ-6712,open,23,19,False
2345,SITE-019,PART-3704,2025-05-07,EQ-9132,open,25,18,False
2346,SITE-019,PART-3691,2026-10-24,EQ-5047,completed,8,0,True
2347,SITE-068,PART-5214,2025-12-02,EQ-2721,in_progress,9,29,False
2348,SITE-098,PART-3653,2023-01-24,EQ-7240,in_progress,28,7,False
2349,SITE-069,PART-3917,2026-07-14,EQ-3654,open,13,34,False
2350,SITE-018,PART-9306,2023-12-15,EQ-2298,in_progress,27,18,False
2351,SITE-033,PART-6884,2024-05-27,EQ-3409,completed,5,0,False
2352,SITE-030,PART-3160,2025-11-19,EQ-2126,open,28,14,False
2353,SITE-042,PART-8156,2023-12-21,EQ-9330,open,20,39,False
2354,SITE-034,PART-5784,2026-05-18,EQ-1766,awaiting_parts,24,10,False
2355,SITE-025,PART-2380,2023-01-12,EQ-8305,open,10,23,False
2356,SITE-006,PART-7177,2025-04-09,EQ-5417,in_progress,20,17,False
2357,SITE-087,PART-8723,2025-09-25,EQ-2220,completed,8,0,False
2358,SITE-062,PART-9921,2023-10-18,EQ-5639,deferred,7,5,False
2359,SITE-029,PART-5546,2026-08-11,EQ-3505,awaiting_parts,12,39,False
2360,SITE-021,PART-2896,2023-12-04,EQ-6467,awaiting_parts,15,35,False
2361,SITE-016,PART-2705,2025-01-03,EQ-5294,in_progress,15,32,False
2362,SITE-068,PART-1768,2025-05-21,EQ-9296,awaiting_parts,8,14,False
2363,SITE-032,PART-5828,2026-02-10,EQ-4806,awaiting_parts,30,22,False
2364,SITE-069,PART-4055,2026-06-08,EQ-1931,in_progress,1,37,False
2365,SITE-001,PART-5121,2026-11-16,EQ-2832,in_progress,18,45,False
2366,SITE-059,PART-3201,2026-03-07,EQ-8467,deferred,26,29,False
2367,SITE-012,PART-2430,2024-03-22,EQ-9082,in_progress,28,33,False
2368,SITE-044,PART-1737,2024-05-13,EQ-6420,open,29,37,False
2369,SITE-063,PART-1198,2025-11-26,EQ-7759,deferred,5,29,False
2370,SITE-068,PART-9371,2026-10-10,EQ-3952,open,24,30,False
2371,SITE-059,PART-5415,2024-02-08,EQ-9006,completed,1,0,False
2372,SITE-088,PART-2099,2025-12-23,EQ-5791,open,13,39,False
2373,SITE-008,PART-8483,2024-02-26,EQ-7841,deferred,20,25,False
2374,SITE-062,PART-3735,2025-11-01,EQ-6263,open,19,21,False
2375,SITE-039,PART-7189,2024-02-16,EQ-7033,in_progress,16,37,True
2376,SITE-056,PART-6227,2024-10-10,EQ-3840,completed,8,0,False
2377,SITE-002,PART-4215,2025-12-23,EQ-5993,deferred,13,13,False
2378,SITE-026,PART-9167,2026-04-20,EQ-4161,completed,9,0,False
2379,SITE-032,PART-3251,2026-04-24,EQ-4660,awaiting_parts,27,16,False
2380,SITE-005,PART-3811,2023-03-09,EQ-3970,completed,0,0,False
2381,SITE-012,PART-5072,2025-02-04,EQ-4642,awaiting_parts,29,17,True
2382,SITE-048,PART-8529,2026-08-11,EQ-7221,open,6,19,False
2383,SITE-097,PART-2319,2024-02-03,EQ-7797,deferred,27,28,False
2384,SITE-065,PART-5664,2025-07-28,EQ-4556,completed,5,0,False
2385,SITE-025,PART-1134,2023-12-13,EQ-7645,awaiting_parts,14,42,True
2386,SITE-026,PART-7606,2023-11-28,EQ-8225,awaiting_parts,25,3,False
2387,SITE-038,PART-6586,2024-08-15,EQ-3543,deferred,12,9,True
2388,SITE-051,PART-2003,2023-04-11,EQ-2515,in_progress,26,3,True
2389,SITE-007,PART-4370,2025-04-08,EQ-5981,completed,9,0,False
2390,SITE-046,PART-9165,2025-05-17,EQ-2355,deferred,16,22,False
2391,SITE-047,PART-9165,2025-10-06,EQ-6012,deferred,28,37,False
2392,SITE-022,PART-9768,2023-12-07,EQ-4255,completed,8,0,False
2393,SITE-075,PART-5018,2023-07-16,EQ-3510,in_progress,16,8,False
2394,SITE-042,PART-9629,2024-10-08,EQ-7633,in_progress,16,2,False
2395,SITE-029,PART-2131,2026-07-03,EQ-5542,awaiting_parts,27,29,False
2396,SITE-023,PART-7345,2025-03-11,EQ-3191,deferred,29,31,False
2397,SITE-041,PART-4880,2024-04-22,EQ-7498,in_progress,2,8,False
2398,SITE-085,PART-6122,2023-07-27,EQ-6786,completed,7,0,False
2399,SITE-091,PART-3684,2026-08-24,EQ-7021,in_progress,23,22,False
2400,SITE-018,PART-2035,2024-03-27,EQ-9882,completed,5,0,True
2401,SITE-010,PART-2773,2026-08-03,EQ-9462,in_progress,7,39,False
2402,SITE-027,PART-7321,2024-09-20,EQ-5627,in_progress,6,26,False
2403,SITE-013,PART-6371,2024-11-03,EQ-3215,in_progress,4,29,True
2404,SITE-035,PART-1081,2023-07-02,EQ-5336,deferred,16,38,False
2405,SITE-004,PART-8974,2024-10-12,EQ-2299,open,10,38,False
2406,SITE-025,PART-2464,2024-08-06,EQ-6891,awaiting_parts,5,37,False
2407,SITE-055,PART-5183,2024-02-18,EQ-3982,deferred,13,2,False
2408,SITE-094,PART-8675,2025-09-02,EQ-4978,completed,5,0,False
2409,SITE-045,PART-5771,2023-04-07,EQ-7909,in_progress,1,29,False
2410,SITE-077,PART-6951,2023-01-27,EQ-1436,deferred,1,10,False
2411,SITE-052,PART-7020,2026-03-09,EQ-7148,awaiting_parts,11,41,False
2412,SITE-062,PART-8474,2023-03-09,EQ-6204,deferred,14,30,False
2413,SITE-051,PART-6627,2026-01-10,EQ-6715,deferred,14,42,False
2414,SITE-036,PART-7942,2026-02-10,EQ-6329,deferred,18,37,False
2415,SITE-005,PART-7902,2026-06-25,EQ-5832,completed,3,0,False
2416,SITE-065,PART-5298,2025-08-22,EQ-9464,awaiting_parts,30,29,False
2417,SITE-031,PART-1911,2024-01-12,EQ-3923,open,1,28,False
2418,SITE-022,PART-4280,2025-01-11,EQ-6889,open,28,20,False
2419,SITE-100,PART-5990,2024-01-02,EQ-8661,open,17,35,False
2420,SITE-027,PART-1873,2025-03-03,EQ-5109,in_progress,20,24,False
2421,SITE-042,PART-3704,2024-09-21,EQ-6768,awaiting_parts,2,39,False
2422,SITE-017,PART-2790,2024-05-06,EQ-3166,completed,4,0,False
2423,SITE-021,PART-5588,2025-07-01,EQ-5100,deferred,15,15,False
2424,SITE-045,PART-8003,2023-09-04,EQ-5604,in_progress,24,16,False
2425,SITE-059,PART-1873,2025-08-15,EQ-9094,awaiting_parts,21,3,True
2426,SITE-019,PART-8181,2024-05-01,EQ-5251,open,2,43,False
2427,SITE-052,PART-3030,2026-12-21,EQ-8621,deferred,4,43,False
2428,SITE-076,PART-1591,2026-05-08,EQ-9093,awaiting_parts,13,34,False
2429,SITE-038,PART-7263,2024-11-20,EQ-9494,deferred,16,30,False
2430,SITE-071,PART-4897,2024-09-07,EQ-9414,awaiting_parts,1,18,False
2431,SITE-013,PART-3201,2023-03-04,EQ-6255,deferred,6,16,False
2432,SITE-043,PART-1926,2025-11-11,EQ-7995,completed,4,0,False
2433,SITE-086,PART-4582,2025-05-03,EQ-8345,completed,7,0,False
2434,SITE-065,PART-7444,2025-03-07,EQ-4281,open,27,27,False
2435,SITE-074,PART-9511,2024-07-28,EQ-4144,completed,3,0,True
2436,SITE-087,PART-2098,2025-08-01,EQ-1450,completed,8,0,False
2437,SITE-098,PART-4062,2024-04-19,EQ-1806,deferred,10,3,False
2438,SITE-077,PART-7745,2024-09-28,EQ-5812,awaiting_parts,27,15,False
2439,SITE-075,PART-1987,2024-09-18,EQ-6937,deferred,3,24,False
2440,SITE-012,PART-2100,2023-06-09,EQ-1078,open,8,25,False
2441,SITE-013,PART-2317,2026-05-01,EQ-8362,open,2,36,False
2442,SITE-095,PART-7416,2026-10-09,EQ-6991,deferred,4,21,False
2443,SITE-001,PART-6913,2025-02-08,EQ-6669,deferred,11,19,False
2444,SITE-073,PART-1327,2023-03-03,EQ-7233,in_progress,9,15,False
2445,SITE-037,PART-4251,2023-09-19,EQ-5109,deferred,1,7,False
2446,SITE-009,PART-9297,2023-03-01,EQ-6027,open,21,20,False
2447,SITE-014,PART-8723,2026-06-15,EQ-8041,in_progress,19,27,False
2448,SITE-074,PART-7020,2025-10-15,EQ-9915,in_progress,12,42,False
2449,SITE-063,PART-7190,2024-09-02,EQ-8213,awaiting_parts,24,13,False
2450,SITE-089,PART-2505,2026-01-09,EQ-8910,deferred,17,5,False
2451,SITE-059,PART-7345,2024-12-16,EQ-6030,open,8,9,True
2452,SITE-025,PART-5570,2023-06-18,EQ-4527,completed,3,0,False
2453,SITE-081,PART-9377,2023-11-04,EQ-5583,in_progress,18,28,False
2454,SITE-047,PART-5172,2026-03-05,EQ-6827,awaiting_parts,20,19,False
2455,SITE-099,PART-2773,2023-03-06,EQ-4646,in_progress,27,12,False
2456,SITE-081,PART-6924,2025-11-14,EQ-4395,open,21,37,False
2457,SITE-014,PART-8974,2026-12-11,EQ-6733,open,9,33,False
2458,SITE-077,PART-8727,2023-02-09,EQ-6178,completed,2,0,False
2459,SITE-063,PART-7740,2024-06-07,EQ-8696,deferred,13,19,True
2460,SITE-080,PART-8420,2025-09-09,EQ-5008,deferred,20,26,False
2461,SITE-008,PART-8003,2023-10-28,EQ-3261,completed,7,0,False
2462,SITE-081,PART-6894,2024-06-13,EQ-2513,in_progress,23,28,True
2463,SITE-089,PART-7761,2026-07-18,EQ-7025,deferred,16,42,False
2464,SITE-019,PART-4080,2023-05-05,EQ-8347,open,7,10,False
2465,SITE-015,PART-5982,2023-08-05,EQ-6445,completed,7,0,False
2466,SITE-059,PART-9038,2024-01-27,EQ-2202,awaiting_parts,9,24,False
2467,SITE-078,PART-7949,2026-10-19,EQ-5783,completed,3,0,False
2468,SITE-052,PART-5496,2025-09-11,EQ-4693,completed,6,0,False
2469,SITE-033,PART-7433,2024-01-12,EQ-9111,deferred,22,30,True
2470,SITE-013,PART-1696,2026-12-27,EQ-5735,deferred,8,34,False
2471,SITE-075,PART-9297,2023-07-20,EQ-9606,awaiting_parts,23,9,False
2472,SITE-100,PART-4277,2025-02-27,EQ-6610,awaiting_parts,23,33,False
2473,SITE-062,PART-8361,2024-05-19,EQ-6013,deferred,7,6,False
2474,SITE-098,PART-8694,2024-09-28,EQ-2797,awaiting_parts,5,43,False
2475,SITE-049,PART-2766,2024-12-15,EQ-9517,completed,7,0,False
2476,SITE-036,PART-7833,2025-04-15,EQ-9492,in_progress,19,11,False
2477,SITE-014,PART-6371,2025-06-11,EQ-2431,completed,2,0,False
2478,SITE-047,PART-5664,2026-01-22,EQ-3072,open,18,39,False
2479,SITE-010,PART-3732,2023-06-10,EQ-2835,deferred,16,2,False
2480,SITE-052,PART-6628,2025-06-08,EQ-3399,completed,3,0,False
2481,SITE-062,PART-6842,2025-09-21,EQ-4533,deferred,28,17,True
2482,SITE-007,PART-2852,2024-01-26,EQ-1640,completed,9,0,True
2483,SITE-093,PART-8007,2023-10-19,EQ-8622,awaiting_parts,8,9,False
2484,SITE-032,PART-3548,2026-09-05,EQ-6584,deferred,3,22,False
2485,SITE-068,PART-4752,2024-02-14,EQ-7592,completed,8,0,False
2486,SITE-038,PART-9334,2026-02-20,EQ-4962,awaiting_parts,2,11,False
2487,SITE-078,PART-3257,2026-04-05,EQ-7209,open,18,23,False
2488,SITE-033,PART-2422,2024-03-11,EQ-3533,deferred,7,35,False
2489,SITE-084,PART-5762,2023-03-22,EQ-8434,open,28,19,False
2490,SITE-062,PART-8273,2023-08-01,EQ-2991,open,30,39,False
2491,SITE-091,PART-1547,2024-12-12,EQ-8504,open,5,10,False
2492,SITE-013,PART-3070,2026-11-26,EQ-7947,open,22,37,False
2493,SITE-039,PART-1945,2024-03-17,EQ-6579,deferred,25,25,False
2494,SITE-078,PART-4181,2025-08-09,EQ-6876,deferred,26,25,True
2495,SITE-009,PART-7563,2024-05-05,EQ-2114,open,13,39,False
2496,SITE-057,PART-7263,2025-08-21,EQ-8062,awaiting_parts,21,13,False
2497,SITE-090,PART-9843,2026-10-04,EQ-2458,completed,6,0,False
2498,SITE-009,PART-7413,2026-09-21,EQ-8537,deferred,11,14,True
2499,SITE-042,PART-6768,2023-05-17,EQ-6848,in_progress,2,40,False
2500,SITE-033,PART-6176,2025-01-01,EQ-8193,deferred,29,18,False
2501,SITE-081,PART-3109,2023-10-24,EQ-7247,completed,2,0,False
2502,SITE-093,PART-6683,2025-07-25,EQ-2740,in_progress,14,1,False
2503,SITE-076,PART-5121,2025-09-01,EQ-9433,open,10,16,False
2504,SITE-034,PART-7563,2026-02-09,EQ-2249,in_progress,22,44,False
2505,SITE-090,PART-7441,2026-07-08,EQ-2960,awaiting_parts,15,37,False
2506,SITE-004,PART-1124,2026-03-02,EQ-5824,in_progress,26,29,True
2507,SITE-006,PART-9883,2024-09-11,EQ-2495,completed,10,0,False
2508,SITE-065,PART-9589,2026-04-06,EQ-5266,awaiting_parts,15,21,False
2509,SITE-085,PART-4084,2025-06-24,EQ-4212,deferred,13,14,False
2510,SITE-036,PART-9638,2026-06-15,EQ-4314,open,11,41,True
2511,SITE-044,PART-6162,2024-05-12,EQ-2892,deferred,12,38,False
2512,SITE-057,PART-6668,2023-11-21,EQ-5217,deferred,30,11,False
2513,SITE-052,PART-6209,2023-11-14,EQ-6309,deferred,17,35,True
2514,SITE-018,PART-1074,2026-07-06,EQ-1059,completed,10,0,False
2515,SITE-031,PART-4382,2025-11-09,EQ-6065,deferred,19,20,True
2516,SITE-029,PART-4572,2026-09-13,EQ-3921,in_progress,10,32,False
2517,SITE-027,PART-7761,2023-12-28,EQ-7326,completed,10,0,False
2518,SITE-075,PART-3504,2025-09-24,EQ-4587,deferred,3,22,False
2519,SITE-049,PART-2036,2026-08-20,EQ-5986,deferred,16,16,False
2520,SITE-020,PART-8496,2024-04-04,EQ-5088,open,17,32,False
2521,SITE-059,PART-2052,2026-03-08,EQ-9913,open,19,5,False
2522,SITE-004,PART-4080,2026-09-06,EQ-6992,open,13,34,False
2523,SITE-040,PART-4181,2026-07-24,EQ-6270,deferred,4,1,False
2524,SITE-012,PART-3347,2025-12-07,EQ-9656,completed,7,0,False
2525,SITE-058,PART-1074,2023-12-05,EQ-2225,awaiting_parts,2,19,False
2526,SITE-022,PART-9077,2024-01-05,EQ-7981,awaiting_parts,27,43,False
2527,SITE-016,PART-2106,2025-08-13,EQ-8155,deferred,14,28,False
2528,SITE-076,PART-3531,2023-01-17,EQ-4232,in_progress,8,2,False
2529,SITE-050,PART-6371,2025-12-18,EQ-2735,awaiting_parts,29,1,False
2530,SITE-083,PART-4297,2025-11-11,EQ-4838,deferred,12,15,False
2531,SITE-046,PART-7093,2024-11-05,EQ-7146,completed,8,0,False
2532,SITE-003,PART-2434,2025-06-22,EQ-5932,deferred,15,15,False
2533,SITE-034,PART-2276,2023-08-04,EQ-5768,completed,8,0,False
2534,SITE-075,PART-4084,2026-08-19,EQ-3106,completed,7,0,False
2535,SITE-088,PART-7087,2025-12-20,EQ-9152,awaiting_parts,3,44,False
2536,SITE-020,PART-7488,2025-03-11,EQ-4377,completed,0,0,False
2537,SITE-040,PART-2341,2024-10-15,EQ-4140,completed,4,0,False
2538,SITE-033,PART-7442,2026-01-12,EQ-2303,deferred,20,10,False
2539,SITE-076,PART-6327,2025-08-19,EQ-4199,awaiting_parts,24,33,True
2540,SITE-081,PART-2317,2024-01-20,EQ-9281,awaiting_parts,15,5,False
2541,SITE-025,PART-5698,2026-12-20,EQ-3668,in_progress,7,20,False
2542,SITE-081,PART-5172,2023-06-04,EQ-4895,awaiting_parts,16,35,False
2543,SITE-095,PART-8798,2024-11-16,EQ-1627,completed,3,0,False
2544,SITE-066,PART-7053,2025-11-17,EQ-3763,in_progress,11,29,False
2545,SITE-086,PART-9554,2024-09-17,EQ-6038,completed,7,0,False
2546,SITE-029,PART-7782,2025-02-25,EQ-4299,deferred,8,39,False
2547,SITE-047,PART-2269,2025-09-16,EQ-2924,open,23,28,False
2548,SITE-063,PART-3130,2024-02-25,EQ-7526,awaiting_parts,2,36,False
2549,SITE-095,PART-8195,2024-05-04,EQ-7750,in_progress,3,7,False
2550,SITE-045,PART-8861,2023-12-14,EQ-5807,in_progress,20,25,False
2551,SITE-077,PART-1768,2026-04-04,EQ-8049,deferred,8,39,False
2552,SITE-035,PART-9167,2025-12-15,EQ-2358,awaiting_parts,18,42,False
2553,SITE-042,PART-1483,2024-11-09,EQ-6057,open,23,42,False
2554,SITE-007,PART-9758,2023-08-20,EQ-2740,completed,9,0,False
2555,SITE-060,PART-1650,2023-07-05,EQ-8961,awaiting_parts,5,8,False
2556,SITE-037,PART-9271,2025-09-03,EQ-4127,completed,6,0,True
2557,SITE-063,PART-2867,2026-10-14,EQ-6461,completed,6,0,False
2558,SITE-003,PART-9371,2023-09-07,EQ-8527,deferred,30,7,False
2559,SITE-098,PART-9518,2023-11-09,EQ-1585,completed,9,0,False
2560,SITE-045,PART-3323,2023-04-18,EQ-9656,awaiting_parts,4,27,False
2561,SITE-067,PART-9097,2026-04-04,EQ-2587,awaiting_parts,15,19,False
2562,SITE-017,PART-2794,2025-07-17,EQ-9804,in_progress,22,29,True
2563,SITE-028,PART-3799,2025-08-18,EQ-4077,completed,7,0,False
2564,SITE-068,PART-8861,2025-08-11,EQ-3018,awaiting_parts,25,44,True
2565,SITE-069,PART-2140,2025-01-23,EQ-6641,awaiting_parts,29,1,False
2566,SITE-093,PART-7104,2024-06-09,EQ-2447,completed,0,0,True
2567,SITE-055,PART-4216,2025-09-26,EQ-6291,awaiting_parts,16,27,False
2568,SITE-025,PART-4324,2023-08-26,EQ-1432,awaiting_parts,21,4,False
2569,SITE-067,PART-3504,2025-06-18,EQ-5115,completed,3,0,False
2570,SITE-042,PART-7083,2023-07-04,EQ-7733,awaiting_parts,15,37,False
2571,SITE-055,PART-7240,2023-02-18,EQ-9241,in_progress,11,24,False
2572,SITE-096,PART-7413,2026-07-27,EQ-4960,in_progress,27,32,False
2573,SITE-096,PART-4206,2023-09-08,EQ-3324,deferred,27,2,False
2574,SITE-018,PART-9293,2026-06-22,EQ-6977,awaiting_parts,26,27,True
2575,SITE-084,PART-2391,2026-12-20,EQ-7229,awaiting_parts,8,41,False
2576,SITE-016,PART-5124,2023-07-19,EQ-9018,awaiting_parts,23,38,False
2577,SITE-057,PART-1524,2026-01-07,EQ-3177,awaiting_parts,29,10,False
2578,SITE-003,PART-9606,2025-02-12,EQ-6931,open,11,17,False
2579,SITE-081,PART-8928,2025-04-13,EQ-5594,awaiting_parts,16,22,False
2580,SITE-071,PART-2075,2024-11-21,EQ-3276,open,25,29,False
2581,SITE-073,PART-6031,2026-11-05,EQ-7063,in_progress,28,21,True
2582,SITE-018,PART-6227,2024-04-21,EQ-6239,completed,2,0,False
2583,SITE-075,PART-1236,2025-03-24,EQ-1019,awaiting_parts,26,30,False
2584,SITE-099,PART-6803,2023-06-19,EQ-5694,open,14,45,False
2585,SITE-001,PART-5411,2024-01-03,EQ-8936,open,25,1,False
2586,SITE-046,PART-2485,2025-04-06,EQ-3844,open,5,25,False
2587,SITE-052,PART-6567,2023-07-02,EQ-7747,in_progress,21,21,False
2588,SITE-006,PART-3291,2024-04-20,EQ-6114,in_progress,29,19,False
2589,SITE-011,PART-2773,2023-10-20,EQ-1520,deferred,12,15,False
2590,SITE-011,PART-4324,2023-03-24,EQ-1969,deferred,19,26,False
2591,SITE-087,PART-5543,2026-05-22,EQ-2617,in_progress,24,45,False
2592,SITE-100,PART-4228,2025-11-11,EQ-3676,deferred,2,32,False
2593,SITE-055,PART-1737,2024-09-15,EQ-9207,in_progress,1,21,False
2594,SITE-082,PART-9638,2026-09-18,EQ-5864,open,2,38,False
2595,SITE-074,PART-3799,2025-04-16,EQ-7655,in_progress,16,21,False
2596,SITE-082,PART-8714,2026-07-23,EQ-9931,open,1,17,False
2597,SITE-025,PART-3172,2025-08-22,EQ-7496,completed,2,0,False
2598,SITE-024,PART-6951,2025-07-18,EQ-6523,awaiting_parts,1,32,False
2599,SITE-066,PART-8581,2023-01-17,EQ-7570,open,26,37,False
2600,SITE-027,PART-4320,2026-03-03,EQ-2216,in_progress,6,21,False
2601,SITE-075,PART-9432,2024-04-16,EQ-7790,open,22,12,False
2602,SITE-052,PART-9184,2024-03-01,EQ-6795,deferred,28,19,False
2603,SITE-007,PART-1358,2023-08-05,EQ-5997,completed,3,0,False
2604,SITE-089,PART-7672,2026-08-06,EQ-7210,in_progress,16,25,False
2605,SITE-038,PART-4084,2024-02-07,EQ-8344,in_progress,1,12,True
2606,SITE-071,PART-9165,2026-03-02,EQ-8178,deferred,22,10,False
2607,SITE-004,PART-7740,2024-08-01,EQ-7489,awaiting_parts,29,36,False
2608,SITE-028,PART-4872,2025-01-23,EQ-2958,in_progress,3,30,False
2609,SITE-049,PART-2052,2023-04-25,EQ-8159,open,5,13,True
2610,SITE-087,PART-3959,2025-12-08,EQ-6514,awaiting_parts,23,43,False
2611,SITE-035,PART-3648,2026-09-21,EQ-9169,open,18,20,False
2612,SITE-013,PART-3009,2025-12-26,EQ-2490,awaiting_parts,24,42,False
2613,SITE-006,PART-2733,2025-12-14,EQ-8453,deferred,16,14,False
2614,SITE-016,PART-4573,2023-08-05,EQ-5161,awaiting_parts,5,45,False
2615,SITE-054,PART-6924,2026-02-28,EQ-4811,awaiting_parts,27,22,False
2616,SITE-095,PART-5180,2023-04-24,EQ-9343,deferred,5,33,False
2617,SITE-013,PART-8625,2025-08-16,EQ-3770,open,27,1,False
2618,SITE-056,PART-4908,2025-02-23,EQ-4344,completed,10,0,False
2619,SITE-072,PART-8396,2024-06-27,EQ-9227,open,26,1,False
2620,SITE-055,PART-9340,2025-04-02,EQ-1038,completed,6,0,False
2621,SITE-063,PART-5999,2024-08-14,EQ-4105,in_progress,24,33,False
2622,SITE-012,PART-9284,2026-10-02,EQ-1943,awaiting_parts,12,27,False
2623,SITE-010,PART-7578,2024-05-03,EQ-2118,awaiting_parts,2,1,False
2624,SITE-040,PART-6812,2025-01-25,EQ-5877,completed,3,0,True
2625,SITE-042,PART-1225,2026-07-03,EQ-9683,completed,3,0,False
2626,SITE-074,PART-3101,2026-08-23,EQ-2471,awaiting_parts,29,38,False
2627,SITE-004,PART-2733,2023-02-04,EQ-2071,open,13,42,False
2628,SITE-093,PART-9007,2026-04-04,EQ-1918,open,22,43,False
2629,SITE-002,PART-7181,2026-01-23,EQ-5817,in_progress,3,28,False
2630,SITE-042,PART-1249,2025-09-19,EQ-8991,in_progress,23,3,False
2631,SITE-005,PART-8896,2026-08-15,EQ-3032,deferred,30,13,False
2632,SITE-096,PART-7792,2023-10-28,EQ-4463,deferred,15,32,False
2633,SITE-019,PART-7498,2024-08-25,EQ-5468,deferred,19,44,False
2634,SITE-016,PART-5214,2026-07-07,EQ-1569,completed,7,0,False
2635,SITE-075,PART-6991,2026-02-14,EQ-2121,awaiting_parts,17,8,False
2636,SITE-006,PART-7820,2024-11-24,EQ-6504,in_progress,19,36,False
2637,SITE-039,PART-6811,2024-03-20,EQ-9124,awaiting_parts,5,25,False
2638,SITE-040,PART-4128,2024-10-03,EQ-1123,open,10,24,False
2639,SITE-037,PART-5200,2023-07-08,EQ-6942,in_progress,23,17,False
2640,SITE-090,PART-3188,2024-06-11,EQ-5476,completed,0,0,False
2641,SITE-088,PART-3663,2023-04-06,EQ-9461,completed,2,0,True
2642,SITE-049,PART-4897,2025-03-06,EQ-7930,deferred,30,22,False
2643,SITE-046,PART-3030,2023-08-11,EQ-5256,deferred,24,18,False
2644,SITE-033,PART-1591,2026-12-22,EQ-6833,in_progress,11,25,False
2645,SITE-075,PART-2396,2025-09-22,EQ-1238,open,26,35,False
2646,SITE-090,PART-7441,2026-08-05,EQ-4902,open,5,24,False
2647,SITE-064,PART-9208,2023-12-18,EQ-3539,awaiting_parts,13,15,True
2648,SITE-004,PART-4370,2023-03-18,EQ-8169,in_progress,1,45,False
2649,SITE-044,PART-2075,2026-06-23,EQ-9955,in_progress,3,33,False
2650,SITE-008,PART-2106,2026-02-08,EQ-8979,deferred,19,40,False
2651,SITE-043,PART-7442,2025-03-20,EQ-3183,open,7,45,False
2652,SITE-051,PART-4872,2025-03-21,EQ-3361,awaiting_parts,27,9,False
2653,SITE-063,PART-2970,2024-02-05,EQ-2804,awaiting_parts,7,30,False
2654,SITE-064,PART-7384,2025-07-09,EQ-5009,open,5,23,False
2655,SITE-059,PART-1343,2023-06-15,EQ-4151,completed,5,0,False
2656,SITE-008,PART-9377,2024-01-01,EQ-7365,completed,8,0,False
2657,SITE-038,PART-9167,2023-06-12,EQ-4191,open,6,29,False
2658,SITE-020,PART-4999,2024-02-15,EQ-1503,deferred,30,35,False
2659,SITE-082,PART-7684,2024-03-17,EQ-5388,in_progress,23,41,False
2660,SITE-094,PART-6176,2026-06-17,EQ-4184,completed,3,0,False
2661,SITE-064,PART-6574,2026-06-14,EQ-5162,open,4,35,False
2662,SITE-038,PART-7277,2023-08-01,EQ-5939,deferred,9,44,True
2663,SITE-037,PART-6803,2024-04-26,EQ-2731,awaiting_parts,16,18,False
2664,SITE-010,PART-1124,2024-07-19,EQ-2063,deferred,13,33,False
2665,SITE-048,PART-3653,2023-05-23,EQ-1612,completed,10,0,False
2666,SITE-044,PART-3896,2024-03-07,EQ-4866,deferred,2,37,False
2667,SITE-059,PART-8928,2025-03-26,EQ-7773,completed,3,0,False
2668,SITE-041,PART-4303,2025-09-27,EQ-4418,completed,3,0,False
2669,SITE-055,PART-8524,2024-10-27,EQ-4871,awaiting_parts,7,31,False
2670,SITE-021,PART-5646,2025-11-08,EQ-9991,deferred,4,16,False
2671,SITE-078,PART-1327,2025-10-17,EQ-6171,completed,4,0,False
2672,SITE-068,PART-2317,2026-09-09,EQ-2736,open,14,20,False
2673,SITE-032,PART-1650,2023-10-06,EQ-2561,deferred,21,16,True
2674,SITE-082,PART-2802,2026-08-18,EQ-2795,completed,6,0,True
2675,SITE-091,PART-7586,2026-08-20,EQ-5183,open,30,37,False
2676,SITE-052,PART-7935,2025-01-18,EQ-8767,completed,8,0,False
2677,SITE-005,PART-1225,2026-10-13,EQ-7839,open,21,45,False
2678,SITE-055,PART-6568,2024-02-18,EQ-8471,completed,3,0,False
2679,SITE-026,PART-5781,2023-02-15,EQ-2127,completed,3,0,False
2680,SITE-088,PART-4181,2025-09-11,EQ-9899,in_progress,9,42,False
2681,SITE-070,PART-3887,2025-12-09,EQ-1607,awaiting_parts,1,11,False
2682,SITE-081,PART-3160,2023-09-17,EQ-4513,awaiting_parts,23,10,False
2683,SITE-018,PART-3344,2023-08-25,EQ-4603,open,1,17,True
2684,SITE-036,PART-3133,2023-12-14,EQ-4369,open,18,29,False
2685,SITE-076,PART-6568,2023-05-06,EQ-4295,open,27,6,False
2686,SITE-094,PART-3276,2024-09-05,EQ-2736,in_progress,2,45,False
2687,SITE-009,PART-1219,2026-09-02,EQ-9729,completed,9,0,True
2688,SITE-037,PART-9162,2023-01-16,EQ-4404,deferred,12,30,False
2689,SITE-067,PART-4058,2024-03-04,EQ-2081,open,2,20,True
2690,SITE-053,PART-9678,2024-04-01,EQ-6065,awaiting_parts,18,38,False
2691,SITE-029,PART-9162,2025-02-07,EQ-8002,in_progress,13,1,False
2692,SITE-081,PART-9374,2023-02-15,EQ-6758,open,5,3,False
2693,SITE-048,PART-5534,2023-02-16,EQ-4371,in_progress,2,33,True
2694,SITE-038,PART-5625,2025-01-27,EQ-6629,deferred,1,36,False
2695,SITE-008,PART-8202,2025-06-09,EQ-8729,in_progress,26,18,False
2696,SITE-001,PART-8779,2024-08-13,EQ-8521,awaiting_parts,10,42,False
2697,SITE-005,PART-2790,2026-06-09,EQ-4919,deferred,30,29,True
2698,SITE-048,PART-6812,2026-09-24,EQ-5628,in_progress,22,15,False
2699,SITE-071,PART-9309,2026-07-23,EQ-6795,open,20,7,False
2700,SITE-035,PART-8714,2023-03-16,EQ-8679,deferred,20,16,False
2701,SITE-019,PART-9467,2025-12-25,EQ-2343,open,20,26,True
2702,SITE-035,PART-6601,2025-07-22,EQ-8428,open,15,6,False
2703,SITE-019,PART-5496,2024-08-13,EQ-8383,deferred,25,27,False
2704,SITE-096,PART-8723,2023-02-28,EQ-2857,completed,1,0,False
2705,SITE-082,PART-5988,2023-08-13,EQ-7027,awaiting_parts,16,26,False
2706,SITE-066,PART-6854,2024-04-09,EQ-2392,completed,3,0,False
2707,SITE-066,PART-2276,2024-03-14,EQ-8285,awaiting_parts,5,5,False
2708,SITE-024,PART-8322,2026-12-11,EQ-8339,awaiting_parts,19,40,False
2709,SITE-053,PART-1347,2025-12-02,EQ-1831,awaiting_parts,11,37,False
2710,SITE-005,PART-4655,2024-05-09,EQ-2202,in_progress,29,17,False
2711,SITE-067,PART-1456,2025-09-14,EQ-5737,in_progress,3,38,False
2712,SITE-042,PART-4449,2026-02-28,EQ-9624,awaiting_parts,2,9,False
2713,SITE-024,PART-3286,2023-02-05,EQ-2274,open,3,23,False
2714,SITE-028,PART-6991,2023-03-25,EQ-5789,deferred,1,30,False
2715,SITE-061,PART-6568,2023-10-16,EQ-5924,deferred,21,37,False
2716,SITE-030,PART-7138,2023-03-08,EQ-8980,awaiting_parts,18,45,False
2717,SITE-011,PART-1138,2023-09-05,EQ-4013,awaiting_parts,28,30,False
2718,SITE-039,PART-4505,2024-12-20,EQ-1463,deferred,14,11,False
2719,SITE-094,PART-8488,2026-08-07,EQ-3530,awaiting_parts,14,8,False
2720,SITE-071,PART-3715,2024-02-06,EQ-9437,completed,8,0,False
2721,SITE-067,PART-7045,2026-03-05,EQ-3396,open,20,24,False
2722,SITE-043,PART-8625,2025-05-03,EQ-3565,deferred,20,43,False
2723,SITE-018,PART-1724,2023-08-07,EQ-5925,in_progress,21,17,False
2724,SITE-066,PART-4918,2023-08-19,EQ-9343,in_progress,2,15,False
2725,SITE-081,PART-5771,2023-12-03,EQ-8863,completed,10,0,False
2726,SITE-051,PART-5961,2025-07-06,EQ-2867,deferred,5,40,False
2727,SITE-064,PART-8200,2025-08-13,EQ-4987,deferred,25,40,True
2728,SITE-001,PART-6112,2026-01-04,EQ-3626,deferred,2,27,False
2729,SITE-064,PART-9564,2024-12-07,EQ-6285,awaiting_parts,17,7,False
2730,SITE-020,PART-8144,2023-08-06,EQ-1196,awaiting_parts,9,15,False
2731,SITE-076,PART-2131,2023-05-02,EQ-6987,completed,3,0,False
2732,SITE-054,PART-2946,2024-03-16,EQ-4688,open,28,27,True
2733,SITE-069,PART-9121,2025-03-17,EQ-5726,awaiting_parts,26,11,False
2734,SITE-064,PART-3592,2026-07-27,EQ-6976,deferred,27,23,False
2735,SITE-003,PART-5050,2024-05-17,EQ-7153,completed,1,0,False
2736,SITE-065,PART-3291,2026-05-07,EQ-2438,open,29,31,False
2737,SITE-091,PART-2297,2025-10-26,EQ-8551,open,5,23,False
2738,SITE-067,PART-6023,2023-11-01,EQ-3115,in_progress,2,9,False
2739,SITE-002,PART-3392,2024-03-17,EQ-6747,in_progress,17,38,False
2740,SITE-093,PART-9634,2025-09-08,EQ-7720,in_progress,6,15,False
2741,SITE-017,PART-4422,2026-09-28,EQ-3011,completed,0,0,False
2742,SITE-092,PART-3729,2024-03-15,EQ-6653,in_progress,20,11,False
2743,SITE-003,PART-2705,2023-09-06,EQ-3814,completed,1,0,False
2744,SITE-036,PART-3704,2024-10-23,EQ-1043,in_progress,22,27,False
2745,SITE-098,PART-7425,2026-12-22,EQ-2112,awaiting_parts,8,7,False
2746,SITE-046,PART-5661,2023-11-09,EQ-9777,open,7,27,False
2747,SITE-056,PART-1483,2024-09-10,EQ-9076,deferred,1,10,False
2748,SITE-077,PART-5029,2023-06-16,EQ-1118,awaiting_parts,3,9,False
2749,SITE-051,PART-9629,2023-12-04,EQ-1579,open,24,21,False
2750,SITE-014,PART-1930,2023-12-25,EQ-3199,deferred,2,36,False
2751,SITE-080,PART-9388,2023-12-19,EQ-1003,deferred,15,1,False
2752,SITE-028,PART-2068,2023-11-07,EQ-9890,in_progress,16,10,False
2753,SITE-041,PART-6884,2023-05-15,EQ-4345,awaiting_parts,14,8,False
2754,SITE-045,PART-7240,2025-02-06,EQ-5475,open,4,29,False
2755,SITE-096,PART-5219,2024-09-27,EQ-2727,in_progress,7,3,False
2756,SITE-097,PART-3732,2024-09-03,EQ-3798,awaiting_parts,21,19,False
2757,SITE-042,PART-2003,2023-02-08,EQ-6209,in_progress,25,10,False
2758,SITE-098,PART-8523,2025-02-10,EQ-7776,in_progress,2,22,True
2759,SITE-012,PART-8042,2026-06-03,EQ-2282,completed,7,0,False
2760,SITE-040,PART-2838,2023-05-25,EQ-7036,completed,2,0,False
2761,SITE-038,PART-6108,2025-01-02,EQ-4045,open,28,14,False
2762,SITE-081,PART-9768,2023-03-18,EQ-1658,completed,0,0,False
2763,SITE-054,PART-1214,2023-06-20,EQ-7850,awaiting_parts,11,26,False
2764,SITE-028,PART-8909,2024-07-18,EQ-7908,open,16,6,True
2765,SITE-009,PART-7505,2025-12-15,EQ-2584,deferred,23,3,False
2766,SITE-039,PART-4603,2026-07-21,EQ-3048,completed,7,0,False
2767,SITE-049,PART-8841,2025-08-05,EQ-8688,in_progress,20,40,False
2768,SITE-075,PART-2052,2025-07-01,EQ-1941,completed,5,0,False
2769,SITE-094,PART-7413,2026-07-28,EQ-4137,in_progress,7,38,False
2770,SITE-031,PART-8254,2026-08-21,EQ-5214,completed,7,0,False
2771,SITE-047,PART-5094,2024-02-08,EQ-8202,in_progress,11,8,True
2772,SITE-031,PART-5415,2023-11-24,EQ-7660,awaiting_parts,8,44,False
2773,SITE-052,PART-2380,2023-02-13,EQ-7082,deferred,6,42,False
2774,SITE-022,PART-1129,2023-02-12,EQ-9272,open,9,1,False
2775,SITE-007,PART-6811,2023-12-13,EQ-3018,open,23,38,False
2776,SITE-018,PART-7156,2024-04-11,EQ-9951,completed,8,0,False
2777,SITE-004,PART-9106,2023-12-17,EQ-9157,open,29,5,False
2778,SITE-097,PART-5625,2026-01-23,EQ-6477,open,23,39,False
2779,SITE-029,PART-9458,2026-04-08,EQ-9091,awaiting_parts,12,44,False
2780,SITE-093,PART-4290,2026-04-17,EQ-1681,completed,9,0,False
2781,SITE-055,PART-9297,2025-11-25,EQ-2011,in_progress,25,2,False
2782,SITE-011,PART-2165,2025-03-06,EQ-9243,in_progress,23,16,False
2783,SITE-038,PART-8384,2026-07-03,EQ-1807,in_progress,5,16,False
2784,SITE-030,PART-4997,2025-08-14,EQ-3474,awaiting_parts,23,41,False
2785,SITE-073,PART-9038,2025-03-09,EQ-6573,open,26,8,False
2786,SITE-018,PART-3959,2024-10-16,EQ-4469,open,24,2,False
2787,SITE-017,PART-5186,2025-01-09,EQ-7486,completed,2,0,False
2788,SITE-082,PART-7345,2024-02-11,EQ-5093,open,16,2,False
2789,SITE-077,PART-7537,2024-06-10,EQ-1344,completed,7,0,False
2790,SITE-093,PART-9320,2026-03-13,EQ-8853,awaiting_parts,15,24,False
2791,SITE-100,PART-2404,2025-08-27,EQ-9499,deferred,26,11,False
2792,SITE-067,PART-1911,2023-08-16,EQ-2081,open,25,29,True
2793,SITE-056,PART-2779,2024-05-11,EQ-8317,deferred,7,41,False
2794,SITE-016,PART-1557,2025-09-02,EQ-3027,deferred,17,8,False
2795,SITE-092,PART-8723,2024-04-10,EQ-5688,awaiting_parts,20,42,False
2796,SITE-066,PART-3388,2026-04-19,EQ-6321,completed,7,0,False
2797,SITE-079,PART-3188,2025-06-17,EQ-4928,open,10,26,False
2798,SITE-034,PART-6107,2026-03-11,EQ-9292,deferred,11,39,False
2799,SITE-031,PART-4856,2024-03-05,EQ-3185,open,25,11,False
2800,SITE-069,PART-7488,2025-09-22,EQ-3494,in_progress,12,24,False
2801,SITE-023,PART-2927,2026-06-02,EQ-7531,deferred,29,17,False
2802,SITE-099,PART-6442,2024-03-24,EQ-8732,awaiting_parts,28,29,False
2803,SITE-040,PART-7785,2025-08-16,EQ-5998,open,15,37,False
2804,SITE-005,PART-7991,2025-04-08,EQ-3824,awaiting_parts,24,34,False
2805,SITE-063,PART-7366,2026-02-11,EQ-9009,awaiting_parts,17,7,False
2806,SITE-100,PART-7067,2023-10-05,EQ-6710,open,24,13,False
2807,SITE-094,PART-8861,2025-04-23,EQ-5596,awaiting_parts,21,39,False
2808,SITE-081,PART-9406,2025-01-26,EQ-2816,deferred,10,18,True
2809,SITE-080,PART-6983,2026-02-04,EQ-7881,awaiting_parts,30,30,False
2810,SITE-066,PART-9634,2026-03-25,EQ-1661,completed,9,0,False
2811,SITE-092,PART-8675,2026-06-20,EQ-6033,open,7,10,False
2812,SITE-012,PART-2356,2025-05-19,EQ-4429,open,21,31,False
2813,SITE-003,PART-7087,2023-12-25,EQ-9893,awaiting_parts,8,15,False
2814,SITE-011,PART-2179,2024-01-06,EQ-2030,open,7,9,True
2815,SITE-048,PART-7008,2023-08-08,EQ-9190,deferred,24,30,False
2816,SITE-077,PART-2665,2023-12-04,EQ-8432,awaiting_parts,13,3,False
2817,SITE-005,PART-5664,2025-10-09,EQ-9666,completed,8,0,False
2818,SITE-006,PART-7942,2023-07-23,EQ-5067,deferred,15,30,False
2819,SITE-070,PART-7056,2023-12-28,EQ-8448,in_progress,8,6,False
2820,SITE-073,PART-9309,2026-03-10,EQ-6686,in_progress,13,26,False
2821,SITE-012,PART-6522,2023-12-12,EQ-3498,deferred,10,6,False
2822,SITE-086,PART-8483,2025-02-16,EQ-7684,awaiting_parts,30,30,False
2823,SITE-039,PART-2098,2024-07-12,EQ-8489,in_progress,12,6,False
2824,SITE-077,PART-6299,2026-09-17,EQ-3791,deferred,1,35,False
2825,SITE-019,PART-6371,2025-01-10,EQ-7010,in_progress,16,36,False
2826,SITE-055,PART-8896,2024-02-28,EQ-5101,awaiting_parts,17,14,False
2827,SITE-003,PART-9629,2026-09-18,EQ-8688,in_progress,13,11,False
2828,SITE-041,PART-8003,2026-06-11,EQ-4372,awaiting_parts,12,24,False
2829,SITE-090,PART-6227,2025-10-13,EQ-1819,completed,4,0,True
2830,SITE-093,PART-2035,2025-04-03,EQ-8910,awaiting_parts,9,7,False
2831,SITE-097,PART-7782,2025-11-07,EQ-2622,deferred,21,45,False
2832,SITE-054,PART-3030,2024-03-06,EQ-9558,deferred,7,37,False
2833,SITE-025,PART-2295,2023-08-06,EQ-3797,in_progress,11,37,False
2834,SITE-055,PART-2075,2024-01-15,EQ-7713,awaiting_parts,7,31,True
2835,SITE-031,PART-6431,2026-07-18,EQ-1150,completed,10,0,False
2836,SITE-073,PART-5876,2024-12-20,EQ-5695,awaiting_parts,26,35,True
2837,SITE-042,PART-7886,2024-07-16,EQ-6794,awaiting_parts,15,24,False
2838,SITE-079,PART-1496,2025-12-07,EQ-7405,open,3,34,False
2839,SITE-018,PART-8798,2023-01-01,EQ-7304,in_progress,12,27,False
2840,SITE-061,PART-6089,2026-11-05,EQ-5041,open,14,42,False
2841,SITE-015,PART-8896,2025-09-22,EQ-1329,awaiting_parts,8,28,False
2842,SITE-028,PART-1198,2023-01-21,EQ-3791,deferred,14,25,False
2843,SITE-007,PART-3646,2025-03-18,EQ-9916,deferred,20,5,False
2844,SITE-062,PART-4080,2025-08-11,EQ-8541,awaiting_parts,14,11,False
2845,SITE-051,PART-9388,2026-04-05,EQ-9511,deferred,27,4,False
2846,SITE-080,PART-5219,2025-10-16,EQ-8167,awaiting_parts,8,6,False
2847,SITE-013,PART-6947,2026-06-15,EQ-7909,in_progress,29,35,False
2848,SITE-007,PART-9337,2024-03-06,EQ-5691,awaiting_parts,19,29,False
2849,SITE-007,PART-8959,2025-09-15,EQ-8755,deferred,9,27,False
2850,SITE-004,PART-8876,2023-04-14,EQ-5619,in_progress,26,33,False
2851,SITE-056,PART-7820,2023-09-08,EQ-3266,deferred,3,16,True
2852,SITE-089,PART-8537,2023-12-09,EQ-5670,deferred,4,7,True
2853,SITE-055,PART-8062,2024-12-03,EQ-7446,completed,0,0,False
2854,SITE-063,PART-6183,2024-04-21,EQ-6505,deferred,18,19,False
2855,SITE-023,PART-4228,2023-07-06,EQ-2334,deferred,16,28,True
2856,SITE-005,PART-3995,2025-04-17,EQ-5369,in_progress,26,29,False
2857,SITE-087,PART-5427,2024-06-26,EQ-8913,deferred,22,20,False
2858,SITE-001,PART-1358,2024-06-01,EQ-4707,completed,1,0,False
2859,SITE-015,PART-8396,2025-01-01,EQ-4148,deferred,22,20,False
2860,SITE-063,PART-1414,2026-08-07,EQ-7434,open,25,44,False
2861,SITE-003,PART-1402,2024-09-14,EQ-6478,completed,6,0,False
2862,SITE-080,PART-8896,2025-10-09,EQ-3724,open,30,34,False
2863,SITE-061,PART-7045,2023-12-21,EQ-8169,completed,4,0,True
2864,SITE-025,PART-4397,2026-04-27,EQ-9965,open,30,29,False
2865,SITE-015,PART-8474,2023-04-14,EQ-2680,in_progress,19,42,False
2866,SITE-041,PART-1376,2026-10-14,EQ-6741,open,5,34,False
2867,SITE-069,PART-6140,2023-01-19,EQ-4686,deferred,19,30,False
2868,SITE-038,PART-9768,2026-12-09,EQ-9262,deferred,15,6,False
2869,SITE-058,PART-5898,2023-05-19,EQ-6915,open,25,36,False
2870,SITE-080,PART-5660,2024-10-23,EQ-1475,completed,9,0,False
2871,SITE-074,PART-8625,2026-03-16,EQ-1029,in_progress,12,45,False
2872,SITE-030,PART-4181,2025-03-12,EQ-5545,in_progress,25,13,False
2873,SITE-061,PART-2577,2026-12-24,EQ-5332,awaiting_parts,4,17,False
2874,SITE-061,PART-9292,2024-11-24,EQ-6789,deferred,3,10,False
2875,SITE-098,PART-7282,2023-03-12,EQ-2406,in_progress,28,30,False
2876,SITE-012,PART-1656,2023-03-20,EQ-1171,awaiting_parts,22,41,False
2877,SITE-025,PART-1768,2024-10-01,EQ-9212,awaiting_parts,17,44,False
2878,SITE-097,PART-3879,2024-11-07,EQ-4940,open,30,26,True
2879,SITE-057,PART-5693,2024-05-14,EQ-2582,in_progress,8,22,False
2880,SITE-098,PART-7082,2025-08-21,EQ-2234,awaiting_parts,13,3,False
2881,SITE-053,PART-4228,2023-01-26,EQ-5883,deferred,14,34,False
2882,SITE-083,PART-4449,2026-02-04,EQ-1453,deferred,6,40,False
2883,SITE-093,PART-5625,2025-07-22,EQ-3934,deferred,8,30,False
2884,SITE-099,PART-2099,2023-03-24,EQ-2572,in_progress,18,11,False
2885,SITE-064,PART-7358,2026-02-21,EQ-8108,awaiting_parts,24,32,False
2886,SITE-067,PART-2994,2025-05-18,EQ-7696,completed,1,0,False
2887,SITE-088,PART-7416,2025-03-04,EQ-2102,open,15,9,False
2888,SITE-091,PART-1456,2024-06-23,EQ-7475,deferred,9,45,False
2889,SITE-037,PART-8518,2023-09-25,EQ-5774,awaiting_parts,15,30,False
2890,SITE-026,PART-8959,2023-06-08,EQ-6453,open,18,27,False
2891,SITE-035,PART-7914,2026-07-21,EQ-8729,open,12,10,False
2892,SITE-090,PART-7625,2024-06-17,EQ-1850,completed,0,0,False
2893,SITE-025,PART-4694,2026-03-05,EQ-9254,awaiting_parts,18,11,False
2894,SITE-095,PART-7413,2024-05-22,EQ-1994,deferred,24,31,False
2895,SITE-049,PART-5660,2023-12-05,EQ-6562,awaiting_parts,3,6,False
2896,SITE-046,PART-9114,2026-04-25,EQ-2691,completed,8,0,False
2897,SITE-060,PART-8007,2026-05-28,EQ-4144,in_progress,13,30,False
2898,SITE-045,PART-6586,2026-04-21,EQ-5293,deferred,17,27,False
2899,SITE-022,PART-4638,2026-04-19,EQ-4397,open,19,29,False
2900,SITE-044,PART-7949,2023-05-23,EQ-8351,completed,4,0,True
2901,SITE-012,PART-6884,2026-02-19,EQ-2645,open,22,20,False
2902,SITE-028,PART-8690,2023-06-02,EQ-2273,open,8,10,True
2903,SITE-092,PART-6826,2023-05-02,EQ-7905,open,18,7,False
2904,SITE-039,PART-2622,2025-09-16,EQ-2772,in_progress,29,37,False
2905,SITE-012,PART-7984,2023-02-03,EQ-9679,awaiting_parts,3,14,False
2906,SITE-093,PART-3257,2026-12-24,EQ-4510,in_progress,18,27,False
2907,SITE-051,PART-7722,2026-11-26,EQ-2302,awaiting_parts,15,29,False
2908,SITE-042,PART-3209,2026-01-27,EQ-2701,deferred,19,43,False
2909,SITE-072,PART-7183,2026-05-22,EQ-8270,deferred,16,18,False
2910,SITE-054,PART-7385,2025-03-20,EQ-7326,deferred,1,15,False
2911,SITE-062,PART-1591,2023-10-08,EQ-2555,deferred,11,27,False
2912,SITE-021,PART-8581,2025-03-16,EQ-8214,open,19,7,False
2913,SITE-085,PART-7967,2025-02-18,EQ-4235,deferred,20,16,False
2914,SITE-096,PART-7577,2025-05-28,EQ-6727,awaiting_parts,23,20,False
2915,SITE-027,PART-9337,2023-06-12,EQ-2708,awaiting_parts,3,37,False
2916,SITE-045,PART-5029,2025-10-25,EQ-5750,open,28,42,False
2917,SITE-056,PART-5321,2025-12-19,EQ-2503,completed,10,0,True
2918,SITE-028,PART-9108,2026-03-16,EQ-4672,awaiting_parts,7,6,False
2919,SITE-056,PART-6072,2026-07-15,EQ-1004,deferred,26,3,False
2920,SITE-044,PART-9297,2025-02-24,EQ-4465,in_progress,1,36,False
2921,SITE-098,PART-4092,2023-05-09,EQ-7902,completed,4,0,True
2922,SITE-037,PART-3344,2025-06-03,EQ-3875,completed,3,0,False
2923,SITE-096,PART-2394,2025-06-13,EQ-3427,in_progress,1,13,False
2924,SITE-064,PART-4572,2023-11-18,EQ-1825,completed,7,0,False
2925,SITE-004,PART-3064,2023-05-22,EQ-5254,in_progress,11,3,False
2926,SITE-095,PART-1918,2025-07-14,EQ-7525,awaiting_parts,30,21,False
2927,SITE-067,PART-7606,2024-11-20,EQ-4102,completed,6,0,False
2928,SITE-004,PART-1816,2025-04-10,EQ-9173,open,17,45,False
2929,SITE-040,PART-5668,2025-01-15,EQ-8787,awaiting_parts,13,4,False
2930,SITE-008,PART-7104,2024-06-25,EQ-2249,open,17,15,True
2931,SITE-076,PART-9007,2023-01-11,EQ-3824,open,29,37,False
2932,SITE-011,PART-2867,2025-11-27,EQ-8830,awaiting_parts,29,39,False
2933,SITE-041,PART-5186,2025-01-21,EQ-6819,completed,6,0,True
2934,SITE-011,PART-3653,2023-04-27,EQ-3684,deferred,2,15,False
2935,SITE-058,PART-6947,2023-05-11,EQ-5783,completed,7,0,True
2936,SITE-039,PART-3201,2025-11-24,EQ-6940,open,16,6,False
2937,SITE-099,PART-7944,2023-06-26,EQ-3136,in_progress,5,16,False
2938,SITE-077,PART-9638,2026-12-22,EQ-6863,in_progress,23,31,False
2939,SITE-058,PART-2148,2026-10-23,EQ-3675,in_progress,27,3,False
2940,SITE-041,PART-1777,2026-01-16,EQ-2238,awaiting_parts,21,36,False
2941,SITE-068,PART-1891,2026-05-22,EQ-8017,in_progress,27,11,False
2942,SITE-051,PART-6829,2026-11-11,EQ-5719,completed,10,0,False
2943,SITE-007,PART-1105,2023-09-21,EQ-7702,completed,7,0,False
2944,SITE-063,PART-8273,2024-10-04,EQ-4503,open,5,17,False
2945,SITE-072,PART-6355,2024-06-24,EQ-6671,in_progress,7,28,False
2946,SITE-072,PART-9993,2026-01-03,EQ-1937,deferred,24,2,False
2947,SITE-038,PART-6183,2026-09-20,EQ-7417,deferred,29,29,False
2948,SITE-091,PART-7820,2025-01-23,EQ-7612,open,19,7,False
2949,SITE-066,PART-2739,2025-12-11,EQ-7477,deferred,11,10,False
2950,SITE-063,PART-9549,2026-07-05,EQ-8329,deferred,14,20,False
2951,SITE-083,PART-8758,2025-10-10,EQ-3999,awaiting_parts,21,17,False
2952,SITE-054,PART-7971,2026-10-26,EQ-9677,deferred,28,20,False
2953,SITE-011,PART-5546,2023-07-16,EQ-7859,deferred,16,41,False
2954,SITE-068,PART-5238,2026-05-13,EQ-2274,open,27,8,False
2955,SITE-094,PART-5898,2023-04-28,EQ-9501,in_progress,13,31,False
2956,SITE-075,PART-2035,2025-05-15,EQ-1861,open,27,24,False
2957,SITE-059,PART-9856,2024-06-17,EQ-6814,open,6,34,True
2958,SITE-014,PART-2516,2026-11-27,EQ-7681,awaiting_parts,25,31,False
2959,SITE-066,PART-8668,2023-06-06,EQ-5424,in_progress,3,28,False
2960,SITE-006,PART-6349,2024-09-10,EQ-2871,completed,6,0,False
2961,SITE-006,PART-5094,2025-08-20,EQ-7669,open,13,19,False
2962,SITE-018,PART-6797,2023-08-25,EQ-1921,open,10,31,False
2963,SITE-039,PART-6113,2026-12-08,EQ-6160,completed,9,0,False
2964,SITE-001,PART-2434,2024-11-01,EQ-2801,awaiting_parts,8,14,False
2965,SITE-093,PART-1088,2024-05-10,EQ-9292,awaiting_parts,9,23,False
2966,SITE-026,PART-5124,2025-05-20,EQ-9699,deferred,14,36,False
2967,SITE-084,PART-2577,2025-01-09,EQ-3527,completed,1,0,False
2968,SITE-014,PART-3290,2026-02-15,EQ-5415,awaiting_parts,15,43,False
2969,SITE-014,PART-4080,2025-11-14,EQ-1845,deferred,28,13,False
2970,SITE-027,PART-3257,2025-06-05,EQ-1119,completed,9,0,False
2971,SITE-096,PART-8798,2025-02-26,EQ-9000,open,16,39,False
2972,SITE-066,PART-2122,2025-06-17,EQ-2576,deferred,12,14,False
2973,SITE-034,PART-7250,2023-08-24,EQ-6373,in_progress,12,32,False
2974,SITE-016,PART-8302,2026-02-16,EQ-9285,deferred,5,27,True
2975,SITE-039,PART-9406,2025-09-13,EQ-1990,awaiting_parts,2,42,False
2976,SITE-082,PART-3531,2026-12-09,EQ-5514,in_progress,8,38,False
2977,SITE-090,PART-6829,2024-10-15,EQ-1184,deferred,18,24,False
2978,SITE-052,PART-5950,2024-01-12,EQ-7288,open,5,12,False
2979,SITE-014,PART-8916,2024-04-14,EQ-5246,completed,1,0,False
2980,SITE-052,PART-3340,2023-09-21,EQ-9840,deferred,29,33,False
2981,SITE-003,PART-3418,2024-05-11,EQ-8484,open,16,10,False
2982,SITE-075,PART-2269,2025-10-18,EQ-4198,awaiting_parts,18,6,False
2983,SITE-098,PART-1872,2025-10-22,EQ-7242,open,17,28,False
2984,SITE-030,PART-7199,2024-08-09,EQ-1385,in_progress,6,3,True
2985,SITE-085,PART-8780,2025-09-01,EQ-8138,completed,8,0,False
2986,SITE-072,PART-5873,2026-05-06,EQ-5698,open,15,1,False
2987,SITE-024,PART-5762,2024-10-17,EQ-7595,in_progress,12,16,False
2988,SITE-020,PART-9329,2024-01-25,EQ-5131,deferred,4,31,False
2989,SITE-002,PART-5846,2025-12-02,EQ-7609,awaiting_parts,2,38,False
2990,SITE-089,PART-6601,2024-03-13,EQ-8951,deferred,28,26,False
2991,SITE-072,PART-4247,2024-12-06,EQ-1366,in_progress,27,19,False
2992,SITE-038,PART-8199,2023-06-14,EQ-7162,in_progress,18,6,False
2993,SITE-035,PART-5046,2023-09-14,EQ-3692,awaiting_parts,28,38,False
2994,SITE-026,PART-3819,2025-09-23,EQ-2302,in_progress,3,3,False
2995,SITE-060,PART-5950,2023-03-05,EQ-7546,deferred,28,32,False
2996,SITE-075,PART-9492,2024-05-01,EQ-9813,in_progress,5,14,False
2997,SITE-077,PART-1816,2024-08-06,EQ-9089,open,12,37,False
2998,SITE-072,PART-5200,2023-08-26,EQ-8878,in_progress,6,16,False
2999,SITE-029,PART-7608,2024-04-18,EQ-1222,deferred,16,4,False
3000,SITE-096,PART-4058,2024-03-17,EQ-7801,deferred,12,30,True
3001,SITE-023,PART-9271,2026-01-28,EQ-7212,completed,5,0,False
3002,SITE-011,PART-1715,2024-11-20,EQ-3625,awaiting_parts,30,32,False
3003,SITE-064,PART-2451,2024-04-17,EQ-9907,completed,7,0,False
3004,SITE-084,PART-4181,2025-08-27,EQ-5030,open,17,13,False
3005,SITE-004,PART-6183,2023-06-22,EQ-1101,deferred,11,23,True
3006,SITE-072,PART-9492,2026-05-07,EQ-7330,completed,5,0,False
3007,SITE-091,PART-5094,2026-02-15,EQ-8697,completed,10,0,False
3008,SITE-035,PART-5225,2024-10-17,EQ-2782,open,6,4,False
3009,SITE-036,PART-8840,2026-09-16,EQ-2920,awaiting_parts,25,16,True
3010,SITE-099,PART-4058,2026-06-06,EQ-2859,awaiting_parts,30,17,False
3011,SITE-004,PART-8163,2024-12-14,EQ-3105,deferred,1,18,False
3012,SITE-068,PART-1503,2023-01-18,EQ-2155,deferred,26,5,False
3013,SITE-013,PART-2099,2024-01-17,EQ-6629,deferred,20,32,False
3014,SITE-097,PART-5368,2026-08-07,EQ-8091,awaiting_parts,3,42,False
3015,SITE-030,PART-6787,2026-04-20,EQ-6687,completed,2,0,False
3016,SITE-083,PART-7486,2023-08-22,EQ-2790,in_progress,13,10,False
3017,SITE-086,PART-7036,2024-02-24,EQ-2315,open,7,14,False
3018,SITE-011,PART-9512,2023-12-20,EQ-3687,completed,9,0,False
3019,SITE-012,PART-6668,2023-06-10,EQ-4748,open,11,4,False
3020,SITE-003,PART-9893,2024-02-06,EQ-8857,in_progress,22,37,False
3021,SITE-076,PART-3030,2026-02-17,EQ-8557,deferred,7,34,False
3022,SITE-005,PART-5460,2024-05-23,EQ-6480,awaiting_parts,2,1,False
3023,SITE-051,PART-1897,2026-01-09,EQ-5416,in_progress,11,32,False
3024,SITE-093,PART-3349,2026-03-09,EQ-2979,open,13,5,False
3025,SITE-081,PART-8943,2024-02-14,EQ-5764,in_progress,27,12,False
3026,SITE-075,PART-2331,2025-01-26,EQ-3331,deferred,19,5,False
3027,SITE-078,PART-1798,2023-11-22,EQ-5069,in_progress,27,20,False
3028,SITE-068,PART-8279,2026-03-22,EQ-5432,awaiting_parts,12,39,False
3029,SITE-074,PART-1771,2024-06-06,EQ-7455,deferred,2,29,False
3030,SITE-086,PART-2784,2025-08-07,EQ-8635,open,14,43,False
3031,SITE-012,PART-3193,2025-03-05,EQ-1382,deferred,1,13,False
3032,SITE-019,PART-7159,2024-03-23,EQ-6241,open,10,42,False
3033,SITE-049,PART-6586,2025-10-12,EQ-7209,deferred,22,20,False
3034,SITE-030,PART-8261,2023-09-02,EQ-9199,in_progress,27,38,False
3035,SITE-044,PART-4216,2026-10-15,EQ-4780,awaiting_parts,4,12,False
3036,SITE-010,PART-9077,2026-02-02,EQ-5314,awaiting_parts,15,43,False
3037,SITE-006,PART-9165,2023-11-05,EQ-5097,open,7,10,False
3038,SITE-097,PART-1817,2026-11-22,EQ-6805,open,15,25,False
3039,SITE-054,PART-2356,2025-09-11,EQ-2550,completed,1,0,False
3040,SITE-017,PART-7042,2023-12-28,EQ-3005,open,27,37,False
3041,SITE-033,PART-7140,2026-08-27,EQ-1366,in_progress,29,31,False
3042,SITE-013,PART-2135,2024-01-19,EQ-6941,awaiting_parts,7,10,False
3043,SITE-050,PART-9843,2023-09-16,EQ-1249,completed,6,0,False
3044,SITE-047,PART-6508,2025-09-21,EQ-4842,completed,2,0,False
3045,SITE-012,PART-3452,2026-06-28,EQ-6050,open,19,21,True
3046,SITE-070,PART-5115,2024-08-19,EQ-2689,completed,2,0,False
3047,SITE-037,PART-9913,2023-02-02,EQ-9891,completed,4,0,False
3048,SITE-075,PART-6069,2023-10-07,EQ-8187,completed,2,0,False
3049,SITE-014,PART-2673,2024-11-15,EQ-4444,deferred,26,6,False
3050,SITE-060,PART-8144,2023-08-20,EQ-1892,open,7,12,False
3051,SITE-057,PART-1124,2025-01-19,EQ-8587,open,6,33,True
3052,SITE-006,PART-2127,2024-11-11,EQ-5994,deferred,21,23,False
3053,SITE-047,PART-5805,2025-08-03,EQ-1263,awaiting_parts,17,35,False
3054,SITE-038,PART-8783,2023-09-09,EQ-4521,deferred,29,17,False
3055,SITE-060,PART-7498,2023-07-03,EQ-4269,completed,1,0,False
3056,SITE-010,PART-2317,2024-05-28,EQ-7740,awaiting_parts,22,8,False
3057,SITE-074,PART-6113,2025-03-24,EQ-9735,in_progress,8,16,True
3058,SITE-038,PART-1768,2023-03-04,EQ-5894,awaiting_parts,10,41,False
3059,SITE-046,PART-6227,2024-12-12,EQ-6526,completed,2,0,False
3060,SITE-077,PART-4072,2026-06-12,EQ-7056,open,4,16,False
3061,SITE-024,PART-6972,2023-02-21,EQ-1725,open,5,39,False
3062,SITE-082,PART-2391,2024-11-07,EQ-2088,open,22,29,False
3063,SITE-070,PART-7486,2025-05-10,EQ-8689,in_progress,26,41,False
3064,SITE-052,PART-2826,2025-04-27,EQ-1372,completed,2,0,False
3065,SITE-079,PART-9370,2023-05-07,EQ-7188,completed,10,0,False
3066,SITE-002,PART-5875,2025-07-12,EQ-2983,open,5,20,True
3067,SITE-040,PART-8384,2025-04-02,EQ-2023,deferred,12,2,False
3068,SITE-027,PART-9216,2024-04-09,EQ-6892,deferred,26,39,False
3069,SITE-072,PART-2019,2026-03-10,EQ-4586,awaiting_parts,13,16,False
3070,SITE-007,PART-1547,2026-07-05,EQ-7800,deferred,7,11,True
3071,SITE-033,PART-9492,2023-01-13,EQ-9955,awaiting_parts,29,37,False
3072,SITE-097,PART-5999,2026-01-23,EQ-8897,in_progress,26,25,False
3073,SITE-067,PART-2419,2024-07-12,EQ-1436,completed,2,0,False
3074,SITE-033,PART-4181,2026-10-07,EQ-4828,completed,3,0,False
3075,SITE-056,PART-5921,2023-04-08,EQ-8754,completed,3,0,False
3076,SITE-021,PART-1456,2023-01-17,EQ-3257,open,10,12,True
3077,SITE-050,PART-8042,2026-11-17,EQ-2027,in_progress,27,7,True
3078,SITE-070,PART-4538,2023-01-07,EQ-5096,in_progress,28,17,False
3079,SITE-023,PART-2391,2023-09-08,EQ-6438,deferred,28,41,False
3080,SITE-086,PART-5693,2023-09-24,EQ-4761,deferred,10,2,False
3081,SITE-001,PART-8518,2026-01-21,EQ-6784,deferred,16,35,False
3082,SITE-004,PART-8261,2025-01-23,EQ-2730,completed,2,0,False
3083,SITE-060,PART-2665,2024-01-08,EQ-5533,in_progress,28,29,False
3084,SITE-024,PART-6814,2023-10-09,EQ-4344,completed,3,0,False
3085,SITE-050,PART-3735,2023-05-23,EQ-3730,in_progress,7,29,True
3086,SITE-051,PART-3895,2024-01-08,EQ-7498,open,29,28,False
3087,SITE-097,PART-2217,2024-02-02,EQ-8484,awaiting_parts,20,27,True
3088,SITE-013,PART-6221,2024-06-22,EQ-2752,completed,10,0,False
3089,SITE-058,PART-8273,2025-08-17,EQ-8042,open,14,25,False
3090,SITE-077,PART-2415,2023-04-10,EQ-5417,deferred,16,44,False
3091,SITE-076,PART-1768,2025-04-13,EQ-1476,open,20,22,False
3092,SITE-050,PART-8841,2025-02-18,EQ-6317,awaiting_parts,25,26,False
3093,SITE-015,PART-1724,2024-04-04,EQ-2610,open,22,10,False
3094,SITE-017,PART-4128,2026-06-08,EQ-1155,awaiting_parts,2,30,False
3095,SITE-060,PART-8396,2025-05-18,EQ-6305,open,29,27,False
3096,SITE-071,PART-2419,2025-01-27,EQ-1825,awaiting_parts,25,8,False
3097,SITE-008,PART-1942,2024-11-25,EQ-1282,in_progress,5,16,False
3098,SITE-051,PART-9337,2023-11-17,EQ-3376,awaiting_parts,5,43,False
3099,SITE-029,PART-1214,2024-11-24,EQ-6729,open,19,28,False
3100,SITE-066,PART-1987,2024-10-16,EQ-4340,in_progress,4,21,False
3101,SITE-097,PART-8488,2023-08-01,EQ-8113,in_progress,17,31,False
3102,SITE-060,PART-8762,2023-09-26,EQ-8720,in_progress,17,7,True
3103,SITE-065,PART-3349,2025-05-27,EQ-7694,deferred,15,26,False
3104,SITE-094,PART-6908,2024-04-22,EQ-4416,in_progress,28,14,True
3105,SITE-019,PART-4309,2025-12-19,EQ-1808,deferred,10,23,False
3106,SITE-095,PART-2039,2026-10-22,EQ-6623,open,8,37,False
3107,SITE-092,PART-3160,2024-01-04,EQ-6946,in_progress,15,22,False
3108,SITE-062,PART-8762,2026-09-06,EQ-8239,awaiting_parts,24,30,True
3109,SITE-072,PART-4774,2024-04-19,EQ-8765,awaiting_parts,6,25,True
3110,SITE-083,PART-4655,2026-05-06,EQ-6562,in_progress,14,40,False
3111,SITE-017,PART-4856,2025-11-11,EQ-7175,completed,9,0,True
3112,SITE-007,PART-4309,2025-08-10,EQ-5447,in_progress,15,10,False
3113,SITE-045,PART-4035,2024-03-13,EQ-8641,awaiting_parts,6,9,False
3114,SITE-036,PART-7199,2025-02-05,EQ-1512,open,20,28,False
3115,SITE-073,PART-5749,2025-11-23,EQ-8674,awaiting_parts,3,43,False
3116,SITE-096,PART-8916,2025-12-04,EQ-9619,completed,3,0,False
3117,SITE-030,PART-1470,2024-11-02,EQ-3727,in_progress,14,38,False
3118,SITE-079,PART-7578,2026-03-11,EQ-5089,in_progress,4,13,False
3119,SITE-050,PART-7584,2026-06-19,EQ-9183,awaiting_parts,8,28,False
3120,SITE-091,PART-8758,2024-08-15,EQ-8029,deferred,21,12,False
3121,SITE-082,PART-5698,2025-02-04,EQ-5391,completed,5,0,False
3122,SITE-097,PART-2673,2025-05-24,EQ-3330,awaiting_parts,21,30,False
3123,SITE-091,PART-3646,2024-08-11,EQ-6729,in_progress,21,24,False
3124,SITE-099,PART-3663,2023-05-04,EQ-2350,completed,10,0,False
3125,SITE-081,PART-1283,2023-06-27,EQ-4739,awaiting_parts,26,24,False
3126,SITE-057,PART-5445,2026-04-05,EQ-2069,awaiting_parts,25,14,False
3127,SITE-018,PART-2317,2025-08-08,EQ-2640,in_progress,4,5,False
3128,SITE-065,PART-2779,2023-10-02,EQ-3543,completed,8,0,False
3129,SITE-006,PART-9106,2023-08-15,EQ-2943,deferred,26,24,False
3130,SITE-038,PART-2838,2026-08-08,EQ-3488,deferred,27,13,False
3131,SITE-079,PART-9204,2026-04-25,EQ-7436,open,10,4,False
3132,SITE-059,PART-2665,2023-02-06,EQ-7560,completed,2,0,False
3133,SITE-031,PART-7159,2025-12-03,EQ-8477,awaiting_parts,23,19,False
3134,SITE-094,PART-5982,2025-06-18,EQ-3511,in_progress,21,39,False
3135,SITE-095,PART-9758,2026-07-21,EQ-6344,deferred,26,14,True
3136,SITE-077,PART-2165,2025-06-04,EQ-6624,in_progress,10,39,False
3137,SITE-019,PART-2973,2025-09-14,EQ-8435,deferred,30,26,False
3138,SITE-084,PART-7290,2024-02-19,EQ-7115,deferred,2,30,False
3139,SITE-034,PART-8861,2026-05-06,EQ-5262,completed,1,0,False
3140,SITE-083,PART-3109,2026-12-15,EQ-1561,awaiting_parts,17,6,False
3141,SITE-064,PART-2445,2025-02-08,EQ-5942,deferred,26,31,False
3142,SITE-020,PART-9309,2025-01-20,EQ-7721,open,7,27,True
3143,SITE-044,PART-1557,2025-07-10,EQ-5704,completed,9,0,False
3144,SITE-044,PART-2974,2025-01-17,EQ-1084,deferred,24,13,False
3145,SITE-015,PART-5193,2024-04-03,EQ-5839,awaiting_parts,15,5,False
3146,SITE-031,PART-9106,2023-02-23,EQ-2871,deferred,27,16,False
3147,SITE-004,PART-3839,2024-03-10,EQ-7434,deferred,6,23,False
3148,SITE-019,PART-6013,2026-12-16,EQ-6085,awaiting_parts,30,27,False
3149,SITE-039,PART-4078,2023-11-17,EQ-7410,deferred,4,19,False
3150,SITE-026,PART-7486,2024-01-01,EQ-3162,in_progress,28,33,True
3151,SITE-083,PART-2213,2025-11-18,EQ-3620,in_progress,27,23,False
3152,SITE-094,PART-6628,2023-04-07,EQ-3550,deferred,29,3,False
3153,SITE-032,PART-1564,2024-01-15,EQ-7352,completed,3,0,False
3154,SITE-017,PART-5127,2026-03-11,EQ-8191,completed,0,0,False
3155,SITE-010,PART-2317,2023-09-28,EQ-6393,deferred,21,32,False
3156,SITE-006,PART-8273,2024-09-18,EQ-6885,deferred,17,2,False
3157,SITE-078,PART-4543,2026-01-05,EQ-2499,deferred,29,34,False
3158,SITE-075,PART-5659,2026-01-21,EQ-8975,awaiting_parts,15,37,False
3159,SITE-087,PART-2127,2024-08-24,EQ-1426,awaiting_parts,1,3,False
3160,SITE-034,PART-8916,2023-01-13,EQ-3168,completed,2,0,False
3161,SITE-092,PART-5401,2023-03-13,EQ-9189,open,4,3,True
3162,SITE-013,PART-1777,2023-09-25,EQ-6803,in_progress,5,20,False
3163,SITE-087,PART-1650,2025-05-15,EQ-1731,deferred,26,11,False
3164,SITE-055,PART-1129,2025-08-21,EQ-1813,completed,5,0,True
3165,SITE-037,PART-5011,2025-04-22,EQ-7299,deferred,2,9,True
3166,SITE-032,PART-1715,2025-02-16,EQ-5545,awaiting_parts,15,17,False
3167,SITE-008,PART-2784,2023-01-17,EQ-8517,in_progress,3,2,False
3168,SITE-068,PART-7345,2025-08-13,EQ-2806,awaiting_parts,30,2,False
3169,SITE-057,PART-8500,2026-11-22,EQ-2731,deferred,4,27,False
3170,SITE-007,PART-2784,2023-09-10,EQ-7998,awaiting_parts,26,43,False
3171,SITE-074,PART-7016,2024-02-02,EQ-9984,open,2,10,True
3172,SITE-053,PART-8219,2024-12-03,EQ-5597,deferred,7,8,False
3173,SITE-043,PART-8273,2024-02-15,EQ-7707,deferred,1,9,False
3174,SITE-081,PART-7104,2024-06-04,EQ-3812,awaiting_parts,28,38,False
3175,SITE-012,PART-5029,2025-02-14,EQ-5450,open,10,44,True
3176,SITE-065,PART-1061,2026-07-10,EQ-8594,open,23,32,False
3177,SITE-028,PART-5321,2024-11-21,EQ-8251,awaiting_parts,10,29,True
3178,SITE-044,PART-7498,2023-10-20,EQ-7964,in_progress,10,11,False
3179,SITE-013,PART-6627,2025-11-27,EQ-5695,deferred,8,3,True
3180,SITE-035,PART-2733,2023-04-15,EQ-7863,awaiting_parts,9,25,False
3181,SITE-100,PART-6975,2023-07-12,EQ-7789,deferred,12,42,False
3182,SITE-086,PART-7977,2026-03-09,EQ-5153,in_progress,14,17,False
3183,SITE-063,PART-4001,2026-12-15,EQ-2735,in_progress,19,23,False
3184,SITE-011,PART-3349,2024-12-25,EQ-1681,deferred,28,21,False
3185,SITE-081,PART-5546,2026-05-03,EQ-6458,deferred,19,13,False
3186,SITE-056,PART-4545,2026-10-08,EQ-1674,in_progress,19,37,False
3187,SITE-031,PART-6709,2025-05-05,EQ-5495,in_progress,20,7,False
3188,SITE-070,PART-9634,2024-03-02,EQ-1226,deferred,20,44,False
3189,SITE-045,PART-3193,2026-04-25,EQ-4473,awaiting_parts,2,20,False
3190,SITE-098,PART-2068,2026-03-19,EQ-9290,deferred,26,37,False
3191,SITE-076,PART-7625,2026-08-16,EQ-6847,awaiting_parts,3,30,False
3192,SITE-087,PART-1194,2023-11-26,EQ-9067,deferred,2,44,False
3193,SITE-096,PART-9554,2024-06-26,EQ-2813,open,21,12,False
3194,SITE-082,PART-3895,2025-06-14,EQ-1250,in_progress,19,40,False
3195,SITE-026,PART-7468,2025-03-18,EQ-3259,completed,9,0,False
3196,SITE-056,PART-6227,2026-01-21,EQ-6867,deferred,20,25,False
3197,SITE-099,PART-5961,2024-01-22,EQ-2869,deferred,5,32,False
3198,SITE-043,PART-4999,2026-05-12,EQ-8627,completed,9,0,False
3199,SITE-099,PART-6113,2023-01-25,EQ-3655,in_progress,23,37,True
3200,SITE-010,PART-2317,2023-12-28,EQ-6324,in_progress,17,34,False
3201,SITE-030,PART-2838,2025-10-01,EQ-4306,completed,1,0,True
3202,SITE-078,PART-6572,2024-01-27,EQ-9129,deferred,13,1,False
3203,SITE-039,PART-5321,2024-03-03,EQ-9694,open,3,21,False
3204,SITE-068,PART-2276,2023-06-03,EQ-7802,in_progress,26,44,False
3205,SITE-086,PART-5219,2024-02-15,EQ-2505,completed,0,0,False
3206,SITE-044,PART-8676,2023-11-25,EQ-5228,deferred,8,44,False
3207,SITE-032,PART-1798,2024-07-25,EQ-1860,open,15,11,False
3208,SITE-096,PART-2356,2026-05-19,EQ-3720,in_progress,8,28,False
3209,SITE-085,PART-1327,2024-04-28,EQ-4866,in_progress,8,16,False
3210,SITE-083,PART-4055,2026-03-19,EQ-5072,in_progress,27,6,False
3211,SITE-044,PART-7045,2023-10-14,EQ-1310,awaiting_parts,27,28,False
3212,SITE-024,PART-1670,2025-01-03,EQ-6447,open,18,13,False
3213,SITE-040,PART-5648,2026-10-23,EQ-2029,deferred,30,35,False
3214,SITE-098,PART-3735,2025-02-02,EQ-6383,deferred,23,20,False
3215,SITE-079,PART-8841,2023-04-12,EQ-9688,in_progress,24,25,False
3216,SITE-086,PART-4655,2023-08-11,EQ-5699,completed,7,0,False
3217,SITE-029,PART-7942,2026-04-03,EQ-3591,open,16,24,False
3218,SITE-062,PART-5172,2025-10-07,EQ-3018,awaiting_parts,13,35,False
3219,SITE-090,PART-5358,2025-11-27,EQ-7765,open,17,31,False
3220,SITE-012,PART-3276,2025-06-25,EQ-6510,deferred,19,22,False
3221,SITE-005,PART-1049,2025-06-07,EQ-7491,in_progress,12,43,False
3222,SITE-088,PART-8084,2026-07-24,EQ-6899,completed,1,0,True
3223,SITE-009,PART-6803,2025-09-10,EQ-1315,deferred,17,28,False
3224,SITE-063,PART-8727,2026-09-28,EQ-6723,open,19,31,False
3225,SITE-006,PART-8535,2026-01-14,EQ-7857,awaiting_parts,1,13,False
3226,SITE-094,PART-6819,2024-02-11,EQ-4062,awaiting_parts,10,20,False
3227,SITE-096,PART-4804,2026-07-02,EQ-4455,deferred,8,4,False
3228,SITE-033,PART-5004,2024-10-28,EQ-7426,deferred,20,12,False
3229,SITE-068,PART-7967,2024-06-07,EQ-5030,awaiting_parts,16,24,True
3230,SITE-046,PART-8529,2023-03-18,EQ-2688,completed,4,0,False
3231,SITE-081,PART-7505,2023-08-19,EQ-7788,awaiting_parts,22,8,False
3232,SITE-011,PART-8181,2025-04-02,EQ-7740,awaiting_parts,21,30,False
3233,SITE-003,PART-7358,2024-03-15,EQ-7529,open,20,32,False
3234,SITE-072,PART-1891,2026-10-03,EQ-7882,deferred,19,10,False
3235,SITE-025,PART-2739,2023-10-07,EQ-2148,completed,1,0,False
3236,SITE-098,PART-9632,2023-03-25,EQ-4199,deferred,18,12,False
3237,SITE-041,PART-1416,2024-08-19,EQ-2994,in_progress,2,43,False
3238,SITE-084,PART-3457,2023-12-25,EQ-7126,open,21,29,False
3239,SITE-079,PART-7345,2023-07-21,EQ-2627,open,23,23,False
3240,SITE-012,PART-4872,2026-03-27,EQ-1773,completed,10,0,False
3241,SITE-030,PART-9337,2024-07-09,EQ-4643,open,28,16,False
3242,SITE-012,PART-1897,2023-10-13,EQ-8167,completed,8,0,False
3243,SITE-059,PART-2705,2023-07-08,EQ-7363,open,24,22,False
3244,SITE-070,PART-1405,2024-01-28,EQ-6372,awaiting_parts,18,15,True
3245,SITE-026,PART-3286,2025-01-06,EQ-6407,awaiting_parts,5,12,False
3246,SITE-053,PART-8909,2023-04-16,EQ-8519,completed,10,0,False
3247,SITE-038,PART-6854,2023-08-05,EQ-2158,in_progress,19,20,False
3248,SITE-052,PART-8974,2026-04-09,EQ-3128,deferred,16,11,True
3249,SITE-049,PART-8163,2026-05-28,EQ-7337,in_progress,3,10,False
3250,SITE-075,PART-9309,2025-07-11,EQ-6111,deferred,26,36,True
3251,SITE-044,PART-4640,2024-05-05,EQ-1243,awaiting_parts,11,14,False
3252,SITE-068,PART-6778,2025-07-18,EQ-4516,in_progress,21,2,False
3253,SITE-088,PART-5183,2026-09-15,EQ-6866,deferred,28,14,False
3254,SITE-047,PART-1291,2023-01-23,EQ-3690,deferred,5,8,False
3255,SITE-070,PART-3574,2026-09-12,EQ-4225,in_progress,4,39,False
3256,SITE-057,PART-5133,2024-02-24,EQ-8138,open,21,24,False
3257,SITE-089,PART-6784,2023-11-15,EQ-3606,completed,5,0,True
3258,SITE-096,PART-6811,2024-07-04,EQ-3502,open,18,19,False
3259,SITE-037,PART-5813,2024-01-23,EQ-7962,in_progress,24,34,False
3260,SITE-029,PART-3553,2026-02-10,EQ-2238,in_progress,29,6,False
3261,SITE-022,PART-6972,2025-07-19,EQ-4096,deferred,22,32,False
3262,SITE-072,PART-7366,2025-09-20,EQ-8575,in_progress,6,42,False
3263,SITE-038,PART-3276,2023-07-04,EQ-8873,awaiting_parts,2,10,False
3264,SITE-020,PART-7560,2026-01-12,EQ-5732,open,29,18,False
3265,SITE-065,PART-9634,2026-07-05,EQ-7877,in_progress,13,39,True
3266,SITE-031,PART-6013,2024-01-23,EQ-2003,completed,5,0,False
3267,SITE-053,PART-6293,2026-04-05,EQ-4350,awaiting_parts,28,23,False
3268,SITE-092,PART-3793,2024-03-07,EQ-2289,in_progress,27,7,False
3269,SITE-096,PART-5762,2025-06-02,EQ-1866,completed,6,0,False
3270,SITE-005,PART-5664,2024-02-03,EQ-1984,open,18,22,False
3271,SITE-026,PART-6814,2024-04-11,EQ-7386,completed,2,0,False
3272,SITE-046,PART-2959,2024-08-25,EQ-3642,awaiting_parts,1,30,False
3273,SITE-021,PART-6829,2024-02-18,EQ-7946,completed,7,0,False
3274,SITE-071,PART-6513,2024-02-04,EQ-3867,deferred,17,7,True
3275,SITE-002,PART-7189,2024-01-02,EQ-3834,awaiting_parts,6,3,False
3276,SITE-041,PART-7177,2025-03-18,EQ-1646,deferred,29,8,False
3277,SITE-021,PART-5921,2026-07-23,EQ-5461,completed,5,0,False
3278,SITE-081,PART-2331,2025-09-04,EQ-8153,completed,1,0,False
3279,SITE-081,PART-8505,2025-10-20,EQ-5248,completed,0,0,False
3280,SITE-091,PART-4078,2025-09-24,EQ-7655,in_progress,1,39,False
3281,SITE-040,PART-2100,2023-02-07,EQ-4754,awaiting_parts,22,22,True
3282,SITE-070,PART-4638,2026-06-24,EQ-1310,in_progress,25,21,False
3283,SITE-099,PART-8254,2024-01-15,EQ-8018,deferred,10,45,False
3284,SITE-001,PART-6162,2024-11-06,EQ-6547,awaiting_parts,16,6,True
3285,SITE-012,PART-2356,2023-10-21,EQ-1783,awaiting_parts,14,29,False
3286,SITE-015,PART-8909,2024-11-21,EQ-3996,in_progress,2,42,False
3287,SITE-035,PART-9038,2024-01-27,EQ-1613,awaiting_parts,26,39,False
3288,SITE-055,PART-6797,2026-12-22,EQ-2278,in_progress,27,16,False
3289,SITE-091,PART-4181,2023-03-21,EQ-4211,in_progress,4,20,False
3290,SITE-017,PART-9374,2023-01-11,EQ-9733,completed,0,0,False
3291,SITE-099,PART-6814,2026-02-13,EQ-3962,awaiting_parts,2,29,False
3292,SITE-061,PART-9987,2023-10-25,EQ-4133,open,3,4,False
3293,SITE-080,PART-8042,2024-11-28,EQ-2110,in_progress,3,32,False
3294,SITE-077,PART-8593,2023-12-17,EQ-6060,completed,2,0,False
3295,SITE-054,PART-4638,2025-06-21,EQ-3585,in_progress,26,4,False
3296,SITE-032,PART-1081,2023-04-28,EQ-9464,completed,0,0,False
3297,SITE-051,PART-4206,2024-05-18,EQ-7929,awaiting_parts,20,31,False
3298,SITE-051,PART-8483,2023-05-23,EQ-1734,awaiting_parts,5,44,True
3299,SITE-004,PART-1632,2026-11-08,EQ-6703,in_progress,30,29,True
3300,SITE-010,PART-2748,2025-10-14,EQ-5251,awaiting_parts,29,25,False
3301,SITE-081,PART-1926,2026-04-08,EQ-4713,completed,1,0,True
3302,SITE-061,PART-1911,2024-11-23,EQ-9123,completed,3,0,False
3303,SITE-060,PART-1832,2023-07-16,EQ-3745,completed,8,0,False
3304,SITE-060,PART-5698,2026-04-28,EQ-6148,deferred,22,42,False
3305,SITE-082,PART-1891,2025-03-27,EQ-7556,in_progress,10,39,False
3306,SITE-098,PART-7067,2025-03-24,EQ-7931,completed,8,0,False
3307,SITE-003,PART-3064,2024-08-27,EQ-2901,open,8,9,False
3308,SITE-086,PART-8505,2024-05-03,EQ-9611,deferred,18,20,False
3309,SITE-063,PART-9512,2023-12-03,EQ-2756,deferred,6,34,False
3310,SITE-028,PART-7590,2023-09-11,EQ-1593,awaiting_parts,4,1,False
3311,SITE-069,PART-8723,2026-01-10,EQ-1878,deferred,16,6,True
3312,SITE-026,PART-5990,2023-11-05,EQ-4965,in_progress,8,31,False
3313,SITE-031,PART-8943,2024-03-20,EQ-3812,awaiting_parts,10,17,False
3314,SITE-073,PART-3592,2024-09-25,EQ-7239,awaiting_parts,23,14,False
3315,SITE-023,PART-5961,2026-12-14,EQ-3676,open,4,40,False
3316,SITE-024,PART-5570,2026-08-11,EQ-3915,completed,0,0,False
3317,SITE-074,PART-3009,2024-04-13,EQ-5817,open,18,29,False
3318,SITE-085,PART-9795,2025-10-17,EQ-1190,deferred,20,43,False
3319,SITE-011,PART-7190,2025-01-07,EQ-4390,awaiting_parts,19,18,False
3320,SITE-039,PART-3344,2023-12-09,EQ-2397,in_progress,11,12,False
3321,SITE-040,PART-2127,2023-05-26,EQ-3270,deferred,20,30,True
3322,SITE-006,PART-5693,2023-08-01,EQ-5777,open,12,41,False
3323,SITE-043,PART-6412,2023-07-18,EQ-1288,awaiting_parts,17,35,False
3324,SITE-099,PART-1074,2025-08-08,EQ-2184,in_progress,4,7,False
3325,SITE-035,PART-3548,2025-12-20,EQ-8742,awaiting_parts,17,10,True
3326,SITE-052,PART-7269,2024-05-23,EQ-2578,completed,7,0,False
3327,SITE-065,PART-7722,2025-02-15,EQ-4124,completed,0,0,True
3328,SITE-089,PART-5936,2025-03-19,EQ-6567,open,19,29,False
3329,SITE-066,PART-3867,2023-11-03,EQ-7149,awaiting_parts,26,38,False
3330,SITE-018,PART-5148,2026-12-07,EQ-1928,awaiting_parts,28,34,False
3331,SITE-021,PART-2404,2026-01-21,EQ-7144,in_progress,5,34,False
3332,SITE-050,PART-3030,2023-05-15,EQ-1881,completed,0,0,False
3333,SITE-009,PART-2705,2026-10-04,EQ-9459,deferred,28,14,False
3334,SITE-053,PART-4137,2024-12-09,EQ-9899,deferred,6,26,False
3335,SITE-070,PART-4216,2024-02-13,EQ-7952,completed,3,0,False
3336,SITE-035,PART-2416,2023-03-04,EQ-9090,open,12,41,True
3337,SITE-030,PART-5100,2024-07-13,EQ-7788,in_progress,19,37,False
3338,SITE-015,PART-3793,2023-02-01,EQ-2472,deferred,21,16,False
3339,SITE-056,PART-7045,2026-06-03,EQ-4255,open,22,4,False
3340,SITE-019,PART-5961,2024-08-07,EQ-9661,completed,10,0,True
3341,SITE-018,PART-2826,2024-05-24,EQ-2909,completed,4,0,False
3342,SITE-080,PART-3995,2026-12-02,EQ-3935,awaiting_parts,14,19,False
3343,SITE-072,PART-8694,2026-07-15,EQ-8078,open,29,25,False
3344,SITE-080,PART-3130,2026-11-06,EQ-9364,awaiting_parts,21,21,False
3345,SITE-086,PART-3808,2024-09-06,EQ-2837,open,30,33,False
3346,SITE-043,PART-7358,2023-01-17,EQ-7813,completed,0,0,False
3347,SITE-074,PART-5124,2025-11-17,EQ-6325,awaiting_parts,4,29,True
3348,SITE-097,PART-3349,2025-11-03,EQ-5193,deferred,15,14,False
3349,SITE-045,PART-7213,2024-07-15,EQ-1682,in_progress,29,10,False
3350,SITE-038,PART-8625,2023-05-04,EQ-9140,in_progress,14,40,False
3351,SITE-039,PART-2148,2024-06-04,EQ-5140,deferred,7,34,False
3352,SITE-078,PART-3531,2024-03-04,EQ-1060,awaiting_parts,7,2,False
3353,SITE-093,PART-2218,2026-02-25,EQ-5687,in_progress,14,39,False
3354,SITE-039,PART-9629,2023-07-09,EQ-4357,open,21,3,False
3355,SITE-003,PART-4662,2026-01-02,EQ-1192,awaiting_parts,10,30,True
3356,SITE-069,PART-4640,2024-10-28,EQ-8743,completed,0,0,False
3357,SITE-013,PART-7912,2025-07-28,EQ-8286,in_progress,30,44,False
3358,SITE-066,PART-3435,2025-02-07,EQ-6134,open,6,24,False
3359,SITE-098,PART-3201,2025-09-17,EQ-6740,in_progress,30,39,False
3360,SITE-006,PART-3457,2026-08-25,EQ-2702,awaiting_parts,11,19,True
3361,SITE-047,PART-7886,2024-06-12,EQ-7659,awaiting_parts,25,19,False
3362,SITE-034,PART-7136,2023-07-15,EQ-9277,in_progress,11,20,False
3363,SITE-095,PART-3070,2026-02-28,EQ-1510,in_progress,1,17,False
3364,SITE-010,PART-6522,2025-05-09,EQ-8843,open,6,26,False
3365,SITE-017,PART-6922,2024-03-05,EQ-8355,completed,4,0,False
3366,SITE-003,PART-7641,2026-07-10,EQ-5023,completed,5,0,False
3367,SITE-051,PART-5784,2026-09-02,EQ-1396,awaiting_parts,22,2,True
3368,SITE-025,PART-9204,2024-07-27,EQ-1244,awaiting_parts,7,25,False
3369,SITE-060,PART-9605,2024-02-18,EQ-9450,deferred,4,44,False
3370,SITE-039,PART-3959,2026-07-27,EQ-9223,in_progress,22,12,False
3371,SITE-089,PART-5037,2026-06-01,EQ-6753,in_progress,6,6,False
3372,SITE-043,PART-3193,2023-02-13,EQ-8848,completed,10,0,False
3373,SITE-087,PART-3285,2023-01-02,EQ-2470,open,12,3,False
3374,SITE-092,PART-4112,2024-09-17,EQ-3946,open,7,38,False
3375,SITE-050,PART-9834,2026-01-01,EQ-5242,in_progress,7,13,False
3376,SITE-084,PART-3329,2023-12-08,EQ-5525,deferred,4,29,False
3377,SITE-066,PART-5704,2025-10-08,EQ-2405,awaiting_parts,25,39,False
3378,SITE-086,PART-2039,2024-02-21,EQ-7794,open,30,24,False
3379,SITE-084,PART-4365,2026-11-01,EQ-5610,awaiting_parts,17,5,False
3380,SITE-002,PART-3715,2025-09-16,EQ-9161,in_progress,5,29,True
3381,SITE-052,PART-8025,2023-10-25,EQ-6676,deferred,3,5,False
3382,SITE-033,PART-9363,2024-07-20,EQ-7556,in_progress,14,30,False
3383,SITE-029,PART-4573,2024-06-25,EQ-4815,in_progress,14,28,False
3384,SITE-076,PART-3657,2023-06-18,EQ-4159,open,1,4,False
3385,SITE-043,PART-8361,2024-06-08,EQ-5693,awaiting_parts,20,4,True
3386,SITE-030,PART-9114,2023-02-08,EQ-3286,open,1,36,False
3387,SITE-061,PART-1142,2026-01-23,EQ-3570,deferred,20,26,False
3388,SITE-034,PART-2131,2026-12-12,EQ-9470,deferred,2,16,False
3389,SITE-035,PART-7144,2025-02-07,EQ-5560,open,30,8,False
3390,SITE-094,PART-6628,2026-05-16,EQ-4225,in_progress,18,39,False
3391,SITE-080,PART-2035,2024-12-27,EQ-8683,in_progress,10,8,False
3392,SITE-038,PART-9833,2024-08-16,EQ-1466,in_progress,2,1,False
3393,SITE-061,PART-2826,2025-06-18,EQ-6660,in_progress,24,29,False
3394,SITE-076,PART-7745,2026-09-18,EQ-6319,open,19,35,False
3395,SITE-009,PART-7444,2026-02-08,EQ-2488,deferred,20,3,False
3396,SITE-079,PART-4078,2026-10-27,EQ-8883,in_progress,16,4,False
3397,SITE-034,PART-1225,2023-01-15,EQ-8284,deferred,13,23,False
3398,SITE-023,PART-5743,2024-08-01,EQ-6251,completed,1,0,False
3399,SITE-018,PART-8994,2026-11-04,EQ-2129,deferred,26,39,False
3400,SITE-023,PART-7486,2023-10-03,EQ-4503,completed,7,0,True
3401,SITE-042,PART-2826,2026-08-03,EQ-8439,deferred,13,32,False
3402,SITE-046,PART-2140,2025-10-25,EQ-7641,in_progress,2,3,False
3403,SITE-089,PART-9492,2026-09-08,EQ-8686,open,21,10,False
3404,SITE-026,PART-1591,2024-12-21,EQ-5224,completed,7,0,False
3405,SITE-010,PART-2189,2024-07-14,EQ-4398,open,7,16,False
3406,SITE-003,PART-5961,2024-01-24,EQ-7498,in_progress,19,7,False
3407,SITE-046,PART-9678,2025-09-23,EQ-7999,open,7,6,True
3408,SITE-061,PART-4206,2024-04-02,EQ-2206,deferred,9,20,True
3409,SITE-062,PART-9921,2024-03-22,EQ-4110,open,23,13,False
3410,SITE-052,PART-7020,2024-05-22,EQ-4631,awaiting_parts,29,17,False
3411,SITE-044,PART-1650,2025-06-20,EQ-8667,completed,3,0,False
3412,SITE-007,PART-3009,2024-07-04,EQ-8667,awaiting_parts,19,10,False
3413,SITE-073,PART-1483,2023-11-22,EQ-2560,deferred,17,17,False
3414,SITE-100,PART-7290,2024-10-10,EQ-7336,completed,6,0,False
3415,SITE-081,PART-2380,2025-03-15,EQ-1247,deferred,30,8,False
3416,SITE-065,PART-2165,2025-05-27,EQ-8982,completed,10,0,True
3417,SITE-028,PART-7767,2024-06-05,EQ-8617,deferred,12,23,False
3418,SITE-002,PART-2946,2024-11-03,EQ-3892,awaiting_parts,21,15,False
3419,SITE-086,PART-8427,2024-05-01,EQ-2456,open,9,20,True
3420,SITE-044,PART-3291,2023-03-23,EQ-3530,awaiting_parts,10,11,False
3421,SITE-012,PART-1376,2024-09-04,EQ-9265,completed,8,0,False
3422,SITE-049,PART-2148,2025-04-19,EQ-4165,deferred,28,34,False
3423,SITE-090,PART-3291,2026-08-18,EQ-8905,in_progress,7,2,False
3424,SITE-046,PART-5133,2025-02-18,EQ-1961,deferred,16,9,False
3425,SITE-057,PART-9293,2026-02-15,EQ-9418,in_progress,3,18,False
3426,SITE-024,PART-1696,2025-01-07,EQ-7900,deferred,18,29,False
3427,SITE-090,PART-3887,2024-07-07,EQ-4087,awaiting_parts,1,1,False
3428,SITE-066,PART-4547,2024-09-21,EQ-1761,awaiting_parts,21,29,False
3429,SITE-044,PART-4365,2026-09-03,EQ-2979,open,13,1,False
3430,SITE-088,PART-9458,2023-08-02,EQ-4504,deferred,12,26,False
3431,SITE-084,PART-7263,2023-08-25,EQ-6723,deferred,7,3,False
3432,SITE-086,PART-5659,2023-01-18,EQ-2679,awaiting_parts,29,13,True
3433,SITE-094,PART-5875,2025-08-06,EQ-3531,awaiting_parts,3,45,True
3434,SITE-038,PART-1259,2024-11-11,EQ-1758,open,6,37,False
3435,SITE-028,PART-5936,2026-11-23,EQ-5299,deferred,14,6,False
3436,SITE-033,PART-7321,2023-06-20,EQ-2729,in_progress,30,33,False
3437,SITE-048,PART-9451,2026-10-19,EQ-3062,in_progress,26,28,False
3438,SITE-012,PART-2127,2023-04-16,EQ-3956,deferred,20,8,False
3439,SITE-042,PART-6072,2026-09-09,EQ-8522,in_progress,24,7,True
3440,SITE-068,PART-7016,2026-07-24,EQ-8028,deferred,19,35,False
3441,SITE-025,PART-1291,2023-03-08,EQ-1838,completed,6,0,False
3442,SITE-059,PART-4228,2025-11-20,EQ-3847,completed,5,0,False
3443,SITE-071,PART-8194,2026-08-23,EQ-4903,deferred,8,33,False
3444,SITE-032,PART-3109,2024-04-13,EQ-9782,completed,1,0,False
3445,SITE-072,PART-5503,2025-05-22,EQ-7976,in_progress,22,14,False
3446,SITE-051,PART-5682,2023-01-11,EQ-6604,awaiting_parts,17,26,False
3447,SITE-081,PART-3704,2025-12-15,EQ-3100,completed,9,0,False
3448,SITE-045,PART-3246,2026-04-28,EQ-9239,in_progress,15,43,False
3449,SITE-075,PART-1534,2025-03-26,EQ-8400,deferred,6,21,False
3450,SITE-080,PART-7087,2025-02-26,EQ-1577,completed,1,0,False
3451,SITE-079,PART-2380,2023-08-27,EQ-6332,deferred,8,32,False
3452,SITE-066,PART-5664,2026-09-18,EQ-6667,awaiting_parts,26,21,False
3453,SITE-045,PART-2356,2023-07-17,EQ-7601,awaiting_parts,12,24,False
3454,SITE-049,PART-3340,2026-11-15,EQ-3398,awaiting_parts,9,19,False
3455,SITE-087,PART-6153,2024-02-16,EQ-6175,in_progress,28,37,False
3456,SITE-063,PART-3655,2024-03-24,EQ-3455,open,23,25,False
3457,SITE-085,PART-8928,2025-05-22,EQ-3104,deferred,18,21,False
3458,SITE-006,PART-7345,2025-10-04,EQ-4523,open,25,38,False
3459,SITE-099,PART-8723,2023-02-22,EQ-2689,deferred,27,22,False
3460,SITE-014,PART-5415,2023-01-10,EQ-2910,in_progress,11,20,False
3461,SITE-011,PART-1768,2025-12-15,EQ-9870,deferred,28,32,False
3462,SITE-002,PART-7505,2026-06-10,EQ-2292,awaiting_parts,28,10,False
3463,SITE-010,PART-7189,2025-10-25,EQ-2268,in_progress,10,6,False
3464,SITE-080,PART-5784,2025-12-07,EQ-7724,open,29,33,False
3465,SITE-046,PART-9371,2026-01-04,EQ-7205,deferred,22,22,True
3466,SITE-058,PART-5073,2025-05-25,EQ-4089,in_progress,27,30,False
3467,SITE-006,PART-3798,2025-01-27,EQ-3315,in_progress,25,9,False
3468,SITE-044,PART-9739,2023-02-09,EQ-4996,in_progress,3,30,False
3469,SITE-025,PART-2443,2024-12-22,EQ-2567,awaiting_parts,15,26,False
3470,SITE-054,PART-8384,2023-02-26,EQ-3888,awaiting_parts,24,27,False
3471,SITE-084,PART-1456,2025-08-10,EQ-7924,deferred,24,41,False
3472,SITE-035,PART-9678,2023-02-25,EQ-3282,awaiting_parts,26,13,False
3473,SITE-080,PART-8555,2026-03-28,EQ-4969,open,7,13,False
3474,SITE-003,PART-8199,2024-03-18,EQ-2649,completed,7,0,False
3475,SITE-091,PART-1032,2025-08-19,EQ-7614,deferred,20,1,False
3476,SITE-028,PART-6805,2023-12-08,EQ-3104,in_progress,29,39,False
3477,SITE-078,PART-2505,2023-02-28,EQ-7323,completed,9,0,False
3478,SITE-069,PART-9211,2024-12-05,EQ-5258,awaiting_parts,9,10,True
3479,SITE-048,PART-2035,2023-12-21,EQ-2003,completed,3,0,False
3480,SITE-056,PART-7431,2025-12-15,EQ-8800,awaiting_parts,3,30,False
3481,SITE-001,PART-9605,2025-01-17,EQ-8493,in_progress,13,9,False
3482,SITE-029,PART-9099,2026-07-05,EQ-7069,deferred,13,2,True
3483,SITE-001,PART-2516,2026-10-10,EQ-7532,awaiting_parts,18,37,False
3484,SITE-017,PART-1575,2026-06-02,EQ-9974,in_progress,27,23,False
3485,SITE-067,PART-7886,2025-01-22,EQ-1517,awaiting_parts,25,37,False
3486,SITE-041,PART-6122,2025-07-15,EQ-8277,completed,0,0,False
3487,SITE-074,PART-9293,2025-02-11,EQ-3253,in_progress,1,34,False
3488,SITE-019,PART-2036,2023-01-07,EQ-9641,completed,6,0,False
3489,SITE-005,PART-6542,2023-05-07,EQ-1196,in_progress,2,8,False
3490,SITE-055,PART-5646,2025-07-04,EQ-4822,deferred,24,3,False
3491,SITE-057,PART-7722,2025-04-18,EQ-3782,open,3,29,True
3492,SITE-031,PART-1259,2024-05-28,EQ-3028,awaiting_parts,25,10,False
3493,SITE-040,PART-4662,2023-12-07,EQ-5794,deferred,24,17,False
3494,SITE-056,PART-7202,2024-09-10,EQ-9901,deferred,30,6,False
3495,SITE-090,PART-9119,2023-02-15,EQ-3054,in_progress,10,24,False
3496,SITE-028,PART-9337,2026-04-04,EQ-8666,completed,4,0,False
3497,SITE-037,PART-1724,2026-01-06,EQ-1798,in_progress,12,34,False
3498,SITE-036,PART-3112,2026-06-26,EQ-1797,awaiting_parts,7,44,True
3499,SITE-083,PART-8261,2026-12-11,EQ-1545,in_progress,4,3,False
3500,SITE-084,PART-2970,2023-11-18,EQ-4032,deferred,15,20,False
3501,SITE-004,PART-8261,2024-05-15,EQ-9963,deferred,26,23,False
3502,SITE-012,PART-9933,2023-06-21,EQ-7151,open,12,33,False
3503,SITE-017,PART-7263,2026-04-14,EQ-2403,deferred,30,42,False
3504,SITE-016,PART-7535,2025-06-23,EQ-3048,awaiting_parts,4,19,False
3505,SITE-066,PART-4062,2025-07-02,EQ-6806,awaiting_parts,25,27,False
3506,SITE-036,PART-1291,2023-01-22,EQ-7433,awaiting_parts,30,25,False
3507,SITE-093,PART-1682,2025-05-04,EQ-1750,awaiting_parts,6,12,False
3508,SITE-001,PART-9739,2023-11-18,EQ-1270,completed,3,0,True
3509,SITE-050,PART-2406,2023-09-09,EQ-6895,in_progress,3,44,False
3510,SITE-056,PART-3323,2025-09-17,EQ-9355,completed,3,0,False
3511,SITE-023,PART-5543,2023-09-07,EQ-3335,completed,1,0,False
3512,SITE-093,PART-4297,2025-03-07,EQ-9694,completed,10,0,False
3513,SITE-064,PART-4303,2025-03-17,EQ-2664,awaiting_parts,2,11,True
3514,SITE-001,PART-3657,2025-09-23,EQ-7457,open,22,4,False
3515,SITE-087,PART-7441,2025-04-14,EQ-4687,open,24,10,False
3516,SITE-058,PART-8986,2026-06-14,EQ-1330,open,28,35,True
3517,SITE-044,PART-9208,2025-06-18,EQ-5633,completed,2,0,False
3518,SITE-069,PART-9388,2026-11-22,EQ-9992,awaiting_parts,24,40,False
3519,SITE-018,PART-2283,2025-09-17,EQ-1647,deferred,8,23,False
3520,SITE-078,PART-4897,2024-07-13,EQ-2724,awaiting_parts,17,28,False
3521,SITE-018,PART-8195,2025-03-27,EQ-6727,awaiting_parts,19,36,False
3522,SITE-080,PART-7413,2025-04-27,EQ-6990,open,14,42,False
3523,SITE-096,PART-8202,2024-08-15,EQ-7388,awaiting_parts,20,18,False
3524,SITE-060,PART-4573,2024-05-02,EQ-1796,awaiting_parts,16,10,True
3525,SITE-002,PART-9184,2024-11-08,EQ-7526,deferred,15,44,True
3526,SITE-005,PART-1138,2024-09-16,EQ-5947,awaiting_parts,6,31,False
3527,SITE-084,PART-2305,2024-10-06,EQ-4060,completed,8,0,False
3528,SITE-041,PART-2404,2023-12-13,EQ-2087,open,7,1,False
3529,SITE-048,PART-6784,2023-11-26,EQ-6710,deferred,14,14,False
3530,SITE-048,PART-3995,2025-11-03,EQ-8620,in_progress,7,34,False
3531,SITE-052,PART-4148,2025-04-06,EQ-4558,completed,9,0,False
3532,SITE-021,PART-6618,2024-09-20,EQ-6397,open,18,18,False
3533,SITE-099,PART-3182,2023-03-15,EQ-3581,open,20,28,False
3534,SITE-016,PART-1124,2024-07-04,EQ-5803,completed,10,0,False
3535,SITE-077,PART-5813,2025-11-02,EQ-1580,awaiting_parts,24,15,False
3536,SITE-018,PART-3793,2025-06-24,EQ-8894,completed,1,0,False
3537,SITE-071,PART-3684,2025-03-05,EQ-1346,open,15,34,False
3538,SITE-013,PART-8874,2024-08-26,EQ-5399,deferred,18,12,False
3539,SITE-081,PART-4311,2023-05-11,EQ-5331,in_progress,11,28,False
3540,SITE-057,PART-7441,2026-11-21,EQ-4232,deferred,15,10,False
3541,SITE-078,PART-2896,2023-02-14,EQ-8835,deferred,16,13,False
3542,SITE-076,PART-5813,2024-02-14,EQ-7091,deferred,18,34,False
3543,SITE-011,PART-4804,2026-06-05,EQ-2793,open,25,25,False
3544,SITE-004,PART-9377,2025-11-10,EQ-8089,open,6,45,False
3545,SITE-087,PART-4148,2026-10-21,EQ-9691,completed,5,0,False
3546,SITE-049,PART-2784,2026-03-04,EQ-6423,awaiting_parts,17,37,True
3547,SITE-017,PART-7008,2024-10-01,EQ-4676,open,5,23,False
3548,SITE-022,PART-2464,2024-05-01,EQ-5213,completed,5,0,False
3549,SITE-019,PART-6768,2025-04-11,EQ-4542,open,25,3,False
3550,SITE-001,PART-2218,2024-09-04,EQ-7956,open,2,30,False
3551,SITE-059,PART-8668,2024-09-20,EQ-6144,open,20,24,True
3552,SITE-056,PART-6112,2023-05-10,EQ-2800,in_progress,23,8,False
3553,SITE-031,PART-7428,2024-06-24,EQ-2422,deferred,18,12,False
3554,SITE-063,PART-9128,2023-05-08,EQ-6450,completed,3,0,False
3555,SITE-012,PART-8420,2023-01-08,EQ-6501,deferred,18,22,False
3556,SITE-024,PART-3531,2025-02-08,EQ-3535,deferred,27,8,True
3557,SITE-040,PART-7199,2023-03-23,EQ-3241,open,28,4,False
3558,SITE-068,PART-3160,2025-06-28,EQ-4543,open,4,5,False
3559,SITE-089,PART-1503,2023-02-25,EQ-5241,awaiting_parts,14,22,False
3560,SITE-022,PART-2952,2024-03-02,EQ-2936,in_progress,19,4,False
3561,SITE-059,PART-3109,2023-06-19,EQ-6764,open,1,17,False
3562,SITE-024,PART-8202,2025-08-21,EQ-1003,awaiting_parts,11,18,False
3563,SITE-032,PART-1926,2026-12-21,EQ-1518,open,1,36,False
3564,SITE-093,PART-9167,2023-06-27,EQ-1993,in_progress,11,2,False
3565,SITE-029,PART-4184,2024-12-03,EQ-3836,deferred,27,6,False
3566,SITE-035,PART-5442,2024-02-27,EQ-3918,open,3,45,False
3567,SITE-062,PART-6586,2025-03-27,EQ-9392,open,3,29,False
3568,SITE-023,PART-7321,2024-12-14,EQ-4887,completed,4,0,False
3569,SITE-078,PART-1259,2025-11-20,EQ-6565,awaiting_parts,3,32,False
3570,SITE-009,PART-4216,2023-08-08,EQ-1943,deferred,11,30,False
3571,SITE-016,PART-7735,2023-07-16,EQ-5643,awaiting_parts,11,38,False
3572,SITE-051,PART-1715,2023-02-22,EQ-7001,in_progress,30,5,True
3573,SITE-007,PART-2896,2026-10-15,EQ-1617,in_progress,29,28,False
3574,SITE-071,PART-4148,2026-09-25,EQ-5419,completed,9,0,False
3575,SITE-045,PART-7442,2023-07-05,EQ-5374,in_progress,10,9,False
3576,SITE-059,PART-1673,2026-04-28,EQ-1005,awaiting_parts,1,25,False
3577,SITE-056,PART-9007,2024-01-05,EQ-8759,deferred,11,20,False
3578,SITE-073,PART-3646,2024-06-27,EQ-2587,awaiting_parts,10,12,True
3579,SITE-039,PART-8807,2026-01-28,EQ-4362,open,29,26,False
3580,SITE-086,PART-1198,2023-06-24,EQ-5158,completed,5,0,False
3581,SITE-071,PART-4238,2023-02-28,EQ-2631,open,11,18,False
3582,SITE-082,PART-2516,2025-08-09,EQ-3762,deferred,6,18,False
3583,SITE-042,PART-1524,2023-06-04,EQ-8737,in_progress,8,1,False
3584,SITE-044,PART-6787,2026-06-13,EQ-2029,completed,1,0,False
3585,SITE-045,PART-8355,2025-04-13,EQ-7005,awaiting_parts,5,15,False
3586,SITE-045,PART-2505,2023-02-21,EQ-4645,deferred,27,26,False
3587,SITE-063,PART-5018,2026-01-23,EQ-9017,deferred,6,29,False
3588,SITE-076,PART-4320,2025-03-19,EQ-3992,awaiting_parts,19,29,False
3589,SITE-053,PART-2748,2023-07-19,EQ-6222,deferred,4,27,False
3590,SITE-075,PART-7903,2023-04-07,EQ-3528,deferred,29,16,False
3591,SITE-020,PART-4198,2024-10-28,EQ-8851,awaiting_parts,5,32,False
3592,SITE-015,PART-7942,2026-06-14,EQ-2731,deferred,7,14,True
3593,SITE-085,PART-7210,2023-05-24,EQ-3518,in_progress,15,33,False
3594,SITE-063,PART-9754,2026-12-06,EQ-6006,in_progress,17,8,False
3595,SITE-087,PART-8798,2024-01-20,EQ-8208,open,28,29,True
3596,SITE-001,PART-1921,2023-10-19,EQ-8753,completed,9,0,False
3597,SITE-011,PART-8316,2023-10-19,EQ-5419,in_progress,20,30,False
3598,SITE-067,PART-2035,2024-04-23,EQ-7848,completed,8,0,False
3599,SITE-059,PART-5546,2023-10-02,EQ-2948,in_progress,10,3,False
3600,SITE-051,PART-7590,2026-05-11,EQ-5846,awaiting_parts,29,36,False
3601,SITE-010,PART-7210,2023-08-10,EQ-6077,completed,1,0,False
3602,SITE-013,PART-7082,2026-04-10,EQ-8086,completed,7,0,False
3603,SITE-004,PART-9340,2026-06-23,EQ-5772,deferred,20,6,False
3604,SITE-031,PART-3009,2025-01-21,EQ-3566,open,4,23,False
3605,SITE-078,PART-5749,2025-11-20,EQ-6070,deferred,25,39,False
3606,SITE-067,PART-5321,2023-11-20,EQ-2322,open,20,43,False
3607,SITE-061,PART-5784,2023-12-23,EQ-5573,deferred,21,10,False
3608,SITE-012,PART-6069,2025-12-06,EQ-8013,deferred,15,9,False
3609,SITE-040,PART-2487,2026-02-09,EQ-2672,open,3,10,False
3610,SITE-066,PART-9306,2023-10-19,EQ-5564,completed,6,0,True
3611,SITE-031,PART-7563,2025-03-07,EQ-6709,completed,0,0,False
3612,SITE-057,PART-1684,2024-12-22,EQ-2613,deferred,15,4,False
3613,SITE-015,PART-4311,2025-06-27,EQ-5485,completed,7,0,False
3614,SITE-015,PART-9987,2026-01-13,EQ-2376,deferred,26,1,False
3615,SITE-022,PART-9336,2026-04-06,EQ-6717,open,15,3,False
3616,SITE-051,PART-5127,2026-02-08,EQ-3283,completed,7,0,False
3617,SITE-076,PART-8355,2025-05-24,EQ-2615,deferred,1,2,False
3618,SITE-067,PART-4762,2024-08-15,EQ-6480,open,7,19,False
3619,SITE-067,PART-6574,2023-09-24,EQ-9973,open,19,14,False
3620,SITE-018,PART-5749,2025-09-09,EQ-3616,completed,2,0,False
3621,SITE-033,PART-2036,2025-12-17,EQ-8237,deferred,17,24,False
3622,SITE-038,PART-2035,2026-01-12,EQ-6466,awaiting_parts,14,22,False
3623,SITE-008,PART-5950,2025-10-19,EQ-2340,awaiting_parts,4,33,False
3624,SITE-017,PART-8723,2023-01-12,EQ-3341,deferred,16,43,False
3625,SITE-075,PART-8841,2026-08-18,EQ-7328,awaiting_parts,7,3,False
3626,SITE-038,PART-6542,2026-08-24,EQ-9700,awaiting_parts,30,29,False
3627,SITE-028,PART-6814,2025-11-17,EQ-6418,completed,7,0,False
3628,SITE-065,PART-7782,2026-02-03,EQ-3041,awaiting_parts,14,3,False
3629,SITE-087,PART-5919,2023-06-11,EQ-9318,open,21,14,False
3630,SITE-015,PART-8505,2023-05-20,EQ-5324,in_progress,9,43,False
3631,SITE-070,PART-7739,2023-12-13,EQ-3701,in_progress,30,35,False
3632,SITE-070,PART-8062,2023-07-09,EQ-8568,open,15,41,False
3633,SITE-012,PART-2830,2025-02-08,EQ-2545,awaiting_parts,10,14,False
3634,SITE-062,PART-7082,2026-11-28,EQ-9199,completed,5,0,False
3635,SITE-036,PART-2391,2024-07-23,EQ-6822,awaiting_parts,22,33,False
3636,SITE-050,PART-4748,2025-11-03,EQ-8471,awaiting_parts,24,12,False
3637,SITE-063,PART-7537,2023-04-10,EQ-7690,awaiting_parts,7,2,False
3638,SITE-086,PART-4335,2023-03-21,EQ-5499,completed,9,0,False
3639,SITE-029,PART-1129,2026-03-24,EQ-3826,deferred,21,38,False
3640,SITE-056,PART-8524,2024-03-12,EQ-4072,awaiting_parts,18,42,False
3641,SITE-008,PART-8302,2026-08-12,EQ-4467,deferred,7,36,False
3642,SITE-086,PART-1926,2025-03-20,EQ-3495,deferred,16,27,False
3643,SITE-068,PART-7250,2024-03-16,EQ-2987,in_progress,27,27,True
3644,SITE-022,PART-9162,2026-06-14,EQ-6968,open,12,10,False
3645,SITE-046,PART-7358,2026-12-03,EQ-3752,in_progress,16,24,False
3646,SITE-010,PART-7282,2026-11-28,EQ-1592,completed,6,0,False
3647,SITE-066,PART-8200,2024-11-14,EQ-5331,completed,6,0,False
3648,SITE-088,PART-2970,2026-05-19,EQ-5438,completed,6,0,False
3649,SITE-043,PART-3937,2025-08-18,EQ-2600,open,17,41,False
3650,SITE-015,PART-7259,2023-10-04,EQ-7409,awaiting_parts,30,44,False
3651,SITE-047,PART-5046,2024-07-15,EQ-8549,in_progress,26,36,False
3652,SITE-094,PART-9549,2023-04-11,EQ-1558,deferred,4,9,False
3653,SITE-071,PART-6140,2026-06-03,EQ-6109,open,30,7,False
3654,SITE-076,PART-3718,2023-12-05,EQ-8019,deferred,14,29,False
3655,SITE-031,PART-4031,2026-06-18,EQ-7940,open,7,27,False
3656,SITE-042,PART-9833,2026-04-03,EQ-1909,completed,3,0,False
3657,SITE-014,PART-8723,2024-09-15,EQ-1043,in_progress,8,11,False
3658,SITE-031,PART-6183,2024-07-24,EQ-5260,awaiting_parts,7,14,False
3659,SITE-070,PART-7203,2023-04-06,EQ-3517,completed,3,0,False
3660,SITE-052,PART-4449,2026-04-19,EQ-1074,in_progress,3,42,False
3661,SITE-092,PART-9758,2026-11-12,EQ-7335,open,11,30,False
3662,SITE-007,PART-8986,2025-03-03,EQ-7126,deferred,28,32,False
3663,SITE-069,PART-7486,2026-03-19,EQ-4587,deferred,22,22,False
3664,SITE-041,PART-7944,2025-03-07,EQ-4257,in_progress,5,22,False
3665,SITE-012,PART-9629,2024-03-13,EQ-3899,in_progress,25,8,False
3666,SITE-085,PART-9406,2025-08-24,EQ-6880,open,5,12,False
3667,SITE-071,PART-6811,2023-07-24,EQ-4207,awaiting_parts,11,39,False
3668,SITE-015,PART-8807,2024-11-10,EQ-6507,completed,5,0,False
3669,SITE-042,PART-9458,2024-07-28,EQ-5903,open,11,3,True
3670,SITE-020,PART-1376,2026-04-28,EQ-1383,in_progress,26,15,False
3671,SITE-002,PART-8910,2024-03-20,EQ-2271,in_progress,3,4,False
3672,SITE-097,PART-3718,2023-09-06,EQ-2682,in_progress,11,17,False
3673,SITE-030,PART-3858,2025-06-17,EQ-5715,completed,1,0,False
3674,SITE-062,PART-4545,2024-06-28,EQ-3723,completed,4,0,False
3675,SITE-010,PART-3162,2025-10-17,EQ-8654,deferred,7,6,False
3676,SITE-055,PART-3257,2023-04-04,EQ-8799,deferred,23,26,False
3677,SITE-029,PART-9549,2026-09-21,EQ-8380,completed,9,0,False
3678,SITE-070,PART-7577,2024-12-28,EQ-5061,in_progress,16,36,False
3679,SITE-098,PART-3435,2025-07-23,EQ-4828,deferred,19,35,False
3680,SITE-044,PART-8806,2025-08-25,EQ-6737,deferred,27,13,False
3681,SITE-060,PART-4035,2024-10-03,EQ-9648,awaiting_parts,11,45,False
3682,SITE-030,PART-6826,2023-12-11,EQ-7672,completed,6,0,True
3683,SITE-060,PART-9564,2024-02-10,EQ-2513,open,22,31,False
3684,SITE-052,PART-4238,2023-12-14,EQ-8071,completed,8,0,False
3685,SITE-050,PART-7758,2024-02-04,EQ-4909,in_progress,5,38,False
3686,SITE-044,PART-2653,2025-01-21,EQ-8619,open,21,2,False
3687,SITE-029,PART-7823,2025-12-13,EQ-7023,awaiting_parts,12,26,False
3688,SITE-086,PART-3193,2024-03-18,EQ-6151,open,10,39,False
3689,SITE-011,PART-6330,2026-06-10,EQ-9377,awaiting_parts,7,5,False
3690,SITE-085,PART-4448,2024-08-04,EQ-1800,awaiting_parts,18,44,False
3691,SITE-012,PART-6842,2025-05-03,EQ-6528,deferred,23,21,True
3692,SITE-076,PART-1557,2026-09-17,EQ-8186,awaiting_parts,23,10,False
3693,SITE-054,PART-3388,2026-04-11,EQ-5139,completed,8,0,False
3694,SITE-031,PART-6803,2025-12-03,EQ-4458,open,20,34,False
3695,SITE-042,PART-1219,2025-12-09,EQ-2106,in_progress,3,1,False
3696,SITE-098,PART-5749,2024-06-18,EQ-4541,deferred,17,43,False
3697,SITE-100,PART-3504,2025-05-09,EQ-2867,in_progress,1,25,False
3698,SITE-037,PART-2521,2024-02-06,EQ-9633,in_progress,10,17,False
3699,SITE-066,PART-5031,2025-02-27,EQ-7217,deferred,28,9,False
3700,SITE-085,PART-3064,2023-11-13,EQ-5153,deferred,15,13,False
3701,SITE-028,PART-3937,2026-05-09,EQ-4875,awaiting_parts,13,9,False
3702,SITE-097,PART-8396,2026-08-22,EQ-2078,completed,8,0,False
3703,SITE-089,PART-6627,2023-03-09,EQ-4801,completed,4,0,False
3704,SITE-038,PART-6349,2025-12-16,EQ-3087,completed,5,0,False
3705,SITE-091,PART-9638,2025-02-09,EQ-3864,deferred,19,41,False
3706,SITE-049,PART-8558,2023-06-04,EQ-7566,in_progress,10,38,False
3707,SITE-049,PART-2653,2024-11-03,EQ-5117,in_progress,18,4,False
3708,SITE-064,PART-2035,2024-08-14,EQ-9540,in_progress,17,25,False
3709,SITE-053,PART-2516,2025-06-05,EQ-3120,awaiting_parts,22,22,False
3710,SITE-055,PART-8798,2026-07-09,EQ-4960,open,1,21,True
3711,SITE-087,PART-7767,2026-06-27,EQ-1719,completed,6,0,False
3712,SITE-085,PART-9492,2024-08-24,EQ-3552,open,21,27,False
3713,SITE-005,PART-9284,2023-02-10,EQ-2665,in_progress,14,33,False
3714,SITE-031,PART-8202,2024-12-02,EQ-3954,in_progress,11,36,False
3715,SITE-057,PART-6324,2026-08-25,EQ-1287,open,9,33,False
3716,SITE-049,PART-6586,2024-05-05,EQ-1396,in_progress,25,40,False
3717,SITE-017,PART-9371,2026-05-01,EQ-1496,awaiting_parts,22,21,True
3718,SITE-020,PART-3592,2024-06-17,EQ-1170,awaiting_parts,29,31,False
3719,SITE-007,PART-5961,2026-09-11,EQ-1224,open,28,22,False
3720,SITE-033,PART-4251,2023-07-19,EQ-6324,deferred,30,34,True
3721,SITE-068,PART-6888,2026-04-08,EQ-5667,awaiting_parts,19,35,False
3722,SITE-003,PART-8273,2024-02-05,EQ-7982,awaiting_parts,4,40,False
3723,SITE-089,PART-4181,2026-10-17,EQ-5309,in_progress,7,16,False
3724,SITE-024,PART-1660,2025-11-06,EQ-6013,completed,6,0,False
3725,SITE-006,PART-8126,2026-01-09,EQ-7983,completed,10,0,False
3726,SITE-059,PART-7189,2026-09-09,EQ-6518,in_progress,1,36,False
3727,SITE-081,PART-5100,2026-04-07,EQ-7944,completed,3,0,False
3728,SITE-006,PART-2003,2026-12-28,EQ-6489,completed,1,0,False
3729,SITE-100,PART-8959,2024-01-01,EQ-3509,awaiting_parts,20,34,False
3730,SITE-030,PART-3340,2025-06-07,EQ-8575,open,17,4,True
3731,SITE-088,PART-6803,2024-03-16,EQ-4074,awaiting_parts,9,27,False
3732,SITE-027,PART-7200,2025-05-25,EQ-1756,in_progress,24,39,False
3733,SITE-012,PART-9678,2025-03-02,EQ-5712,deferred,20,31,True
3734,SITE-038,PART-1816,2024-01-09,EQ-2663,awaiting_parts,10,18,False
3735,SITE-065,PART-4694,2023-07-16,EQ-4086,completed,4,0,False
3736,SITE-039,PART-1266,2024-05-19,EQ-6467,completed,6,0,False
3737,SITE-028,PART-8500,2026-12-14,EQ-4923,deferred,28,12,True
3738,SITE-053,PART-9549,2023-06-16,EQ-5542,in_progress,10,20,False
3739,SITE-028,PART-9284,2024-01-18,EQ-6995,deferred,11,41,False
3740,SITE-022,PART-2766,2023-07-04,EQ-7069,deferred,1,13,False
3741,SITE-040,PART-2102,2025-06-24,EQ-9835,deferred,19,36,False
3742,SITE-033,PART-7785,2025-01-12,EQ-9202,in_progress,25,7,False
3743,SITE-082,PART-7159,2024-08-27,EQ-8230,awaiting_parts,27,3,False
3744,SITE-054,PART-1942,2023-03-15,EQ-6707,deferred,27,30,False
3745,SITE-031,PART-1266,2023-12-22,EQ-9257,open,18,43,False
3746,SITE-050,PART-9558,2026-08-27,EQ-5770,deferred,12,40,False
3747,SITE-073,PART-9121,2023-03-05,EQ-5949,completed,4,0,False
3748,SITE-047,PART-3329,2026-05-06,EQ-8310,deferred,26,18,False
3749,SITE-070,PART-5696,2026-03-14,EQ-6010,completed,8,0,False
3750,SITE-047,PART-5127,2025-03-21,EQ-5196,completed,0,0,True
3751,SITE-037,PART-3704,2024-05-09,EQ-6144,awaiting_parts,30,19,False
3752,SITE-059,PART-6884,2024-03-19,EQ-7091,in_progress,13,44,False
3753,SITE-008,PART-7820,2026-12-18,EQ-9207,in_progress,30,6,False
3754,SITE-030,PART-6601,2023-08-14,EQ-5384,in_progress,1,3,False
3755,SITE-032,PART-9337,2024-05-28,EQ-6817,deferred,18,6,False
3756,SITE-078,PART-9162,2024-05-26,EQ-6749,deferred,8,39,False
3757,SITE-070,PART-5919,2023-12-24,EQ-3933,open,14,36,False
3758,SITE-010,PART-5127,2024-10-07,EQ-2134,deferred,27,41,False
3759,SITE-072,PART-4137,2026-09-11,EQ-6406,completed,0,0,False
3760,SITE-098,PART-6908,2026-12-23,EQ-5040,completed,3,0,False
3761,SITE-099,PART-7177,2025-05-18,EQ-4613,open,14,43,False
3762,SITE-007,PART-5298,2024-12-26,EQ-9768,open,24,6,False
3763,SITE-003,PART-3896,2023-11-27,EQ-5062,deferred,13,33,True
3764,SITE-089,PART-4206,2026-07-15,EQ-6668,awaiting_parts,2,33,True
3765,SITE-040,PART-2135,2025-06-05,EQ-9795,open,3,28,False
3766,SITE-004,PART-7020,2023-11-03,EQ-7811,completed,9,0,True
3767,SITE-002,PART-5771,2026-02-24,EQ-8601,deferred,25,10,False
3768,SITE-024,PART-6709,2026-04-10,EQ-5486,deferred,12,7,False
3769,SITE-097,PART-8144,2026-01-08,EQ-4534,deferred,19,36,False
3770,SITE-095,PART-4382,2023-03-28,EQ-5641,awaiting_parts,20,8,False
3771,SITE-068,PART-1695,2026-06-01,EQ-2421,deferred,24,29,False
3772,SITE-055,PART-7135,2023-08-08,EQ-3111,completed,4,0,False
3773,SITE-078,PART-7794,2023-03-14,EQ-6901,completed,4,0,False
3774,SITE-096,PART-9097,2025-11-19,EQ-3616,deferred,6,18,False
3775,SITE-071,PART-4748,2023-04-10,EQ-3274,in_progress,7,10,False
3776,SITE-045,PART-8798,2026-09-24,EQ-2973,open,13,10,False
3777,SITE-069,PART-7942,2025-01-19,EQ-8828,completed,1,0,False
3778,SITE-036,PART-4228,2026-12-08,EQ-9289,open,10,43,False
3779,SITE-050,PART-2794,2026-07-27,EQ-9394,awaiting_parts,23,33,False
3780,SITE-098,PART-3704,2025-12-17,EQ-2570,awaiting_parts,4,26,False
3781,SITE-079,PART-8396,2025-08-13,EQ-9244,deferred,12,5,False
3782,SITE-027,PART-2046,2023-09-20,EQ-6172,completed,2,0,False
3783,SITE-095,PART-8143,2025-05-21,EQ-3830,open,1,30,True
3784,SITE-067,PART-8690,2026-07-12,EQ-4870,completed,3,0,False
3785,SITE-069,PART-8807,2025-04-05,EQ-7725,awaiting_parts,6,36,False
3786,SITE-056,PART-5503,2023-05-27,EQ-7383,in_progress,3,16,True
3787,SITE-085,PART-4501,2026-09-21,EQ-9571,open,23,32,False
3788,SITE-065,PART-3959,2023-01-05,EQ-9503,in_progress,15,28,False
3789,SITE-038,PART-4260,2023-08-28,EQ-6815,completed,2,0,False
3790,SITE-082,PART-9329,2026-03-28,EQ-2930,awaiting_parts,11,21,True
3791,SITE-021,PART-2487,2026-05-20,EQ-5786,deferred,12,17,False
3792,SITE-021,PART-9678,2024-05-23,EQ-6330,in_progress,17,31,False
3793,SITE-046,PART-7424,2024-07-07,EQ-8536,open,6,33,True
3794,SITE-071,PART-1225,2023-10-12,EQ-3496,awaiting_parts,17,41,False
3795,SITE-001,PART-2116,2025-03-01,EQ-9450,in_progress,14,6,True
3796,SITE-044,PART-5660,2024-11-15,EQ-4190,completed,4,0,False
3797,SITE-080,PART-4112,2023-06-17,EQ-9096,in_progress,25,34,False
3798,SITE-076,PART-9037,2026-11-07,EQ-6337,awaiting_parts,11,8,False
3799,SITE-048,PART-1433,2024-01-03,EQ-5440,completed,3,0,False
3800,SITE-015,PART-4080,2025-11-01,EQ-1281,deferred,10,41,False
3801,SITE-026,PART-6508,2024-06-15,EQ-2194,completed,1,0,False
3802,SITE-100,PART-5401,2026-03-19,EQ-9390,in_progress,7,19,False
3803,SITE-045,PART-2794,2024-06-23,EQ-2523,deferred,25,28,False
3804,SITE-044,PART-3105,2025-04-14,EQ-3938,deferred,13,23,False
3805,SITE-033,PART-2830,2024-11-02,EQ-4415,in_progress,3,29,False
3806,SITE-077,PART-6101,2026-11-14,EQ-3240,deferred,7,20,False
3807,SITE-033,PART-9883,2023-09-23,EQ-7309,deferred,10,10,False
3808,SITE-051,PART-1061,2024-06-11,EQ-3320,completed,2,0,False
3809,SITE-085,PART-4260,2023-04-04,EQ-7150,completed,9,0,False
3810,SITE-022,PART-4518,2025-11-26,EQ-3862,deferred,25,11,False
3811,SITE-097,PART-2779,2024-12-03,EQ-6089,deferred,14,23,False
3812,SITE-003,PART-5238,2026-03-20,EQ-9231,completed,10,0,False
3813,SITE-005,PART-4543,2023-10-06,EQ-8696,awaiting_parts,11,26,False
3814,SITE-091,PART-7290,2023-05-09,EQ-9555,deferred,15,13,False
3815,SITE-016,PART-8675,2023-01-27,EQ-3982,completed,9,0,False
3816,SITE-039,PART-6829,2026-08-21,EQ-9518,open,11,31,True
3817,SITE-098,PART-9038,2026-05-26,EQ-1608,open,19,18,False
3818,SITE-094,PART-7560,2023-08-19,EQ-1930,open,11,6,False
3819,SITE-026,PART-7298,2025-12-23,EQ-3925,awaiting_parts,18,21,False
3820,SITE-018,PART-7486,2026-04-09,EQ-3873,completed,1,0,True
3821,SITE-091,PART-4638,2024-08-10,EQ-1474,awaiting_parts,30,9,False
3822,SITE-084,PART-9377,2024-02-01,EQ-9877,completed,7,0,False
3823,SITE-037,PART-2283,2026-10-21,EQ-4253,in_progress,15,34,False
3824,SITE-093,PART-4072,2024-10-14,EQ-4686,open,30,44,False
3825,SITE-098,PART-7912,2026-09-08,EQ-9821,deferred,17,5,False
3826,SITE-093,PART-9589,2025-12-19,EQ-2167,deferred,7,15,False
3827,SITE-088,PART-8261,2023-03-24,EQ-6104,awaiting_parts,7,17,False
3828,SITE-006,PART-7535,2023-04-04,EQ-5591,awaiting_parts,1,19,False
3829,SITE-093,PART-5445,2024-07-23,EQ-1902,deferred,2,11,False
3830,SITE-074,PART-7535,2025-10-22,EQ-4159,completed,6,0,False
3831,SITE-002,PART-5238,2025-12-27,EQ-3301,in_progress,3,9,False
3832,SITE-003,PART-5682,2024-03-05,EQ-7166,awaiting_parts,9,5,False
3833,SITE-050,PART-6023,2023-04-17,EQ-7916,completed,9,0,False
3834,SITE-025,PART-8874,2024-06-13,EQ-3732,awaiting_parts,12,39,False
3835,SITE-085,PART-1647,2024-06-26,EQ-9287,awaiting_parts,13,45,False
3836,SITE-029,PART-1942,2024-08-03,EQ-9543,deferred,11,21,True
3837,SITE-023,PART-3793,2024-01-19,EQ-8787,deferred,4,11,False
3838,SITE-013,PART-9933,2024-07-07,EQ-5954,open,13,27,False
3839,SITE-078,PART-5539,2024-03-16,EQ-1779,open,29,12,False
3840,SITE-069,PART-4804,2026-03-03,EQ-9433,open,3,43,False
3841,SITE-063,PART-1402,2024-11-10,EQ-8371,open,30,2,False
3842,SITE-020,PART-8384,2023-02-15,EQ-2400,deferred,26,20,False
3843,SITE-008,PART-2281,2023-09-17,EQ-9617,completed,1,0,False
3844,SITE-091,PART-4663,2026-06-07,EQ-4197,completed,6,0,False
3845,SITE-070,PART-4311,2023-11-17,EQ-8891,awaiting_parts,29,32,False
3846,SITE-075,PART-1099,2025-10-20,EQ-4009,open,22,2,False
3847,SITE-061,PART-7722,2024-11-26,EQ-7326,in_progress,12,20,False
3848,SITE-086,PART-6588,2026-06-19,EQ-6041,awaiting_parts,28,6,False
3849,SITE-008,PART-5661,2025-06-10,EQ-3532,open,25,20,False
3850,SITE-010,PART-8896,2025-11-18,EQ-6418,completed,2,0,True
3851,SITE-006,PART-3109,2023-12-11,EQ-2463,open,25,3,False
3852,SITE-040,PART-9893,2026-06-07,EQ-4778,deferred,16,4,False
3853,SITE-005,PART-7488,2023-01-16,EQ-8752,open,11,23,False
3854,SITE-009,PART-7505,2023-08-25,EQ-6990,awaiting_parts,14,37,False
3855,SITE-072,PART-8523,2023-08-23,EQ-9574,completed,0,0,True
3856,SITE-060,PART-7388,2026-10-17,EQ-9029,awaiting_parts,28,1,False
3857,SITE-011,PART-7591,2024-09-07,EQ-9487,in_progress,13,21,False
3858,SITE-018,PART-5415,2025-04-26,EQ-8138,awaiting_parts,13,20,False
3859,SITE-039,PART-6805,2024-11-16,EQ-4913,awaiting_parts,6,38,False
3860,SITE-022,PART-4694,2023-06-10,EQ-9948,awaiting_parts,26,14,True
3861,SITE-086,PART-8144,2024-08-26,EQ-3550,open,11,28,False
3862,SITE-065,PART-2830,2023-02-16,EQ-8184,in_progress,6,22,False
3863,SITE-051,PART-7767,2024-10-15,EQ-1266,open,6,37,False
3864,SITE-017,PART-8537,2023-06-12,EQ-1685,in_progress,11,25,False
3865,SITE-048,PART-7590,2026-02-21,EQ-4259,completed,0,0,False
3866,SITE-093,PART-2790,2023-11-13,EQ-4075,completed,3,0,False
3867,SITE-005,PART-1937,2023-07-25,EQ-3253,completed,8,0,False
3868,SITE-068,PART-4501,2026-05-27,EQ-6739,deferred,28,35,True
3869,SITE-025,PART-8780,2023-01-02,EQ-2660,in_progress,1,34,False
3870,SITE-002,PART-2415,2025-08-18,EQ-7767,in_progress,1,38,False
3871,SITE-082,PART-8768,2026-03-04,EQ-3736,deferred,17,40,True
3872,SITE-067,PART-2218,2025-07-06,EQ-1918,open,8,32,False
3873,SITE-062,PART-7486,2025-12-07,EQ-9370,open,8,45,False
3874,SITE-014,PART-4184,2024-11-22,EQ-8747,awaiting_parts,1,6,False
3875,SITE-047,PART-1142,2026-06-10,EQ-3883,open,25,36,False
3876,SITE-079,PART-5646,2023-05-28,EQ-7327,awaiting_parts,8,8,False
3877,SITE-010,PART-8994,2024-02-19,EQ-4509,deferred,7,35,False
3878,SITE-006,PART-6221,2025-06-19,EQ-7325,open,13,3,False
3879,SITE-006,PART-4771,2025-04-02,EQ-8269,in_progress,12,37,False
3880,SITE-009,PART-4137,2025-09-28,EQ-3786,in_progress,20,31,False
3881,SITE-078,PART-9309,2024-11-16,EQ-1768,deferred,27,36,False
3882,SITE-078,PART-4311,2024-09-18,EQ-4459,awaiting_parts,2,2,False
3883,SITE-056,PART-3715,2023-03-09,EQ-9826,deferred,1,3,False
3884,SITE-049,PART-4449,2025-11-15,EQ-6463,open,20,35,False
3885,SITE-059,PART-9129,2026-11-20,EQ-3857,awaiting_parts,10,14,False
3886,SITE-071,PART-4582,2024-03-15,EQ-3809,awaiting_parts,18,12,False
3887,SITE-039,PART-1129,2026-01-06,EQ-8896,in_progress,30,25,False
3888,SITE-022,PART-6324,2023-09-06,EQ-7789,awaiting_parts,5,29,True
3889,SITE-039,PART-3360,2026-08-25,EQ-2484,deferred,19,35,False
3890,SITE-021,PART-6784,2025-12-28,EQ-7497,in_progress,23,33,False
3891,SITE-016,PART-7384,2026-10-12,EQ-8016,open,23,37,False
3892,SITE-093,PART-7067,2026-05-04,EQ-8867,awaiting_parts,21,35,False
3893,SITE-025,PART-2189,2023-05-12,EQ-7347,in_progress,28,19,False
3894,SITE-032,PART-1724,2024-07-05,EQ-9734,in_progress,26,23,False
3895,SITE-002,PART-5127,2026-03-15,EQ-8053,awaiting_parts,1,19,False
3896,SITE-006,PART-7534,2026-09-18,EQ-8448,completed,4,0,False
3897,SITE-013,PART-6112,2023-12-03,EQ-7155,deferred,28,25,False
3898,SITE-059,PART-5172,2026-07-12,EQ-2160,open,17,33,True
3899,SITE-023,PART-6829,2025-03-06,EQ-2106,in_progress,20,21,False
3900,SITE-087,PART-4181,2026-03-19,EQ-9048,open,27,12,True
3901,SITE-099,PART-2276,2026-10-27,EQ-1674,completed,2,0,True
3902,SITE-085,PART-1873,2023-02-18,EQ-3787,completed,10,0,False
3903,SITE-003,PART-2052,2023-10-23,EQ-3007,completed,6,0,False
3904,SITE-024,PART-7902,2026-09-22,EQ-4978,in_progress,23,27,False
3905,SITE-059,PART-6854,2023-03-08,EQ-4761,open,12,14,False
3906,SITE-068,PART-3344,2026-10-16,EQ-4977,completed,2,0,False
3907,SITE-029,PART-4058,2025-07-03,EQ-5096,open,15,10,False
3908,SITE-006,PART-6442,2025-06-12,EQ-7632,open,29,23,False
3909,SITE-069,PART-8423,2026-04-06,EQ-1327,awaiting_parts,27,5,False
3910,SITE-070,PART-2283,2023-10-07,EQ-4038,awaiting_parts,19,38,False
3911,SITE-035,PART-3715,2026-12-16,EQ-1827,awaiting_parts,3,16,False
3912,SITE-033,PART-1872,2023-12-12,EQ-9132,awaiting_parts,19,9,False
3913,SITE-100,PART-2779,2026-02-25,EQ-3613,awaiting_parts,26,44,False
3914,SITE-055,PART-7535,2024-05-12,EQ-1821,awaiting_parts,8,30,False
3915,SITE-058,PART-7358,2024-01-01,EQ-9364,awaiting_parts,24,43,True
3916,SITE-019,PART-9194,2024-03-10,EQ-3111,deferred,13,36,False
3917,SITE-018,PART-9613,2024-03-25,EQ-1300,completed,10,0,False
3918,SITE-060,PART-1660,2024-01-22,EQ-3994,awaiting_parts,17,25,False
3919,SITE-044,PART-8003,2025-09-13,EQ-1217,deferred,25,9,False
3920,SITE-074,PART-6787,2023-04-11,EQ-2512,in_progress,17,28,False
3921,SITE-086,PART-6236,2025-02-27,EQ-9931,completed,6,0,False
3922,SITE-002,PART-7505,2024-04-06,EQ-8726,open,23,1,False
3923,SITE-062,PART-7083,2025-04-28,EQ-1767,in_progress,1,19,False
3924,SITE-088,PART-4582,2025-12-28,EQ-5934,deferred,14,14,False
3925,SITE-035,PART-4638,2026-10-19,EQ-3738,in_progress,14,8,False
3926,SITE-064,PART-6113,2026-09-06,EQ-6836,completed,6,0,False
3927,SITE-001,PART-3286,2023-09-03,EQ-5897,open,9,35,True
3928,SITE-077,PART-9704,2026-06-09,EQ-7746,open,23,31,True
3929,SITE-054,PART-9108,2023-08-24,EQ-6401,deferred,4,31,False
3930,SITE-078,PART-4694,2023-11-25,EQ-9509,completed,1,0,False
3931,SITE-095,PART-2958,2023-01-15,EQ-6692,in_progress,28,4,False
3932,SITE-028,PART-7505,2025-03-23,EQ-4633,completed,10,0,False
3933,SITE-096,PART-9284,2026-07-27,EQ-6627,open,13,43,False
3934,SITE-089,PART-6162,2025-02-28,EQ-1897,completed,3,0,True
3935,SITE-036,PART-9589,2023-02-17,EQ-8602,awaiting_parts,3,22,False
3936,SITE-084,PART-2106,2026-12-17,EQ-8055,completed,7,0,False
3937,SITE-016,PART-2838,2026-03-22,EQ-6072,completed,10,0,False
3938,SITE-037,PART-2927,2025-05-12,EQ-8407,in_progress,23,15,False
3939,SITE-011,PART-9370,2024-11-25,EQ-2939,in_progress,17,3,False
3940,SITE-064,PART-3349,2026-03-25,EQ-7850,open,11,27,True
3941,SITE-014,PART-1832,2026-04-18,EQ-4875,in_progress,19,3,False
3942,SITE-043,PART-1547,2023-02-28,EQ-3228,awaiting_parts,4,12,False
3943,SITE-064,PART-1249,2025-01-16,EQ-9233,completed,2,0,False
3944,SITE-053,PART-9589,2025-05-14,EQ-5923,open,30,40,False
3945,SITE-003,PART-6668,2026-05-20,EQ-2235,deferred,30,11,False
3946,SITE-014,PART-2784,2024-03-08,EQ-9322,completed,8,0,False
3947,SITE-070,PART-2356,2025-11-23,EQ-9588,in_progress,28,15,False
3948,SITE-025,PART-3798,2024-06-24,EQ-7109,awaiting_parts,15,19,False
3949,SITE-006,PART-7684,2023-06-17,EQ-3716,completed,4,0,True
3950,SITE-038,PART-8451,2026-11-19,EQ-1903,open,16,43,True
3951,SITE-096,PART-9833,2023-10-27,EQ-4994,in_progress,30,4,False
3952,SITE-012,PART-2784,2024-12-21,EQ-6726,open,3,27,False
3953,SITE-025,PART-5193,2025-09-07,EQ-5222,deferred,16,38,False
3954,SITE-030,PART-3418,2026-07-03,EQ-5838,in_progress,4,8,True
3955,SITE-045,PART-2773,2023-03-05,EQ-1369,open,25,17,False
3956,SITE-052,PART-1534,2026-06-14,EQ-1443,in_progress,7,31,False
3957,SITE-029,PART-7823,2023-07-01,EQ-3236,deferred,17,35,False
3958,SITE-095,PART-7298,2025-02-16,EQ-3967,deferred,21,25,False
3959,SITE-057,PART-3715,2025-02-20,EQ-1840,awaiting_parts,1,24,False
3960,SITE-021,PART-3879,2024-09-19,EQ-5087,open,25,44,True
3961,SITE-047,PART-8496,2024-05-14,EQ-4718,in_progress,5,8,False
3962,SITE-008,PART-7534,2023-07-17,EQ-6584,completed,2,0,False
3963,SITE-030,PART-5546,2023-01-12,EQ-6158,in_progress,25,11,False
3964,SITE-013,PART-3105,2026-04-04,EQ-9920,deferred,29,15,False
3965,SITE-069,PART-4392,2026-12-03,EQ-8763,completed,2,0,False
3966,SITE-002,PART-4880,2023-05-18,EQ-9597,open,10,8,False
3967,SITE-072,PART-6089,2023-06-24,EQ-5363,open,9,16,False
3968,SITE-050,PART-1534,2026-09-11,EQ-8590,in_progress,26,41,False
3969,SITE-051,PART-8126,2024-08-09,EQ-1226,open,17,4,True
3970,SITE-091,PART-3251,2025-02-02,EQ-8715,open,27,17,False
3971,SITE-019,PART-9512,2024-10-03,EQ-1518,awaiting_parts,28,31,False
3972,SITE-030,PART-3201,2025-01-15,EQ-6182,in_progress,1,31,False
3973,SITE-077,PART-7897,2024-01-22,EQ-6307,completed,1,0,False
3974,SITE-093,PART-7298,2025-10-12,EQ-6614,completed,4,0,True
3975,SITE-069,PART-5427,2023-07-12,EQ-2614,deferred,3,8,False
3976,SITE-077,PART-1343,2023-03-24,EQ-1898,completed,5,0,False
3977,SITE-063,PART-7735,2025-05-21,EQ-4860,open,7,45,False
3978,SITE-029,PART-4238,2023-07-28,EQ-7265,in_progress,27,23,False
3979,SITE-099,PART-2416,2024-12-24,EQ-6643,awaiting_parts,1,32,False
3980,SITE-026,PART-6299,2024-06-13,EQ-7633,completed,5,0,False
3981,SITE-041,PART-1358,2025-02-04,EQ-1464,deferred,27,1,False
3982,SITE-035,PART-6894,2025-10-12,EQ-3986,awaiting_parts,4,39,False
3983,SITE-020,PART-3937,2026-02-03,EQ-3987,deferred,27,3,False
3984,SITE-079,PART-1874,2025-06-14,EQ-4670,deferred,12,44,False
3985,SITE-042,PART-5661,2025-10-20,EQ-4701,in_progress,7,44,False
3986,SITE-058,PART-6107,2025-12-20,EQ-6897,deferred,10,29,False
3987,SITE-036,PART-8505,2026-06-28,EQ-2664,open,15,29,False
3988,SITE-060,PART-8084,2024-08-05,EQ-2506,awaiting_parts,30,3,False
3989,SITE-003,PART-1088,2024-03-25,EQ-1293,deferred,29,15,False
3990,SITE-017,PART-3858,2025-07-16,EQ-7751,awaiting_parts,5,1,False
3991,SITE-074,PART-9162,2023-08-10,EQ-5079,completed,6,0,False
3992,SITE-061,PART-5183,2025-03-13,EQ-5272,completed,2,0,False
3993,SITE-016,PART-9271,2024-05-04,EQ-2914,in_progress,29,43,False
3994,SITE-076,PART-7488,2026-04-19,EQ-9536,deferred,30,4,False
3995,SITE-016,PART-9388,2026-05-17,EQ-3903,in_progress,16,39,False
3996,SITE-080,PART-8384,2025-06-10,EQ-6646,completed,8,0,False
3997,SITE-005,PART-8874,2025-11-17,EQ-6764,in_progress,5,1,True
3998,SITE-002,PART-6768,2023-02-24,EQ-6980,deferred,9,35,False
3999,SITE-037,PART-5539,2024-12-02,EQ-3968,in_progress,10,30,False
4000,SITE-066,PART-2952,2024-08-13,EQ-3325,in_progress,5,16,False
4001,SITE-094,PART-6803,2024-08-16,EQ-8494,awaiting_parts,8,17,False
4002,SITE-079,PART-3349,2025-01-07,EQ-6120,deferred,25,33,False
4003,SITE-032,PART-3504,2025-10-10,EQ-2856,deferred,2,42,False
4004,SITE-062,PART-5115,2023-08-23,EQ-2563,awaiting_parts,17,30,False
4005,SITE-077,PART-7914,2026-10-18,EQ-3114,deferred,19,39,False
4006,SITE-049,PART-9921,2024-12-03,EQ-1342,deferred,7,22,False
4007,SITE-074,PART-3937,2025-01-27,EQ-7709,completed,1,0,False
4008,SITE-035,PART-5661,2025-08-25,EQ-2817,open,8,30,False
4009,SITE-076,PART-7486,2023-09-14,EQ-9088,deferred,22,30,True
4010,SITE-020,PART-9007,2024-06-19,EQ-7295,deferred,19,17,False
4011,SITE-013,PART-5073,2024-10-04,EQ-7231,in_progress,4,22,False
4012,SITE-024,PART-4080,2024-03-13,EQ-2804,completed,2,0,True
4013,SITE-014,PART-6894,2024-04-14,EQ-6199,deferred,15,28,True
4014,SITE-033,PART-9648,2026-06-15,EQ-8625,completed,0,0,False
4015,SITE-087,PART-4382,2025-09-23,EQ-1384,deferred,21,17,False
4016,SITE-069,PART-8841,2025-07-12,EQ-6465,completed,3,0,False
4017,SITE-035,PART-1416,2024-07-19,EQ-2672,awaiting_parts,10,26,False
4018,SITE-015,PART-7524,2025-03-15,EQ-8559,completed,3,0,False
4019,SITE-024,PART-5358,2025-09-10,EQ-3918,awaiting_parts,6,4,False
4020,SITE-027,PART-2802,2023-07-19,EQ-2854,completed,1,0,False
4021,SITE-040,PART-8273,2023-10-14,EQ-8749,awaiting_parts,7,44,False
4022,SITE-020,PART-5664,2025-01-21,EQ-7509,awaiting_parts,4,9,False
4023,SITE-068,PART-6819,2023-10-12,EQ-1840,in_progress,5,32,False
4024,SITE-054,PART-4856,2025-07-05,EQ-9584,open,16,28,False
4025,SITE-030,PART-8144,2026-06-06,EQ-3937,deferred,29,14,True
4026,SITE-036,PART-9284,2024-09-07,EQ-2477,completed,7,0,False
4027,SITE-032,PART-4844,2026-03-25,EQ-2192,open,14,31,False
4028,SITE-070,PART-7250,2024-11-22,EQ-8049,awaiting_parts,20,8,False
4029,SITE-066,PART-5961,2024-08-26,EQ-8782,awaiting_parts,7,14,False
4030,SITE-064,PART-9883,2025-01-12,EQ-4122,awaiting_parts,5,44,False
4031,SITE-096,PART-7559,2024-02-02,EQ-7089,open,21,22,False
4032,SITE-033,PART-8505,2024-10-14,EQ-3436,completed,5,0,True
4033,SITE-035,PART-4035,2023-03-08,EQ-2664,open,12,17,False
4034,SITE-085,PART-7298,2025-12-26,EQ-9904,awaiting_parts,29,38,False
4035,SITE-064,PART-4655,2023-11-02,EQ-5790,open,10,3,True
4036,SITE-038,PART-5127,2024-07-09,EQ-1213,in_progress,15,39,True
4037,SITE-073,PART-5100,2026-11-23,EQ-4389,completed,1,0,False
4038,SITE-027,PART-1049,2025-07-08,EQ-5278,in_progress,2,2,False
4039,SITE-022,PART-6391,2026-12-14,EQ-7232,deferred,24,8,True
4040,SITE-074,PART-7578,2025-02-28,EQ-9298,open,18,42,True
4041,SITE-004,PART-2036,2024-01-06,EQ-9488,awaiting_parts,24,13,False
4042,SITE-084,PART-2485,2026-05-12,EQ-1230,awaiting_parts,13,18,False
4043,SITE-076,PART-8694,2025-08-24,EQ-1195,open,1,2,False
4044,SITE-015,PART-5427,2024-06-04,EQ-6077,awaiting_parts,10,43,False
4045,SITE-029,PART-7165,2024-05-03,EQ-7885,deferred,20,19,False
4046,SITE-092,PART-2897,2023-11-07,EQ-9816,completed,2,0,False
4047,SITE-056,PART-8355,2025-06-16,EQ-7898,in_progress,30,5,False
4048,SITE-040,PART-6805,2026-05-28,EQ-4605,awaiting_parts,2,45,False
4049,SITE-007,PART-3188,2025-12-26,EQ-7405,open,29,15,False
4050,SITE-089,PART-5534,2025-11-18,EQ-8888,in_progress,3,12,False
4051,SITE-050,PART-6894,2026-09-18,EQ-5567,completed,8,0,False
4052,SITE-050,PART-7488,2023-06-08,EQ-5750,deferred,10,43,False
4053,SITE-054,PART-6122,2024-09-22,EQ-3339,open,2,7,False
4054,SITE-004,PART-2779,2023-02-09,EQ-9152,open,19,29,True
4055,SITE-007,PART-9184,2025-06-22,EQ-5045,deferred,3,10,False
4056,SITE-040,PART-3251,2025-04-11,EQ-1009,deferred,29,32,False
4057,SITE-081,PART-3657,2026-10-06,EQ-9379,open,28,5,False
4058,SITE-080,PART-5225,2024-06-17,EQ-2571,completed,5,0,False
4059,SITE-030,PART-6069,2023-08-19,EQ-7268,completed,1,0,True
4060,SITE-070,PART-2443,2026-12-06,EQ-7392,deferred,15,6,True
4061,SITE-062,PART-6819,2026-11-21,EQ-8218,awaiting_parts,23,1,False
4062,SITE-064,PART-7690,2025-09-01,EQ-8930,in_progress,12,35,False
4063,SITE-075,PART-2396,2026-12-10,EQ-9437,awaiting_parts,19,8,False
4064,SITE-079,PART-4748,2025-08-07,EQ-1021,awaiting_parts,7,43,False
4065,SITE-054,PART-8874,2024-12-11,EQ-7704,awaiting_parts,19,31,False
4066,SITE-065,PART-2705,2024-12-17,EQ-9075,awaiting_parts,12,35,False
4067,SITE-016,PART-9038,2025-02-10,EQ-7329,completed,0,0,False
4068,SITE-037,PART-9913,2023-10-04,EQ-1124,open,13,22,False
4069,SITE-053,PART-8581,2025-09-23,EQ-9757,in_progress,1,33,True
4070,SITE-042,PART-4449,2026-08-26,EQ-1640,deferred,9,8,False
4071,SITE-049,PART-2451,2023-05-25,EQ-7603,completed,2,0,False
4072,SITE-098,PART-4844,2026-08-02,EQ-2743,in_progress,18,14,False
4073,SITE-075,PART-2779,2024-01-18,EQ-9219,completed,5,0,False
4074,SITE-090,PART-4184,2026-10-02,EQ-6418,in_progress,6,43,False
4075,SITE-085,PART-8986,2026-01-16,EQ-2091,completed,7,0,True
4076,SITE-036,PART-2867,2025-01-14,EQ-4548,completed,0,0,False
4077,SITE-089,PART-2758,2024-10-09,EQ-7483,open,23,5,False
4078,SITE-017,PART-7066,2024-04-21,EQ-9032,deferred,10,27,False
4079,SITE-012,PART-5693,2024-01-24,EQ-1360,open,9,29,False
4080,SITE-076,PART-1414,2023-07-23,EQ-9074,completed,1,0,False
4081,SITE-058,PART-5133,2024-11-05,EQ-5787,deferred,13,45,False
4082,SITE-069,PART-5432,2026-08-17,EQ-3689,completed,4,0,False
4083,SITE-026,PART-8384,2025-08-21,EQ-4912,awaiting_parts,12,26,False
4084,SITE-052,PART-3349,2026-05-07,EQ-1641,in_progress,28,5,False
4085,SITE-027,PART-9284,2023-03-24,EQ-5628,open,26,35,False
4086,SITE-091,PART-5503,2026-05-26,EQ-4492,open,12,21,False
4087,SITE-026,PART-2269,2026-11-19,EQ-4068,in_progress,16,20,False
4088,SITE-020,PART-3781,2024-05-06,EQ-2603,deferred,19,1,False
4089,SITE-002,PART-1210,2025-09-05,EQ-6416,completed,6,0,False
4090,SITE-025,PART-7183,2024-11-12,EQ-1519,in_progress,28,38,False
4091,SITE-042,PART-2748,2026-10-28,EQ-3618,deferred,2,11,False
4092,SITE-064,PART-7036,2025-09-10,EQ-9451,awaiting_parts,25,42,False
4093,SITE-060,PART-9370,2025-10-01,EQ-7188,awaiting_parts,18,42,False
4094,SITE-049,PART-3793,2024-12-17,EQ-3023,in_progress,28,6,True
4095,SITE-017,PART-8316,2026-05-25,EQ-3124,deferred,5,20,False
4096,SITE-067,PART-2516,2024-09-01,EQ-8881,open,14,6,False
4097,SITE-023,PART-9189,2026-10-15,EQ-5839,deferred,12,10,False
4098,SITE-073,PART-8714,2025-11-08,EQ-6746,in_progress,7,19,False
4099,SITE-042,PART-1142,2025-05-17,EQ-8743,open,23,31,False
4100,SITE-040,PART-4999,2026-10-09,EQ-8960,open,18,43,True
4101,SITE-031,PART-4505,2024-11-22,EQ-3992,open,27,16,True
4102,SITE-093,PART-7684,2023-10-25,EQ-5803,deferred,25,21,False
4103,SITE-024,PART-2698,2026-08-18,EQ-8291,open,18,14,False
4104,SITE-087,PART-1673,2023-02-07,EQ-6982,in_progress,26,30,False
4105,SITE-058,PART-5682,2023-05-03,EQ-3957,open,4,40,False
4106,SITE-082,PART-2380,2025-12-06,EQ-3427,completed,10,0,False
4107,SITE-009,PART-1134,2024-10-22,EQ-6557,awaiting_parts,2,5,False
4108,SITE-064,PART-9638,2025-06-19,EQ-3290,in_progress,14,13,False
4109,SITE-006,PART-5543,2024-01-15,EQ-6542,open,19,22,False
4110,SITE-013,PART-3781,2025-05-09,EQ-9467,completed,4,0,False
4111,SITE-015,PART-6176,2026-12-06,EQ-7887,completed,1,0,True
4112,SITE-047,PART-2415,2024-10-21,EQ-9146,awaiting_parts,16,9,False
4113,SITE-028,PART-3729,2026-09-25,EQ-6688,open,19,18,True
4114,SITE-047,PART-8496,2025-06-09,EQ-4534,completed,0,0,False
4115,SITE-008,PART-9511,2026-03-17,EQ-5143,deferred,30,6,False
4116,SITE-001,PART-8384,2025-05-25,EQ-3767,open,10,8,False
4117,SITE-012,PART-7949,2026-08-24,EQ-7882,completed,3,0,False
4118,SITE-086,PART-3103,2024-06-02,EQ-9815,completed,2,0,False
4119,SITE-015,PART-8113,2025-05-13,EQ-7205,open,16,45,True
4120,SITE-030,PART-5936,2023-07-01,EQ-2041,in_progress,18,14,True
4121,SITE-056,PART-8384,2025-02-07,EQ-9163,completed,1,0,False
4122,SITE-057,PART-3691,2023-04-13,EQ-2495,deferred,13,44,False
4123,SITE-011,PART-2397,2025-08-03,EQ-3650,awaiting_parts,22,33,False
4124,SITE-091,PART-3103,2026-04-14,EQ-9694,awaiting_parts,14,17,False
4125,SITE-029,PART-2068,2023-04-03,EQ-2450,deferred,7,28,True
4126,SITE-081,PART-8488,2023-07-25,EQ-4512,open,16,25,False
4127,SITE-048,PART-8219,2024-02-11,EQ-3078,deferred,28,24,False
4128,SITE-083,PART-5180,2025-07-10,EQ-2766,deferred,11,32,False
4129,SITE-019,PART-7505,2023-10-04,EQ-8520,awaiting_parts,23,14,False
4130,SITE-057,PART-9406,2025-03-14,EQ-4614,deferred,16,36,False
4131,SITE-094,PART-3251,2026-03-01,EQ-5883,in_progress,7,8,False
4132,SITE-013,PART-2994,2023-11-14,EQ-7395,open,13,36,False
4133,SITE-014,PART-7559,2024-12-03,EQ-1641,open,14,38,False
4134,SITE-056,PART-7016,2026-10-25,EQ-6184,completed,2,0,False
4135,SITE-054,PART-9213,2024-02-15,EQ-7481,deferred,5,26,False
4136,SITE-082,PART-7486,2023-09-14,EQ-2000,open,18,23,False
4137,SITE-037,PART-8202,2026-06-06,EQ-4455,completed,9,0,False
4138,SITE-081,PART-5094,2023-06-25,EQ-9541,deferred,20,11,False
4139,SITE-047,PART-8943,2025-01-17,EQ-2641,completed,7,0,False
4140,SITE-020,PART-4354,2025-04-11,EQ-6364,deferred,30,4,False
4141,SITE-070,PART-2590,2024-01-16,EQ-3932,completed,9,0,False
4142,SITE-085,PART-8254,2024-09-14,EQ-8306,open,20,35,False
4143,SITE-068,PART-2970,2025-02-05,EQ-8762,in_progress,3,44,False
4144,SITE-093,PART-2733,2024-03-23,EQ-5985,in_progress,4,6,False
4145,SITE-046,PART-9388,2024-02-14,EQ-1513,in_progress,16,2,False
4146,SITE-041,PART-8194,2026-09-07,EQ-9637,awaiting_parts,28,1,False
4147,SITE-081,PART-7606,2025-09-13,EQ-1047,in_progress,24,4,False
4148,SITE-035,PART-9613,2025-01-08,EQ-5095,awaiting_parts,4,5,False
4149,SITE-079,PART-4001,2026-02-10,EQ-8856,in_progress,25,22,False
4150,SITE-057,PART-7520,2026-05-16,EQ-4406,open,18,7,False
4151,SITE-080,PART-8779,2025-12-20,EQ-3195,awaiting_parts,23,19,False
4152,SITE-083,PART-3653,2026-02-05,EQ-3025,in_progress,10,7,False
4153,SITE-001,PART-4501,2026-04-26,EQ-5809,in_progress,14,44,False
4154,SITE-018,PART-4886,2023-01-02,EQ-5903,open,7,8,False
4155,SITE-083,PART-7606,2023-07-04,EQ-1498,deferred,28,8,False
4156,SITE-018,PART-3917,2024-08-15,EQ-6272,deferred,17,17,False
4157,SITE-003,PART-5921,2023-09-05,EQ-6815,in_progress,26,43,True
4158,SITE-090,PART-3289,2024-01-02,EQ-9180,open,22,32,False
4159,SITE-026,PART-6787,2024-02-11,EQ-1708,awaiting_parts,6,28,False
4160,SITE-062,PART-9528,2026-06-13,EQ-7528,completed,10,0,False
4161,SITE-032,PART-9458,2024-02-11,EQ-1595,in_progress,3,4,True
4162,SITE-012,PART-8668,2024-02-01,EQ-1073,completed,4,0,False
4163,SITE-060,PART-5999,2026-10-17,EQ-4109,deferred,7,44,False
4164,SITE-084,PART-5726,2023-07-21,EQ-3815,awaiting_parts,14,18,False
4165,SITE-035,PART-6522,2026-08-07,EQ-2286,completed,8,0,False
4166,SITE-092,PART-1737,2024-02-25,EQ-1829,open,14,23,False
4167,SITE-097,PART-3887,2026-10-10,EQ-9491,deferred,24,13,False
4168,SITE-059,PART-4762,2025-08-01,EQ-7238,open,4,38,False
4169,SITE-084,PART-1695,2026-11-07,EQ-3509,awaiting_parts,23,19,False
4170,SITE-003,PART-9451,2026-06-04,EQ-3906,in_progress,1,32,False
4171,SITE-090,PART-8959,2024-12-21,EQ-9465,deferred,4,27,False
4172,SITE-059,PART-9634,2023-03-02,EQ-6781,open,24,21,False
4173,SITE-058,PART-8723,2026-06-18,EQ-7828,in_progress,22,13,False
4174,SITE-003,PART-7584,2023-06-24,EQ-2755,deferred,18,18,False
4175,SITE-014,PART-7524,2023-03-07,EQ-7625,in_progress,20,36,False
4176,SITE-081,PART-7136,2023-10-20,EQ-1576,open,27,37,False
4177,SITE-029,PART-8143,2025-10-21,EQ-1153,deferred,26,2,False
4178,SITE-014,PART-4774,2025-05-05,EQ-8456,open,12,25,False
4179,SITE-025,PART-2131,2025-03-03,EQ-7057,open,18,26,False
4180,SITE-001,PART-6888,2026-05-28,EQ-1281,in_progress,1,7,False
4181,SITE-087,PART-1142,2026-01-23,EQ-1847,completed,6,0,False
4182,SITE-096,PART-7897,2024-08-06,EQ-7727,open,9,7,False
4183,SITE-037,PART-9090,2023-11-05,EQ-3001,deferred,8,40,False
4184,SITE-003,PART-2341,2023-10-06,EQ-9127,open,19,13,False
4185,SITE-074,PART-5225,2026-09-04,EQ-3938,in_progress,20,25,False
4186,SITE-051,PART-2799,2026-10-21,EQ-9383,in_progress,6,15,False
4187,SITE-082,PART-3808,2026-03-22,EQ-3370,completed,7,0,False
4188,SITE-047,PART-3895,2023-11-20,EQ-5417,deferred,8,40,False
4189,SITE-024,PART-2356,2024-12-26,EQ-8176,in_progress,1,22,False
4190,SITE-093,PART-6668,2026-08-21,EQ-8419,open,15,7,False
4191,SITE-014,PART-2958,2024-02-02,EQ-8773,awaiting_parts,19,22,False
4192,SITE-064,PART-6797,2023-12-24,EQ-7783,in_progress,7,37,True
4193,SITE-028,PART-3657,2026-08-12,EQ-8475,completed,4,0,False
4194,SITE-066,PART-2946,2025-03-22,EQ-9270,deferred,14,13,False
4195,SITE-061,PART-3201,2023-04-24,EQ-7047,deferred,21,35,False
4196,SITE-089,PART-1715,2023-04-17,EQ-5325,completed,9,0,False
4197,SITE-024,PART-3718,2025-02-10,EQ-9290,completed,3,0,False
4198,SITE-033,PART-1124,2025-01-17,EQ-3109,in_progress,20,26,False
4199,SITE-064,PART-3648,2023-10-25,EQ-3184,deferred,16,11,False
4200,SITE-069,PART-6601,2023-05-07,EQ-3559,in_progress,25,12,True
4201,SITE-069,PART-8448,2023-09-16,EQ-2789,awaiting_parts,20,27,False
4202,SITE-014,PART-4309,2023-09-08,EQ-1401,awaiting_parts,14,31,False
4203,SITE-095,PART-6924,2026-05-07,EQ-9863,deferred,2,34,False
4204,SITE-091,PART-2075,2025-10-15,EQ-9343,completed,6,0,False
4205,SITE-067,PART-8302,2023-01-20,EQ-2195,completed,9,0,False
4206,SITE-001,PART-6884,2024-11-06,EQ-4103,completed,5,0,False
4207,SITE-075,PART-1503,2025-03-03,EQ-1302,open,3,34,False
4208,SITE-033,PART-2748,2025-02-21,EQ-9339,awaiting_parts,19,26,True
4209,SITE-062,PART-1874,2025-09-26,EQ-8523,completed,5,0,False
4210,SITE-075,PART-9679,2025-07-03,EQ-3110,awaiting_parts,2,35,False
4211,SITE-038,PART-9370,2024-05-22,EQ-7641,awaiting_parts,26,21,False
4212,SITE-081,PART-9288,2025-04-10,EQ-8533,deferred,17,23,False
4213,SITE-070,PART-7202,2025-07-25,EQ-2601,awaiting_parts,4,38,False
4214,SITE-048,PART-5648,2023-04-24,EQ-9394,completed,9,0,False
4215,SITE-094,PART-8156,2024-04-04,EQ-6046,in_progress,1,24,False
4216,SITE-015,PART-4856,2025-09-07,EQ-7568,open,27,22,False
4217,SITE-037,PART-8916,2024-12-16,EQ-9720,open,7,19,False
4218,SITE-019,PART-7213,2023-08-21,EQ-4638,awaiting_parts,21,16,True
4219,SITE-057,PART-7537,2024-04-13,EQ-3149,in_progress,20,27,False
4220,SITE-010,PART-5876,2026-06-24,EQ-7869,deferred,30,16,False
4221,SITE-058,PART-5070,2024-04-22,EQ-8279,completed,2,0,False
4222,SITE-082,PART-7237,2025-07-21,EQ-8235,awaiting_parts,28,36,False
4223,SITE-083,PART-1210,2026-07-06,EQ-4619,deferred,21,11,False
4224,SITE-079,PART-1266,2026-01-02,EQ-2711,deferred,1,28,False
4225,SITE-012,PART-1483,2026-01-09,EQ-7933,in_progress,5,17,True
4226,SITE-094,PART-2758,2024-05-14,EQ-7699,in_progress,20,29,False
4227,SITE-091,PART-9948,2026-01-17,EQ-4897,open,1,22,False
4228,SITE-003,PART-9336,2023-01-09,EQ-8021,open,8,9,False
4229,SITE-098,PART-6913,2025-06-04,EQ-6485,deferred,8,44,False
4230,SITE-075,PART-2705,2024-09-12,EQ-1318,open,14,34,False
4231,SITE-038,PART-6013,2026-05-18,EQ-9938,open,13,34,True
4232,SITE-066,PART-7156,2023-07-22,EQ-4514,awaiting_parts,27,19,False
4233,SITE-028,PART-1124,2026-06-16,EQ-9315,completed,0,0,False
4234,SITE-053,PART-6884,2023-04-22,EQ-4491,open,25,31,False
4235,SITE-016,PART-8127,2025-12-05,EQ-5549,in_progress,21,14,False
4236,SITE-100,PART-5432,2025-07-22,EQ-9079,deferred,22,3,False
4237,SITE-051,PART-1768,2023-05-19,EQ-7629,in_progress,23,4,True
4238,SITE-082,PART-7209,2025-03-10,EQ-4858,awaiting_parts,18,15,False
4239,SITE-055,PART-6431,2023-12-20,EQ-5467,awaiting_parts,19,4,False
4240,SITE-011,PART-5546,2025-05-21,EQ-9708,completed,2,0,False
4241,SITE-017,PART-9834,2026-01-21,EQ-3073,completed,0,0,False
4242,SITE-063,PART-8007,2023-12-21,EQ-7294,completed,10,0,False
4243,SITE-025,PART-1129,2023-07-18,EQ-6068,deferred,14,38,False
4244,SITE-036,PART-2867,2026-12-15,EQ-5375,completed,8,0,False
4245,SITE-060,PART-2959,2024-02-07,EQ-7216,deferred,18,18,False
4246,SITE-083,PART-5921,2025-12-15,EQ-9485,completed,4,0,False
4247,SITE-082,PART-4324,2025-10-14,EQ-4253,deferred,3,33,False
4248,SITE-057,PART-1017,2024-03-26,EQ-9683,in_progress,29,39,False
4249,SITE-028,PART-6894,2024-03-25,EQ-1306,awaiting_parts,7,8,False
4250,SITE-083,PART-1591,2023-06-12,EQ-8617,in_progress,26,40,False
4251,SITE-054,PART-8211,2026-08-25,EQ-8252,completed,9,0,False
4252,SITE-060,PART-3172,2025-09-17,EQ-4033,deferred,19,33,False
4253,SITE-069,PART-1591,2023-08-01,EQ-3353,open,28,8,True
4254,SITE-030,PART-4997,2026-03-10,EQ-7386,completed,4,0,False
4255,SITE-076,PART-2125,2026-08-03,EQ-6113,in_progress,15,31,True
4256,SITE-092,PART-6683,2023-09-24,EQ-4244,awaiting_parts,14,3,False
4257,SITE-079,PART-7425,2025-04-13,EQ-9793,completed,1,0,False
4258,SITE-061,PART-1945,2025-05-17,EQ-6415,open,19,28,False
4259,SITE-033,PART-2276,2023-01-14,EQ-6203,deferred,27,25,False
4260,SITE-080,PART-2039,2023-06-28,EQ-9876,open,22,41,False
4261,SITE-031,PART-7967,2025-01-28,EQ-6316,deferred,1,11,False
4262,SITE-084,PART-6784,2024-10-25,EQ-1258,open,17,43,False
4263,SITE-004,PART-6176,2024-06-08,EQ-8080,in_progress,16,18,False
4264,SITE-085,PART-8779,2026-01-03,EQ-8883,deferred,26,5,False
4265,SITE-060,PART-8219,2026-01-19,EQ-7887,open,20,27,False
4266,SITE-021,PART-2622,2025-08-24,EQ-9361,awaiting_parts,10,35,True
4267,SITE-072,PART-8474,2023-04-28,EQ-5210,in_progress,7,36,False
4268,SITE-008,PART-6522,2023-11-12,EQ-8893,in_progress,7,32,False
4269,SITE-018,PART-2406,2024-10-12,EQ-1044,in_progress,22,1,False
4270,SITE-028,PART-8727,2026-10-09,EQ-5818,open,13,25,False
4271,SITE-011,PART-3286,2026-09-27,EQ-4646,deferred,20,32,False
4272,SITE-084,PART-2276,2024-06-12,EQ-1187,deferred,6,5,True
4273,SITE-019,PART-6391,2025-01-23,EQ-7060,in_progress,7,27,False
4274,SITE-010,PART-5907,2026-01-13,EQ-9063,completed,10,0,False
4275,SITE-002,PART-5050,2025-12-03,EQ-8509,open,15,20,False
4276,SITE-040,PART-1934,2026-12-27,EQ-2655,deferred,1,30,False
4277,SITE-019,PART-2135,2025-06-01,EQ-7957,open,8,7,False
4278,SITE-039,PART-4055,2023-09-16,EQ-9286,awaiting_parts,19,37,False
4279,SITE-093,PART-7625,2025-10-25,EQ-3198,deferred,20,4,False
4280,SITE-088,PART-8316,2023-08-07,EQ-9527,in_progress,7,24,False
4281,SITE-096,PART-5121,2025-08-01,EQ-5296,in_progress,27,45,False
4282,SITE-044,PART-2590,2024-06-27,EQ-3319,open,5,11,False
4283,SITE-072,PART-5664,2026-02-08,EQ-5110,in_progress,21,22,False
4284,SITE-061,PART-8823,2024-01-02,EQ-5897,open,5,37,False
4285,SITE-071,PART-3684,2026-07-07,EQ-7653,awaiting_parts,12,42,False
4286,SITE-067,PART-7690,2025-12-23,EQ-5366,awaiting_parts,18,13,False
4287,SITE-044,PART-9632,2026-12-14,EQ-6906,deferred,2,33,False
4288,SITE-012,PART-5660,2023-04-28,EQ-2962,awaiting_parts,20,43,False
4289,SITE-056,PART-6442,2026-04-09,EQ-7177,completed,1,0,False
4290,SITE-078,PART-8714,2024-12-12,EQ-9343,awaiting_parts,18,42,False
4291,SITE-053,PART-2394,2024-09-28,EQ-7890,deferred,4,32,False
4292,SITE-019,PART-9189,2023-08-08,EQ-2035,open,4,13,False
4293,SITE-030,PART-1335,2026-01-07,EQ-2883,awaiting_parts,22,22,False
4294,SITE-044,PART-8565,2025-12-25,EQ-2316,completed,1,0,False
4295,SITE-055,PART-5661,2024-02-08,EQ-5539,awaiting_parts,30,34,False
4296,SITE-021,PART-9623,2025-04-18,EQ-7135,awaiting_parts,21,2,True
4297,SITE-070,PART-1283,2026-07-07,EQ-7425,open,3,38,False
4298,SITE-007,PART-3739,2025-01-06,EQ-8117,in_progress,26,6,False
4299,SITE-092,PART-6628,2025-10-26,EQ-7114,deferred,21,18,False
4300,SITE-007,PART-4092,2025-05-15,EQ-3311,in_progress,16,14,False
4301,SITE-055,PART-7735,2025-05-23,EQ-5862,completed,9,0,True
4302,SITE-099,PART-4501,2025-02-03,EQ-2281,open,29,27,False
4303,SITE-022,PART-3388,2026-08-13,EQ-3995,in_progress,26,36,False
4304,SITE-013,PART-3937,2025-06-16,EQ-3522,deferred,11,42,False
4305,SITE-043,PART-7578,2024-06-20,EQ-5466,awaiting_parts,15,5,False
4306,SITE-055,PART-6842,2026-10-09,EQ-3090,completed,3,0,False
4307,SITE-052,PART-1937,2024-01-08,EQ-6736,awaiting_parts,8,24,False
4308,SITE-026,PART-8758,2024-04-26,EQ-3268,in_progress,14,42,False
4309,SITE-004,PART-4260,2024-01-12,EQ-7599,completed,5,0,False
4310,SITE-070,PART-7425,2023-12-05,EQ-7578,awaiting_parts,26,3,False
4311,SITE-018,PART-3781,2024-08-19,EQ-5137,deferred,17,41,True
4312,SITE-031,PART-6412,2024-03-02,EQ-7890,deferred,24,45,False
4313,SITE-039,PART-8084,2025-11-13,EQ-2776,open,27,7,False
4314,SITE-093,PART-9492,2023-11-22,EQ-8984,open,12,28,False
4315,SITE-010,PART-6628,2023-04-18,EQ-1064,in_progress,22,12,False
4316,SITE-018,PART-5496,2023-11-24,EQ-8987,awaiting_parts,14,38,False
4317,SITE-020,PART-2035,2023-09-14,EQ-2704,awaiting_parts,27,7,False
4318,SITE-018,PART-2952,2025-11-19,EQ-7098,in_progress,17,29,False
4319,SITE-087,PART-8042,2025-09-02,EQ-1511,completed,10,0,False
4320,SITE-046,PART-7298,2023-07-27,EQ-4818,completed,6,0,False
4321,SITE-001,PART-6371,2025-10-05,EQ-5852,awaiting_parts,2,15,False
4322,SITE-035,PART-6628,2026-02-15,EQ-2835,completed,10,0,False
4323,SITE-053,PART-2505,2025-09-03,EQ-9200,awaiting_parts,22,40,False
4324,SITE-098,PART-7586,2023-03-15,EQ-7426,awaiting_parts,30,40,True
4325,SITE-025,PART-1891,2024-01-18,EQ-4574,awaiting_parts,16,1,False
4326,SITE-040,PART-2007,2026-11-24,EQ-9265,completed,4,0,False
4327,SITE-093,PART-2317,2023-03-03,EQ-7105,in_progress,14,21,False
4328,SITE-040,PART-2802,2026-08-21,EQ-6120,open,24,38,False
4329,SITE-025,PART-1987,2025-06-13,EQ-3177,awaiting_parts,29,26,False
4330,SITE-054,PART-4404,2023-01-24,EQ-9413,open,22,35,False
4331,SITE-056,PART-9272,2026-05-27,EQ-6923,awaiting_parts,29,8,False
4332,SITE-055,PART-9336,2025-03-03,EQ-8633,open,30,32,False
4333,SITE-014,PART-1921,2023-05-02,EQ-1303,completed,7,0,False
4334,SITE-099,PART-4035,2026-01-06,EQ-5747,completed,2,0,False
4335,SITE-068,PART-6947,2026-09-11,EQ-7011,completed,7,0,False
4336,SITE-069,PART-1291,2024-10-28,EQ-7474,deferred,4,5,False
4337,SITE-082,PART-1194,2026-02-05,EQ-3571,open,6,11,False
4338,SITE-018,PART-2487,2023-06-19,EQ-9909,awaiting_parts,2,5,False
4339,SITE-099,PART-5124,2023-01-05,EQ-5400,deferred,3,12,False
4340,SITE-096,PART-8840,2026-07-27,EQ-3881,open,28,22,False
4341,SITE-084,PART-4215,2023-02-22,EQ-3574,deferred,5,25,False
4342,SITE-002,PART-8896,2024-07-11,EQ-3756,deferred,10,19,False
4343,SITE-020,PART-5805,2024-01-02,EQ-6778,awaiting_parts,3,9,False
4344,SITE-060,PART-8330,2025-04-07,EQ-4987,awaiting_parts,28,44,False
4345,SITE-084,PART-5771,2025-02-01,EQ-4745,deferred,18,14,False
4346,SITE-021,PART-4228,2023-04-13,EQ-8271,in_progress,22,42,True
4347,SITE-067,PART-4802,2024-01-26,EQ-9814,in_progress,18,17,False
4348,SITE-080,PART-4251,2026-10-20,EQ-1467,in_progress,14,22,False
4349,SITE-085,PART-7782,2024-02-18,EQ-6764,awaiting_parts,12,18,False
4350,SITE-043,PART-4072,2024-08-07,EQ-6460,in_progress,28,35,False
4351,SITE-019,PART-2739,2025-07-20,EQ-8332,in_progress,7,2,False
4352,SITE-081,PART-1771,2025-12-15,EQ-2748,awaiting_parts,1,18,True
4353,SITE-079,PART-4219,2025-12-01,EQ-1332,open,9,7,True
4354,SITE-015,PART-4219,2023-01-09,EQ-9852,awaiting_parts,26,31,True
4355,SITE-080,PART-7785,2023-03-24,EQ-8736,awaiting_parts,28,6,False
4356,SITE-078,PART-3472,2024-03-05,EQ-5711,in_progress,22,5,True
4357,SITE-029,PART-3109,2024-06-16,EQ-2272,in_progress,17,33,False
4358,SITE-029,PART-9678,2026-08-20,EQ-7886,open,20,21,False
4359,SITE-060,PART-3858,2023-11-13,EQ-9858,awaiting_parts,1,41,False
4360,SITE-085,PART-9549,2025-01-20,EQ-7809,awaiting_parts,18,26,False
4361,SITE-068,PART-6811,2024-05-10,EQ-6174,completed,7,0,False
4362,SITE-063,PART-9370,2025-02-16,EQ-9779,open,28,23,False
4363,SITE-023,PART-1496,2025-01-13,EQ-5327,open,30,44,False
4364,SITE-083,PART-6894,2023-05-04,EQ-8077,in_progress,18,20,False
4365,SITE-016,PART-3718,2025-12-27,EQ-3009,deferred,22,25,False
4366,SITE-049,PART-4128,2023-02-25,EQ-2578,deferred,16,37,False
4367,SITE-065,PART-9118,2024-03-11,EQ-4354,completed,10,0,False
4368,SITE-030,PART-5496,2025-02-16,EQ-2157,awaiting_parts,26,13,False
4369,SITE-074,PART-3333,2023-05-20,EQ-6897,deferred,15,1,False
4370,SITE-007,PART-2896,2023-09-19,EQ-9704,in_progress,13,19,False
4371,SITE-057,PART-5625,2026-10-17,EQ-2751,deferred,8,11,False
4372,SITE-061,PART-4829,2024-11-22,EQ-7544,completed,4,0,True
4373,SITE-030,PART-5198,2024-12-08,EQ-8613,awaiting_parts,21,13,False
4374,SITE-045,PART-3917,2026-10-03,EQ-1839,in_progress,1,27,False
4375,SITE-018,PART-4774,2024-05-18,EQ-7107,open,4,22,True
4376,SITE-098,PART-9118,2025-06-09,EQ-3433,deferred,22,28,False
4377,SITE-080,PART-2585,2023-02-25,EQ-3050,in_progress,12,12,False
4378,SITE-023,PART-6412,2025-01-25,EQ-8468,deferred,17,29,False
4379,SITE-014,PART-5950,2024-05-14,EQ-5710,completed,8,0,True
4380,SITE-093,PART-9554,2025-12-12,EQ-6178,completed,0,0,False
4381,SITE-081,PART-5018,2024-08-28,EQ-4128,awaiting_parts,13,11,False
4382,SITE-050,PART-8025,2024-04-07,EQ-8059,open,13,7,True
4383,SITE-046,PART-5771,2025-01-27,EQ-6734,awaiting_parts,3,14,False
4384,SITE-088,PART-2779,2025-11-04,EQ-1295,deferred,7,44,True
4385,SITE-003,PART-2733,2026-02-06,EQ-9844,awaiting_parts,4,34,False
4386,SITE-047,PART-5031,2025-07-15,EQ-8726,in_progress,7,41,False
4387,SITE-068,PART-3109,2024-10-10,EQ-6329,completed,8,0,False
4388,SITE-065,PART-8723,2023-01-25,EQ-6540,in_progress,4,23,False
4389,SITE-099,PART-4382,2026-01-17,EQ-3790,open,7,29,False
4390,SITE-053,PART-3808,2025-02-27,EQ-9214,open,1,13,False
4391,SITE-094,PART-7425,2025-02-02,EQ-1654,completed,2,0,False
4392,SITE-025,PART-3457,2023-05-18,EQ-3096,completed,10,0,False
4393,SITE-041,PART-6683,2025-07-04,EQ-5124,completed,5,0,False
4394,SITE-099,PART-5648,2023-09-25,EQ-2209,awaiting_parts,16,5,True
4395,SITE-006,PART-2419,2025-08-21,EQ-3529,deferred,4,11,False
4396,SITE-044,PART-5659,2023-10-20,EQ-3980,deferred,2,21,False
4397,SITE-021,PART-5358,2025-11-09,EQ-2273,completed,7,0,False
4398,SITE-043,PART-5990,2024-08-07,EQ-9080,deferred,15,9,False
4399,SITE-039,PART-8113,2023-03-22,EQ-2184,completed,7,0,False
4400,SITE-023,PART-2464,2025-03-02,EQ-8131,open,16,33,False
4401,SITE-003,PART-9678,2026-08-08,EQ-6359,deferred,7,43,False
4402,SITE-058,PART-8959,2026-08-14,EQ-7684,awaiting_parts,24,12,False
4403,SITE-084,PART-9374,2024-06-22,EQ-9736,in_progress,27,15,False
4404,SITE-085,PART-4640,2024-08-09,EQ-4931,open,7,25,False
4405,SITE-028,PART-1930,2026-09-19,EQ-8491,completed,5,0,False
4406,SITE-009,PART-1238,2026-09-14,EQ-2914,completed,2,0,False
4407,SITE-023,PART-5919,2024-06-10,EQ-3867,completed,9,0,False
4408,SITE-093,PART-3735,2024-10-16,EQ-7551,completed,4,0,False
4409,SITE-010,PART-8254,2025-07-01,EQ-4350,awaiting_parts,9,44,False
4410,SITE-031,PART-2189,2025-04-26,EQ-4966,open,14,40,False
4411,SITE-084,PART-2396,2023-11-22,EQ-3898,deferred,11,4,True
4412,SITE-081,PART-1032,2025-06-03,EQ-3488,open,15,22,False
4413,SITE-071,PART-7746,2025-04-05,EQ-2552,open,3,18,False
4414,SITE-003,PART-9370,2025-02-08,EQ-9368,awaiting_parts,16,9,False
4415,SITE-029,PART-1259,2025-05-28,EQ-2359,in_progress,5,16,True
4416,SITE-056,PART-7690,2024-02-01,EQ-7330,open,30,26,False
4417,SITE-010,PART-2959,2025-04-12,EQ-4696,deferred,12,21,True
4418,SITE-039,PART-5664,2024-10-12,EQ-7940,open,18,13,False
4419,SITE-059,PART-7066,2023-01-15,EQ-9967,deferred,23,44,False
4420,SITE-093,PART-3879,2024-10-24,EQ-4638,deferred,26,43,False
4421,SITE-090,PART-2794,2025-12-21,EQ-7544,in_progress,13,1,False
4422,SITE-082,PART-1503,2026-10-10,EQ-7165,in_progress,22,31,False
4423,SITE-016,PART-6072,2024-06-28,EQ-2127,awaiting_parts,1,10,False
4424,SITE-054,PART-2100,2025-01-01,EQ-9602,in_progress,27,35,False
4425,SITE-033,PART-7202,2024-01-15,EQ-3445,awaiting_parts,29,1,False
4426,SITE-026,PART-5354,2026-05-05,EQ-6701,completed,5,0,False
4427,SITE-095,PART-5570,2024-05-02,EQ-7339,open,14,42,False
4428,SITE-054,PART-4198,2025-03-22,EQ-2776,open,6,45,False
4429,SITE-090,PART-7056,2026-07-01,EQ-3183,awaiting_parts,14,45,True
4430,SITE-084,PART-3193,2025-05-19,EQ-5931,deferred,2,9,False
4431,SITE-089,PART-6209,2025-06-04,EQ-7959,in_progress,16,30,False
4432,SITE-092,PART-9883,2023-08-05,EQ-2154,open,4,40,False
4433,SITE-022,PART-2802,2026-01-05,EQ-9174,deferred,1,28,False
4434,SITE-028,PART-5073,2024-06-05,EQ-9556,deferred,11,3,False
4435,SITE-081,PART-3333,2025-03-28,EQ-5886,open,27,27,False
4436,SITE-088,PART-5539,2026-08-07,EQ-7960,in_progress,3,21,False
4437,SITE-033,PART-1228,2026-07-15,EQ-9291,open,6,28,False
4438,SITE-061,PART-2003,2026-11-23,EQ-3749,deferred,29,32,False
4439,SITE-077,PART-4137,2026-01-20,EQ-9230,awaiting_parts,12,19,False
4440,SITE-015,PART-8199,2026-06-15,EQ-9681,completed,7,0,False
4441,SITE-100,PART-4062,2025-07-18,EQ-2082,in_progress,22,20,False
4442,SITE-034,PART-4995,2023-02-05,EQ-2500,completed,5,0,False
4443,SITE-075,PART-6829,2024-10-15,EQ-9057,awaiting_parts,24,2,False
4444,SITE-063,PART-7746,2025-09-15,EQ-8752,in_progress,18,7,False
4445,SITE-078,PART-4538,2024-02-03,EQ-1452,open,3,20,False
4446,SITE-057,PART-1099,2026-12-01,EQ-4976,awaiting_parts,16,13,False
4447,SITE-044,PART-6113,2024-02-06,EQ-6148,awaiting_parts,21,37,False
4448,SITE-073,PART-6884,2024-01-15,EQ-6052,in_progress,6,8,False
4449,SITE-024,PART-4014,2026-12-17,EQ-7201,awaiting_parts,2,44,False
4450,SITE-094,PART-4450,2025-11-26,EQ-1007,completed,10,0,False
4451,SITE-098,PART-7290,2024-11-23,EQ-4935,deferred,28,44,False
4452,SITE-013,PART-6508,2024-11-01,EQ-9732,open,16,37,True
4453,SITE-086,PART-3953,2026-09-12,EQ-2227,open,21,1,False
4454,SITE-100,PART-6140,2026-12-18,EQ-8322,in_progress,29,45,False
4455,SITE-096,PART-9340,2024-08-17,EQ-5132,open,30,4,False
4456,SITE-008,PART-2698,2023-09-25,EQ-6207,open,22,26,False
4457,SITE-077,PART-1710,2024-09-02,EQ-5777,completed,7,0,False
4458,SITE-040,PART-3887,2024-01-10,EQ-4900,awaiting_parts,6,3,False
4459,SITE-040,PART-4365,2023-11-21,EQ-4175,completed,2,0,False
4460,SITE-079,PART-2068,2023-08-09,EQ-5602,in_progress,10,11,False
4461,SITE-048,PART-9492,2026-03-24,EQ-2504,awaiting_parts,30,31,False
4462,SITE-038,PART-8690,2024-05-21,EQ-8466,deferred,30,45,False
4463,SITE-037,PART-1503,2025-09-14,EQ-3597,in_progress,9,26,False
4464,SITE-001,PART-2464,2024-07-18,EQ-9992,completed,10,0,False
4465,SITE-087,PART-6768,2023-10-06,EQ-9675,completed,9,0,False
4466,SITE-038,PART-6975,2024-04-02,EQ-5265,completed,3,0,True
4467,SITE-013,PART-2590,2024-10-28,EQ-6583,open,1,11,False
4468,SITE-019,PART-3160,2025-07-21,EQ-2497,open,9,35,False
4469,SITE-084,PART-1416,2024-02-26,EQ-8403,awaiting_parts,3,11,False
4470,SITE-001,PART-7488,2025-09-28,EQ-9402,open,22,33,False
4471,SITE-037,PART-9108,2024-11-16,EQ-3173,open,1,2,False
4472,SITE-044,PART-7935,2024-06-01,EQ-5404,awaiting_parts,5,7,True
4473,SITE-001,PART-1463,2026-07-05,EQ-2849,deferred,1,12,True
4474,SITE-054,PART-2281,2024-11-10,EQ-8500,completed,1,0,False
4475,SITE-052,PART-2416,2025-08-12,EQ-4247,completed,9,0,False
4476,SITE-066,PART-2036,2026-09-25,EQ-4882,in_progress,16,32,False
4477,SITE-049,PART-6330,2026-09-15,EQ-3449,in_progress,23,23,False
4478,SITE-021,PART-7486,2026-05-05,EQ-7029,completed,7,0,False
4479,SITE-081,PART-4518,2024-03-15,EQ-3930,completed,1,0,True
4480,SITE-087,PART-2317,2025-10-10,EQ-3504,deferred,10,43,False
4481,SITE-022,PART-3648,2023-09-19,EQ-1190,open,3,33,False
4482,SITE-073,PART-5219,2025-01-23,EQ-7982,deferred,17,33,False
4483,SITE-014,PART-8496,2025-03-26,EQ-4203,deferred,24,30,False
4484,SITE-067,PART-7237,2025-09-26,EQ-5888,deferred,12,12,False
4485,SITE-050,PART-3896,2023-04-03,EQ-5573,in_progress,9,10,True
4486,SITE-062,PART-9090,2023-10-28,EQ-1225,deferred,22,32,False
4487,SITE-034,PART-4062,2025-02-10,EQ-9779,deferred,8,4,False
4488,SITE-075,PART-7156,2023-02-18,EQ-4592,in_progress,17,18,False
4489,SITE-021,PART-2735,2026-03-15,EQ-2644,awaiting_parts,22,9,False
4490,SITE-013,PART-6972,2024-08-06,EQ-7130,in_progress,7,15,False
4491,SITE-060,PART-5124,2025-02-18,EQ-7473,deferred,9,5,False
4492,SITE-076,PART-4215,2025-12-21,EQ-9394,in_progress,11,44,False
4493,SITE-077,PART-8496,2024-10-27,EQ-4934,open,13,30,False
4494,SITE-065,PART-3349,2024-03-09,EQ-3614,in_progress,30,32,False
4495,SITE-007,PART-3251,2023-06-03,EQ-1023,awaiting_parts,12,19,False
4496,SITE-014,PART-6615,2023-06-22,EQ-8369,deferred,19,36,False
4497,SITE-071,PART-8783,2026-06-02,EQ-1246,completed,4,0,False
4498,SITE-056,PART-3121,2024-01-19,EQ-5725,in_progress,11,43,False
4499,SITE-014,PART-3648,2025-12-24,EQ-3241,completed,10,0,False
4500,SITE-079,PART-9388,2024-07-25,EQ-9554,open,18,16,False
4501,SITE-035,PART-7767,2023-08-06,EQ-8169,awaiting_parts,23,8,False
4502,SITE-052,PART-3343,2025-05-11,EQ-3759,completed,3,0,False
4503,SITE-034,PART-7425,2023-08-11,EQ-5166,awaiting_parts,11,40,False
4504,SITE-024,PART-3793,2025-09-27,EQ-8950,awaiting_parts,29,9,False
4505,SITE-001,PART-1557,2024-11-22,EQ-8213,completed,6,0,False
4506,SITE-026,PART-7020,2026-05-03,EQ-2770,deferred,14,6,False
4507,SITE-072,PART-6089,2023-06-19,EQ-6821,awaiting_parts,8,41,False
4508,SITE-091,PART-8523,2025-07-01,EQ-7093,open,6,31,False
4509,SITE-062,PART-2683,2025-09-01,EQ-9814,in_progress,10,40,False
4510,SITE-045,PART-2959,2023-03-17,EQ-9067,deferred,26,3,False
4511,SITE-061,PART-5445,2026-03-21,EQ-9490,deferred,24,27,False
4512,SITE-045,PART-2416,2023-01-26,EQ-7021,deferred,13,31,False
4513,SITE-038,PART-5298,2025-05-26,EQ-9115,open,4,36,False
4514,SITE-043,PART-2246,2025-10-15,EQ-9777,awaiting_parts,22,5,False
4515,SITE-031,PART-5936,2025-04-08,EQ-8579,in_progress,28,30,False
4516,SITE-095,PART-9843,2025-11-27,EQ-5649,completed,8,0,True
4517,SITE-075,PART-8008,2023-08-14,EQ-3271,deferred,24,45,False
4518,SITE-008,PART-3323,2026-04-03,EQ-7379,completed,2,0,True
4519,SITE-012,PART-8565,2025-12-04,EQ-6115,in_progress,11,11,False
4520,SITE-022,PART-9948,2023-02-13,EQ-3702,awaiting_parts,3,5,False
4521,SITE-057,PART-4694,2025-03-09,EQ-2430,awaiting_parts,21,45,False
4522,SITE-013,PART-7290,2023-05-19,EQ-5138,completed,9,0,False
4523,SITE-076,PART-3105,2026-04-21,EQ-5919,deferred,12,31,False
4524,SITE-004,PART-6153,2024-11-16,EQ-3220,deferred,16,25,False
4525,SITE-067,PART-5898,2026-09-17,EQ-1331,awaiting_parts,25,17,False
4526,SITE-042,PART-8126,2023-09-19,EQ-3789,deferred,21,18,False
4527,SITE-026,PART-2852,2024-02-17,EQ-7188,deferred,25,1,False
4528,SITE-035,PART-7020,2023-04-17,EQ-8864,awaiting_parts,15,12,False
4529,SITE-062,PART-3531,2024-03-18,EQ-1986,open,27,30,True
4530,SITE-030,PART-8279,2023-05-22,EQ-8229,deferred,12,16,False
4531,SITE-038,PART-7425,2025-10-28,EQ-5407,in_progress,26,23,False
4532,SITE-092,PART-8823,2024-07-28,EQ-2344,deferred,23,39,False
4533,SITE-025,PART-4844,2024-06-10,EQ-6182,open,14,5,False
4534,SITE-017,PART-5496,2024-12-01,EQ-7169,open,29,42,False
4535,SITE-001,PART-2665,2024-11-08,EQ-9495,completed,0,0,False
4536,SITE-045,PART-3162,2024-08-07,EQ-4364,awaiting_parts,28,40,False
4537,SITE-086,PART-1049,2026-08-25,EQ-7435,open,19,10,False
4538,SITE-024,PART-8959,2025-09-27,EQ-7321,in_progress,28,9,True
4539,SITE-038,PART-9606,2026-11-11,EQ-8018,deferred,8,2,False
4540,SITE-060,PART-2973,2026-11-04,EQ-6247,open,25,5,True
4541,SITE-031,PART-8384,2025-01-16,EQ-6348,completed,3,0,False
4542,SITE-097,PART-1937,2023-07-14,EQ-8799,open,8,3,False
4543,SITE-028,PART-5073,2025-09-26,EQ-9500,in_progress,9,1,False
4544,SITE-020,PART-4547,2023-04-25,EQ-2524,deferred,21,2,False
4545,SITE-091,PART-6330,2023-08-09,EQ-1729,awaiting_parts,1,32,False
4546,SITE-058,PART-7577,2026-10-10,EQ-3556,completed,4,0,False
4547,SITE-046,PART-4397,2025-07-17,EQ-8615,in_progress,4,41,False
4548,SITE-094,PART-5031,2026-11-27,EQ-1845,completed,9,0,False
4549,SITE-090,PART-7140,2025-07-02,EQ-9237,open,11,35,False
4550,SITE-092,PART-1266,2023-07-13,EQ-5320,in_progress,11,43,False
4551,SITE-021,PART-6814,2024-11-03,EQ-2542,in_progress,1,13,False
4552,SITE-079,PART-8694,2025-10-04,EQ-2354,completed,3,0,True
4553,SITE-100,PART-6668,2026-10-03,EQ-8713,awaiting_parts,20,14,False
4554,SITE-004,PART-3937,2024-05-21,EQ-6368,completed,3,0,False
4555,SITE-021,PART-8746,2025-05-17,EQ-1791,deferred,10,9,False
4556,SITE-005,PART-4320,2026-01-26,EQ-3561,in_progress,22,3,False
4557,SITE-073,PART-9388,2025-06-25,EQ-1158,completed,8,0,False
4558,SITE-007,PART-1147,2025-12-27,EQ-7151,open,16,5,False
4559,SITE-070,PART-3101,2025-08-13,EQ-5268,completed,9,0,False
4560,SITE-001,PART-7190,2023-02-17,EQ-1330,in_progress,20,12,False
4561,SITE-011,PART-5936,2026-08-24,EQ-4156,awaiting_parts,30,4,False
4562,SITE-052,PART-8423,2024-07-01,EQ-9184,awaiting_parts,17,35,False
4563,SITE-019,PART-3549,2023-09-13,EQ-9745,open,11,11,False
4564,SITE-007,PART-2356,2025-10-24,EQ-2023,deferred,16,18,False
4565,SITE-038,PART-2003,2026-04-28,EQ-6990,awaiting_parts,14,20,False
4566,SITE-087,PART-3457,2026-09-23,EQ-6155,open,10,28,False
4567,SITE-024,PART-8876,2024-01-11,EQ-7020,awaiting_parts,15,2,False
4568,SITE-097,PART-7942,2025-06-02,EQ-7450,open,7,14,False
4569,SITE-017,PART-5682,2024-10-19,EQ-5388,in_progress,19,41,False
4570,SITE-064,PART-1759,2025-01-01,EQ-4168,in_progress,4,2,False
4571,SITE-042,PART-7210,2023-08-04,EQ-4474,in_progress,1,1,False
4572,SITE-013,PART-4216,2025-06-09,EQ-5430,awaiting_parts,8,16,False
4573,SITE-030,PART-5133,2026-08-25,EQ-2116,in_progress,6,8,False
4574,SITE-067,PART-7690,2026-11-14,EQ-6611,in_progress,16,36,False
4575,SITE-064,PART-2391,2023-04-04,EQ-7057,awaiting_parts,20,31,True
4576,SITE-041,PART-3822,2023-06-17,EQ-9770,in_progress,8,8,True
4577,SITE-078,PART-8355,2023-03-21,EQ-6640,in_progress,29,6,False
4578,SITE-049,PART-6442,2025-09-18,EQ-7866,open,5,6,False
4579,SITE-039,PART-9467,2023-07-02,EQ-5792,completed,5,0,False
4580,SITE-058,PART-9678,2025-04-10,EQ-9594,deferred,27,39,False
4581,SITE-056,PART-5664,2023-04-18,EQ-5820,awaiting_parts,26,4,False
4582,SITE-095,PART-8841,2024-10-28,EQ-9840,deferred,8,12,False
4583,SITE-041,PART-4448,2026-03-06,EQ-9188,awaiting_parts,5,15,False
4584,SITE-056,PART-6371,2026-11-18,EQ-1174,awaiting_parts,9,39,False
4585,SITE-005,PART-2415,2024-01-25,EQ-2083,awaiting_parts,4,37,False
4586,SITE-089,PART-1363,2026-07-25,EQ-5742,deferred,26,44,True
4587,SITE-035,PART-1783,2025-02-18,EQ-4780,open,26,19,False
4588,SITE-029,PART-8555,2024-11-03,EQ-6474,in_progress,2,10,False
4589,SITE-075,PART-5427,2024-01-07,EQ-5149,in_progress,24,7,False
4590,SITE-036,PART-3959,2023-01-02,EQ-4047,completed,4,0,False
4591,SITE-031,PART-8928,2025-08-16,EQ-4779,completed,10,0,False
4592,SITE-043,PART-9037,2025-01-28,EQ-7711,completed,8,0,False
4593,SITE-058,PART-9623,2024-09-20,EQ-1975,awaiting_parts,20,22,False
4594,SITE-082,PART-2959,2025-04-08,EQ-3324,completed,8,0,False
4595,SITE-099,PART-7578,2026-01-20,EQ-6442,deferred,22,41,False
4596,SITE-042,PART-9589,2024-01-07,EQ-8893,open,3,31,False
4597,SITE-001,PART-3224,2026-12-07,EQ-7897,in_progress,8,29,False
4598,SITE-040,PART-2295,2026-05-17,EQ-5711,deferred,20,28,False
4599,SITE-054,PART-2451,2026-10-26,EQ-6067,awaiting_parts,30,36,False
4600,SITE-100,PART-5172,2024-01-04,EQ-2349,in_progress,7,38,False
4601,SITE-016,PART-8200,2025-02-22,EQ-8227,deferred,17,24,False
4602,SITE-056,PART-6797,2024-01-03,EQ-9074,awaiting_parts,3,14,False
4603,SITE-078,PART-9549,2025-08-04,EQ-2947,completed,2,0,False
4604,SITE-098,PART-1987,2026-09-09,EQ-9157,completed,8,0,True
4605,SITE-060,PART-3251,2025-03-21,EQ-8835,in_progress,29,40,False
4606,SITE-008,PART-3415,2026-10-16,EQ-8498,in_progress,29,3,True
4607,SITE-056,PART-9297,2023-03-05,EQ-3838,deferred,13,34,False
4608,SITE-043,PART-3188,2024-01-28,EQ-8310,open,1,18,False
4609,SITE-055,PART-1470,2024-08-22,EQ-8732,awaiting_parts,9,28,False
4610,SITE-040,PART-3121,2023-05-19,EQ-6263,open,11,44,False
4611,SITE-014,PART-3959,2026-05-10,EQ-2047,open,12,10,True
4612,SITE-092,PART-8714,2023-02-18,EQ-4587,deferred,4,17,False
4613,SITE-085,PART-9406,2025-01-15,EQ-5439,deferred,29,38,False
4614,SITE-043,PART-9363,2024-02-16,EQ-3422,deferred,27,24,False
4615,SITE-084,PART-3323,2023-10-13,EQ-2984,completed,1,0,False
4616,SITE-093,PART-5427,2024-02-26,EQ-6654,open,18,39,False
4617,SITE-017,PART-7428,2025-07-03,EQ-4809,open,21,5,False
4618,SITE-018,PART-1210,2023-04-22,EQ-5257,awaiting_parts,21,24,True
4619,SITE-058,PART-4062,2024-04-24,EQ-5664,in_progress,2,25,False
4620,SITE-002,PART-7444,2026-12-10,EQ-8885,open,19,9,False
4621,SITE-028,PART-2415,2024-09-18,EQ-4673,awaiting_parts,5,16,False
4622,SITE-060,PART-3162,2025-05-18,EQ-8218,open,7,24,False
4623,SITE-003,PART-2896,2024-10-21,EQ-8825,deferred,1,30,False
4624,SITE-020,PART-4908,2025-07-05,EQ-1727,completed,9,0,False
4625,SITE-021,PART-2356,2025-08-19,EQ-5069,deferred,21,21,False
4626,SITE-003,PART-5070,2024-10-28,EQ-4607,awaiting_parts,16,43,False
4627,SITE-004,PART-4450,2023-08-27,EQ-2865,deferred,9,25,False
4628,SITE-096,PART-2125,2024-02-21,EQ-2570,open,17,16,False
4629,SITE-029,PART-6417,2025-09-18,EQ-2070,deferred,7,44,False
4630,SITE-085,PART-9948,2026-01-28,EQ-8652,open,8,31,False
4631,SITE-003,PART-5668,2025-01-23,EQ-3086,completed,2,0,True
4632,SITE-039,PART-4906,2024-12-23,EQ-1445,in_progress,27,45,False
4633,SITE-046,PART-7388,2024-07-06,EQ-7847,deferred,19,41,False
4634,SITE-054,PART-5401,2025-02-22,EQ-7791,deferred,6,2,True
4635,SITE-062,PART-7967,2026-09-09,EQ-5256,in_progress,6,2,False
4636,SITE-024,PART-9370,2025-09-16,EQ-6694,completed,7,0,False
4637,SITE-034,PART-5018,2024-12-11,EQ-5413,completed,7,0,False
4638,SITE-026,PART-1987,2023-12-25,EQ-6754,in_progress,24,33,False
4639,SITE-021,PART-7588,2026-04-22,EQ-1889,awaiting_parts,13,20,False
4640,SITE-075,PART-2036,2025-05-05,EQ-2480,open,13,26,False
4641,SITE-063,PART-2394,2023-11-23,EQ-9296,completed,6,0,False
4642,SITE-079,PART-1116,2024-10-04,EQ-8459,completed,5,0,False
4643,SITE-051,PART-3285,2024-12-21,EQ-1216,deferred,25,7,False
4644,SITE-097,PART-2397,2025-08-05,EQ-1351,completed,9,0,False
4645,SITE-059,PART-4080,2026-03-15,EQ-2102,completed,8,0,False
4646,SITE-030,PART-4335,2023-04-19,EQ-7130,open,14,45,False
4647,SITE-030,PART-7977,2023-08-25,EQ-8582,in_progress,30,43,True
4648,SITE-092,PART-2356,2025-02-16,EQ-1352,awaiting_parts,7,41,True
4649,SITE-034,PART-1240,2024-09-17,EQ-9850,open,22,3,False
4650,SITE-059,PART-2673,2026-02-10,EQ-8177,deferred,6,29,False
4651,SITE-085,PART-5037,2024-03-04,EQ-2385,completed,10,0,False
4652,SITE-090,PART-5664,2023-08-09,EQ-2384,deferred,13,45,False
4653,SITE-030,PART-2739,2026-12-23,EQ-5634,completed,7,0,False
4654,SITE-057,PART-8202,2023-03-17,EQ-5624,deferred,11,29,True
4655,SITE-059,PART-8420,2026-03-03,EQ-6361,deferred,21,14,False
4656,SITE-074,PART-7165,2026-07-24,EQ-3068,deferred,25,37,True
4657,SITE-093,PART-1891,2026-12-22,EQ-2350,completed,1,0,False
4658,SITE-083,PART-7016,2023-08-02,EQ-4261,open,18,27,True
4659,SITE-069,PART-1647,2024-06-14,EQ-4910,open,1,42,False
4660,SITE-009,PART-7735,2026-06-23,EQ-7218,open,18,11,False
4661,SITE-026,PART-1402,2026-06-20,EQ-6085,completed,6,0,False
4662,SITE-090,PART-1240,2026-03-08,EQ-8059,awaiting_parts,27,12,False
4663,SITE-057,PART-1496,2026-07-16,EQ-2058,completed,10,0,False
4664,SITE-054,PART-9037,2023-05-06,EQ-1357,deferred,16,40,True
4665,SITE-015,PART-5358,2026-08-06,EQ-7669,deferred,26,34,False
4666,SITE-092,PART-2974,2023-02-19,EQ-1286,in_progress,23,27,False
4667,SITE-100,PART-9666,2025-08-16,EQ-6877,completed,10,0,False
4668,SITE-076,PART-5073,2025-07-10,EQ-5958,in_progress,1,43,False
4669,SITE-027,PART-3793,2023-05-27,EQ-6590,in_progress,8,41,False
4670,SITE-005,PART-1496,2024-10-19,EQ-4352,completed,0,0,False
4671,SITE-094,PART-4638,2024-01-07,EQ-9359,in_progress,10,28,False
4672,SITE-041,PART-2653,2024-04-09,EQ-4698,completed,0,0,False
4673,SITE-003,PART-8518,2023-07-13,EQ-7368,deferred,26,40,False
4674,SITE-045,PART-2705,2024-09-10,EQ-3727,awaiting_parts,1,7,False
4675,SITE-012,PART-9432,2024-02-08,EQ-2848,open,28,8,False
4676,SITE-092,PART-2784,2025-04-10,EQ-4048,in_progress,23,37,False
4677,SITE-093,PART-2406,2026-10-28,EQ-9702,open,6,14,False
4678,SITE-002,PART-9678,2023-02-25,EQ-2015,open,27,41,False
4679,SITE-055,PART-6013,2025-06-24,EQ-4417,completed,3,0,False
4680,SITE-012,PART-3130,2026-06-02,EQ-1286,open,4,39,False
4681,SITE-081,PART-4311,2026-03-18,EQ-3105,completed,10,0,False
4682,SITE-083,PART-8144,2024-03-25,EQ-2086,deferred,10,8,False
4683,SITE-056,PART-7495,2024-10-03,EQ-7716,in_progress,2,23,False
4684,SITE-036,PART-3130,2023-12-10,EQ-7854,open,8,1,False
4685,SITE-061,PART-1470,2026-06-23,EQ-1462,awaiting_parts,4,16,False
4686,SITE-060,PART-8558,2023-02-02,EQ-4380,deferred,22,35,False
4687,SITE-075,PART-4397,2026-01-14,EQ-2366,awaiting_parts,18,38,False
4688,SITE-047,PART-1891,2026-04-07,EQ-6084,in_progress,22,40,False
4689,SITE-044,PART-5124,2025-12-09,EQ-6195,completed,10,0,False
4690,SITE-040,PART-4694,2024-03-18,EQ-1358,in_progress,22,31,False
4691,SITE-048,PART-3188,2024-12-27,EQ-4209,awaiting_parts,13,15,False
4692,SITE-020,PART-8723,2024-01-20,EQ-6301,awaiting_parts,5,43,False
4693,SITE-023,PART-9638,2024-10-26,EQ-7540,in_progress,13,7,True
4694,SITE-073,PART-6236,2023-09-11,EQ-1913,awaiting_parts,24,37,False
4695,SITE-008,PART-5411,2026-06-14,EQ-4162,completed,4,0,False
4696,SITE-050,PART-8261,2026-02-13,EQ-3326,completed,1,0,False
4697,SITE-081,PART-2100,2024-02-20,EQ-2721,open,4,42,False
4698,SITE-070,PART-2052,2023-07-02,EQ-2239,completed,5,0,False
4699,SITE-066,PART-9216,2024-09-05,EQ-1461,in_progress,25,9,False
4700,SITE-020,PART-2003,2023-01-02,EQ-1774,in_progress,7,3,False
4701,SITE-016,PART-3323,2024-01-17,EQ-2228,in_progress,12,29,False
4702,SITE-051,PART-2830,2026-06-23,EQ-7582,open,8,44,False
4703,SITE-071,PART-5828,2026-08-27,EQ-7033,awaiting_parts,5,25,True
4704,SITE-027,PART-7419,2023-02-04,EQ-5907,completed,2,0,False
4705,SITE-088,PART-9606,2026-11-09,EQ-5546,completed,9,0,False
4706,SITE-099,PART-2422,2026-10-09,EQ-8994,in_progress,12,19,False
4707,SITE-059,PART-7056,2025-12-11,EQ-9334,deferred,19,35,True
4708,SITE-027,PART-2974,2024-09-11,EQ-8085,in_progress,11,23,False
4709,SITE-065,PART-7020,2026-04-18,EQ-6951,open,5,4,False
4710,SITE-054,PART-4084,2026-08-18,EQ-1289,open,1,7,False
4711,SITE-077,PART-5570,2026-01-09,EQ-4082,completed,8,0,False
4712,SITE-035,PART-4251,2024-07-16,EQ-5955,open,20,20,False
4713,SITE-062,PART-3781,2026-04-20,EQ-6106,open,20,22,False
4714,SITE-018,PART-4303,2026-09-03,EQ-7670,in_progress,27,45,True
4715,SITE-034,PART-5368,2025-10-23,EQ-1739,completed,7,0,False
4716,SITE-100,PART-8928,2026-02-09,EQ-6002,awaiting_parts,30,22,False
4717,SITE-005,PART-4680,2025-10-22,EQ-8582,open,4,23,False
4718,SITE-064,PART-7045,2023-12-24,EQ-3931,in_progress,26,33,False
4719,SITE-021,PART-9108,2023-06-11,EQ-5771,in_progress,1,7,False
4720,SITE-006,PART-6324,2026-10-12,EQ-4533,awaiting_parts,2,5,False
4721,SITE-010,PART-4906,2023-11-25,EQ-6646,open,3,25,False
4722,SITE-083,PART-2970,2025-01-18,EQ-7659,deferred,27,28,False
4723,SITE-036,PART-5094,2023-11-12,EQ-7838,in_progress,25,14,False
4724,SITE-017,PART-6975,2024-04-13,EQ-9782,awaiting_parts,7,26,False
4725,SITE-058,PART-4092,2026-07-09,EQ-4983,completed,10,0,False
4726,SITE-017,PART-7424,2026-02-17,EQ-9220,awaiting_parts,3,41,False
4727,SITE-062,PART-3739,2025-07-02,EQ-5516,deferred,13,10,False
4728,SITE-029,PART-5124,2025-04-19,EQ-2303,deferred,12,26,False
4729,SITE-019,PART-6108,2026-06-19,EQ-7793,open,4,38,False
4730,SITE-046,PART-2430,2026-05-09,EQ-2190,deferred,23,7,False
4731,SITE-091,PART-7388,2024-08-28,EQ-2929,in_progress,3,7,False
4732,SITE-091,PART-1416,2026-09-20,EQ-6523,deferred,21,8,False
4733,SITE-053,PART-1926,2026-06-05,EQ-6507,in_progress,19,36,False
4734,SITE-084,PART-2102,2026-07-15,EQ-2081,open,28,29,False
4735,SITE-071,PART-7045,2025-04-15,EQ-9108,open,4,34,False
4736,SITE-073,PART-7563,2024-02-21,EQ-9116,deferred,6,15,False
4737,SITE-086,PART-3121,2026-07-27,EQ-6666,completed,4,0,False
4738,SITE-069,PART-8062,2025-02-28,EQ-9358,deferred,2,44,False
4739,SITE-008,PART-5121,2026-06-28,EQ-4476,open,2,45,False
4740,SITE-039,PART-7240,2023-07-20,EQ-2701,completed,3,0,False
4741,SITE-018,PART-8762,2025-11-08,EQ-9917,in_progress,9,5,False
4742,SITE-030,PART-5321,2025-08-03,EQ-2606,in_progress,20,43,False
4743,SITE-072,PART-4829,2025-04-26,EQ-9560,in_progress,10,29,False
4744,SITE-019,PART-7433,2025-02-28,EQ-7518,deferred,3,18,False
4745,SITE-023,PART-2036,2023-04-04,EQ-4061,completed,7,0,True
4746,SITE-057,PART-6286,2026-03-06,EQ-1500,in_progress,25,34,False
4747,SITE-063,PART-6947,2023-08-22,EQ-3843,in_progress,10,19,True
4748,SITE-008,PART-6023,2024-05-14,EQ-6629,in_progress,8,36,False
4749,SITE-045,PART-4215,2025-01-27,EQ-7904,deferred,12,38,False
4750,SITE-050,PART-9679,2026-06-17,EQ-6260,in_progress,14,15,False
4751,SITE-004,PART-5936,2025-03-20,EQ-1562,in_progress,2,19,False
4752,SITE-098,PART-9451,2026-05-26,EQ-6458,in_progress,14,42,False
4753,SITE-082,PART-4184,2026-11-07,EQ-6163,open,10,1,False
4754,SITE-038,PART-3504,2026-04-21,EQ-4448,in_progress,29,9,True
4755,SITE-098,PART-9288,2025-08-03,EQ-2438,in_progress,12,23,False
4756,SITE-013,PART-2422,2023-05-21,EQ-5523,awaiting_parts,28,35,False
4757,SITE-031,PART-2838,2026-06-05,EQ-2395,completed,2,0,False
4758,SITE-009,PART-1926,2026-06-23,EQ-6165,open,25,9,True
4759,SITE-010,PART-1496,2025-05-24,EQ-3423,completed,5,0,True
4760,SITE-045,PART-8783,2024-02-22,EQ-2288,deferred,29,6,False
4761,SITE-059,PART-7914,2026-11-24,EQ-7466,completed,5,0,False
4762,SITE-008,PART-1503,2023-04-04,EQ-5872,awaiting_parts,17,39,False
4763,SITE-018,PART-8994,2025-04-24,EQ-3924,completed,0,0,False
4764,SITE-099,PART-7056,2024-10-22,EQ-1457,awaiting_parts,12,23,False
4765,SITE-080,PART-1768,2024-12-21,EQ-2339,awaiting_parts,8,36,True
4766,SITE-026,PART-5115,2025-09-02,EQ-3225,open,15,7,False
4767,SITE-054,PART-6826,2023-08-05,EQ-2569,open,2,19,False
4768,SITE-066,PART-3340,2024-11-14,EQ-9275,deferred,17,38,False
4769,SITE-034,PART-1873,2024-09-18,EQ-3312,awaiting_parts,18,28,False
4770,SITE-063,PART-7520,2023-05-02,EQ-5032,deferred,14,19,False
4771,SITE-064,PART-1363,2026-12-21,EQ-7043,awaiting_parts,13,39,False
4772,SITE-092,PART-8565,2025-11-15,EQ-8889,completed,1,0,False
4773,SITE-073,PART-7259,2025-09-15,EQ-1426,awaiting_parts,3,32,True
4774,SITE-051,PART-8534,2026-01-17,EQ-9079,open,5,13,False
4775,SITE-065,PART-7534,2025-10-28,EQ-9580,deferred,22,27,False
4776,SITE-048,PART-3349,2024-09-24,EQ-2744,open,30,44,False
4777,SITE-016,PART-1219,2025-02-01,EQ-1755,open,15,38,True
4778,SITE-043,PART-1547,2024-10-27,EQ-7527,in_progress,30,30,False
4779,SITE-024,PART-2131,2023-08-02,EQ-1182,completed,1,0,False
4780,SITE-062,PART-6922,2024-03-24,EQ-9303,awaiting_parts,23,31,True
4781,SITE-086,PART-6787,2025-12-02,EQ-8384,deferred,16,36,False
4782,SITE-097,PART-6842,2024-12-22,EQ-5949,in_progress,9,24,False
4783,SITE-058,PART-4215,2024-02-10,EQ-6146,awaiting_parts,7,24,False
4784,SITE-010,PART-5539,2023-11-05,EQ-8345,completed,9,0,False
4785,SITE-040,PART-5225,2023-05-27,EQ-3248,awaiting_parts,10,6,False
4786,SITE-019,PART-5698,2024-10-11,EQ-4190,deferred,13,36,True
4787,SITE-073,PART-9329,2025-08-12,EQ-5209,open,2,27,False
4788,SITE-082,PART-5172,2026-04-14,EQ-4835,completed,0,0,False
4789,SITE-096,PART-6371,2026-08-03,EQ-7592,deferred,25,21,False
4790,SITE-007,PART-9549,2024-02-03,EQ-9462,open,3,30,False
4791,SITE-046,PART-2958,2025-08-13,EQ-9821,completed,0,0,False
4792,SITE-048,PART-6819,2023-07-26,EQ-9582,awaiting_parts,1,22,False
4793,SITE-096,PART-3112,2026-11-09,EQ-4403,deferred,22,38,False
4794,SITE-042,PART-4206,2025-10-14,EQ-6697,completed,5,0,False
4795,SITE-069,PART-5898,2023-04-06,EQ-1637,deferred,17,39,False
4796,SITE-033,PART-5354,2024-02-09,EQ-1727,deferred,2,25,False
4797,SITE-050,PART-8144,2023-05-06,EQ-7489,in_progress,16,7,False
4798,SITE-006,PART-9388,2025-05-25,EQ-5392,in_progress,11,26,True
4799,SITE-063,PART-8261,2026-10-07,EQ-7353,awaiting_parts,11,29,False
4800,SITE-032,PART-6567,2026-10-24,EQ-7045,open,22,43,False
4801,SITE-052,PART-8448,2025-04-11,EQ-5369,deferred,29,43,False
4802,SITE-080,PART-7135,2025-09-09,EQ-3627,completed,0,0,False
4803,SITE-040,PART-4880,2026-08-10,EQ-8170,completed,5,0,True
4804,SITE-100,PART-5646,2024-01-18,EQ-6438,deferred,5,25,False
4805,SITE-037,PART-1105,2025-05-26,EQ-7522,completed,7,0,False
4806,SITE-063,PART-3289,2024-03-26,EQ-7478,deferred,5,15,False
4807,SITE-036,PART-5225,2023-12-09,EQ-8981,awaiting_parts,18,33,False
4808,SITE-060,PART-7944,2025-09-09,EQ-3308,in_progress,18,34,False
4809,SITE-034,PART-3030,2024-08-28,EQ-5063,in_progress,5,13,True
4810,SITE-076,PART-2036,2026-05-11,EQ-1266,completed,5,0,False
4811,SITE-001,PART-7082,2026-02-04,EQ-9044,open,2,1,False
4812,SITE-061,PART-3811,2026-07-03,EQ-5286,open,21,2,False
4813,SITE-010,PART-1696,2023-08-13,EQ-9608,awaiting_parts,19,34,False
4814,SITE-035,PART-2122,2025-03-10,EQ-2417,awaiting_parts,21,39,False
4815,SITE-028,PART-9638,2026-12-07,EQ-5212,in_progress,23,33,False
4816,SITE-047,PART-7413,2026-10-12,EQ-9093,open,4,37,False
4817,SITE-092,PART-2380,2025-08-19,EQ-2281,open,2,28,False
4818,SITE-093,PART-7053,2026-07-16,EQ-8843,in_progress,16,33,False
4819,SITE-016,PART-6286,2026-01-10,EQ-9735,awaiting_parts,12,42,False
4820,SITE-001,PART-4198,2026-06-18,EQ-3706,open,20,27,True
4821,SITE-090,PART-4582,2025-02-13,EQ-4906,awaiting_parts,26,6,False
4822,SITE-057,PART-9167,2023-05-26,EQ-1221,deferred,22,20,False
4823,SITE-083,PART-1816,2026-08-01,EQ-7137,open,21,35,False
4824,SITE-059,PART-7419,2026-12-09,EQ-9871,open,13,10,False
4825,SITE-005,PART-1218,2023-05-24,EQ-1030,deferred,29,20,False
4826,SITE-080,PART-6107,2023-01-09,EQ-8886,open,10,36,False
4827,SITE-030,PART-4219,2023-09-23,EQ-2219,completed,4,0,True
4828,SITE-072,PART-5368,2023-03-01,EQ-7478,awaiting_parts,6,14,False
4829,SITE-083,PART-4280,2025-08-18,EQ-1211,open,28,13,False
4830,SITE-098,PART-9795,2026-01-13,EQ-4388,deferred,15,34,False
4831,SITE-041,PART-4713,2026-10-03,EQ-4953,completed,6,0,False
4832,SITE-056,PART-6811,2023-06-25,EQ-1760,in_progress,13,16,False
4833,SITE-026,PART-6508,2024-04-23,EQ-7500,in_progress,25,25,False
4834,SITE-100,PART-8723,2023-08-12,EQ-1397,deferred,22,43,False
4835,SITE-073,PART-1874,2024-06-01,EQ-1390,awaiting_parts,15,32,False
4836,SITE-092,PART-4908,2024-02-22,EQ-8745,in_progress,30,11,False
4837,SITE-012,PART-8668,2025-12-27,EQ-8320,open,23,41,False
4838,SITE-032,PART-5445,2023-11-15,EQ-4613,completed,4,0,False
4839,SITE-039,PART-9933,2026-02-24,EQ-8722,in_progress,2,16,False
4840,SITE-013,PART-3258,2025-02-28,EQ-3189,deferred,17,6,False
4841,SITE-021,PART-2802,2025-11-24,EQ-8108,deferred,7,2,False
4842,SITE-097,PART-3457,2024-10-01,EQ-5908,awaiting_parts,26,45,False
4843,SITE-006,PART-4771,2025-11-12,EQ-4980,deferred,27,7,False
4844,SITE-074,PART-5321,2025-01-19,EQ-1881,completed,6,0,False
4845,SITE-011,PART-2994,2023-03-06,EQ-7956,in_progress,22,15,False
4846,SITE-093,PART-8496,2024-01-21,EQ-2517,awaiting_parts,25,26,False
4847,SITE-065,PART-9255,2025-07-25,EQ-1169,completed,0,0,False
4848,SITE-058,PART-2802,2026-09-15,EQ-1557,deferred,15,14,False
4849,SITE-077,PART-3193,2025-02-15,EQ-5222,open,16,32,False
4850,SITE-018,PART-8211,2025-07-25,EQ-1700,awaiting_parts,29,9,True
4851,SITE-099,PART-2970,2026-07-06,EQ-9138,completed,10,0,False
4852,SITE-084,PART-7902,2024-03-15,EQ-9707,completed,0,0,False
4853,SITE-041,PART-7045,2024-12-11,EQ-7864,open,9,30,False
4854,SITE-080,PART-2622,2026-02-03,EQ-3174,open,3,19,False
4855,SITE-019,PART-6349,2025-05-05,EQ-2084,completed,6,0,False
4856,SITE-080,PART-1591,2023-04-06,EQ-1455,in_progress,9,3,False
4857,SITE-087,PART-8420,2024-07-24,EQ-8083,completed,8,0,True
4858,SITE-015,PART-2867,2024-10-22,EQ-8027,awaiting_parts,24,20,False
4859,SITE-034,PART-6908,2026-02-17,EQ-5442,deferred,7,2,True
4860,SITE-005,PART-1416,2024-10-20,EQ-5847,deferred,29,18,False
4861,SITE-054,PART-8483,2025-09-26,EQ-3663,open,3,38,False
4862,SITE-054,PART-7213,2026-11-03,EQ-2640,completed,0,0,False
4863,SITE-053,PART-7984,2025-06-01,EQ-2279,in_progress,11,42,False
4864,SITE-016,PART-8876,2024-02-08,EQ-7964,open,7,38,False
4865,SITE-027,PART-9213,2024-03-17,EQ-9772,awaiting_parts,5,4,False
4866,SITE-091,PART-7758,2023-11-24,EQ-4320,completed,2,0,False
4867,SITE-096,PART-2799,2025-01-15,EQ-2883,open,13,40,False
4868,SITE-038,PART-5646,2023-04-23,EQ-1054,in_progress,2,38,True
4869,SITE-001,PART-2516,2025-11-23,EQ-6587,in_progress,26,14,True
4870,SITE-072,PART-8361,2025-11-07,EQ-8731,deferred,15,22,False
4871,SITE-001,PART-3289,2023-12-10,EQ-3349,awaiting_parts,16,22,False
4872,SITE-030,PART-4713,2026-10-11,EQ-3534,completed,7,0,False
4873,SITE-078,PART-2665,2024-08-23,EQ-4066,open,3,39,False
4874,SITE-100,PART-4741,2024-11-03,EQ-9761,awaiting_parts,10,9,False
4875,SITE-023,PART-1496,2026-11-28,EQ-8632,in_progress,20,12,True
4876,SITE-034,PART-7746,2025-10-02,EQ-4051,open,24,30,False
4877,SITE-039,PART-1777,2023-08-20,EQ-1955,awaiting_parts,29,12,False
4878,SITE-093,PART-2477,2025-06-05,EQ-1844,open,20,3,False
4879,SITE-081,PART-5460,2023-04-18,EQ-4045,open,10,10,False
4880,SITE-062,PART-2766,2026-02-15,EQ-5459,deferred,3,40,False
4881,SITE-087,PART-7008,2026-02-25,EQ-5506,awaiting_parts,26,19,False
4882,SITE-093,PART-8505,2026-06-19,EQ-7362,open,13,19,False
4883,SITE-059,PART-4392,2026-01-11,EQ-2577,awaiting_parts,13,44,False
4884,SITE-013,PART-6913,2023-05-04,EQ-8857,open,23,36,False
4885,SITE-030,PART-2125,2026-02-12,EQ-3373,completed,7,0,True
4886,SITE-049,PART-8565,2026-11-27,EQ-7608,in_progress,19,33,False
4887,SITE-029,PART-9605,2023-08-08,EQ-3926,awaiting_parts,18,23,True
4888,SITE-054,PART-7949,2025-03-27,EQ-1712,deferred,6,20,False
4889,SITE-092,PART-8474,2026-06-25,EQ-2598,completed,3,0,False
4890,SITE-019,PART-2733,2024-11-01,EQ-7730,in_progress,10,37,True
4891,SITE-059,PART-4995,2024-09-15,EQ-4338,open,26,45,False
4892,SITE-076,PART-1647,2023-11-12,EQ-8355,deferred,2,38,False
4893,SITE-083,PART-2585,2023-10-14,EQ-6990,in_progress,18,42,False
4894,SITE-096,PART-6951,2023-10-23,EQ-2501,in_progress,26,9,False
4895,SITE-030,PART-4680,2024-02-03,EQ-2661,in_progress,19,32,False
4896,SITE-063,PART-8384,2024-11-12,EQ-7669,completed,7,0,False
4897,SITE-047,PART-8779,2025-07-14,EQ-8256,awaiting_parts,26,22,False
4898,SITE-085,PART-9037,2026-02-14,EQ-7474,awaiting_parts,17,27,False
4899,SITE-083,PART-9632,2026-04-05,EQ-7832,open,25,28,False
4900,SITE-044,PART-3646,2025-11-03,EQ-7612,open,28,37,False
4901,SITE-032,PART-1873,2026-01-01,EQ-3777,awaiting_parts,22,25,False
4902,SITE-099,PART-9128,2026-05-26,EQ-7170,deferred,4,6,False
4903,SITE-023,PART-2046,2023-11-03,EQ-8960,completed,6,0,False
4904,SITE-068,PART-4215,2023-01-28,EQ-2803,open,23,24,False
4905,SITE-022,PART-7792,2025-01-15,EQ-9919,awaiting_parts,4,2,False
4906,SITE-097,PART-8695,2023-11-09,EQ-3785,deferred,23,35,True
4907,SITE-009,PART-3592,2026-08-20,EQ-1665,open,9,40,False
4908,SITE-062,PART-1816,2024-06-03,EQ-5097,completed,10,0,False
4909,SITE-051,PART-2003,2024-04-10,EQ-1768,in_progress,24,21,False
4910,SITE-047,PART-9037,2026-08-08,EQ-1796,in_progress,17,2,True
4911,SITE-026,PART-2052,2025-10-11,EQ-7738,completed,4,0,False
4912,SITE-093,PART-2036,2026-03-04,EQ-9348,open,22,18,False
4913,SITE-048,PART-4999,2026-05-24,EQ-5015,open,10,25,False
4914,SITE-010,PART-3258,2026-12-11,EQ-3598,completed,8,0,False
4915,SITE-045,PART-8768,2026-07-15,EQ-4834,open,30,26,False
4916,SITE-098,PART-3655,2026-06-06,EQ-1814,in_progress,1,18,True
4917,SITE-025,PART-2331,2024-03-21,EQ-3659,open,19,3,False
4918,SITE-021,PART-1733,2024-04-21,EQ-5274,open,13,9,False
4919,SITE-056,PART-7944,2023-03-23,EQ-7975,completed,7,0,False
4920,SITE-038,PART-2773,2025-07-08,EQ-5838,in_progress,10,24,False
4921,SITE-033,PART-2927,2025-07-10,EQ-1269,in_progress,17,44,False
4922,SITE-041,PART-1715,2026-06-07,EQ-4971,completed,10,0,False
4923,SITE-084,PART-4582,2023-08-05,EQ-2127,in_progress,8,11,True
4924,SITE-047,PART-8840,2024-06-02,EQ-5992,in_progress,15,21,False
4925,SITE-059,PART-1937,2024-12-20,EQ-1455,awaiting_parts,9,7,False
4926,SITE-053,PART-6784,2024-02-21,EQ-8172,open,5,43,False
4927,SITE-012,PART-4277,2023-10-27,EQ-6629,in_progress,24,10,False
4928,SITE-068,PART-8202,2026-12-10,EQ-7237,completed,9,0,False
4929,SITE-043,PART-4260,2025-06-10,EQ-9398,deferred,25,6,False
4930,SITE-036,PART-1695,2024-09-07,EQ-8718,awaiting_parts,4,38,False
4931,SITE-092,PART-9390,2023-04-11,EQ-9388,in_progress,18,42,False
4932,SITE-052,PART-9795,2024-04-24,EQ-8859,deferred,20,28,False
4933,SITE-024,PART-4290,2025-08-05,EQ-6018,open,22,19,False
4934,SITE-044,PART-7505,2026-08-10,EQ-1838,deferred,20,27,True
4935,SITE-029,PART-7767,2025-05-05,EQ-7298,completed,7,0,False
4936,SITE-079,PART-8451,2023-05-25,EQ-3261,completed,6,0,False
4937,SITE-020,PART-2487,2024-08-07,EQ-8549,in_progress,15,31,False
4938,SITE-017,PART-3915,2023-02-08,EQ-1604,open,3,27,False
4939,SITE-074,PART-8181,2024-08-15,EQ-8235,deferred,3,20,False
4940,SITE-035,PART-6787,2026-05-07,EQ-4592,open,2,12,True
4941,SITE-092,PART-9097,2024-03-12,EQ-7462,completed,9,0,False
4942,SITE-021,PART-2994,2025-04-09,EQ-9626,completed,10,0,False
4943,SITE-092,PART-1055,2023-06-09,EQ-2003,deferred,15,31,False
4944,SITE-061,PART-3340,2026-11-21,EQ-4259,in_progress,24,17,True
4945,SITE-047,PART-7782,2025-04-18,EQ-9958,in_progress,6,22,False
4946,SITE-014,PART-9211,2026-05-25,EQ-9815,open,3,23,False
4947,SITE-005,PART-9775,2025-10-27,EQ-6865,in_progress,18,29,True
4948,SITE-100,PART-3388,2025-08-03,EQ-5592,deferred,18,10,False
4949,SITE-089,PART-6122,2024-05-19,EQ-4685,awaiting_parts,12,9,False
4950,SITE-017,PART-8200,2023-11-26,EQ-3451,awaiting_parts,24,36,True
4951,SITE-010,PART-5432,2026-08-15,EQ-1292,open,3,41,True
4952,SITE-078,PART-9704,2026-09-10,EQ-5866,awaiting_parts,1,41,False
4953,SITE-026,PART-3289,2023-10-12,EQ-1762,open,18,16,False
4954,SITE-057,PART-9843,2023-03-10,EQ-5100,completed,4,0,False
4955,SITE-049,PART-4309,2023-12-25,EQ-9138,awaiting_parts,9,21,False
4956,SITE-081,PART-6153,2025-12-17,EQ-1369,awaiting_parts,24,29,False
4957,SITE-078,PART-7560,2024-07-24,EQ-1481,open,16,23,False
4958,SITE-044,PART-2297,2026-09-12,EQ-7659,open,5,38,False
4959,SITE-007,PART-2116,2026-04-08,EQ-3136,awaiting_parts,9,31,False
4960,SITE-012,PART-5704,2026-08-06,EQ-6271,completed,5,0,False
4961,SITE-095,PART-6031,2025-07-28,EQ-8816,open,22,19,False
4962,SITE-055,PART-7190,2024-05-16,EQ-2433,in_progress,9,5,True
4963,SITE-021,PART-1918,2023-06-09,EQ-7674,deferred,27,13,False
4964,SITE-007,PART-5124,2025-10-07,EQ-1222,deferred,15,11,False
4965,SITE-096,PART-3162,2024-04-23,EQ-1130,open,13,31,False
4966,SITE-040,PART-8211,2025-07-11,EQ-3467,deferred,30,2,False
4967,SITE-004,PART-1402,2023-10-28,EQ-6498,awaiting_parts,3,37,False
4968,SITE-076,PART-5298,2024-08-14,EQ-6020,deferred,30,7,False
4969,SITE-094,PART-4058,2024-12-21,EQ-1710,deferred,11,37,False
4970,SITE-056,PART-9758,2024-01-28,EQ-2679,awaiting_parts,13,32,False
4971,SITE-084,PART-7524,2026-04-17,EQ-8989,deferred,10,18,True
4972,SITE-030,PART-5661,2024-03-03,EQ-8843,completed,6,0,False
4973,SITE-003,PART-2404,2024-03-01,EQ-3833,awaiting_parts,26,37,False
4974,SITE-023,PART-7213,2026-12-07,EQ-4675,awaiting_parts,14,13,False
4975,SITE-063,PART-7971,2023-03-22,EQ-1115,deferred,19,24,True
4976,SITE-033,PART-9834,2026-12-04,EQ-6659,deferred,30,43,False
4977,SITE-028,PART-7366,2026-07-13,EQ-3897,awaiting_parts,9,44,False
4978,SITE-082,PART-3286,2024-04-23,EQ-6921,in_progress,8,2,False
4979,SITE-060,PART-4112,2025-07-25,EQ-8074,open,15,29,False
4980,SITE-069,PART-1194,2024-08-20,EQ-1325,deferred,14,28,False
4981,SITE-100,PART-7345,2024-09-26,EQ-2944,completed,6,0,False
4982,SITE-088,PART-9336,2025-03-01,EQ-6396,deferred,28,10,False
4983,SITE-002,PART-4449,2023-08-09,EQ-6918,awaiting_parts,15,29,True
4984,SITE-092,PART-2443,2025-02-19,EQ-1361,deferred,8,17,False
4985,SITE-013,PART-4918,2023-09-08,EQ-2209,deferred,3,24,False
4986,SITE-094,PART-2099,2024-10-18,EQ-7179,deferred,5,19,False
4987,SITE-097,PART-1138,2025-12-20,EQ-4987,deferred,19,17,False
4988,SITE-068,PART-8163,2026-01-17,EQ-1956,deferred,24,10,False
4989,SITE-009,PART-9255,2025-12-20,EQ-9819,in_progress,6,38,False
4990,SITE-046,PART-7156,2023-05-11,EQ-3067,open,15,10,False
4991,SITE-052,PART-2445,2023-11-13,EQ-4458,completed,1,0,False
4992,SITE-017,PART-7586,2026-06-20,EQ-2674,open,11,28,False
4993,SITE-064,PART-6926,2025-10-28,EQ-4856,in_progress,3,13,False
4994,SITE-070,PART-7066,2026-10-19,EQ-2676,in_progress,26,9,False
4995,SITE-066,PART-9119,2026-03-04,EQ-8743,open,12,30,False
4996,SITE-056,PART-5664,2024-06-22,EQ-6393,deferred,11,45,False
4997,SITE-036,PART-1456,2025-02-24,EQ-6811,open,14,15,False
4998,SITE-037,PART-7298,2023-04-14,EQ-1649,awaiting_parts,3,33,False
4999,SITE-093,PART-9271,2025-06-03,EQ-4653,deferred,30,31,False
5000,SITE-028,PART-2125,2024-11-09,EQ-1583,in_progress,24,37,False
5001,SITE-066,PART-6412,2025-10-01,EQ-1310,awaiting_parts,3,3,False
5002,SITE-094,PART-1872,2024-05-17,EQ-7368,deferred,15,16,False
5003,SITE-090,PART-2131,2025-11-21,EQ-6566,in_progress,4,20,False
5004,SITE-007,PART-2802,2026-03-07,EQ-1789,open,13,40,False
5005,SITE-005,PART-7269,2024-05-02,EQ-4227,open,24,12,False
5006,SITE-070,PART-8084,2025-05-17,EQ-9327,in_progress,15,29,False
5007,SITE-027,PART-7486,2024-04-20,EQ-8374,open,11,1,False
5008,SITE-003,PART-8254,2026-03-26,EQ-8450,deferred,27,22,False
5009,SITE-066,PART-5100,2026-08-08,EQ-2312,completed,10,0,False
5010,SITE-051,PART-3917,2026-12-13,EQ-4810,awaiting_parts,24,44,False
5011,SITE-081,PART-1219,2026-09-19,EQ-1519,deferred,19,37,True
5012,SITE-009,PART-3160,2026-02-25,EQ-5348,completed,0,0,True
5013,SITE-041,PART-1402,2023-09-10,EQ-4957,in_progress,25,7,False
5014,SITE-006,PART-1591,2026-01-17,EQ-1025,open,2,12,False
5015,SITE-055,PART-6766,2024-09-14,EQ-4346,in_progress,20,2,False
5016,SITE-055,PART-2779,2026-03-22,EQ-4159,deferred,22,6,False
5017,SITE-040,PART-6768,2025-05-16,EQ-4410,completed,0,0,False
5018,SITE-095,PART-9795,2026-04-14,EQ-5162,deferred,16,34,False
5019,SITE-054,PART-6574,2025-12-06,EQ-8883,open,8,35,False
5020,SITE-083,PART-2317,2024-07-06,EQ-4385,awaiting_parts,11,41,False
5021,SITE-024,PART-5401,2025-03-07,EQ-1888,awaiting_parts,5,32,False
5022,SITE-025,PART-1660,2023-04-07,EQ-2821,awaiting_parts,29,15,False
5023,SITE-091,PART-8841,2025-01-12,EQ-7547,completed,4,0,False
5024,SITE-094,PART-3663,2026-12-06,EQ-5195,in_progress,16,42,False
5025,SITE-078,PART-2590,2025-12-15,EQ-1598,open,24,29,False
5026,SITE-048,PART-3915,2023-02-28,EQ-6681,awaiting_parts,6,23,False
5027,SITE-004,PART-6031,2026-10-20,EQ-3227,in_progress,9,27,False
5028,SITE-074,PART-2830,2023-02-19,EQ-7975,in_progress,19,24,False
5029,SITE-004,PART-7202,2024-09-09,EQ-4879,completed,8,0,False
5030,SITE-089,PART-6628,2025-07-15,EQ-7839,open,12,39,False
5031,SITE-070,PART-1768,2023-10-20,EQ-8171,completed,7,0,False
5032,SITE-009,PART-7722,2024-12-26,EQ-8895,deferred,23,40,False
5033,SITE-052,PART-7209,2023-12-06,EQ-6858,completed,0,0,False
5034,SITE-049,PART-9377,2025-02-16,EQ-6268,in_progress,3,30,False
5035,SITE-078,PART-3289,2024-07-26,EQ-1243,open,11,6,False
5036,SITE-072,PART-7977,2026-11-10,EQ-4221,open,14,40,False
5037,SITE-079,PART-7486,2026-10-01,EQ-9612,completed,10,0,False
5038,SITE-085,PART-8496,2025-12-04,EQ-2132,open,17,28,True
5039,SITE-010,PART-1506,2023-05-23,EQ-3569,awaiting_parts,25,18,False
5040,SITE-066,PART-4680,2026-10-26,EQ-3695,open,27,4,False
5041,SITE-026,PART-3329,2025-08-06,EQ-1072,completed,6,0,False
5042,SITE-002,PART-2434,2023-03-17,EQ-7227,awaiting_parts,3,29,False
5043,SITE-024,PART-8783,2024-09-19,EQ-8823,deferred,15,9,False
5044,SITE-059,PART-8994,2023-05-09,EQ-6465,completed,4,0,False
5045,SITE-021,PART-7144,2026-10-24,EQ-1275,completed,0,0,True
5046,SITE-048,PART-7590,2026-05-03,EQ-5753,open,10,36,False
5047,SITE-044,PART-5401,2023-03-26,EQ-9303,open,11,9,False
5048,SITE-054,PART-6522,2024-09-14,EQ-6207,in_progress,6,42,False
5049,SITE-040,PART-1547,2026-01-06,EQ-9871,completed,0,0,True
5050,SITE-050,PART-3209,2026-11-18,EQ-2743,in_progress,8,45,False
5051,SITE-038,PART-7269,2025-06-24,EQ-1596,open,6,19,False
5052,SITE-059,PART-7559,2023-09-24,EQ-9709,open,19,20,False
5053,SITE-050,PART-1744,2024-12-26,EQ-5151,in_progress,11,33,False
5054,SITE-051,PART-4518,2025-11-17,EQ-7432,awaiting_parts,23,4,False
5055,SITE-098,PART-3799,2026-05-17,EQ-7373,completed,5,0,False
5056,SITE-047,PART-2430,2025-03-22,EQ-1999,deferred,6,26,False
5057,SITE-012,PART-7433,2025-03-26,EQ-3863,open,19,1,False
5058,SITE-041,PART-2404,2025-03-09,EQ-7291,open,29,31,False
5059,SITE-037,PART-9213,2023-04-03,EQ-2398,open,20,33,False
5060,SITE-085,PART-6628,2025-07-17,EQ-9618,open,11,9,False
5061,SITE-023,PART-9589,2026-12-07,EQ-4471,in_progress,2,27,False
5062,SITE-026,PART-2235,2024-05-28,EQ-6196,open,5,8,False
5063,SITE-082,PART-7560,2026-09-06,EQ-2792,open,9,39,False
5064,SITE-050,PART-5749,2024-03-06,EQ-1966,awaiting_parts,2,14,False
5065,SITE-064,PART-9467,2026-05-19,EQ-2121,deferred,13,6,False
5066,SITE-065,PART-1737,2025-09-06,EQ-7507,open,9,40,False
5067,SITE-035,PART-7833,2023-05-20,EQ-7270,deferred,4,13,False
5068,SITE-010,PART-9037,2024-09-28,EQ-9576,completed,5,0,False
5069,SITE-013,PART-4771,2026-04-08,EQ-6279,awaiting_parts,10,39,False
5070,SITE-083,PART-2046,2024-09-05,EQ-7208,open,26,37,False
5071,SITE-077,PART-8910,2023-07-18,EQ-8966,in_progress,24,40,False
5072,SITE-087,PART-6628,2026-04-04,EQ-6943,in_progress,12,30,False
5073,SITE-010,PART-3704,2026-03-06,EQ-4214,in_progress,10,17,False
5074,SITE-069,PART-6628,2023-02-24,EQ-3238,deferred,30,13,False
5075,SITE-054,PART-4309,2023-09-20,EQ-6417,completed,9,0,True
5076,SITE-019,PART-6089,2026-07-17,EQ-6544,deferred,1,7,False
5077,SITE-074,PART-5543,2026-05-27,EQ-2488,in_progress,12,31,False
5078,SITE-030,PART-3228,2024-06-07,EQ-6665,in_progress,2,5,False
5079,SITE-051,PART-1798,2025-11-12,EQ-2865,deferred,28,11,False
5080,SITE-075,PART-9613,2026-04-01,EQ-7088,completed,8,0,False
5081,SITE-019,PART-3161,2026-01-09,EQ-3640,open,22,39,False
5082,SITE-047,PART-4365,2025-10-07,EQ-7486,completed,2,0,False
5083,SITE-067,PART-2705,2024-08-25,EQ-6211,deferred,5,8,True
5084,SITE-071,PART-1564,2025-04-04,EQ-2815,awaiting_parts,11,30,False
5085,SITE-074,PART-5646,2025-07-21,EQ-5280,completed,8,0,False
5086,SITE-019,PART-2189,2026-07-04,EQ-7776,completed,8,0,False
5087,SITE-060,PART-5004,2026-12-08,EQ-4629,deferred,9,27,True
5088,SITE-098,PART-4422,2024-03-27,EQ-6194,open,20,28,False
5089,SITE-039,PART-9994,2023-01-02,EQ-6978,completed,7,0,False
5090,SITE-077,PART-6812,2026-08-01,EQ-8413,in_progress,30,29,False
5091,SITE-090,PART-1116,2026-03-06,EQ-6620,awaiting_parts,7,30,False
5092,SITE-020,PART-3781,2024-08-19,EQ-7044,open,18,26,False
5093,SITE-068,PART-7758,2026-06-09,EQ-4193,completed,2,0,False
5094,SITE-022,PART-8254,2024-09-06,EQ-7148,in_progress,13,2,False
5095,SITE-093,PART-7269,2023-05-26,EQ-6495,completed,0,0,False
5096,SITE-082,PART-2758,2023-02-04,EQ-7002,in_progress,27,39,False
5097,SITE-029,PART-3290,2024-08-28,EQ-2590,deferred,14,34,False
5098,SITE-064,PART-4215,2024-03-21,EQ-8368,open,28,35,False
5099,SITE-010,PART-8254,2023-07-07,EQ-8356,open,12,17,False
5100,SITE-100,PART-8451,2026-10-18,EQ-5756,deferred,3,7,False
5101,SITE-010,PART-4538,2024-03-17,EQ-9009,in_progress,11,24,False
5102,SITE-074,PART-9739,2024-01-09,EQ-4728,completed,10,0,False
5103,SITE-012,PART-9108,2025-05-10,EQ-2763,awaiting_parts,13,17,False
5104,SITE-066,PART-4215,2025-08-19,EQ-4933,deferred,12,41,False
5105,SITE-081,PART-9007,2023-12-13,EQ-2470,open,13,14,False
5106,SITE-062,PART-7746,2025-06-25,EQ-8999,open,9,4,False
5107,SITE-091,PART-2897,2025-10-10,EQ-8342,completed,2,0,False
5108,SITE-090,PART-3895,2025-10-03,EQ-7234,in_progress,3,41,True
5109,SITE-098,PART-7269,2025-09-16,EQ-3539,open,28,18,False
5110,SITE-057,PART-2019,2024-08-20,EQ-5174,awaiting_parts,15,5,True
5111,SITE-085,PART-6176,2023-06-03,EQ-8865,completed,0,0,False
5112,SITE-079,PART-4184,2023-07-18,EQ-9236,deferred,14,8,False
5113,SITE-074,PART-1483,2024-09-18,EQ-2428,awaiting_parts,7,28,False
5114,SITE-038,PART-9208,2024-01-28,EQ-9807,open,15,8,True
5115,SITE-039,PART-7183,2024-06-19,EQ-1259,in_progress,27,41,False
5116,SITE-098,PART-8746,2026-04-12,EQ-7677,awaiting_parts,7,16,False
5117,SITE-025,PART-2665,2025-04-21,EQ-6364,in_progress,12,42,False
5118,SITE-088,PART-7578,2025-03-24,EQ-3871,in_progress,9,22,False
5119,SITE-047,PART-9795,2023-08-01,EQ-3531,awaiting_parts,21,12,False
5120,SITE-096,PART-4206,2025-05-12,EQ-4629,deferred,29,29,True
5121,SITE-097,PART-7183,2023-12-21,EQ-1196,awaiting_parts,24,10,True
5122,SITE-017,PART-2526,2026-02-05,EQ-9283,open,28,43,False
5123,SITE-080,PART-6567,2025-03-13,EQ-4592,awaiting_parts,30,31,False
5124,SITE-077,PART-5543,2024-08-21,EQ-7561,in_progress,19,17,False
5125,SITE-044,PART-9843,2024-12-13,EQ-5843,in_progress,11,30,False
5126,SITE-062,PART-6236,2024-12-01,EQ-6847,awaiting_parts,26,39,False
5127,SITE-019,PART-5876,2024-06-21,EQ-4918,completed,4,0,True
5128,SITE-096,PART-5445,2025-05-06,EQ-2991,open,9,41,False
5129,SITE-035,PART-9213,2023-06-12,EQ-9107,awaiting_parts,24,5,True
5130,SITE-033,PART-2705,2023-05-16,EQ-4428,open,13,26,False
5131,SITE-041,PART-8254,2023-04-16,EQ-1098,open,23,20,False
5132,SITE-049,PART-9754,2026-02-12,EQ-5989,in_progress,14,26,True
5133,SITE-036,PART-4303,2025-09-25,EQ-6695,awaiting_parts,19,29,False
5134,SITE-009,PART-3663,2023-05-03,EQ-1129,in_progress,17,42,False
5135,SITE-027,PART-3896,2024-11-24,EQ-7236,open,23,40,False
5136,SITE-018,PART-3258,2024-05-18,EQ-1184,awaiting_parts,14,6,True
5137,SITE-052,PART-6601,2025-12-03,EQ-9499,completed,5,0,False
5138,SITE-066,PART-1433,2023-11-24,EQ-8503,open,4,11,False
5139,SITE-035,PART-4370,2025-02-08,EQ-9957,awaiting_parts,22,31,False
5140,SITE-091,PART-6209,2024-02-18,EQ-6997,in_progress,6,19,False
5141,SITE-069,PART-1682,2024-12-15,EQ-8285,in_progress,24,1,False
5142,SITE-066,PART-7384,2025-06-02,EQ-3216,deferred,1,3,False
5143,SITE-077,PART-1768,2025-10-17,EQ-9220,open,4,3,False
5144,SITE-024,PART-5990,2025-10-03,EQ-4097,awaiting_parts,3,5,False
5145,SITE-038,PART-4573,2024-08-20,EQ-4698,deferred,1,33,False
5146,SITE-032,PART-1470,2023-03-28,EQ-5350,completed,0,0,False
5147,SITE-025,PART-8876,2026-03-17,EQ-1913,deferred,25,28,False
5148,SITE-034,PART-8806,2026-02-02,EQ-7419,open,26,5,False
5149,SITE-097,PART-2766,2023-12-24,EQ-3286,awaiting_parts,29,38,False
5150,SITE-030,PART-1240,2024-02-23,EQ-2326,completed,9,0,True
5151,SITE-082,PART-2897,2023-07-18,EQ-6623,open,6,39,False
5152,SITE-029,PART-2958,2023-08-20,EQ-2259,completed,2,0,True
5153,SITE-009,PART-9320,2024-11-05,EQ-7688,in_progress,13,13,False
5154,SITE-009,PART-6903,2024-03-18,EQ-3185,awaiting_parts,18,33,False
5155,SITE-096,PART-1088,2024-10-13,EQ-4674,open,5,35,False
5156,SITE-085,PART-2165,2024-05-16,EQ-6116,open,13,36,False
5157,SITE-054,PART-6031,2024-03-15,EQ-2351,open,13,3,True
5158,SITE-023,PART-7498,2023-01-21,EQ-7494,deferred,4,17,False
5159,SITE-086,PART-6811,2024-05-21,EQ-2188,in_progress,12,9,False
5160,SITE-035,PART-6183,2023-05-25,EQ-1817,awaiting_parts,27,27,False
5161,SITE-055,PART-6069,2023-05-13,EQ-9207,completed,6,0,True
5162,SITE-022,PART-7428,2023-10-11,EQ-8927,deferred,17,14,False
5163,SITE-066,PART-6618,2026-12-22,EQ-8233,awaiting_parts,13,6,False
5164,SITE-028,PART-9007,2026-11-21,EQ-4645,awaiting_parts,25,11,False
5165,SITE-021,PART-1647,2023-08-16,EQ-1683,awaiting_parts,1,43,False
5166,SITE-049,PART-9184,2023-04-12,EQ-3342,open,28,32,False
5167,SITE-083,PART-9293,2025-09-25,EQ-2851,awaiting_parts,20,44,False
5168,SITE-021,PART-9554,2023-03-16,EQ-7685,completed,5,0,False
5169,SITE-070,PART-2897,2024-08-24,EQ-7867,in_progress,13,2,False
5170,SITE-071,PART-4774,2025-11-26,EQ-3729,open,7,22,False
5171,SITE-026,PART-9754,2023-06-25,EQ-5442,awaiting_parts,13,27,False
5172,SITE-037,PART-3543,2023-01-26,EQ-7297,awaiting_parts,1,42,False
5173,SITE-098,PART-4397,2025-05-15,EQ-1631,open,20,35,False
5174,SITE-086,PART-7488,2023-03-20,EQ-8097,open,29,32,False
5175,SITE-079,PART-3349,2023-07-22,EQ-9616,in_progress,11,37,False
5176,SITE-097,PART-7259,2025-01-13,EQ-3406,completed,6,0,False
5177,SITE-058,PART-7237,2026-01-09,EQ-5895,completed,5,0,False
5178,SITE-080,PART-4582,2024-11-23,EQ-1553,in_progress,16,36,False
5179,SITE-084,PART-5219,2023-10-21,EQ-5598,deferred,26,29,False
5180,SITE-016,PART-7505,2026-02-18,EQ-6252,deferred,9,37,False
5181,SITE-072,PART-2127,2026-04-02,EQ-6745,deferred,12,33,True
5182,SITE-057,PART-9007,2026-02-20,EQ-2265,completed,3,0,False
5183,SITE-049,PART-2799,2026-07-05,EQ-5312,awaiting_parts,6,32,False
5184,SITE-048,PART-6162,2023-05-20,EQ-6238,deferred,3,18,False
5185,SITE-035,PART-1496,2023-08-13,EQ-8980,awaiting_parts,2,41,False
5186,SITE-008,PART-6766,2023-03-16,EQ-9049,open,12,29,False
5187,SITE-003,PART-3344,2024-08-13,EQ-2652,awaiting_parts,1,39,False
5188,SITE-074,PART-8355,2026-01-19,EQ-8702,in_progress,30,14,False
5189,SITE-038,PART-7782,2023-03-18,EQ-4407,open,18,11,False
5190,SITE-068,PART-7591,2024-10-07,EQ-3472,in_progress,19,5,False
5191,SITE-047,PART-9586,2023-09-28,EQ-2343,awaiting_parts,22,39,True
5192,SITE-076,PART-7608,2026-12-24,EQ-6680,in_progress,1,11,False
5193,SITE-036,PART-9883,2026-02-02,EQ-3638,awaiting_parts,15,40,False
5194,SITE-016,PART-1874,2026-11-19,EQ-8368,completed,0,0,False
5195,SITE-028,PART-1225,2026-05-25,EQ-4996,awaiting_parts,4,37,False
5196,SITE-061,PART-5238,2025-10-22,EQ-4898,in_progress,23,37,False
5197,SITE-042,PART-8199,2024-07-07,EQ-7016,open,14,1,False
5198,SITE-091,PART-2653,2026-01-21,EQ-3678,open,1,27,False
5199,SITE-046,PART-6719,2024-09-17,EQ-1258,open,5,13,False
5200,SITE-085,PART-4518,2024-12-10,EQ-5732,in_progress,18,31,False
5201,SITE-022,PART-2106,2025-12-07,EQ-6289,awaiting_parts,23,1,False
5202,SITE-019,PART-4112,2025-03-21,EQ-6910,open,30,43,False
5203,SITE-006,PART-8676,2023-12-14,EQ-7595,in_progress,13,26,False
5204,SITE-096,PART-8518,2026-01-20,EQ-2805,in_progress,27,30,False
5205,SITE-065,PART-4762,2025-05-26,EQ-4841,deferred,11,12,False
5206,SITE-087,PART-3655,2025-05-05,EQ-4182,awaiting_parts,19,41,False
5207,SITE-087,PART-9334,2026-10-09,EQ-7560,awaiting_parts,20,18,False
5208,SITE-056,PART-1684,2025-11-09,EQ-1755,deferred,29,7,False
5209,SITE-028,PART-8723,2023-05-20,EQ-2996,in_progress,28,23,False
5210,SITE-060,PART-7641,2024-08-03,EQ-1452,completed,10,0,True
5211,SITE-028,PART-1798,2026-11-05,EQ-9748,completed,0,0,False
5212,SITE-012,PART-7944,2025-12-28,EQ-6071,awaiting_parts,12,5,False
5213,SITE-095,PART-7121,2025-08-21,EQ-5881,awaiting_parts,30,15,False
5214,SITE-087,PART-2946,2024-09-25,EQ-3028,deferred,9,13,True
5215,SITE-088,PART-8420,2026-06-23,EQ-7621,open,2,38,False
5216,SITE-004,PART-2213,2023-06-05,EQ-8885,awaiting_parts,6,8,False
5217,SITE-051,PART-9994,2024-10-02,EQ-6814,in_progress,23,19,False
5218,SITE-099,PART-2052,2025-01-18,EQ-2189,completed,6,0,False
5219,SITE-028,PART-9306,2025-04-12,EQ-7779,awaiting_parts,25,12,False
5220,SITE-071,PART-1695,2026-01-09,EQ-6048,deferred,17,10,True
5221,SITE-006,PART-2165,2025-09-25,EQ-8700,open,1,43,False
5222,SITE-100,PART-7104,2026-07-25,EQ-4580,completed,9,0,False
5223,SITE-074,PART-1055,2024-11-11,EQ-9125,completed,7,0,False
5224,SITE-054,PART-7535,2023-09-15,EQ-3523,awaiting_parts,17,11,False
5225,SITE-073,PART-2445,2023-06-18,EQ-7851,completed,1,0,False
5226,SITE-043,PART-5674,2024-08-18,EQ-4836,in_progress,26,27,False
5227,SITE-007,PART-6513,2023-06-09,EQ-4212,open,4,37,False
5228,SITE-073,PART-3201,2025-08-03,EQ-4171,deferred,9,38,False
5229,SITE-030,PART-8565,2023-11-06,EQ-8992,awaiting_parts,19,27,False
5230,SITE-046,PART-4663,2024-01-28,EQ-6162,deferred,14,36,False
5231,SITE-062,PART-2102,2024-06-08,EQ-9326,completed,0,0,False
5232,SITE-040,PART-2035,2024-09-14,EQ-8730,open,8,37,False
5233,SITE-001,PART-2585,2026-07-10,EQ-5966,deferred,14,7,False
5234,SITE-061,PART-6951,2025-03-22,EQ-9385,awaiting_parts,10,9,False
5235,SITE-064,PART-1768,2026-03-19,EQ-8294,open,11,16,False
5236,SITE-079,PART-3064,2025-01-10,EQ-7028,completed,8,0,False
5237,SITE-052,PART-5846,2025-09-28,EQ-5300,open,17,38,False
5238,SITE-051,PART-1194,2023-06-10,EQ-4329,awaiting_parts,14,20,False
5239,SITE-052,PART-7277,2023-09-16,EQ-6943,deferred,1,30,False
5240,SITE-063,PART-5029,2024-08-04,EQ-2446,completed,4,0,False
5241,SITE-067,PART-8727,2026-04-09,EQ-1339,completed,9,0,True
5242,SITE-036,PART-6522,2023-02-05,EQ-4070,open,30,17,False
5243,SITE-051,PART-6627,2024-02-04,EQ-9722,awaiting_parts,21,1,False
5244,SITE-016,PART-8003,2023-11-11,EQ-9850,completed,7,0,False
5245,SITE-071,PART-5674,2024-12-03,EQ-3428,awaiting_parts,6,11,False
5246,SITE-003,PART-6842,2026-07-24,EQ-1177,open,22,20,False
5247,SITE-098,PART-4829,2024-08-13,EQ-9665,in_progress,5,2,False
5248,SITE-081,PART-8896,2025-10-10,EQ-7992,awaiting_parts,27,24,True
5249,SITE-075,PART-5784,2024-11-23,EQ-2816,completed,3,0,False
5250,SITE-020,PART-3228,2024-04-22,EQ-9760,in_progress,7,42,False
5251,SITE-062,PART-8316,2025-02-24,EQ-1259,deferred,3,10,True
5252,SITE-061,PART-7914,2025-01-07,EQ-4151,in_progress,25,38,False
5253,SITE-058,PART-3655,2024-07-14,EQ-3884,awaiting_parts,2,37,False
5254,SITE-056,PART-1134,2024-11-08,EQ-1866,awaiting_parts,2,18,True
5255,SITE-048,PART-5225,2025-08-24,EQ-3750,awaiting_parts,27,39,False
5256,SITE-034,PART-8361,2024-04-28,EQ-5922,open,11,17,False
5257,SITE-089,PART-3201,2026-03-08,EQ-1206,completed,6,0,False
5258,SITE-047,PART-2585,2026-09-08,EQ-1273,deferred,26,13,False
5259,SITE-063,PART-9933,2024-10-24,EQ-8747,deferred,25,6,False
5260,SITE-012,PART-8841,2023-12-07,EQ-9322,completed,2,0,False
5261,SITE-021,PART-1081,2024-06-05,EQ-8726,awaiting_parts,2,21,False
5262,SITE-044,PART-4303,2025-05-25,EQ-4721,deferred,26,23,False
5263,SITE-029,PART-4228,2026-07-19,EQ-8345,deferred,6,41,False
5264,SITE-044,PART-6183,2026-10-08,EQ-4307,in_progress,1,45,False
5265,SITE-009,PART-8783,2026-01-20,EQ-7695,deferred,6,3,True
5266,SITE-024,PART-3182,2023-02-22,EQ-7325,awaiting_parts,6,30,False
5267,SITE-089,PART-2394,2024-09-18,EQ-9643,deferred,13,10,False
5268,SITE-088,PART-9883,2023-04-25,EQ-9060,in_progress,24,38,True
5269,SITE-062,PART-4382,2026-12-07,EQ-1530,awaiting_parts,20,21,False
5270,SITE-063,PART-8199,2023-04-18,EQ-3361,open,1,5,False
5271,SITE-001,PART-1710,2026-04-20,EQ-9060,deferred,9,40,False
5272,SITE-078,PART-5784,2024-06-21,EQ-7943,deferred,9,24,False
5273,SITE-089,PART-2035,2026-01-24,EQ-2705,awaiting_parts,16,34,False
5274,SITE-020,PART-6805,2026-04-06,EQ-5640,open,14,42,False
5275,SITE-017,PART-1456,2026-08-16,EQ-5007,in_progress,4,28,False
5276,SITE-013,PART-1347,2025-07-09,EQ-3369,deferred,19,13,False
5277,SITE-011,PART-8840,2026-04-24,EQ-6398,completed,4,0,True
5278,SITE-038,PART-8675,2024-01-04,EQ-6727,open,18,44,True
5279,SITE-047,PART-8505,2026-12-01,EQ-6200,awaiting_parts,20,40,False
5280,SITE-002,PART-9605,2024-06-21,EQ-6898,completed,1,0,False
5281,SITE-075,PART-8876,2025-06-21,EQ-3592,completed,0,0,True
5282,SITE-100,PART-1416,2026-02-02,EQ-3187,deferred,1,24,False
5283,SITE-057,PART-2068,2025-08-23,EQ-1421,awaiting_parts,16,43,False
5284,SITE-064,PART-4501,2026-09-11,EQ-4348,deferred,7,28,True
5285,SITE-033,PART-6627,2025-04-07,EQ-9413,in_progress,13,10,False
5286,SITE-100,PART-9623,2024-07-28,EQ-5234,completed,3,0,False
5287,SITE-043,PART-5588,2023-01-04,EQ-8472,deferred,5,17,False
5288,SITE-079,PART-2179,2025-06-27,EQ-2448,in_progress,25,17,False
5289,SITE-090,PART-1524,2024-01-26,EQ-6923,completed,10,0,False
5290,SITE-089,PART-3435,2024-07-25,EQ-3576,in_progress,30,10,False
5291,SITE-056,PART-5200,2023-11-19,EQ-7080,open,20,45,False
5292,SITE-016,PART-9805,2023-02-26,EQ-1835,deferred,12,44,False
5293,SITE-080,PART-4918,2026-02-23,EQ-2477,completed,1,0,False
5294,SITE-099,PART-8427,2024-01-18,EQ-1921,awaiting_parts,22,41,False
5295,SITE-094,PART-4886,2026-04-22,EQ-1750,deferred,23,40,False
5296,SITE-038,PART-8500,2026-10-24,EQ-9309,deferred,10,13,False
5297,SITE-032,PART-4247,2025-09-25,EQ-3178,awaiting_parts,10,28,False
5298,SITE-084,PART-7586,2024-05-20,EQ-4813,deferred,27,36,False
5299,SITE-062,PART-4741,2025-11-22,EQ-3945,open,18,41,True
5300,SITE-070,PART-1816,2023-07-25,EQ-5391,in_progress,5,18,False
5301,SITE-041,PART-5950,2026-04-19,EQ-1530,in_progress,5,29,False
5302,SITE-058,PART-7263,2023-04-27,EQ-8859,open,23,3,False
5303,SITE-018,PART-6601,2023-06-07,EQ-7537,in_progress,30,12,False
5304,SITE-006,PART-4997,2024-10-10,EQ-4273,open,2,36,False
5305,SITE-018,PART-2039,2024-04-10,EQ-2385,awaiting_parts,16,10,False
5306,SITE-043,PART-5664,2026-03-28,EQ-6336,completed,2,0,False
5307,SITE-080,PART-9629,2025-04-12,EQ-3934,open,26,38,False
5308,SITE-003,PART-7441,2024-04-04,EQ-8086,deferred,29,10,False
5309,SITE-034,PART-7833,2023-07-14,EQ-9955,awaiting_parts,27,22,False
5310,SITE-071,PART-3995,2026-09-07,EQ-4403,in_progress,10,4,False
5311,SITE-048,PART-7314,2023-10-14,EQ-7540,completed,1,0,False
5312,SITE-039,PART-5046,2025-08-06,EQ-9673,awaiting_parts,23,1,True
5313,SITE-039,PART-8723,2026-11-19,EQ-8696,in_progress,14,32,False
5314,SITE-010,PART-4655,2026-03-08,EQ-3875,awaiting_parts,23,21,True
5315,SITE-042,PART-2733,2025-07-27,EQ-7481,in_progress,17,16,False
5316,SITE-023,PART-2098,2025-07-11,EQ-9455,completed,7,0,False
5317,SITE-026,PART-7314,2025-11-10,EQ-4006,in_progress,30,11,False
5318,SITE-074,PART-8505,2023-07-06,EQ-8489,open,12,39,False
5319,SITE-062,PART-2464,2023-07-01,EQ-7250,deferred,30,20,False
5320,SITE-050,PART-9605,2025-06-09,EQ-6172,deferred,20,22,False
5321,SITE-072,PART-5921,2023-11-21,EQ-2814,completed,6,0,False
5322,SITE-070,PART-9913,2025-09-27,EQ-1840,in_progress,6,21,False
5323,SITE-077,PART-2683,2023-05-08,EQ-4831,in_progress,4,29,False
5324,SITE-021,PART-3333,2026-11-24,EQ-7970,deferred,15,38,False
5325,SITE-014,PART-3825,2024-03-05,EQ-7728,awaiting_parts,9,7,False
5326,SITE-016,PART-9758,2026-08-26,EQ-2639,completed,2,0,False
5327,SITE-046,PART-7136,2025-06-12,EQ-9626,deferred,14,29,False
5328,SITE-059,PART-8909,2024-06-04,EQ-9651,deferred,5,34,False
5329,SITE-015,PART-1264,2023-08-12,EQ-7924,awaiting_parts,13,5,False
5330,SITE-067,PART-6913,2026-08-27,EQ-4702,completed,4,0,False
5331,SITE-006,PART-8524,2024-09-19,EQ-4889,awaiting_parts,28,15,False
5332,SITE-059,PART-8451,2025-09-05,EQ-5914,in_progress,21,3,False
5333,SITE-065,PART-2963,2024-07-18,EQ-3711,deferred,5,40,False
5334,SITE-023,PART-3959,2025-05-03,EQ-9805,completed,2,0,False
5335,SITE-020,PART-7608,2025-07-05,EQ-2528,awaiting_parts,5,15,False
5336,SITE-050,PART-9775,2024-12-22,EQ-3946,awaiting_parts,10,8,False
5337,SITE-043,PART-3739,2024-07-23,EQ-1207,deferred,2,41,False
5338,SITE-046,PART-1724,2026-07-19,EQ-8760,awaiting_parts,6,6,False
5339,SITE-089,PART-6888,2023-09-20,EQ-6609,open,16,7,False
5340,SITE-066,PART-6412,2025-01-07,EQ-8610,open,5,2,False
5341,SITE-017,PART-6668,2024-04-01,EQ-6031,awaiting_parts,17,5,False
5342,SITE-032,PART-1684,2025-10-08,EQ-8003,completed,7,0,False
5343,SITE-021,PART-1696,2024-09-12,EQ-6724,completed,10,0,False
5344,SITE-066,PART-1129,2023-08-12,EQ-7399,deferred,16,6,False
5345,SITE-090,PART-9512,2025-08-11,EQ-2456,deferred,30,13,True
5346,SITE-064,PART-1358,2023-10-27,EQ-2832,open,21,7,False
5347,SITE-052,PART-6430,2023-06-11,EQ-8317,in_progress,4,35,False
5348,SITE-041,PART-8427,2025-04-23,EQ-5148,awaiting_parts,26,45,False
5349,SITE-003,PART-7181,2024-07-12,EQ-7315,in_progress,4,36,False
5350,SITE-039,PART-8840,2024-12-05,EQ-3107,open,3,14,False
5351,SITE-008,PART-8423,2025-12-15,EQ-2209,deferred,20,34,False
5352,SITE-004,PART-8727,2026-12-26,EQ-5273,deferred,19,34,False
5353,SITE-032,PART-1591,2025-12-01,EQ-9785,awaiting_parts,1,15,False
5354,SITE-089,PART-9987,2025-11-26,EQ-3034,open,11,23,True
5355,SITE-078,PART-5200,2025-07-05,EQ-4254,open,20,34,False
5356,SITE-037,PART-1934,2024-01-07,EQ-2161,completed,2,0,True
5357,SITE-011,PART-1074,2026-08-28,EQ-9863,awaiting_parts,20,12,False
5358,SITE-010,PART-1524,2024-07-17,EQ-2016,open,13,16,False
5359,SITE-070,PART-6013,2024-03-20,EQ-1183,open,3,10,False
5360,SITE-040,PART-3896,2025-08-14,EQ-5999,in_progress,16,27,False
5361,SITE-047,PART-7083,2025-05-21,EQ-7456,awaiting_parts,7,25,False
5362,SITE-099,PART-4638,2024-10-05,EQ-5989,deferred,19,38,False
5363,SITE-007,PART-7428,2024-03-08,EQ-2808,deferred,16,1,False
5364,SITE-012,PART-8316,2023-10-27,EQ-8099,open,26,23,False
5365,SITE-082,PART-6113,2024-02-26,EQ-7342,deferred,9,6,False
5366,SITE-012,PART-7560,2025-11-08,EQ-6011,completed,8,0,False
5367,SITE-029,PART-6812,2023-12-04,EQ-9990,in_progress,25,8,False
5368,SITE-057,PART-1891,2025-02-16,EQ-9913,deferred,5,24,False
5369,SITE-002,PART-6107,2024-08-23,EQ-5571,deferred,17,41,False
5370,SITE-057,PART-9306,2023-12-25,EQ-6876,awaiting_parts,12,13,False
5371,SITE-054,PART-5070,2026-06-19,EQ-7619,open,9,6,True
5372,SITE-049,PART-4215,2026-03-07,EQ-4711,open,24,17,False
5373,SITE-045,PART-7590,2025-02-28,EQ-9578,deferred,21,8,False
5374,SITE-003,PART-1074,2025-04-15,EQ-6446,completed,6,0,False
5375,SITE-033,PART-6719,2024-11-10,EQ-5880,completed,8,0,False
5376,SITE-046,PART-4802,2026-03-01,EQ-8398,in_progress,11,30,False
5377,SITE-082,PART-6719,2025-05-28,EQ-2268,awaiting_parts,21,10,False
5378,SITE-001,PART-2415,2023-05-02,EQ-8544,open,29,25,False
5379,SITE-097,PART-4014,2025-12-20,EQ-8519,awaiting_parts,10,12,True
5380,SITE-089,PART-9165,2024-08-19,EQ-3364,open,27,36,False
5381,SITE-095,PART-7067,2023-05-25,EQ-5742,completed,10,0,False
5382,SITE-095,PART-9128,2024-11-10,EQ-5870,in_progress,13,16,False
5383,SITE-087,PART-3160,2023-04-27,EQ-7038,in_progress,20,22,False
5384,SITE-021,PART-4297,2025-09-02,EQ-7048,awaiting_parts,25,15,False
5385,SITE-011,PART-3182,2024-05-07,EQ-5749,deferred,30,21,False
5386,SITE-057,PART-7416,2023-07-03,EQ-7798,in_progress,4,7,False
5387,SITE-001,PART-2003,2025-08-06,EQ-5257,awaiting_parts,26,31,False
5388,SITE-010,PART-6991,2025-08-12,EQ-5053,open,14,8,False
5389,SITE-062,PART-5898,2023-06-20,EQ-3856,completed,9,0,False
5390,SITE-064,PART-9467,2023-04-15,EQ-9090,open,30,32,True
5391,SITE-062,PART-5442,2026-08-21,EQ-1361,deferred,9,38,False
5392,SITE-078,PART-1557,2023-08-22,EQ-8304,awaiting_parts,3,16,False
5393,SITE-015,PART-3655,2023-03-13,EQ-4486,in_progress,27,35,False
5394,SITE-029,PART-9795,2025-03-19,EQ-3753,deferred,29,5,False
5395,SITE-040,PART-8025,2024-09-06,EQ-6878,awaiting_parts,22,33,True
5396,SITE-006,PART-3887,2026-02-23,EQ-5441,in_progress,13,14,False
5397,SITE-028,PART-3347,2024-04-02,EQ-9481,awaiting_parts,2,17,False
5398,SITE-039,PART-1534,2025-03-06,EQ-5668,deferred,13,20,False
5399,SITE-038,PART-3258,2026-09-03,EQ-9077,awaiting_parts,15,14,False
5400,SITE-093,PART-7087,2024-05-02,EQ-6040,open,13,10,False
5401,SITE-053,PART-1700,2023-07-05,EQ-1761,awaiting_parts,9,32,False
5402,SITE-041,PART-3349,2023-06-03,EQ-7314,completed,10,0,False
5403,SITE-024,PART-6327,2023-01-23,EQ-1830,awaiting_parts,27,11,False
5404,SITE-089,PART-6072,2026-12-18,EQ-5974,in_progress,9,24,False
5405,SITE-094,PART-7488,2023-07-08,EQ-9263,awaiting_parts,14,31,False
5406,SITE-057,PART-2100,2024-04-22,EQ-6788,in_progress,26,26,False
5407,SITE-088,PART-1673,2023-01-09,EQ-1601,deferred,17,29,False
5408,SITE-081,PART-3015,2026-05-10,EQ-4901,awaiting_parts,29,8,False
5409,SITE-089,PART-3543,2025-05-22,EQ-2747,open,15,45,False
5410,SITE-095,PART-8694,2024-09-13,EQ-5442,in_progress,28,34,False
5411,SITE-033,PART-3109,2026-08-27,EQ-9516,deferred,6,15,False
5412,SITE-077,PART-3793,2026-09-01,EQ-3687,completed,9,0,False
5413,SITE-064,PART-6330,2023-08-14,EQ-3947,open,9,35,False
5414,SITE-057,PART-4035,2024-09-10,EQ-9866,open,30,10,True
5415,SITE-081,PART-2148,2023-08-07,EQ-9618,open,25,22,False
5416,SITE-058,PART-3109,2024-11-23,EQ-1936,awaiting_parts,28,36,False
5417,SITE-002,PART-8874,2026-01-25,EQ-1659,deferred,20,27,False
5418,SITE-013,PART-6069,2024-01-25,EQ-5390,open,21,1,False
5419,SITE-066,PART-2416,2024-02-12,EQ-9138,awaiting_parts,9,35,False
5420,SITE-046,PART-1771,2025-11-07,EQ-6383,deferred,17,12,True
5421,SITE-059,PART-9933,2025-11-06,EQ-3257,completed,5,0,True
5422,SITE-071,PART-1134,2025-02-10,EQ-8951,open,24,25,False
5423,SITE-019,PART-1124,2024-04-11,EQ-5649,deferred,6,43,False
5424,SITE-012,PART-4741,2023-02-20,EQ-3743,open,30,10,False
5425,SITE-005,PART-1771,2025-02-16,EQ-9631,in_progress,8,37,False
5426,SITE-060,PART-9648,2024-10-23,EQ-9336,completed,8,0,False
5427,SITE-053,PART-1291,2024-12-27,EQ-7111,open,7,15,True
5428,SITE-017,PART-8581,2026-12-24,EQ-4819,completed,4,0,False
5429,SITE-100,PART-9119,2023-04-21,EQ-3089,deferred,23,6,False
5430,SITE-015,PART-1695,2023-07-16,EQ-2416,deferred,22,45,False
5431,SITE-049,PART-5698,2025-07-09,EQ-8583,awaiting_parts,24,35,False
5432,SITE-010,PART-1700,2023-06-18,EQ-1897,in_progress,25,9,False
5433,SITE-004,PART-5898,2023-01-09,EQ-2302,deferred,4,23,False
5434,SITE-047,PART-4662,2026-07-27,EQ-7560,completed,0,0,False
5435,SITE-019,PART-6826,2025-01-13,EQ-8693,in_progress,7,36,False
5436,SITE-022,PART-7537,2024-02-10,EQ-1857,open,9,14,False
5437,SITE-022,PART-2952,2026-11-10,EQ-4538,completed,3,0,False
5438,SITE-084,PART-4335,2023-08-19,EQ-8684,completed,3,0,False
5439,SITE-028,PART-5961,2023-11-17,EQ-7601,deferred,15,43,False
5440,SITE-063,PART-2773,2023-01-14,EQ-9363,deferred,25,34,False
5441,SITE-045,PART-6327,2025-05-10,EQ-2543,in_progress,17,4,False
5442,SITE-095,PART-9605,2023-09-25,EQ-2257,deferred,30,15,False
5443,SITE-076,PART-2246,2023-01-22,EQ-1349,completed,1,0,False
5444,SITE-061,PART-1945,2026-11-20,EQ-1824,completed,10,0,False
5445,SITE-016,PART-9090,2024-08-22,EQ-6341,open,30,37,False
5446,SITE-020,PART-5503,2026-05-01,EQ-8310,awaiting_parts,13,36,False
5447,SITE-063,PART-5460,2025-11-11,EQ-9491,open,15,27,False
5448,SITE-061,PART-2394,2024-04-04,EQ-5534,in_progress,5,3,True
5449,SITE-072,PART-9632,2025-11-21,EQ-7401,completed,2,0,False
5450,SITE-098,PART-9216,2026-06-26,EQ-2136,completed,2,0,False
5451,SITE-097,PART-7690,2023-04-20,EQ-2744,awaiting_parts,11,29,False
5452,SITE-086,PART-2217,2023-08-11,EQ-7381,awaiting_parts,18,41,False
5453,SITE-099,PART-1724,2025-01-16,EQ-4746,in_progress,25,28,True
5454,SITE-012,PART-2779,2023-11-07,EQ-6820,deferred,10,14,False
5455,SITE-003,PART-8558,2026-06-15,EQ-6056,in_progress,1,35,False
5456,SITE-100,PART-1343,2025-04-10,EQ-2087,awaiting_parts,26,36,True
5457,SITE-039,PART-9278,2023-06-10,EQ-7824,awaiting_parts,1,7,False
5458,SITE-065,PART-1074,2026-01-13,EQ-8464,in_progress,10,41,False
5459,SITE-043,PART-7991,2026-12-13,EQ-2064,open,21,9,True
5460,SITE-031,PART-5198,2024-04-06,EQ-6439,awaiting_parts,21,32,False
5461,SITE-019,PART-9121,2025-08-02,EQ-2159,in_progress,27,19,False
5462,SITE-013,PART-7785,2026-11-16,EQ-8929,in_progress,9,3,False
5463,SITE-094,PART-1214,2026-03-23,EQ-5115,deferred,22,31,False
5464,SITE-094,PART-4112,2026-12-15,EQ-7900,completed,5,0,False
5465,SITE-061,PART-9528,2026-11-06,EQ-7268,open,13,30,False
5466,SITE-070,PART-1684,2024-12-01,EQ-7581,awaiting_parts,6,20,False
5467,SITE-044,PART-2131,2025-07-10,EQ-9625,deferred,21,31,False
5468,SITE-052,PART-7735,2023-09-10,EQ-5543,open,3,31,False
5469,SITE-094,PART-4382,2024-05-08,EQ-2590,in_progress,27,20,False
5470,SITE-001,PART-6176,2025-12-11,EQ-8145,awaiting_parts,19,15,False
5471,SITE-039,PART-3715,2024-04-09,EQ-4200,completed,0,0,False
5472,SITE-083,PART-8505,2025-04-05,EQ-8551,open,28,3,False
5473,SITE-085,PART-9458,2025-06-08,EQ-4387,open,19,38,False
5474,SITE-085,PART-7431,2023-09-19,EQ-5069,in_progress,26,11,False
5475,SITE-059,PART-7203,2023-01-17,EQ-7158,in_progress,15,10,False
5476,SITE-086,PART-7577,2024-02-28,EQ-4776,open,8,6,False
5477,SITE-012,PART-4062,2024-01-21,EQ-3846,deferred,24,24,False
5478,SITE-067,PART-7093,2026-05-16,EQ-7437,in_progress,5,1,False
5479,SITE-031,PART-8384,2024-12-03,EQ-2704,awaiting_parts,28,13,False
5480,SITE-024,PART-5460,2023-06-24,EQ-9644,deferred,6,14,True
5481,SITE-057,PART-1768,2023-01-25,EQ-3159,awaiting_parts,1,32,False
5482,SITE-058,PART-6812,2023-01-07,EQ-5656,awaiting_parts,6,30,False
5483,SITE-098,PART-7087,2026-01-28,EQ-1711,in_progress,5,6,False
5484,SITE-059,PART-5813,2024-05-06,EQ-4511,awaiting_parts,12,18,False
5485,SITE-007,PART-2036,2023-07-25,EQ-8991,in_progress,14,25,False
5486,SITE-029,PART-5682,2026-02-12,EQ-4847,open,26,4,False
5487,SITE-035,PART-8593,2024-01-25,EQ-6663,deferred,11,19,False
5488,SITE-098,PART-2165,2023-01-16,EQ-7059,open,10,18,False
5489,SITE-031,PART-4752,2025-08-16,EQ-2562,awaiting_parts,28,26,False
5490,SITE-016,PART-3015,2026-01-27,EQ-6177,open,22,45,False
5491,SITE-050,PART-6628,2025-01-17,EQ-8184,deferred,28,37,False
5492,SITE-046,PART-3254,2023-07-13,EQ-6932,awaiting_parts,7,39,False
5493,SITE-008,PART-4072,2023-11-07,EQ-5704,deferred,29,16,False
5494,SITE-098,PART-9306,2023-09-02,EQ-8844,deferred,8,19,False
5495,SITE-019,PART-9007,2025-11-14,EQ-4157,in_progress,13,20,False
5496,SITE-020,PART-7586,2025-04-19,EQ-6534,completed,6,0,False
5497,SITE-026,PART-4215,2026-01-16,EQ-1352,in_progress,9,15,False
5498,SITE-013,PART-1198,2024-06-25,EQ-7608,open,23,2,False
5499,SITE-050,PART-4014,2024-04-14,EQ-5347,completed,1,0,False
5500,SITE-054,PART-9272,2026-10-07,EQ-6510,completed,1,0,False
5501,SITE-013,PART-6227,2025-02-22,EQ-8015,in_progress,9,41,True
5502,SITE-024,PART-2699,2026-04-28,EQ-6386,completed,1,0,False
5503,SITE-068,PART-8555,2025-09-11,EQ-4426,awaiting_parts,14,22,False
5504,SITE-021,PART-8199,2024-10-15,EQ-3759,completed,8,0,True
5505,SITE-007,PART-3274,2023-03-13,EQ-1387,awaiting_parts,17,40,False
5506,SITE-049,PART-8113,2025-08-21,EQ-5554,awaiting_parts,10,19,False
5507,SITE-056,PART-1238,2023-07-25,EQ-9975,awaiting_parts,19,10,False
5508,SITE-017,PART-5238,2025-04-02,EQ-9221,open,25,26,False
5509,SITE-013,PART-5445,2023-09-16,EQ-2142,awaiting_parts,26,7,False
5510,SITE-048,PART-7486,2023-07-13,EQ-2545,completed,0,0,False
5511,SITE-066,PART-9037,2025-01-12,EQ-6412,deferred,13,40,False
5512,SITE-087,PART-9216,2024-05-01,EQ-4560,open,15,40,True
5513,SITE-047,PART-7269,2023-04-06,EQ-2501,open,10,31,False
5514,SITE-090,PART-1259,2025-08-07,EQ-7624,in_progress,23,33,False
5515,SITE-070,PART-4748,2026-09-18,EQ-3771,completed,3,0,False
5516,SITE-089,PART-3201,2026-01-13,EQ-7844,completed,10,0,False
5517,SITE-049,PART-7200,2023-11-05,EQ-9217,completed,0,0,False
5518,SITE-086,PART-3715,2025-05-22,EQ-5731,in_progress,27,42,False
5519,SITE-021,PART-8144,2023-02-14,EQ-4473,in_progress,19,16,True
5520,SITE-033,PART-2445,2023-11-04,EQ-1240,deferred,30,22,False
5521,SITE-011,PART-5219,2024-01-10,EQ-4854,deferred,12,45,True
5522,SITE-055,PART-1363,2024-02-14,EQ-6963,open,7,22,True
5523,SITE-093,PART-2773,2026-08-26,EQ-8342,in_progress,29,35,False
5524,SITE-053,PART-3435,2023-01-04,EQ-7694,open,11,40,False
5525,SITE-064,PART-7690,2023-07-02,EQ-9261,awaiting_parts,17,9,False
5526,SITE-024,PART-3251,2026-04-11,EQ-8930,open,23,41,False
5527,SITE-006,PART-5646,2025-05-14,EQ-2667,awaiting_parts,24,33,False
5528,SITE-059,PART-8727,2024-07-04,EQ-4888,in_progress,13,30,False
5529,SITE-096,PART-1474,2024-12-14,EQ-5509,in_progress,16,29,False
5530,SITE-071,PART-5460,2025-04-05,EQ-5676,completed,5,0,False
5531,SITE-060,PART-7444,2024-08-15,EQ-2850,in_progress,2,2,False
5532,SITE-012,PART-7524,2023-02-09,EQ-4086,in_progress,25,38,False
5533,SITE-052,PART-7590,2026-11-06,EQ-9798,open,21,10,False
5534,SITE-026,PART-4309,2024-02-02,EQ-1952,completed,6,0,False
5535,SITE-100,PART-2122,2025-12-23,EQ-3791,completed,3,0,False
5536,SITE-080,PART-4058,2026-08-11,EQ-1506,completed,10,0,False
5537,SITE-022,PART-1218,2025-11-22,EQ-4909,open,9,27,False
5538,SITE-047,PART-7203,2024-09-03,EQ-9941,in_progress,3,14,False
5539,SITE-088,PART-9913,2023-09-20,EQ-3892,awaiting_parts,6,25,False
5540,SITE-094,PART-6023,2026-04-16,EQ-3665,in_progress,20,8,False
5541,SITE-017,PART-8762,2025-08-24,EQ-7681,in_progress,18,25,False
5542,SITE-032,PART-2131,2026-09-11,EQ-4034,open,4,14,False
5543,SITE-052,PART-8163,2024-07-19,EQ-8686,awaiting_parts,11,11,False
5544,SITE-027,PART-2039,2026-02-02,EQ-3054,deferred,14,6,False
5545,SITE-020,PART-5646,2026-04-14,EQ-8704,awaiting_parts,11,2,False
5546,SITE-073,PART-7971,2025-09-09,EQ-2144,completed,9,0,False
5547,SITE-092,PART-5646,2023-01-16,EQ-1355,deferred,18,1,True
5548,SITE-034,PART-5072,2026-03-28,EQ-3899,open,13,26,False
5549,SITE-085,PART-7977,2026-10-13,EQ-9228,completed,3,0,False
5550,SITE-052,PART-9492,2026-03-05,EQ-8417,completed,10,0,True
5551,SITE-046,PART-7087,2023-07-27,EQ-6064,deferred,23,45,True
5552,SITE-058,PART-5150,2023-11-04,EQ-9014,open,18,14,False
5553,SITE-015,PART-8322,2024-07-02,EQ-6229,completed,6,0,False
5554,SITE-030,PART-5432,2025-04-13,EQ-8243,deferred,21,29,False
5555,SITE-079,PART-8384,2024-08-19,EQ-6605,in_progress,8,18,False
5556,SITE-064,PART-6013,2026-12-16,EQ-7868,completed,0,0,False
5557,SITE-052,PART-5693,2025-07-23,EQ-7181,in_progress,6,5,False
5558,SITE-073,PART-1496,2026-02-27,EQ-8583,awaiting_parts,28,26,False
5559,SITE-075,PART-4148,2025-10-27,EQ-2867,in_progress,23,34,False
5560,SITE-011,PART-3819,2026-06-20,EQ-1443,awaiting_parts,13,40,False
5561,SITE-042,PART-6803,2023-03-10,EQ-6626,in_progress,7,11,False
5562,SITE-053,PART-7903,2024-06-16,EQ-3340,open,14,19,False
5563,SITE-008,PART-7290,2024-12-24,EQ-8715,in_progress,29,8,False
5564,SITE-055,PART-7740,2024-09-12,EQ-9383,open,11,45,False
5565,SITE-080,PART-2622,2023-02-10,EQ-4385,awaiting_parts,10,2,False
5566,SITE-092,PART-3349,2026-11-06,EQ-4301,in_progress,21,32,False
5567,SITE-071,PART-7684,2023-01-09,EQ-9462,deferred,11,45,False
5568,SITE-095,PART-3231,2026-08-12,EQ-4601,deferred,22,36,False
5569,SITE-027,PART-3291,2026-09-13,EQ-1174,open,15,30,False
5570,SITE-079,PART-1945,2023-04-12,EQ-6259,open,21,13,True
5571,SITE-083,PART-4449,2025-12-24,EQ-5865,deferred,20,39,False
5572,SITE-023,PART-2867,2026-08-21,EQ-8295,completed,4,0,False
5573,SITE-007,PART-3592,2026-09-21,EQ-5241,awaiting_parts,1,21,False
5574,SITE-049,PART-1942,2025-11-10,EQ-2200,open,23,26,False
5575,SITE-096,PART-5784,2024-11-04,EQ-8259,open,18,15,False
5576,SITE-032,PART-3109,2026-03-03,EQ-1818,open,7,15,False
5577,SITE-027,PART-8876,2026-05-06,EQ-4294,deferred,27,14,False
5578,SITE-031,PART-6951,2025-10-04,EQ-7993,open,24,43,False
5579,SITE-002,PART-2213,2026-04-10,EQ-3225,deferred,20,5,True
5580,SITE-036,PART-6572,2024-11-28,EQ-2156,completed,10,0,False
5581,SITE-002,PART-9467,2024-08-22,EQ-2336,awaiting_parts,5,39,False
5582,SITE-056,PART-7761,2026-11-01,EQ-2111,deferred,25,22,False
5583,SITE-009,PART-2733,2023-12-01,EQ-8689,in_progress,16,34,False
5584,SITE-060,PART-2098,2025-01-10,EQ-2211,in_progress,13,37,False
5585,SITE-084,PART-3349,2024-11-03,EQ-9454,deferred,17,15,False
5586,SITE-079,PART-8199,2024-12-26,EQ-4798,open,22,16,True
5587,SITE-044,PART-1921,2025-11-02,EQ-9223,awaiting_parts,18,35,False
5588,SITE-006,PART-7942,2023-04-24,EQ-4515,awaiting_parts,13,37,False
5589,SITE-042,PART-4573,2025-04-15,EQ-3654,in_progress,5,32,False
5590,SITE-080,PART-1236,2025-04-21,EQ-3545,open,28,14,False
5591,SITE-016,PART-3531,2026-07-18,EQ-8910,in_progress,8,5,False
5592,SITE-056,PART-4694,2026-11-16,EQ-9114,awaiting_parts,4,13,False
5593,SITE-063,PART-7384,2024-10-07,EQ-7411,open,20,37,True
5594,SITE-049,PART-4112,2025-02-04,EQ-2481,completed,5,0,False
5595,SITE-021,PART-5781,2025-03-21,EQ-9720,completed,0,0,False
5596,SITE-098,PART-6947,2026-11-14,EQ-5314,completed,3,0,False
5597,SITE-043,PART-2419,2025-12-13,EQ-2230,in_progress,24,36,True
5598,SITE-063,PART-4997,2023-09-23,EQ-6962,deferred,3,32,False
5599,SITE-055,PART-1474,2026-06-23,EQ-2652,in_progress,16,27,False
5600,SITE-032,PART-7498,2024-03-06,EQ-3406,open,29,18,False
5601,SITE-050,PART-7321,2024-07-01,EQ-1004,open,20,24,False
5602,SITE-100,PART-2830,2025-12-09,EQ-5368,in_progress,24,37,False
5603,SITE-023,PART-4072,2025-11-14,EQ-8046,completed,5,0,False
5604,SITE-089,PART-5415,2025-01-10,EQ-9512,completed,3,0,False
5605,SITE-053,PART-9334,2025-10-05,EQ-5998,completed,3,0,False
5606,SITE-032,PART-8396,2023-06-04,EQ-1667,completed,10,0,True
5607,SITE-069,PART-2897,2024-11-06,EQ-7965,deferred,15,44,True
5608,SITE-046,PART-7641,2024-01-04,EQ-2464,open,15,39,False
5609,SITE-075,PART-9679,2023-08-24,EQ-9484,completed,7,0,False
5610,SITE-001,PART-4247,2024-11-24,EQ-8444,deferred,21,38,False
5611,SITE-009,PART-6112,2025-12-27,EQ-9401,deferred,1,8,False
5612,SITE-053,PART-2958,2023-10-05,EQ-9031,completed,4,0,False
5613,SITE-004,PART-9605,2025-12-02,EQ-2329,awaiting_parts,27,15,True
5614,SITE-026,PART-1918,2025-08-23,EQ-2966,in_progress,4,44,False
5615,SITE-060,PART-7314,2023-07-25,EQ-8589,in_progress,13,7,False
5616,SITE-007,PART-3347,2026-04-01,EQ-7933,in_progress,27,45,False
5617,SITE-035,PART-2622,2026-06-27,EQ-3337,awaiting_parts,23,10,False
5618,SITE-005,PART-2036,2024-05-19,EQ-5464,deferred,12,35,False
5619,SITE-043,PART-6542,2024-03-05,EQ-8164,deferred,26,35,False
5620,SITE-077,PART-4802,2025-07-28,EQ-9133,open,21,17,False
5621,SITE-030,PART-6412,2023-11-17,EQ-1823,completed,8,0,True
5622,SITE-056,PART-8211,2025-02-10,EQ-2724,open,6,25,False
5623,SITE-088,PART-7794,2023-06-13,EQ-4885,completed,7,0,False
5624,SITE-094,PART-7345,2023-05-05,EQ-8007,deferred,1,16,False
5625,SITE-001,PART-2281,2026-01-16,EQ-2209,awaiting_parts,5,11,False
5626,SITE-059,PART-5921,2023-11-12,EQ-8322,awaiting_parts,9,25,False
5627,SITE-052,PART-3858,2026-07-27,EQ-6636,completed,5,0,False
5628,SITE-045,PART-5150,2026-06-04,EQ-9070,open,26,5,False
5629,SITE-020,PART-9377,2026-04-23,EQ-4654,awaiting_parts,30,7,False
5630,SITE-075,PART-8483,2024-09-02,EQ-7397,awaiting_parts,21,26,False
5631,SITE-067,PART-2415,2026-11-08,EQ-3759,in_progress,10,17,False
5632,SITE-064,PART-2218,2023-07-25,EQ-6972,in_progress,17,25,False
5633,SITE-031,PART-3839,2024-03-12,EQ-5907,in_progress,5,38,False
5634,SITE-005,PART-2068,2023-06-03,EQ-4780,awaiting_parts,14,9,False
5635,SITE-078,PART-8783,2024-10-04,EQ-7259,open,30,11,False
5636,SITE-015,PART-6072,2025-09-24,EQ-7583,in_progress,25,4,False
5637,SITE-005,PART-6854,2026-12-20,EQ-2963,awaiting_parts,7,11,True
5638,SITE-019,PART-4031,2023-10-06,EQ-4711,deferred,7,2,False
5639,SITE-069,PART-5496,2026-02-21,EQ-5307,awaiting_parts,7,2,False
5640,SITE-089,PART-7121,2024-01-23,EQ-5141,awaiting_parts,29,23,False
5641,SITE-021,PART-8876,2025-07-05,EQ-8284,completed,3,0,True
5642,SITE-060,PART-9114,2026-11-20,EQ-8943,completed,2,0,False
5643,SITE-031,PART-9549,2023-12-03,EQ-5029,completed,6,0,False
5644,SITE-060,PART-7495,2024-02-06,EQ-5869,in_progress,18,36,False
5645,SITE-047,PART-9181,2023-08-16,EQ-1758,completed,8,0,False
5646,SITE-084,PART-5193,2024-06-17,EQ-2804,completed,1,0,False
5647,SITE-053,PART-7746,2026-12-10,EQ-8626,awaiting_parts,10,30,False
5648,SITE-072,PART-1547,2024-11-20,EQ-9115,in_progress,5,4,True
5649,SITE-073,PART-9987,2023-04-22,EQ-5958,in_progress,12,9,False
5650,SITE-053,PART-2422,2025-03-25,EQ-2117,deferred,10,44,False
5651,SITE-083,PART-7020,2025-05-08,EQ-4911,in_progress,10,9,False
5652,SITE-039,PART-2794,2023-10-14,EQ-2839,awaiting_parts,19,38,False
5653,SITE-048,PART-9921,2024-03-19,EQ-4982,in_progress,8,28,False
5654,SITE-063,PART-9629,2023-01-07,EQ-5310,deferred,12,20,False
5655,SITE-071,PART-1496,2023-05-15,EQ-3705,in_progress,5,5,True
5656,SITE-040,PART-8113,2023-12-10,EQ-2780,completed,3,0,True
5657,SITE-001,PART-8695,2023-09-27,EQ-4242,open,2,20,False
5658,SITE-023,PART-3251,2023-07-08,EQ-4060,completed,9,0,True
5659,SITE-002,PART-9119,2025-03-14,EQ-9413,completed,3,0,False
5660,SITE-069,PART-6615,2023-02-07,EQ-7791,deferred,15,12,False
5661,SITE-057,PART-7794,2026-02-08,EQ-7629,in_progress,21,6,True
5662,SITE-087,PART-5921,2024-11-07,EQ-7769,deferred,19,37,False
5663,SITE-084,PART-9451,2025-01-09,EQ-5032,awaiting_parts,26,29,False
5664,SITE-008,PART-5200,2026-05-12,EQ-9077,open,2,26,False
5665,SITE-030,PART-1402,2026-09-23,EQ-7967,deferred,3,8,False
5666,SITE-008,PART-8214,2024-12-18,EQ-4360,completed,7,0,True
5667,SITE-066,PART-6975,2023-09-25,EQ-8183,open,14,9,False
5668,SITE-059,PART-1456,2023-09-12,EQ-2802,awaiting_parts,28,13,False
5669,SITE-059,PART-2739,2026-04-13,EQ-9622,in_progress,30,11,False
5670,SITE-008,PART-2577,2025-10-06,EQ-8127,in_progress,10,34,True
5671,SITE-052,PART-6588,2025-11-18,EQ-5705,in_progress,5,18,False
5672,SITE-014,PART-2802,2024-11-22,EQ-6441,awaiting_parts,10,36,False
5673,SITE-030,PART-3739,2024-11-21,EQ-2897,completed,7,0,True
5674,SITE-006,PART-9704,2025-04-21,EQ-4101,in_progress,19,5,False
5675,SITE-013,PART-5898,2026-10-09,EQ-3747,awaiting_parts,29,37,False
5676,SITE-082,PART-1363,2023-11-16,EQ-6105,in_progress,2,17,False
5677,SITE-059,PART-5198,2025-04-25,EQ-5275,in_progress,16,14,False
5678,SITE-047,PART-3808,2026-03-27,EQ-8568,in_progress,16,30,False
5679,SITE-005,PART-1402,2024-11-03,EQ-1637,in_progress,30,38,False
5680,SITE-001,PART-5127,2023-01-27,EQ-9978,deferred,20,29,True
5681,SITE-008,PART-1138,2023-02-16,EQ-9180,completed,10,0,False
5682,SITE-077,PART-8163,2023-06-17,EQ-3054,deferred,8,45,False
5683,SITE-058,PART-1710,2024-07-16,EQ-9455,in_progress,28,8,False
5684,SITE-004,PART-6627,2025-04-13,EQ-2462,open,16,36,False
5685,SITE-072,PART-3858,2023-07-25,EQ-3528,in_progress,25,27,False
5686,SITE-027,PART-8279,2025-07-25,EQ-8408,deferred,8,5,False
5687,SITE-071,PART-2127,2025-06-22,EQ-3185,in_progress,19,10,False
5688,SITE-071,PART-1194,2024-11-03,EQ-7774,in_progress,17,44,True
5689,SITE-034,PART-9208,2026-05-04,EQ-6050,completed,1,0,True
5690,SITE-011,PART-2416,2025-07-07,EQ-2734,completed,3,0,False
5691,SITE-014,PART-5150,2025-04-27,EQ-3709,completed,3,0,False
5692,SITE-062,PART-4092,2026-11-06,EQ-4213,in_progress,25,7,False
5693,SITE-084,PART-9679,2026-05-08,EQ-3472,awaiting_parts,17,32,False
5694,SITE-013,PART-3663,2023-02-08,EQ-1245,in_progress,30,19,False
5695,SITE-051,PART-2758,2023-04-26,EQ-3717,in_progress,13,34,False
5696,SITE-020,PART-2135,2026-08-17,EQ-1418,open,4,44,False
5697,SITE-067,PART-2896,2023-10-18,EQ-8132,in_progress,22,19,False
5698,SITE-092,PART-8427,2026-11-23,EQ-6790,in_progress,14,42,False
5699,SITE-039,PART-9613,2023-08-10,EQ-3966,in_progress,3,18,False
5700,SITE-065,PART-2213,2025-09-07,EQ-7818,completed,4,0,False
5701,SITE-100,PART-7277,2023-11-11,EQ-9271,deferred,18,32,False
5702,SITE-053,PART-4662,2024-10-08,EQ-5642,awaiting_parts,6,4,False
5703,SITE-097,PART-3182,2024-08-18,EQ-1689,completed,8,0,False
5704,SITE-047,PART-4638,2023-08-11,EQ-8262,open,22,41,False
5705,SITE-034,PART-6991,2025-04-26,EQ-6061,open,26,20,False
5706,SITE-046,PART-9406,2023-08-20,EQ-3161,open,20,13,False
5707,SITE-047,PART-2406,2026-08-23,EQ-5052,completed,8,0,False
5708,SITE-015,PART-9255,2024-08-12,EQ-2021,awaiting_parts,11,45,True
5709,SITE-092,PART-7433,2024-09-10,EQ-9343,in_progress,20,14,False
5710,SITE-055,PART-3793,2026-06-15,EQ-4711,completed,4,0,False
5711,SITE-073,PART-7690,2024-02-07,EQ-1883,in_progress,30,2,False
5712,SITE-045,PART-2733,2024-06-17,EQ-4112,in_progress,16,41,False
5713,SITE-062,PART-2125,2024-05-15,EQ-3493,in_progress,12,32,False
5714,SITE-007,PART-2794,2023-10-07,EQ-5870,deferred,1,15,False
5715,SITE-058,PART-7277,2024-07-24,EQ-9085,deferred,8,40,False
5716,SITE-073,PART-1194,2025-06-16,EQ-2221,in_progress,1,38,False
5717,SITE-026,PART-9388,2023-01-09,EQ-6646,deferred,6,1,False
5718,SITE-094,PART-4518,2023-01-16,EQ-5326,open,10,7,False
5719,SITE-028,PART-6829,2025-10-01,EQ-8689,completed,1,0,False
5720,SITE-061,PART-8675,2024-12-10,EQ-1142,deferred,26,9,False
5721,SITE-078,PART-7413,2023-02-25,EQ-5240,deferred,6,12,False
5722,SITE-063,PART-5749,2026-02-20,EQ-8415,in_progress,29,10,True
5723,SITE-063,PART-5543,2023-11-20,EQ-1793,deferred,13,45,False
5724,SITE-090,PART-9679,2024-05-24,EQ-8406,deferred,18,17,False
5725,SITE-074,PART-1129,2025-08-01,EQ-6644,in_progress,24,42,False
5726,SITE-027,PART-4694,2025-08-07,EQ-4841,in_progress,13,37,True
5727,SITE-054,PART-6884,2026-06-22,EQ-4989,completed,2,0,False
5728,SITE-032,PART-2218,2024-02-17,EQ-2606,open,8,31,False
5729,SITE-013,PART-9278,2025-10-16,EQ-6482,in_progress,21,16,False
5730,SITE-014,PART-8823,2024-04-19,EQ-2811,deferred,8,17,False
5731,SITE-093,PART-8986,2025-10-20,EQ-4992,awaiting_parts,17,20,False
5732,SITE-071,PART-1061,2024-02-19,EQ-3839,in_progress,27,4,False
5733,SITE-099,PART-2356,2024-08-06,EQ-6153,awaiting_parts,19,32,False
5734,SITE-083,PART-7634,2025-08-15,EQ-4838,in_progress,4,28,False
5735,SITE-048,PART-8635,2025-03-05,EQ-1417,completed,2,0,False
5736,SITE-082,PART-9263,2023-05-19,EQ-7841,deferred,23,37,False
5737,SITE-075,PART-1715,2023-11-02,EQ-2799,completed,5,0,False
5738,SITE-022,PART-9586,2026-04-02,EQ-8395,completed,4,0,False
5739,SITE-064,PART-8427,2023-06-23,EQ-2993,awaiting_parts,9,35,False
5740,SITE-050,PART-2276,2025-04-10,EQ-1352,in_progress,26,8,False
5741,SITE-032,PART-1945,2026-07-18,EQ-6192,awaiting_parts,12,35,False
5742,SITE-003,PART-4137,2023-01-28,EQ-6163,in_progress,20,39,False
5743,SITE-040,PART-3289,2025-04-28,EQ-6912,awaiting_parts,22,9,False
5744,SITE-068,PART-4324,2024-04-25,EQ-9042,in_progress,5,7,False
5745,SITE-027,PART-9511,2026-01-25,EQ-8603,awaiting_parts,4,41,False
5746,SITE-015,PART-5652,2024-03-12,EQ-9150,deferred,12,43,False
5747,SITE-085,PART-7563,2023-09-16,EQ-5395,in_progress,16,22,False
5748,SITE-006,PART-9586,2026-11-10,EQ-6552,in_progress,22,45,False
5749,SITE-035,PART-5115,2024-11-23,EQ-3466,completed,0,0,False
5750,SITE-058,PART-3895,2023-06-22,EQ-2958,completed,10,0,False
5751,SITE-030,PART-1474,2023-04-18,EQ-8474,open,29,44,False
5752,SITE-097,PART-7159,2023-10-24,EQ-3689,in_progress,10,21,False
5753,SITE-086,PART-1695,2025-11-06,EQ-1950,awaiting_parts,9,3,True
5754,SITE-079,PART-8474,2025-07-03,EQ-3637,open,4,10,False
5755,SITE-039,PART-9833,2023-10-27,EQ-4141,awaiting_parts,5,22,False
5756,SITE-052,PART-2779,2026-07-19,EQ-9938,awaiting_parts,15,32,False
5757,SITE-037,PART-2779,2024-11-02,EQ-2564,completed,8,0,False
5758,SITE-062,PART-6412,2024-05-12,EQ-9433,completed,9,0,False
5759,SITE-055,PART-7008,2023-09-06,EQ-4827,awaiting_parts,30,17,False
5760,SITE-097,PART-6601,2026-07-26,EQ-1447,completed,4,0,False
5761,SITE-005,PART-3808,2024-11-12,EQ-9000,in_progress,7,35,False
5762,SITE-049,PART-7053,2024-05-17,EQ-3255,awaiting_parts,23,24,False
5763,SITE-063,PART-3009,2024-03-08,EQ-5957,in_progress,6,8,False
5764,SITE-025,PART-2748,2023-11-11,EQ-6510,open,28,35,False
5765,SITE-009,PART-2035,2026-03-15,EQ-9449,deferred,2,40,False
5766,SITE-031,PART-1777,2023-04-14,EQ-8001,awaiting_parts,5,28,False
5767,SITE-077,PART-2505,2024-10-01,EQ-7198,awaiting_parts,22,24,False
5768,SITE-030,PART-9184,2026-07-09,EQ-2940,completed,3,0,False
5769,SITE-049,PART-3718,2024-03-17,EQ-4402,awaiting_parts,23,39,False
5770,SITE-038,PART-1934,2023-04-15,EQ-1162,awaiting_parts,29,3,True
5771,SITE-083,PART-3257,2023-07-21,EQ-4248,completed,4,0,True
5772,SITE-024,PART-5415,2026-12-16,EQ-3603,completed,8,0,False
5773,SITE-057,PART-9336,2026-09-07,EQ-5139,completed,7,0,False
5774,SITE-040,PART-3715,2024-02-08,EQ-4140,deferred,13,45,True
5775,SITE-003,PART-6567,2026-08-25,EQ-8465,deferred,4,4,False
5776,SITE-092,PART-4836,2025-05-01,EQ-4965,deferred,2,11,False
5777,SITE-030,PART-5674,2023-06-13,EQ-5888,open,18,35,False
5778,SITE-057,PART-1416,2025-02-23,EQ-5588,completed,0,0,False
5779,SITE-024,PART-7468,2025-05-23,EQ-2793,deferred,23,16,False
5780,SITE-064,PART-5698,2026-03-24,EQ-1757,in_progress,16,4,False
5781,SITE-083,PART-6766,2024-07-21,EQ-2841,in_progress,24,39,False
5782,SITE-062,PART-8635,2026-02-28,EQ-3121,awaiting_parts,19,15,False
5783,SITE-063,PART-2331,2024-09-25,EQ-8794,completed,8,0,False
5784,SITE-084,PART-7424,2024-12-14,EQ-3918,completed,6,0,False
5785,SITE-014,PART-6417,2026-12-15,EQ-3992,in_progress,2,38,False
5786,SITE-064,PART-7016,2026-06-25,EQ-2220,open,28,23,False
5787,SITE-048,PART-2165,2026-12-04,EQ-9502,deferred,29,28,False
5788,SITE-016,PART-3648,2026-09-28,EQ-6655,in_progress,5,11,False
5789,SITE-078,PART-7209,2024-07-23,EQ-5798,awaiting_parts,11,37,False
5790,SITE-074,PART-2122,2023-04-03,EQ-4489,awaiting_parts,24,19,False
5791,SITE-054,PART-5950,2023-06-24,EQ-4682,open,4,30,True
5792,SITE-078,PART-9334,2025-10-27,EQ-8989,awaiting_parts,11,32,False
5793,SITE-067,PART-7588,2026-11-18,EQ-3239,awaiting_parts,26,15,False
5794,SITE-047,PART-2485,2023-11-01,EQ-1698,in_progress,26,38,False
5795,SITE-100,PART-1142,2023-02-17,EQ-1913,deferred,10,38,False
5796,SITE-028,PART-6355,2023-11-19,EQ-8429,open,22,16,False
5797,SITE-006,PART-8943,2024-06-03,EQ-1223,open,1,12,False
5798,SITE-044,PART-9208,2023-02-06,EQ-9563,deferred,13,33,False
5799,SITE-019,PART-7240,2023-09-02,EQ-2764,awaiting_parts,5,3,False
5800,SITE-038,PART-3937,2026-08-22,EQ-3201,deferred,29,44,False
5801,SITE-067,PART-6627,2024-07-14,EQ-7630,deferred,21,13,False
5802,SITE-100,PART-5543,2024-01-23,EQ-8794,completed,10,0,False
5803,SITE-060,PART-9834,2025-04-19,EQ-6214,completed,4,0,False
5804,SITE-001,PART-1124,2023-06-17,EQ-2210,completed,9,0,False
5805,SITE-083,PART-8959,2026-02-16,EQ-8026,completed,9,0,False
5806,SITE-011,PART-1656,2024-11-20,EQ-7827,awaiting_parts,20,23,False
5807,SITE-071,PART-3276,2026-05-15,EQ-8147,open,3,22,False
5808,SITE-083,PART-7684,2025-11-19,EQ-7321,open,5,8,True
5809,SITE-040,PART-6227,2024-07-18,EQ-4805,awaiting_parts,23,13,False
5810,SITE-075,PART-4062,2026-04-08,EQ-1526,deferred,24,5,False
5811,SITE-045,PART-6293,2023-11-19,EQ-8558,awaiting_parts,15,6,False
5812,SITE-024,PART-1783,2025-02-06,EQ-4088,in_progress,4,12,False
5813,SITE-091,PART-6183,2023-02-20,EQ-3269,deferred,14,24,False
5814,SITE-008,PART-4752,2026-09-20,EQ-7451,completed,2,0,True
5815,SITE-030,PART-3349,2023-06-22,EQ-4070,open,29,11,False
5816,SITE-061,PART-3418,2024-02-22,EQ-4005,open,15,40,False
5817,SITE-005,PART-6829,2023-11-17,EQ-9907,open,5,28,False
5818,SITE-022,PART-3663,2023-07-17,EQ-7423,open,23,45,False
5819,SITE-062,PART-9933,2024-07-20,EQ-3743,open,15,33,True
5820,SITE-074,PART-7181,2024-07-11,EQ-1092,awaiting_parts,4,2,False
5821,SITE-076,PART-9775,2026-01-16,EQ-7678,in_progress,8,34,False
5822,SITE-022,PART-2766,2024-02-17,EQ-6104,completed,9,0,False
5823,SITE-036,PART-2269,2025-01-13,EQ-5085,open,9,31,True
5824,SITE-088,PART-3531,2024-10-03,EQ-9018,in_progress,17,29,False
5825,SITE-036,PART-9638,2026-06-22,EQ-1174,deferred,28,22,False
5826,SITE-023,PART-5094,2024-10-21,EQ-3925,completed,9,0,False
5827,SITE-090,PART-6812,2024-11-15,EQ-2422,in_progress,28,5,False
5828,SITE-036,PART-4640,2023-03-26,EQ-7896,in_progress,24,16,False
5829,SITE-040,PART-6983,2025-03-06,EQ-1374,completed,4,0,False
5830,SITE-011,PART-6709,2024-03-15,EQ-4444,deferred,30,23,False
5831,SITE-071,PART-8523,2025-03-01,EQ-9178,awaiting_parts,30,44,False
5832,SITE-002,PART-2970,2025-12-13,EQ-5280,completed,7,0,True
5833,SITE-019,PART-9406,2026-01-04,EQ-3037,open,27,30,False
5834,SITE-096,PART-1463,2025-05-18,EQ-6113,in_progress,6,29,False
5835,SITE-089,PART-7237,2024-06-25,EQ-4113,completed,1,0,False
5836,SITE-005,PART-8694,2024-09-15,EQ-5420,awaiting_parts,1,39,False
5837,SITE-043,PART-4216,2025-07-15,EQ-4896,completed,10,0,False
5838,SITE-097,PART-7366,2023-10-25,EQ-2849,in_progress,30,27,False
5839,SITE-025,PART-6768,2026-01-17,EQ-9773,deferred,30,40,False
5840,SITE-061,PART-6574,2026-03-27,EQ-5993,in_progress,12,17,False
5841,SITE-030,PART-5354,2024-02-16,EQ-4678,deferred,28,8,False
5842,SITE-084,PART-2699,2025-06-21,EQ-9726,completed,8,0,True
5843,SITE-017,PART-2758,2025-08-21,EQ-1619,deferred,19,14,False
5844,SITE-002,PART-1147,2024-01-05,EQ-6604,awaiting_parts,20,17,False
5845,SITE-098,PART-1249,2024-04-09,EQ-2651,in_progress,16,19,False
5846,SITE-034,PART-7599,2023-04-18,EQ-9733,open,13,32,True
5847,SITE-060,PART-7358,2024-05-27,EQ-6572,awaiting_parts,12,39,False
5848,SITE-063,PART-8723,2025-08-09,EQ-4726,in_progress,20,20,False
5849,SITE-018,PART-4538,2023-07-21,EQ-3288,deferred,4,30,True
5850,SITE-074,PART-8558,2026-02-28,EQ-6883,completed,5,0,False
5851,SITE-014,PART-1524,2023-08-05,EQ-1408,awaiting_parts,4,37,False
5852,SITE-029,PART-4297,2023-04-24,EQ-7539,deferred,7,44,False
5853,SITE-050,PART-7416,2025-04-18,EQ-5908,deferred,10,36,False
5854,SITE-046,PART-6412,2023-12-27,EQ-1467,awaiting_parts,25,14,False
5855,SITE-079,PART-8874,2025-07-26,EQ-5493,completed,6,0,True
5856,SITE-055,PART-4397,2026-12-24,EQ-7810,completed,2,0,False
5857,SITE-075,PART-8694,2025-10-25,EQ-6487,deferred,16,8,False
5858,SITE-030,PART-3276,2026-09-08,EQ-7328,completed,2,0,False
5859,SITE-070,PART-4247,2026-03-27,EQ-3067,awaiting_parts,22,31,False
5860,SITE-055,PART-6176,2025-03-02,EQ-2594,in_progress,3,36,False
5861,SITE-066,PART-6572,2026-03-07,EQ-2530,in_progress,16,24,False
5862,SITE-009,PART-6069,2024-06-17,EQ-4214,open,18,2,False
5863,SITE-014,PART-4804,2024-06-09,EQ-8676,deferred,11,13,False
5864,SITE-055,PART-6811,2023-02-27,EQ-6768,completed,7,0,False
5865,SITE-054,PART-4031,2026-05-28,EQ-7666,open,2,16,False
5866,SITE-086,PART-5646,2024-03-19,EQ-4082,awaiting_parts,30,31,True
5867,SITE-058,PART-8316,2023-08-28,EQ-3087,open,5,14,False
5868,SITE-066,PART-7298,2024-03-12,EQ-5889,in_progress,8,36,True
5869,SITE-039,PART-6894,2025-01-10,EQ-6211,completed,5,0,True
5870,SITE-086,PART-2122,2023-01-28,EQ-1135,in_progress,25,11,False
5871,SITE-038,PART-3349,2026-07-18,EQ-9265,deferred,25,45,False
5872,SITE-014,PART-6023,2026-04-03,EQ-6906,open,2,26,False
5873,SITE-017,PART-9114,2023-02-28,EQ-8359,deferred,6,39,False
5874,SITE-002,PART-5743,2024-08-21,EQ-6957,awaiting_parts,26,5,False
5875,SITE-066,PART-6787,2024-12-09,EQ-4761,deferred,9,31,False
5876,SITE-100,PART-4582,2023-07-27,EQ-2868,in_progress,10,22,False
5877,SITE-076,PART-6888,2023-06-01,EQ-5884,open,20,15,False
5878,SITE-021,PART-9037,2023-04-06,EQ-5132,awaiting_parts,2,21,False
5879,SITE-029,PART-3162,2023-02-21,EQ-5811,in_progress,1,9,False
5880,SITE-007,PART-9467,2023-01-01,EQ-3912,completed,4,0,False
5881,SITE-071,PART-9586,2024-03-08,EQ-2112,deferred,25,7,False
5882,SITE-043,PART-8505,2024-02-01,EQ-8574,completed,10,0,False
5883,SITE-078,PART-8690,2025-02-26,EQ-1481,completed,5,0,True
5884,SITE-081,PART-2799,2025-11-24,EQ-5098,deferred,16,14,False
5885,SITE-009,PART-4804,2026-02-23,EQ-7064,open,10,16,False
5886,SITE-019,PART-9679,2026-05-18,EQ-5512,awaiting_parts,5,32,False
5887,SITE-079,PART-4198,2025-03-22,EQ-3290,in_progress,26,15,False
5888,SITE-092,PART-2331,2025-10-24,EQ-7213,awaiting_parts,19,30,False
5889,SITE-019,PART-4603,2023-11-11,EQ-4862,awaiting_parts,15,19,False
5890,SITE-074,PART-8896,2023-12-28,EQ-1658,deferred,25,41,False
5891,SITE-027,PART-1872,2025-09-10,EQ-7551,awaiting_parts,15,12,False
5892,SITE-079,PART-2683,2026-11-27,EQ-9906,open,1,11,True
5893,SITE-069,PART-1926,2026-06-06,EQ-6400,completed,1,0,False
5894,SITE-047,PART-7537,2024-03-24,EQ-8513,awaiting_parts,1,38,False
5895,SITE-003,PART-4297,2023-03-03,EQ-8784,completed,9,0,False
5896,SITE-071,PART-3811,2024-11-16,EQ-6713,open,27,45,False
5897,SITE-031,PART-7020,2023-07-01,EQ-5933,awaiting_parts,5,35,True
5898,SITE-053,PART-7537,2023-03-06,EQ-3580,in_progress,1,24,False
5899,SITE-094,PART-7944,2023-09-03,EQ-4356,in_progress,15,10,False
5900,SITE-004,PART-7505,2026-11-25,EQ-2347,open,26,2,False
5901,SITE-055,PART-2748,2025-08-13,EQ-5734,completed,7,0,False
5902,SITE-020,PART-7608,2026-02-12,EQ-1954,completed,9,0,False
5903,SITE-045,PART-3959,2024-04-17,EQ-2436,in_progress,26,4,False
5904,SITE-037,PART-2035,2025-02-17,EQ-2835,awaiting_parts,17,13,False
5905,SITE-004,PART-5749,2023-04-03,EQ-2683,completed,0,0,False
5906,SITE-027,PART-3822,2025-02-08,EQ-3962,in_progress,6,15,False
5907,SITE-031,PART-7745,2026-07-01,EQ-8654,awaiting_parts,13,8,False
5908,SITE-042,PART-1343,2025-03-25,EQ-5277,in_progress,1,17,False
5909,SITE-093,PART-4198,2026-06-27,EQ-5085,completed,0,0,False
5910,SITE-042,PART-5950,2024-03-24,EQ-2116,awaiting_parts,9,29,False
5911,SITE-053,PART-9629,2025-05-10,EQ-1189,in_progress,18,15,True
5912,SITE-047,PART-3070,2026-04-13,EQ-4886,open,19,21,False
5913,SITE-066,PART-9292,2025-08-16,EQ-3329,deferred,5,34,False
5914,SITE-099,PART-1124,2026-04-07,EQ-5876,open,5,5,False
5915,SITE-057,PART-5805,2024-06-10,EQ-2340,deferred,10,6,False
5916,SITE-051,PART-5696,2025-06-26,EQ-9962,awaiting_parts,6,34,False
5917,SITE-039,PART-7202,2024-01-15,EQ-8984,in_progress,21,36,False
5918,SITE-090,PART-9213,2026-02-18,EQ-4378,in_progress,9,10,False
5919,SITE-048,PART-2127,2024-09-07,EQ-7797,awaiting_parts,23,5,True
5920,SITE-049,PART-3887,2025-02-09,EQ-8308,in_progress,20,24,False
5921,SITE-046,PART-8690,2026-08-23,EQ-9071,completed,1,0,False
5922,SITE-097,PART-3015,2025-04-08,EQ-2662,in_progress,15,35,False
5923,SITE-034,PART-1214,2025-07-10,EQ-5106,awaiting_parts,16,43,True
5924,SITE-093,PART-8896,2024-05-28,EQ-5671,deferred,14,20,False
5925,SITE-006,PART-3254,2025-01-13,EQ-9075,awaiting_parts,23,6,True
5926,SITE-027,PART-6542,2025-10-06,EQ-5116,open,24,9,False
5927,SITE-037,PART-3289,2025-07-15,EQ-1447,deferred,20,12,False
5928,SITE-042,PART-2784,2025-09-17,EQ-5695,awaiting_parts,6,20,False
5929,SITE-091,PART-1124,2026-08-23,EQ-3614,awaiting_parts,18,23,True
5930,SITE-037,PART-9106,2024-02-08,EQ-1124,in_progress,19,28,False
5931,SITE-081,PART-7199,2026-01-17,EQ-9229,in_progress,23,23,False
5932,SITE-091,PART-9768,2024-11-08,EQ-4334,deferred,20,8,False
5933,SITE-080,PART-9370,2023-06-06,EQ-5241,completed,2,0,False
5934,SITE-045,PART-9106,2024-05-27,EQ-3048,awaiting_parts,9,27,False
5935,SITE-037,PART-4677,2025-05-21,EQ-2493,open,15,14,False
5936,SITE-034,PART-6107,2025-07-01,EQ-5740,deferred,25,1,False
5937,SITE-082,PART-2802,2024-01-14,EQ-6242,completed,4,0,False
5938,SITE-053,PART-8254,2026-08-17,EQ-9995,in_progress,1,3,False
5939,SITE-011,PART-1074,2026-07-08,EQ-4315,open,22,6,False
5940,SITE-062,PART-6567,2026-03-04,EQ-1290,completed,2,0,False
5941,SITE-092,PART-4084,2024-10-21,EQ-3724,in_progress,27,2,False
5942,SITE-001,PART-5743,2025-03-14,EQ-1648,awaiting_parts,2,42,False
5943,SITE-025,PART-1744,2024-09-10,EQ-5441,completed,7,0,False
5944,SITE-089,PART-4846,2026-08-04,EQ-8246,open,26,23,False
5945,SITE-090,PART-6922,2025-07-27,EQ-2731,completed,3,0,False
5946,SITE-035,PART-5661,2026-09-24,EQ-9565,in_progress,14,42,False
5947,SITE-004,PART-3162,2026-09-15,EQ-4470,awaiting_parts,28,35,False
5948,SITE-016,PART-9007,2024-09-26,EQ-8504,open,20,30,False
5949,SITE-068,PART-7586,2026-07-13,EQ-8646,completed,2,0,False
5950,SITE-049,PART-3808,2025-12-25,EQ-5588,open,6,30,True
5951,SITE-081,PART-8916,2024-04-16,EQ-8037,completed,8,0,False
5952,SITE-056,PART-2394,2025-06-01,EQ-1095,completed,6,0,False
5953,SITE-074,PART-3064,2024-04-01,EQ-3314,completed,1,0,True
5954,SITE-017,PART-5625,2026-08-04,EQ-9993,in_progress,30,23,True
5955,SITE-090,PART-4999,2024-02-28,EQ-3135,open,28,10,False
5956,SITE-068,PART-3280,2023-02-23,EQ-7794,deferred,8,31,False
5957,SITE-064,PART-7739,2025-09-26,EQ-4718,open,17,1,False
5958,SITE-084,PART-7792,2026-08-09,EQ-1420,in_progress,30,37,False
5959,SITE-067,PART-2422,2026-02-09,EQ-7044,completed,9,0,False
5960,SITE-013,PART-9856,2025-06-12,EQ-4214,deferred,19,30,False
5961,SITE-019,PART-1055,2025-08-02,EQ-6642,deferred,21,12,False
5962,SITE-010,PART-6618,2024-06-10,EQ-7014,awaiting_parts,10,10,False
5963,SITE-042,PART-2281,2025-09-16,EQ-9620,open,26,15,False
5964,SITE-041,PART-9181,2026-11-25,EQ-7158,open,4,35,False
5965,SITE-055,PART-4382,2024-10-01,EQ-6884,in_progress,20,19,False
5966,SITE-088,PART-5570,2025-06-22,EQ-2924,completed,10,0,True
5967,SITE-026,PART-8496,2026-05-05,EQ-3311,awaiting_parts,11,6,False
5968,SITE-006,PART-2927,2025-04-18,EQ-3133,awaiting_parts,9,28,False
5969,SITE-090,PART-4582,2024-10-17,EQ-8881,in_progress,19,26,False
5970,SITE-064,PART-9606,2024-10-08,EQ-3837,deferred,22,42,False
5971,SITE-022,PART-3201,2026-09-22,EQ-6676,deferred,22,45,False
5972,SITE-096,PART-8214,2025-02-28,EQ-1365,open,21,36,True
5973,SITE-090,PART-3653,2024-09-15,EQ-8083,in_progress,10,33,True
5974,SITE-026,PART-5664,2025-11-28,EQ-9482,in_progress,13,29,False
5975,SITE-005,PART-7203,2023-06-19,EQ-2197,completed,3,0,True
5976,SITE-013,PART-6784,2025-01-25,EQ-5955,open,9,21,False
5977,SITE-014,PART-6089,2023-11-02,EQ-9449,completed,8,0,False
5978,SITE-034,PART-6209,2023-02-13,EQ-4721,completed,0,0,False
5979,SITE-019,PART-2590,2024-03-26,EQ-8047,in_progress,4,45,False
5980,SITE-016,PART-2739,2026-02-21,EQ-1877,completed,3,0,False
5981,SITE-041,PART-7739,2025-05-09,EQ-2707,completed,2,0,False
5982,SITE-056,PART-5219,2024-01-02,EQ-7997,awaiting_parts,25,45,False
5983,SITE-028,PART-2007,2026-01-08,EQ-5150,awaiting_parts,21,36,False
5984,SITE-006,PART-3323,2026-05-19,EQ-8798,awaiting_parts,26,2,True
5985,SITE-038,PART-2269,2023-03-07,EQ-3248,in_progress,22,5,False
5986,SITE-066,PART-9933,2023-11-28,EQ-4625,open,18,10,False
5987,SITE-026,PART-7093,2026-09-05,EQ-3198,open,2,16,False
5988,SITE-057,PART-7577,2026-03-27,EQ-8540,open,25,23,True
5989,SITE-055,PART-1291,2026-12-13,EQ-4541,deferred,29,40,False
5990,SITE-077,PART-8695,2025-11-05,EQ-3241,deferred,7,11,True
5991,SITE-040,PART-2317,2024-04-11,EQ-7343,awaiting_parts,18,16,False
5992,SITE-022,PART-2135,2023-01-20,EQ-4845,in_progress,10,32,False
5993,SITE-039,PART-3781,2024-10-24,EQ-7847,open,5,17,False
5994,SITE-003,PART-1327,2023-09-11,EQ-9725,awaiting_parts,11,34,False
5995,SITE-100,PART-7209,2024-12-22,EQ-8131,awaiting_parts,1,38,False
5996,SITE-088,PART-3172,2024-03-15,EQ-5765,in_progress,14,3,False
5997,SITE-024,PART-7202,2024-05-14,EQ-9124,open,17,23,False
5998,SITE-013,PART-4035,2026-01-05,EQ-6704,open,29,15,False
5999,SITE-030,PART-4505,2023-03-20,EQ-2977,completed,4,0,True
6000,SITE-063,PART-3887,2025-11-14,EQ-3527,deferred,7,17,False
6001,SITE-050,PART-7202,2025-12-01,EQ-7854,open,25,23,False
6002,SITE-015,PART-8535,2024-12-23,EQ-1785,open,6,38,False
6003,SITE-077,PART-4582,2023-04-28,EQ-6956,in_progress,7,19,False
6004,SITE-073,PART-3995,2023-12-15,EQ-4593,deferred,23,29,False
6005,SITE-070,PART-8668,2024-04-04,EQ-9486,deferred,11,9,False
6006,SITE-100,PART-5696,2024-11-24,EQ-1681,open,5,36,False
6007,SITE-092,PART-6221,2023-11-23,EQ-5647,deferred,5,30,False
6008,SITE-018,PART-5999,2025-06-17,EQ-2847,completed,10,0,False
6009,SITE-024,PART-4995,2026-09-23,EQ-2546,completed,7,0,False
6010,SITE-062,PART-2506,2023-05-11,EQ-5117,completed,2,0,False
6011,SITE-030,PART-7672,2024-01-19,EQ-5317,awaiting_parts,5,43,False
6012,SITE-027,PART-3457,2024-02-22,EQ-3856,in_progress,22,16,False
6013,SITE-021,PART-2148,2025-09-14,EQ-1201,completed,9,0,True
6014,SITE-027,PART-9165,2026-04-28,EQ-2399,completed,3,0,False
6015,SITE-024,PART-6430,2026-10-23,EQ-6804,completed,7,0,False
6016,SITE-071,PART-9632,2025-10-08,EQ-7928,completed,1,0,False
6017,SITE-001,PART-9288,2023-12-27,EQ-8602,in_progress,14,44,False
6018,SITE-082,PART-7739,2024-06-18,EQ-1961,open,24,9,False
6019,SITE-088,PART-9558,2025-02-22,EQ-7665,open,15,28,True
6020,SITE-060,PART-6709,2025-04-08,EQ-1989,deferred,12,27,False
6021,SITE-011,PART-2246,2025-05-09,EQ-3296,open,7,19,False
6022,SITE-023,PART-7823,2026-02-04,EQ-4087,deferred,30,44,False
6023,SITE-096,PART-9181,2026-08-15,EQ-9111,open,22,12,True
6024,SITE-046,PART-6107,2025-07-17,EQ-2746,deferred,21,36,False
6025,SITE-069,PART-4918,2025-04-20,EQ-3168,awaiting_parts,29,45,False
6026,SITE-001,PART-8723,2026-01-07,EQ-6527,deferred,9,22,True
6027,SITE-100,PART-7559,2026-06-18,EQ-4185,awaiting_parts,13,12,False
6028,SITE-097,PART-2784,2025-12-27,EQ-6823,deferred,21,38,False
6029,SITE-050,PART-3739,2024-03-14,EQ-4245,completed,4,0,False
6030,SITE-022,PART-1061,2023-06-04,EQ-8688,awaiting_parts,1,17,False
6031,SITE-043,PART-6072,2025-10-07,EQ-7814,open,16,42,True
6032,SITE-020,PART-5180,2024-11-01,EQ-3420,open,20,9,False
6033,SITE-014,PART-4995,2023-10-26,EQ-9212,in_progress,20,1,False
6034,SITE-006,PART-3160,2025-05-09,EQ-9521,deferred,1,3,False
6035,SITE-047,PART-8518,2023-06-05,EQ-7759,awaiting_parts,29,16,False
6036,SITE-006,PART-4062,2024-08-04,EQ-7197,in_progress,12,20,True
6037,SITE-094,PART-3109,2026-02-14,EQ-2384,open,9,1,False
6038,SITE-098,PART-9189,2023-10-24,EQ-4694,awaiting_parts,16,17,False
6039,SITE-077,PART-5115,2025-06-14,EQ-2075,open,9,2,False
6040,SITE-053,PART-8714,2025-10-23,EQ-3529,deferred,28,12,False
6041,SITE-013,PART-9181,2026-07-06,EQ-7062,awaiting_parts,10,8,True
6042,SITE-057,PART-2451,2023-10-24,EQ-9207,awaiting_parts,8,22,True
6043,SITE-033,PART-8420,2025-10-26,EQ-1860,open,4,6,False
6044,SITE-080,PART-5546,2026-11-11,EQ-7601,in_progress,29,11,False
6045,SITE-050,PART-7314,2023-09-06,EQ-2206,open,10,26,False
6046,SITE-090,PART-1142,2025-05-13,EQ-3544,deferred,12,43,False
6047,SITE-077,PART-9189,2024-04-27,EQ-7868,awaiting_parts,25,43,False
6048,SITE-095,PART-8529,2025-10-13,EQ-7673,deferred,17,40,False
6049,SITE-095,PART-8535,2025-04-20,EQ-8053,deferred,25,4,False
6050,SITE-011,PART-8330,2023-05-25,EQ-1570,in_progress,7,4,False
6051,SITE-052,PART-5004,2025-03-16,EQ-5822,open,6,24,False
6052,SITE-078,PART-9108,2024-04-22,EQ-8464,in_progress,25,37,False
6053,SITE-034,PART-9371,2023-12-24,EQ-5049,in_progress,29,30,False
6054,SITE-022,PART-8505,2024-02-25,EQ-2010,completed,4,0,False
6055,SITE-036,PART-5875,2024-08-28,EQ-2330,open,15,14,False
6056,SITE-080,PART-3162,2026-05-26,EQ-7640,deferred,22,24,False
6057,SITE-048,PART-9549,2026-04-03,EQ-5202,completed,7,0,False
6058,SITE-053,PART-6709,2026-06-25,EQ-8409,completed,6,0,False
6059,SITE-045,PART-5172,2023-06-27,EQ-8588,completed,1,0,True
6060,SITE-090,PART-7902,2023-09-26,EQ-5752,open,12,19,False
6061,SITE-008,PART-4260,2026-10-08,EQ-9006,in_progress,29,31,False
6062,SITE-074,PART-4058,2023-07-26,EQ-6474,in_progress,20,23,False
6063,SITE-016,PART-1591,2023-08-22,EQ-8983,deferred,24,2,False
6064,SITE-054,PART-4713,2025-01-06,EQ-2880,deferred,11,11,False
6065,SITE-077,PART-9165,2026-07-24,EQ-7208,in_progress,24,3,False
6066,SITE-006,PART-2100,2026-12-10,EQ-6866,completed,9,0,False
6067,SITE-095,PART-8676,2023-02-28,EQ-7908,in_progress,9,2,True
6068,SITE-058,PART-1768,2023-07-25,EQ-2985,awaiting_parts,22,1,True
6069,SITE-079,PART-1347,2023-05-21,EQ-5331,in_progress,22,42,False
6070,SITE-009,PART-9632,2025-09-26,EQ-9726,open,25,21,False
6071,SITE-092,PART-1656,2026-10-24,EQ-4285,completed,2,0,True
6072,SITE-075,PART-5709,2025-02-24,EQ-4745,in_progress,21,34,False
6073,SITE-045,PART-1632,2023-04-11,EQ-7942,completed,8,0,False
6074,SITE-028,PART-7984,2023-02-20,EQ-1640,open,30,34,False
6075,SITE-087,PART-4897,2023-07-21,EQ-6173,deferred,26,33,False
6076,SITE-084,PART-3188,2023-05-10,EQ-4431,deferred,19,7,False
6077,SITE-091,PART-4058,2024-05-24,EQ-2467,in_progress,25,9,False
6078,SITE-054,PART-4078,2023-09-24,EQ-2535,deferred,15,4,False
6079,SITE-002,PART-8690,2024-06-11,EQ-4056,deferred,2,10,False
6080,SITE-095,PART-9292,2023-05-08,EQ-4376,completed,9,0,False
6081,SITE-096,PART-1817,2026-02-22,EQ-8408,open,23,22,False
6082,SITE-019,PART-6628,2024-02-18,EQ-9519,in_progress,30,32,False
6083,SITE-042,PART-5648,2025-12-26,EQ-8051,awaiting_parts,7,38,False
6084,SITE-032,PART-2434,2023-06-14,EQ-2035,deferred,4,29,False
6085,SITE-050,PART-4128,2025-12-15,EQ-6555,completed,4,0,False
6086,SITE-024,PART-6888,2024-11-18,EQ-9039,completed,8,0,False
6087,SITE-065,PART-9374,2026-08-23,EQ-7116,completed,0,0,False
6088,SITE-100,PART-3937,2025-11-24,EQ-2521,in_progress,9,23,False
6089,SITE-068,PART-2140,2026-11-17,EQ-5423,completed,8,0,False
6090,SITE-096,PART-3799,2023-10-15,EQ-3103,deferred,22,19,False
6091,SITE-046,PART-3799,2026-03-15,EQ-8710,completed,3,0,True
6092,SITE-068,PART-1557,2024-05-27,EQ-5468,in_progress,6,25,False
6093,SITE-027,PART-8273,2023-01-10,EQ-9935,awaiting_parts,5,32,False
6094,SITE-063,PART-1343,2025-10-22,EQ-5513,completed,1,0,False
6095,SITE-034,PART-3280,2025-01-11,EQ-5264,awaiting_parts,10,31,False
6096,SITE-062,PART-2445,2024-12-01,EQ-1789,completed,5,0,False
6097,SITE-024,PART-9007,2026-01-20,EQ-5797,open,10,29,True
6098,SITE-049,PART-1291,2023-09-02,EQ-4240,completed,10,0,True
6099,SITE-059,PART-7385,2026-10-11,EQ-5061,open,6,35,False
6100,SITE-022,PART-4518,2023-06-17,EQ-1984,in_progress,30,33,False
6101,SITE-082,PART-3735,2023-10-04,EQ-3579,deferred,14,10,False
6102,SITE-019,PART-9758,2024-05-11,EQ-4428,in_progress,27,20,False
6103,SITE-056,PART-5011,2026-05-25,EQ-3637,in_progress,13,34,False
6104,SITE-014,PART-1591,2025-01-03,EQ-3328,deferred,28,41,False
6105,SITE-086,PART-6412,2023-12-17,EQ-6499,open,11,37,False
6106,SITE-080,PART-8529,2026-06-21,EQ-8220,awaiting_parts,16,37,True
6107,SITE-048,PART-9037,2026-06-21,EQ-2625,deferred,10,34,False
6108,SITE-044,PART-7524,2024-06-08,EQ-4046,open,28,25,False
6109,SITE-083,PART-6112,2026-08-02,EQ-8525,open,3,44,False
6110,SITE-045,PART-5726,2025-04-21,EQ-8399,open,7,15,False
6111,SITE-071,PART-8505,2025-10-28,EQ-8482,deferred,14,32,False
6112,SITE-095,PART-3704,2026-07-07,EQ-4847,completed,8,0,False
6113,SITE-095,PART-2802,2024-09-25,EQ-1491,open,3,9,False
6114,SITE-067,PART-3109,2026-05-13,EQ-5224,deferred,1,11,False
6115,SITE-036,PART-7016,2023-10-17,EQ-8103,completed,4,0,True
6116,SITE-055,PART-5046,2025-07-26,EQ-4451,completed,7,0,False
6117,SITE-096,PART-7991,2024-06-10,EQ-8656,in_progress,24,29,False
6118,SITE-084,PART-7209,2025-06-11,EQ-6304,completed,9,0,False
6119,SITE-093,PART-2698,2026-12-06,EQ-7377,open,24,11,True
6120,SITE-037,PART-3574,2026-01-22,EQ-6098,open,9,26,False
6121,SITE-078,PART-9856,2025-08-03,EQ-9697,completed,10,0,False
6122,SITE-077,PART-4324,2023-03-01,EQ-2559,in_progress,2,37,True
6123,SITE-030,PART-4148,2025-04-13,EQ-1771,in_progress,16,3,False
6124,SITE-062,PART-3732,2023-07-21,EQ-4353,in_progress,5,4,False
6125,SITE-023,PART-5219,2024-05-08,EQ-3663,deferred,17,37,False
6126,SITE-007,PART-4397,2025-11-28,EQ-1673,in_progress,25,3,False
6127,SITE-001,PART-5668,2025-05-08,EQ-2793,in_progress,3,38,False
6128,SITE-015,PART-2683,2024-12-20,EQ-1968,open,20,19,False
6129,SITE-002,PART-9775,2024-08-06,EQ-9861,awaiting_parts,2,16,False
6130,SITE-026,PART-5660,2024-12-04,EQ-8397,open,17,35,False
6131,SITE-066,PART-4872,2023-07-24,EQ-9759,in_progress,6,13,False
6132,SITE-039,PART-8361,2024-04-21,EQ-7546,deferred,6,19,False
6133,SITE-012,PART-2116,2025-11-25,EQ-2074,open,29,24,False
6134,SITE-083,PART-2419,2025-10-22,EQ-8764,open,22,20,False
6135,SITE-095,PART-5050,2025-08-02,EQ-6288,deferred,23,35,False
6136,SITE-053,PART-7345,2025-11-12,EQ-2697,deferred,22,4,True
6137,SITE-019,PART-7385,2026-08-05,EQ-4457,deferred,28,3,False
6138,SITE-006,PART-7016,2023-02-08,EQ-5890,open,16,14,False
6139,SITE-019,PART-3915,2025-07-05,EQ-9441,open,18,33,False
6140,SITE-092,PART-6762,2026-12-16,EQ-6529,awaiting_parts,7,4,False
6141,SITE-021,PART-9128,2023-01-06,EQ-2609,completed,1,0,False
6142,SITE-071,PART-8690,2026-01-25,EQ-1933,open,22,42,False
6143,SITE-070,PART-3793,2025-04-22,EQ-8857,completed,6,0,False
6144,SITE-088,PART-9549,2026-03-09,EQ-4420,awaiting_parts,12,26,False
6145,SITE-085,PART-3895,2026-08-23,EQ-8099,awaiting_parts,24,11,False
6146,SITE-070,PART-6431,2023-08-11,EQ-1318,completed,4,0,False
6147,SITE-009,PART-8199,2026-09-19,EQ-4163,awaiting_parts,26,28,False
6148,SITE-036,PART-9739,2024-10-24,EQ-9854,awaiting_parts,18,3,False
6149,SITE-062,PART-9167,2023-02-18,EQ-3600,in_progress,24,33,False
6150,SITE-013,PART-5072,2026-07-26,EQ-8546,completed,5,0,False
6151,SITE-030,PART-6101,2026-06-16,EQ-9771,in_progress,22,19,False
6152,SITE-073,PART-5646,2024-06-16,EQ-6441,awaiting_parts,15,18,False
6153,SITE-089,PART-5907,2024-05-08,EQ-1553,open,21,27,False
6154,SITE-060,PART-2297,2024-11-26,EQ-1544,completed,0,0,False
6155,SITE-091,PART-4918,2023-09-21,EQ-9133,deferred,12,42,False
6156,SITE-020,PART-4062,2024-04-02,EQ-7664,deferred,17,20,False
6157,SITE-002,PART-7181,2024-09-15,EQ-4666,deferred,4,41,False
6158,SITE-084,PART-3392,2026-07-26,EQ-8626,deferred,10,28,False
6159,SITE-027,PART-8488,2023-04-21,EQ-5628,completed,4,0,False
6160,SITE-044,PART-9292,2026-04-21,EQ-4259,awaiting_parts,8,32,False
6161,SITE-040,PART-1433,2025-04-02,EQ-7007,deferred,2,26,False
6162,SITE-040,PART-6829,2025-08-11,EQ-4005,deferred,17,8,True
6163,SITE-057,PART-7641,2023-12-05,EQ-1265,in_progress,30,7,False
6164,SITE-051,PART-1891,2025-01-11,EQ-4902,open,22,38,False
6165,SITE-061,PART-3291,2023-10-02,EQ-7666,deferred,7,27,False
6166,SITE-019,PART-3415,2025-04-11,EQ-2661,deferred,29,44,False
6167,SITE-082,PART-7144,2023-03-19,EQ-1900,completed,2,0,False
6168,SITE-014,PART-9739,2024-06-07,EQ-7454,deferred,22,29,True
6169,SITE-079,PART-7431,2024-02-02,EQ-4438,awaiting_parts,3,34,False
6170,SITE-013,PART-7740,2024-11-16,EQ-6528,deferred,12,29,False
6171,SITE-060,PART-9795,2026-04-14,EQ-1707,in_progress,4,17,False
6172,SITE-013,PART-7586,2025-08-24,EQ-7504,deferred,13,28,True
6173,SITE-002,PART-8943,2023-09-22,EQ-3527,open,24,1,False
6174,SITE-085,PART-1733,2025-01-02,EQ-6628,deferred,19,1,True
6175,SITE-095,PART-7016,2025-07-13,EQ-8910,completed,0,0,False
6176,SITE-073,PART-8746,2023-12-13,EQ-7752,completed,5,0,False
6177,SITE-037,PART-1816,2023-01-03,EQ-9172,awaiting_parts,17,33,False
6178,SITE-001,PART-9512,2023-10-20,EQ-5309,deferred,6,37,False
6179,SITE-078,PART-7045,2024-07-12,EQ-4287,completed,0,0,True
6180,SITE-031,PART-3246,2024-02-05,EQ-1936,deferred,19,22,False
6181,SITE-007,PART-6829,2024-06-01,EQ-8289,awaiting_parts,29,22,False
6182,SITE-032,PART-2952,2026-02-27,EQ-7207,awaiting_parts,15,2,False
6183,SITE-010,PART-1264,2026-05-13,EQ-9874,open,9,30,False
6184,SITE-057,PART-7277,2024-08-05,EQ-5893,completed,7,0,False
6185,SITE-064,PART-5907,2024-09-02,EQ-8726,deferred,25,17,False
6186,SITE-032,PART-8779,2024-08-09,EQ-5458,completed,5,0,False
6187,SITE-085,PART-7444,2025-02-21,EQ-4680,awaiting_parts,11,35,False
6188,SITE-056,PART-7237,2024-09-12,EQ-2011,in_progress,21,27,False
6189,SITE-005,PART-7413,2024-11-04,EQ-7060,open,20,40,True
6190,SITE-055,PART-9292,2024-02-11,EQ-5418,open,29,24,False
6191,SITE-001,PART-8042,2023-08-08,EQ-9845,open,22,11,False
6192,SITE-072,PART-3030,2023-10-15,EQ-5115,awaiting_parts,7,16,False
6193,SITE-058,PART-2959,2025-09-19,EQ-8957,open,15,24,False
6194,SITE-014,PART-1061,2026-02-03,EQ-5409,deferred,25,5,False
6195,SITE-014,PART-2217,2023-07-10,EQ-8485,open,13,1,False
6196,SITE-028,PART-1228,2024-09-10,EQ-4995,deferred,8,35,False
6197,SITE-095,PART-8625,2023-11-11,EQ-1597,in_progress,6,26,False
6198,SITE-081,PART-7535,2026-06-19,EQ-6743,awaiting_parts,27,16,False
6199,SITE-056,PART-1937,2026-10-02,EQ-3135,deferred,24,25,False
6200,SITE-029,PART-2116,2025-08-24,EQ-4648,in_progress,15,1,False
6201,SITE-053,PART-3070,2024-08-14,EQ-9423,in_progress,8,24,False
6202,SITE-026,PART-6101,2023-07-23,EQ-9547,awaiting_parts,25,15,False
6203,SITE-022,PART-3101,2025-06-11,EQ-7093,in_progress,20,37,False
6204,SITE-079,PART-6013,2025-09-05,EQ-5716,deferred,8,42,False
6205,SITE-066,PART-4545,2024-11-02,EQ-7944,awaiting_parts,30,8,False
6206,SITE-093,PART-9128,2023-11-01,EQ-4081,in_progress,16,10,False
6207,SITE-086,PART-1937,2026-08-15,EQ-8992,open,30,31,True
6208,SITE-063,PART-7259,2023-09-13,EQ-9060,in_progress,27,29,False
6209,SITE-015,PART-2445,2026-02-21,EQ-1063,in_progress,10,21,False
6210,SITE-041,PART-1613,2025-03-25,EQ-2440,deferred,14,16,False
6211,SITE-018,PART-7606,2024-11-22,EQ-9496,completed,2,0,False
6212,SITE-017,PART-6991,2025-05-10,EQ-8329,in_progress,19,30,False
6213,SITE-028,PART-5828,2025-06-15,EQ-2393,in_progress,15,17,False
6214,SITE-020,PART-3257,2023-11-20,EQ-9607,open,23,10,False
6215,SITE-002,PART-7156,2025-12-03,EQ-7675,open,15,9,False
6216,SITE-057,PART-7202,2025-09-24,EQ-9068,awaiting_parts,14,15,False
6217,SITE-008,PART-1557,2023-10-09,EQ-6494,open,26,19,False
6218,SITE-002,PART-7767,2025-03-13,EQ-8951,in_progress,29,20,False
6219,SITE-021,PART-7444,2024-12-19,EQ-8687,in_progress,17,39,False
6220,SITE-060,PART-8199,2025-05-16,EQ-5658,open,19,17,False
6221,SITE-043,PART-4320,2026-07-03,EQ-7681,open,15,13,False
6222,SITE-073,PART-7263,2023-08-28,EQ-6445,in_progress,23,13,False
6223,SITE-029,PART-3729,2026-06-07,EQ-9342,deferred,26,9,False
6224,SITE-083,PART-5813,2025-04-11,EQ-5642,completed,10,0,False
6225,SITE-050,PART-6355,2024-02-21,EQ-8339,awaiting_parts,30,29,False
6226,SITE-008,PART-4999,2024-03-16,EQ-5322,awaiting_parts,3,39,False
6227,SITE-049,PART-2959,2024-04-04,EQ-5391,in_progress,25,3,False
6228,SITE-098,PART-7093,2026-08-28,EQ-8601,completed,2,0,False
6229,SITE-048,PART-5094,2024-02-14,EQ-7291,open,9,29,False
6230,SITE-033,PART-6922,2026-06-10,EQ-1773,open,14,39,False
6231,SITE-050,PART-9754,2024-12-15,EQ-7599,awaiting_parts,25,40,False
6232,SITE-053,PART-2269,2025-07-19,EQ-3432,open,17,29,False
6233,SITE-027,PART-6568,2025-07-17,EQ-7269,awaiting_parts,9,45,False
6234,SITE-009,PART-1926,2026-08-01,EQ-2616,completed,2,0,False
6235,SITE-076,PART-2213,2026-12-02,EQ-8246,in_progress,16,41,False
6236,SITE-074,PART-9208,2026-06-15,EQ-7131,deferred,21,31,False
6237,SITE-014,PART-5073,2026-07-05,EQ-4750,completed,7,0,False
6238,SITE-096,PART-2505,2024-11-14,EQ-7687,completed,7,0,False
6239,SITE-042,PART-1264,2026-05-09,EQ-4094,in_progress,10,38,False
6240,SITE-075,PART-4886,2023-10-12,EQ-7707,completed,10,0,True
6241,SITE-058,PART-2705,2023-07-14,EQ-6104,awaiting_parts,14,37,False
6242,SITE-003,PART-5907,2025-12-15,EQ-7931,completed,6,0,False
6243,SITE-020,PART-8427,2024-11-04,EQ-6701,deferred,24,21,False
6244,SITE-026,PART-5921,2026-09-20,EQ-8312,awaiting_parts,5,12,False
6245,SITE-060,PART-2297,2025-03-10,EQ-3454,completed,7,0,False
6246,SITE-045,PART-5100,2024-05-16,EQ-8276,in_progress,30,40,True
6247,SITE-077,PART-8202,2025-09-04,EQ-6218,open,13,41,False
6248,SITE-017,PART-7240,2025-06-27,EQ-7982,deferred,14,45,False
6249,SITE-028,PART-5664,2025-09-07,EQ-2191,completed,1,0,False
6250,SITE-035,PART-3592,2025-11-06,EQ-4974,completed,0,0,False
6251,SITE-026,PART-6508,2026-08-05,EQ-7607,deferred,7,39,False
6252,SITE-020,PART-1777,2026-11-22,EQ-3754,awaiting_parts,23,40,False
6253,SITE-042,PART-7008,2024-09-08,EQ-2133,in_progress,3,37,True
6254,SITE-063,PART-3895,2025-11-28,EQ-1193,in_progress,9,39,False
6255,SITE-057,PART-6101,2026-08-22,EQ-2464,awaiting_parts,1,36,False
6256,SITE-008,PART-3286,2023-02-03,EQ-3918,completed,9,0,False
6257,SITE-012,PART-6442,2023-04-28,EQ-9587,open,27,6,False
6258,SITE-015,PART-6183,2025-04-19,EQ-4717,awaiting_parts,7,11,False
6259,SITE-058,PART-3839,2025-05-02,EQ-1658,open,4,22,False
6260,SITE-039,PART-7165,2025-03-23,EQ-3237,open,2,29,False
6261,SITE-047,PART-5749,2026-01-19,EQ-5500,deferred,5,25,False
6262,SITE-100,PART-6069,2024-03-02,EQ-8089,open,17,32,False
6263,SITE-054,PART-5961,2023-02-23,EQ-7380,deferred,24,25,True
6264,SITE-042,PART-4260,2026-10-01,EQ-8027,awaiting_parts,6,16,False
6265,SITE-022,PART-3858,2025-08-06,EQ-1729,in_progress,6,24,False
6266,SITE-090,PART-3887,2024-04-09,EQ-8362,open,24,2,False
6267,SITE-071,PART-1613,2023-12-18,EQ-6237,completed,10,0,True
6268,SITE-004,PART-4062,2024-09-02,EQ-1854,completed,4,0,False
6269,SITE-017,PART-6209,2024-06-16,EQ-2811,deferred,18,45,False
6270,SITE-004,PART-4995,2025-08-22,EQ-6480,completed,10,0,False
6271,SITE-072,PART-7008,2026-05-21,EQ-9813,completed,0,0,False
6272,SITE-009,PART-9390,2026-09-23,EQ-1415,completed,5,0,True
6273,SITE-093,PART-1496,2024-03-25,EQ-1427,completed,7,0,False
6274,SITE-089,PART-4184,2026-06-03,EQ-7163,awaiting_parts,11,5,False
6275,SITE-056,PART-4382,2023-01-21,EQ-7335,open,6,29,False
6276,SITE-051,PART-1376,2023-02-17,EQ-3338,in_progress,21,42,False
6277,SITE-061,PART-5696,2026-05-25,EQ-3114,awaiting_parts,29,34,False
6278,SITE-028,PART-1463,2025-12-28,EQ-9934,open,30,6,False
6279,SITE-061,PART-2867,2026-11-01,EQ-8497,completed,1,0,False
6280,SITE-018,PART-8581,2023-04-18,EQ-6507,open,5,39,False
6281,SITE-083,PART-7165,2024-02-18,EQ-6534,awaiting_parts,18,9,False
6282,SITE-023,PART-4260,2025-03-23,EQ-5233,awaiting_parts,6,31,False
6283,SITE-061,PART-5539,2024-11-01,EQ-2816,open,14,18,False
6284,SITE-061,PART-7366,2026-01-01,EQ-3396,awaiting_parts,7,35,False
6285,SITE-044,PART-3015,2026-05-08,EQ-4951,open,26,20,False
6286,SITE-046,PART-6113,2025-12-26,EQ-5102,awaiting_parts,15,5,True
6287,SITE-096,PART-5219,2024-09-04,EQ-5069,awaiting_parts,22,36,False
6288,SITE-027,PART-8523,2025-11-05,EQ-6727,open,17,19,False
6289,SITE-099,PART-2927,2026-10-07,EQ-3091,completed,2,0,False
6290,SITE-090,PART-7056,2025-08-12,EQ-2404,completed,2,0,False
6291,SITE-071,PART-2927,2023-08-25,EQ-6436,deferred,5,34,False
6292,SITE-079,PART-9181,2024-08-23,EQ-1635,awaiting_parts,20,13,False
6293,SITE-085,PART-1874,2025-02-04,EQ-4441,deferred,3,38,False
6294,SITE-035,PART-8007,2023-06-05,EQ-8850,in_progress,11,36,False
6295,SITE-016,PART-9739,2025-06-18,EQ-3377,in_progress,29,37,False
6296,SITE-098,PART-5214,2026-10-28,EQ-9361,in_progress,24,33,False
6297,SITE-066,PART-7136,2025-11-06,EQ-2507,in_progress,26,19,False
6298,SITE-040,PART-6628,2023-02-06,EQ-1433,open,28,33,False
6299,SITE-031,PART-1343,2026-07-21,EQ-7997,completed,6,0,True
6300,SITE-084,PART-5193,2025-09-14,EQ-8071,awaiting_parts,17,21,False
6301,SITE-078,PART-2035,2025-11-02,EQ-5993,awaiting_parts,17,1,False
6302,SITE-086,PART-4397,2025-11-25,EQ-6586,completed,1,0,False
6303,SITE-037,PART-3130,2025-12-28,EQ-7860,open,11,43,False
6304,SITE-096,PART-3452,2023-03-19,EQ-2281,awaiting_parts,24,30,False
6305,SITE-096,PART-1891,2025-07-12,EQ-9596,completed,10,0,False
6306,SITE-048,PART-1358,2023-01-24,EQ-1941,open,2,35,False
6307,SITE-027,PART-8195,2026-05-06,EQ-2395,completed,6,0,False
6308,SITE-035,PART-9263,2023-03-15,EQ-5896,awaiting_parts,26,5,False
6309,SITE-046,PART-1496,2024-05-22,EQ-9345,deferred,9,30,False
6310,SITE-056,PART-2973,2024-12-10,EQ-3719,deferred,13,6,False
6311,SITE-040,PART-7210,2025-08-20,EQ-9622,awaiting_parts,20,45,False
6312,SITE-001,PART-1921,2024-11-10,EQ-7086,in_progress,3,36,False
6313,SITE-083,PART-1737,2024-08-11,EQ-4089,open,22,39,False
6314,SITE-068,PART-8025,2026-12-27,EQ-4088,completed,6,0,False
6315,SITE-087,PART-4741,2024-06-16,EQ-6066,awaiting_parts,18,18,False
6316,SITE-003,PART-3224,2026-06-05,EQ-1491,completed,4,0,False
6317,SITE-017,PART-6842,2026-10-12,EQ-6679,completed,7,0,False
6318,SITE-006,PART-3543,2024-12-27,EQ-1097,awaiting_parts,6,13,False
6319,SITE-047,PART-9090,2025-03-23,EQ-1877,awaiting_parts,17,1,False
6320,SITE-093,PART-2451,2024-03-16,EQ-7659,in_progress,22,45,False
6321,SITE-058,PART-1734,2025-01-18,EQ-3908,deferred,1,17,False
6322,SITE-072,PART-9336,2024-04-28,EQ-9414,awaiting_parts,14,1,False
6323,SITE-070,PART-9038,2025-09-23,EQ-2858,completed,8,0,False
6324,SITE-040,PART-2102,2024-05-22,EQ-7295,awaiting_parts,15,9,False
6325,SITE-051,PART-8330,2024-04-06,EQ-3115,deferred,14,8,False
6326,SITE-097,PART-9883,2025-01-12,EQ-6414,in_progress,24,16,False
6327,SITE-007,PART-4804,2023-01-13,EQ-9826,deferred,27,9,False
6328,SITE-074,PART-4897,2025-02-17,EQ-3668,awaiting_parts,25,45,False
6329,SITE-098,PART-8084,2025-12-09,EQ-8082,in_progress,10,45,False
6330,SITE-073,PART-3574,2026-06-12,EQ-4154,deferred,15,5,False
6331,SITE-047,PART-5546,2024-10-13,EQ-1238,awaiting_parts,19,37,False
6332,SITE-027,PART-7735,2026-02-10,EQ-4293,deferred,3,35,False
6333,SITE-091,PART-7625,2026-03-15,EQ-9249,deferred,30,43,False
6334,SITE-100,PART-5990,2023-03-10,EQ-8516,completed,1,0,False
6335,SITE-078,PART-7210,2023-06-04,EQ-1299,awaiting_parts,11,16,False
6336,SITE-092,PART-6983,2023-03-06,EQ-6058,completed,3,0,False
6337,SITE-088,PART-7591,2024-06-27,EQ-5537,in_progress,10,32,False
6338,SITE-090,PART-2766,2026-11-15,EQ-6483,open,9,4,False
6339,SITE-040,PART-1358,2025-03-27,EQ-8602,deferred,23,28,False
6340,SITE-055,PART-2317,2023-10-12,EQ-5473,awaiting_parts,14,28,False
6341,SITE-016,PART-2131,2026-08-14,EQ-5514,in_progress,4,38,True
6342,SITE-052,PART-6101,2023-06-04,EQ-9976,completed,4,0,False
6343,SITE-024,PART-7321,2023-03-16,EQ-9890,in_progress,19,31,False
6344,SITE-057,PART-4638,2023-04-12,EQ-1725,open,16,42,False
6345,SITE-093,PART-9118,2024-08-21,EQ-5599,awaiting_parts,28,9,False
6346,SITE-060,PART-9099,2024-03-03,EQ-7011,awaiting_parts,8,45,False
6347,SITE-027,PART-8113,2023-08-23,EQ-8080,deferred,6,13,True
6348,SITE-081,PART-3274,2023-01-19,EQ-7867,completed,10,0,False
6349,SITE-030,PART-6430,2024-03-27,EQ-8587,completed,6,0,True
6350,SITE-011,PART-1376,2026-01-03,EQ-6801,awaiting_parts,30,11,False
6351,SITE-013,PART-8302,2024-02-23,EQ-8940,deferred,14,38,False
6352,SITE-082,PART-3657,2024-08-07,EQ-2250,in_progress,16,11,True
6353,SITE-010,PART-1283,2026-01-27,EQ-8109,deferred,30,9,False
6354,SITE-011,PART-4055,2025-02-21,EQ-9126,deferred,12,36,False
6355,SITE-077,PART-5813,2023-09-27,EQ-8892,completed,4,0,False
6356,SITE-090,PART-3953,2025-01-21,EQ-6306,completed,1,0,False
6357,SITE-090,PART-3704,2023-05-11,EQ-2158,awaiting_parts,17,23,False
6358,SITE-046,PART-5225,2025-12-11,EQ-8344,deferred,4,9,False
6359,SITE-003,PART-1147,2025-09-28,EQ-7546,open,4,39,False
6360,SITE-058,PART-1198,2025-03-20,EQ-8551,deferred,4,16,True
6361,SITE-046,PART-7140,2025-07-17,EQ-8935,in_progress,16,17,False
6362,SITE-024,PART-9993,2023-02-14,EQ-1671,completed,5,0,False
6363,SITE-048,PART-1463,2023-03-19,EQ-8752,deferred,7,27,False
6364,SITE-019,PART-7263,2023-05-26,EQ-1699,deferred,1,16,False
6365,SITE-096,PART-8199,2026-11-14,EQ-8770,in_progress,6,43,False
6366,SITE-053,PART-7606,2024-09-16,EQ-3799,awaiting_parts,4,15,False
6367,SITE-023,PART-2419,2025-06-28,EQ-6146,deferred,8,11,False
6368,SITE-078,PART-1463,2024-09-24,EQ-4103,deferred,23,38,False
6369,SITE-071,PART-4804,2023-12-12,EQ-7700,completed,10,0,False
6370,SITE-033,PART-2852,2024-07-08,EQ-3782,in_progress,9,43,False
6371,SITE-053,PART-8593,2024-03-16,EQ-3658,awaiting_parts,2,28,False
6372,SITE-002,PART-3251,2024-11-26,EQ-4676,deferred,26,20,False
6373,SITE-095,PART-6227,2026-03-12,EQ-8744,in_progress,8,19,False
6374,SITE-018,PART-1874,2024-12-18,EQ-6557,awaiting_parts,4,41,False
6375,SITE-059,PART-4829,2024-07-10,EQ-9734,open,9,25,False
6376,SITE-014,PART-1647,2025-11-02,EQ-7380,in_progress,14,33,False
6377,SITE-046,PART-5133,2023-09-02,EQ-1699,in_progress,10,2,False
6378,SITE-033,PART-5543,2023-06-07,EQ-9335,open,16,1,False
6379,SITE-071,PART-7560,2024-10-24,EQ-3308,in_progress,19,14,True
6380,SITE-085,PART-8695,2024-02-18,EQ-4994,awaiting_parts,7,22,False
6381,SITE-058,PART-2499,2025-08-20,EQ-1064,deferred,3,36,False
6382,SITE-084,PART-5496,2023-08-16,EQ-1719,in_progress,4,7,False
6383,SITE-090,PART-7183,2023-09-06,EQ-6292,in_progress,16,22,False
6384,SITE-026,PART-1744,2026-12-06,EQ-6812,awaiting_parts,24,7,False
6385,SITE-001,PART-8916,2024-09-06,EQ-2906,open,23,18,False
6386,SITE-029,PART-2867,2023-08-26,EQ-8074,in_progress,29,40,False
6387,SITE-011,PART-1055,2024-04-12,EQ-7866,awaiting_parts,3,21,False
6388,SITE-082,PART-8779,2023-03-27,EQ-3150,deferred,6,22,False
6389,SITE-033,PART-1225,2025-09-24,EQ-6156,in_progress,7,12,False
6390,SITE-069,PART-9623,2025-11-04,EQ-9867,open,24,25,False
6391,SITE-041,PART-2003,2023-08-20,EQ-2711,completed,7,0,False
6392,SITE-043,PART-8474,2026-03-10,EQ-5760,in_progress,23,14,False
6393,SITE-087,PART-4035,2025-07-25,EQ-4657,awaiting_parts,8,37,False
6394,SITE-060,PART-5921,2023-03-22,EQ-7165,deferred,4,9,False
6395,SITE-024,PART-5319,2025-09-17,EQ-7658,awaiting_parts,30,21,False
6396,SITE-006,PART-4449,2024-04-21,EQ-3686,in_progress,8,28,True
6397,SITE-032,PART-5648,2025-07-27,EQ-5786,deferred,17,37,False
6398,SITE-055,PART-9099,2025-09-13,EQ-3366,open,19,16,False
6399,SITE-029,PART-7767,2023-05-23,EQ-2694,in_progress,2,1,False
6400,SITE-058,PART-4545,2025-05-21,EQ-2173,awaiting_parts,16,38,False
6401,SITE-012,PART-8994,2024-02-23,EQ-1036,awaiting_parts,19,11,False
6402,SITE-087,PART-3452,2023-08-15,EQ-1077,deferred,25,14,False
6403,SITE-078,PART-1945,2026-04-22,EQ-6804,in_progress,22,37,False
6404,SITE-034,PART-1363,2023-10-26,EQ-2534,open,8,29,False
6405,SITE-065,PART-3718,2025-02-07,EQ-1614,completed,3,0,False
6406,SITE-052,PART-7121,2026-09-27,EQ-4559,deferred,30,33,False
6407,SITE-071,PART-5805,2025-06-17,EQ-2822,open,6,22,False
6408,SITE-084,PART-9834,2024-12-23,EQ-5560,deferred,7,20,False
6409,SITE-011,PART-7250,2024-04-26,EQ-2087,open,6,45,True
6410,SITE-037,PART-2430,2024-06-14,EQ-6907,awaiting_parts,21,45,False
6411,SITE-030,PART-9037,2025-05-13,EQ-8894,completed,5,0,False
6412,SITE-043,PART-9606,2025-12-07,EQ-6425,completed,6,0,False
6413,SITE-047,PART-4365,2023-02-11,EQ-3222,completed,2,0,False
6414,SITE-007,PART-1872,2023-07-11,EQ-5610,completed,1,0,False
6415,SITE-023,PART-2958,2023-02-11,EQ-3146,open,26,29,False
6416,SITE-084,PART-8084,2025-11-04,EQ-6208,awaiting_parts,16,1,False
6417,SITE-068,PART-2443,2024-01-27,EQ-1582,in_progress,13,41,False
6418,SITE-037,PART-9632,2023-06-22,EQ-9003,open,4,41,False
6419,SITE-044,PART-5762,2025-02-28,EQ-2757,deferred,8,3,True
6420,SITE-015,PART-8505,2024-04-10,EQ-9323,awaiting_parts,15,24,False
6421,SITE-050,PART-2415,2026-02-27,EQ-8613,awaiting_parts,3,10,False
6422,SITE-029,PART-8524,2024-01-01,EQ-6174,deferred,7,1,False
6423,SITE-029,PART-8762,2025-05-01,EQ-2241,in_progress,17,9,False
6424,SITE-089,PART-7016,2024-08-27,EQ-8633,completed,3,0,False
6425,SITE-009,PART-1724,2025-09-25,EQ-3495,completed,0,0,False
6426,SITE-044,PART-7181,2026-04-07,EQ-1158,completed,1,0,False
6427,SITE-089,PART-2784,2023-04-07,EQ-2137,completed,0,0,False
6428,SITE-045,PART-9374,2025-05-06,EQ-3127,completed,3,0,False
6429,SITE-026,PART-3172,2023-09-15,EQ-7301,in_progress,1,16,False
6430,SITE-095,PART-8488,2025-06-24,EQ-5092,deferred,6,21,False
6431,SITE-035,PART-7053,2023-01-19,EQ-9379,completed,2,0,True
6432,SITE-021,PART-5100,2026-07-17,EQ-2262,completed,10,0,False
6433,SITE-049,PART-3290,2024-04-28,EQ-3351,deferred,21,21,False
6434,SITE-039,PART-6819,2025-10-10,EQ-6450,completed,9,0,False
6435,SITE-091,PART-2317,2026-08-10,EQ-7513,completed,8,0,False
6436,SITE-074,PART-8555,2024-09-21,EQ-9129,open,19,33,False
6437,SITE-008,PART-8861,2024-10-08,EQ-3106,deferred,24,5,False
6438,SITE-012,PART-1088,2024-03-12,EQ-3406,completed,0,0,False
6439,SITE-074,PART-5503,2025-06-08,EQ-3663,open,19,4,False
6440,SITE-014,PART-8505,2026-05-26,EQ-1362,in_progress,4,38,False
6441,SITE-082,PART-3574,2026-02-10,EQ-6815,awaiting_parts,3,3,False
6442,SITE-030,PART-5401,2023-05-13,EQ-3384,in_progress,14,32,False
6443,SITE-095,PART-6355,2024-08-19,EQ-8935,awaiting_parts,14,27,False
6444,SITE-035,PART-7761,2024-07-14,EQ-7070,in_progress,12,28,False
6445,SITE-100,PART-5070,2024-12-27,EQ-2158,completed,4,0,False
6446,SITE-058,PART-3101,2024-06-06,EQ-1904,deferred,7,15,False
6447,SITE-094,PART-8084,2023-08-02,EQ-8213,completed,0,0,False
6448,SITE-063,PART-6391,2026-10-26,EQ-6475,completed,2,0,False
6449,SITE-092,PART-2125,2024-09-16,EQ-8383,open,8,13,False
6450,SITE-017,PART-3109,2025-10-27,EQ-7663,open,28,18,True
6451,SITE-094,PART-3101,2024-08-04,EQ-2621,completed,0,0,False
6452,SITE-040,PART-4752,2026-11-26,EQ-3782,completed,7,0,False
6453,SITE-091,PART-3392,2024-05-10,EQ-8379,in_progress,3,27,False
6454,SITE-001,PART-8062,2025-11-17,EQ-7674,in_progress,8,1,False
6455,SITE-009,PART-8635,2023-06-21,EQ-6223,awaiting_parts,5,1,False
6456,SITE-057,PART-9288,2026-08-09,EQ-1108,in_progress,29,4,False
6457,SITE-017,PART-4251,2026-11-21,EQ-2845,deferred,27,5,False
6458,SITE-084,PART-7442,2024-02-28,EQ-7664,in_progress,18,21,False
6459,SITE-006,PART-1911,2026-06-27,EQ-1616,deferred,26,11,False
6460,SITE-018,PART-5004,2025-04-10,EQ-2505,open,23,7,True
6461,SITE-023,PART-2973,2026-11-11,EQ-7114,open,14,14,False
6462,SITE-093,PART-7042,2024-06-04,EQ-9503,deferred,12,1,True
6463,SITE-004,PART-9451,2024-07-22,EQ-4755,in_progress,2,14,False
6464,SITE-035,PART-5646,2025-11-06,EQ-8757,awaiting_parts,26,1,True
6465,SITE-063,PART-2039,2026-11-02,EQ-5278,deferred,30,38,False
6466,SITE-023,PART-6668,2023-10-03,EQ-9215,completed,0,0,False
6467,SITE-024,PART-6324,2023-11-13,EQ-5456,deferred,18,34,False
6468,SITE-072,PART-2122,2025-06-15,EQ-6113,deferred,8,8,False
6469,SITE-029,PART-2970,2026-07-11,EQ-3288,awaiting_parts,23,40,False
6470,SITE-093,PART-7232,2026-02-16,EQ-4591,open,28,17,False
6471,SITE-061,PART-8986,2024-05-19,EQ-4554,awaiting_parts,3,23,False
6472,SITE-062,PART-6683,2023-07-06,EQ-7632,in_progress,11,27,False
6473,SITE-010,PART-3030,2025-12-04,EQ-6561,in_progress,3,36,True
6474,SITE-040,PART-8690,2025-10-04,EQ-5964,awaiting_parts,6,43,False
6475,SITE-041,PART-9271,2026-06-21,EQ-3631,open,25,27,False
6476,SITE-079,PART-3793,2025-10-11,EQ-5228,in_progress,17,25,False
6477,SITE-028,PART-7495,2024-04-01,EQ-5729,awaiting_parts,21,2,False
6478,SITE-013,PART-3209,2025-06-15,EQ-6103,awaiting_parts,3,22,False
6479,SITE-031,PART-1376,2023-12-23,EQ-3283,awaiting_parts,2,30,False
6480,SITE-035,PART-2430,2026-03-17,EQ-4144,awaiting_parts,23,13,False
6481,SITE-002,PART-9629,2024-07-17,EQ-5253,deferred,14,1,True
6482,SITE-065,PART-2799,2023-01-27,EQ-6138,deferred,17,20,False
6483,SITE-022,PART-5588,2025-04-14,EQ-8438,awaiting_parts,19,26,True
6484,SITE-043,PART-1259,2026-11-23,EQ-7771,in_progress,13,44,False
6485,SITE-040,PART-9613,2023-10-20,EQ-4394,awaiting_parts,11,36,False
6486,SITE-045,PART-9432,2026-03-01,EQ-1510,deferred,21,43,False
6487,SITE-025,PART-6508,2024-08-04,EQ-9182,in_progress,2,9,True
6488,SITE-054,PART-7140,2026-03-10,EQ-5048,deferred,19,13,False
6489,SITE-076,PART-5225,2026-07-09,EQ-5151,deferred,21,16,False
6490,SITE-089,PART-5709,2023-06-12,EQ-5203,open,20,8,False
6491,SITE-020,PART-2415,2024-03-11,EQ-9267,completed,7,0,False
6492,SITE-012,PART-5214,2026-12-06,EQ-6968,in_progress,9,43,False
6493,SITE-037,PART-8199,2025-08-22,EQ-1799,open,27,35,False
6494,SITE-002,PART-4908,2023-07-07,EQ-6953,deferred,25,16,False
6495,SITE-032,PART-8910,2026-10-15,EQ-3434,deferred,21,4,False
6496,SITE-008,PART-6031,2025-10-07,EQ-7183,completed,7,0,False
6497,SITE-014,PART-2341,2025-03-03,EQ-1282,deferred,4,27,False
6498,SITE-036,PART-6089,2026-08-13,EQ-3268,open,2,35,False
6499,SITE-035,PART-9648,2026-12-25,EQ-3846,in_progress,20,24,False
6500,SITE-015,PART-9948,2026-09-19,EQ-6792,deferred,23,13,False
6501,SITE-015,PART-4280,2025-12-21,EQ-2768,open,17,42,False
6502,SITE-068,PART-1405,2025-08-04,EQ-4699,awaiting_parts,25,41,False
6503,SITE-052,PART-9679,2026-09-11,EQ-5031,completed,6,0,False
6504,SITE-091,PART-9037,2024-08-23,EQ-6450,awaiting_parts,27,5,False
6505,SITE-009,PART-3199,2026-10-23,EQ-8512,open,5,14,False
6506,SITE-008,PART-6072,2025-10-15,EQ-7203,completed,5,0,False
6507,SITE-042,PART-8279,2025-04-25,EQ-1609,in_progress,9,5,False
6508,SITE-003,PART-4741,2024-12-01,EQ-4694,deferred,16,6,False
6509,SITE-051,PART-8483,2025-04-27,EQ-3325,in_progress,2,28,False
6510,SITE-100,PART-4547,2023-07-02,EQ-3259,open,30,11,False
6511,SITE-026,PART-7431,2025-12-20,EQ-5667,in_progress,8,33,False
6512,SITE-038,PART-2973,2025-05-05,EQ-3802,awaiting_parts,11,4,False
6513,SITE-085,PART-9097,2023-08-07,EQ-5286,completed,10,0,False
6514,SITE-077,PART-2585,2026-05-28,EQ-8211,deferred,14,11,False
6515,SITE-062,PART-3655,2023-05-26,EQ-7799,deferred,28,9,False
6516,SITE-009,PART-9856,2024-10-20,EQ-9157,awaiting_parts,6,38,True
6517,SITE-030,PART-3953,2026-12-17,EQ-5074,deferred,11,20,True
6518,SITE-050,PART-8474,2026-05-10,EQ-5715,open,4,14,False
6519,SITE-057,PART-3457,2026-12-02,EQ-1751,awaiting_parts,28,24,False
6520,SITE-025,PART-1873,2023-04-01,EQ-1770,awaiting_parts,2,5,False
6521,SITE-047,PART-9162,2025-04-24,EQ-1316,open,10,22,False
6522,SITE-007,PART-3112,2026-07-11,EQ-4417,open,9,8,False
6523,SITE-040,PART-4694,2025-01-26,EQ-9740,in_progress,27,25,False
6524,SITE-015,PART-8994,2026-05-01,EQ-6645,in_progress,17,38,False
6525,SITE-084,PART-3231,2026-10-15,EQ-5608,awaiting_parts,7,29,False
6526,SITE-061,PART-8488,2023-03-16,EQ-4898,in_progress,14,20,False
6527,SITE-007,PART-9795,2024-11-14,EQ-2966,completed,0,0,False
6528,SITE-011,PART-2973,2024-06-23,EQ-3064,completed,9,0,False
6529,SITE-002,PART-1283,2025-04-03,EQ-2792,awaiting_parts,25,20,False
6530,SITE-048,PART-5873,2026-12-10,EQ-6760,open,9,25,False
6531,SITE-066,PART-7104,2023-12-14,EQ-3518,completed,10,0,False
6532,SITE-077,PART-8798,2024-10-13,EQ-1286,open,15,41,False
6533,SITE-100,PART-8423,2025-05-13,EQ-6385,in_progress,16,31,False
6534,SITE-099,PART-2758,2025-08-09,EQ-2371,completed,0,0,False
6535,SITE-055,PART-1503,2025-08-03,EQ-3911,open,11,36,True
6536,SITE-009,PART-6814,2025-03-09,EQ-6423,completed,9,0,False
6537,SITE-037,PART-4035,2026-05-26,EQ-1924,completed,8,0,False
6538,SITE-017,PART-7066,2024-04-01,EQ-3976,completed,6,0,False
6539,SITE-081,PART-1816,2023-03-16,EQ-3564,awaiting_parts,16,38,True
6540,SITE-066,PART-8874,2023-08-01,EQ-6475,open,21,2,False
6541,SITE-056,PART-9118,2024-03-21,EQ-7132,open,29,25,False
6542,SITE-060,PART-2959,2026-03-11,EQ-4534,completed,4,0,False
6543,SITE-030,PART-3729,2024-01-19,EQ-8393,awaiting_parts,4,15,False
6544,SITE-030,PART-4572,2024-01-09,EQ-9433,in_progress,4,24,False
6545,SITE-091,PART-6668,2026-01-18,EQ-8092,open,21,36,True
6546,SITE-043,PART-2100,2025-09-01,EQ-8188,completed,8,0,False
6547,SITE-010,PART-1291,2024-12-04,EQ-5461,deferred,3,19,False
6548,SITE-010,PART-7388,2025-09-26,EQ-6375,deferred,16,43,False
6549,SITE-013,PART-2046,2026-02-10,EQ-2811,deferred,22,33,False
6550,SITE-054,PART-2035,2023-04-24,EQ-3456,completed,10,0,False
6551,SITE-034,PART-3715,2023-10-11,EQ-6408,completed,5,0,False
6552,SITE-067,PART-7056,2025-06-03,EQ-5320,completed,9,0,True
6553,SITE-081,PART-4942,2025-07-01,EQ-1133,deferred,25,2,False
6554,SITE-065,PART-5319,2026-07-16,EQ-2424,in_progress,5,12,False
6555,SITE-038,PART-8084,2026-12-17,EQ-1027,deferred,6,8,False
6556,SITE-033,PART-6072,2024-05-22,EQ-3797,open,15,9,False
6557,SITE-076,PART-9374,2024-10-06,EQ-2948,completed,7,0,False
6558,SITE-099,PART-2317,2026-07-19,EQ-2168,open,27,35,False
6559,SITE-057,PART-5214,2025-11-14,EQ-2326,completed,4,0,False
6560,SITE-012,PART-8974,2026-12-11,EQ-1396,awaiting_parts,8,24,False
6561,SITE-042,PART-5442,2024-01-04,EQ-1907,in_progress,18,27,False
6562,SITE-066,PART-4397,2024-05-03,EQ-3575,completed,10,0,False
6563,SITE-032,PART-1591,2026-01-02,EQ-9505,awaiting_parts,17,22,False
6564,SITE-003,PART-6972,2023-07-09,EQ-3999,deferred,9,27,False
6565,SITE-089,PART-6227,2023-10-22,EQ-7358,open,2,18,False
6566,SITE-029,PART-5982,2023-04-28,EQ-7944,completed,4,0,False
6567,SITE-068,PART-1524,2025-12-07,EQ-5810,completed,2,0,False
6568,SITE-023,PART-1734,2024-04-19,EQ-1125,completed,1,0,False
6569,SITE-052,PART-8025,2025-05-24,EQ-6483,deferred,7,16,True
6570,SITE-047,PART-2331,2023-12-19,EQ-5168,awaiting_parts,11,44,False
6571,SITE-018,PART-3646,2024-09-19,EQ-2568,deferred,2,44,False
6572,SITE-006,PART-8181,2024-07-17,EQ-2516,in_progress,11,39,False
6573,SITE-017,PART-9528,2024-04-17,EQ-3633,open,4,10,False
6574,SITE-066,PART-9606,2024-11-19,EQ-8342,awaiting_parts,23,8,False
6575,SITE-027,PART-3735,2024-05-05,EQ-8931,in_progress,3,8,False
6576,SITE-099,PART-3415,2024-08-06,EQ-2824,completed,4,0,False
6577,SITE-073,PART-1129,2023-01-15,EQ-5250,open,28,29,False
6578,SITE-030,PART-5148,2026-04-15,EQ-2187,deferred,4,14,False
6579,SITE-097,PART-8427,2023-01-15,EQ-8175,open,25,19,False
6580,SITE-018,PART-4206,2026-05-27,EQ-2005,deferred,17,28,False
6581,SITE-080,PART-2179,2023-05-03,EQ-3713,completed,2,0,False
6582,SITE-065,PART-5539,2026-08-07,EQ-8373,open,28,38,False
6583,SITE-007,PART-5094,2025-02-20,EQ-5709,awaiting_parts,14,37,True
6584,SITE-062,PART-2443,2026-03-28,EQ-7290,in_progress,28,14,False
6585,SITE-059,PART-6101,2025-07-27,EQ-1308,completed,1,0,False
6586,SITE-021,PART-8807,2025-04-04,EQ-6028,deferred,24,11,False
6587,SITE-095,PART-9518,2024-08-01,EQ-4959,awaiting_parts,4,36,False
6588,SITE-044,PART-2958,2023-07-15,EQ-9259,completed,2,0,False
6589,SITE-029,PART-3130,2026-12-13,EQ-3381,completed,2,0,True
6590,SITE-012,PART-4694,2025-12-13,EQ-9997,deferred,2,31,False
6591,SITE-079,PART-5238,2023-07-06,EQ-4653,in_progress,3,2,False
6592,SITE-004,PART-8427,2025-12-16,EQ-4320,awaiting_parts,3,43,False
6593,SITE-056,PART-7087,2024-01-25,EQ-2698,deferred,6,15,True
6594,SITE-039,PART-8042,2023-11-13,EQ-8894,awaiting_parts,27,44,False
6595,SITE-086,PART-3257,2023-11-02,EQ-8276,deferred,11,34,False
6596,SITE-051,PART-3257,2023-11-07,EQ-8565,awaiting_parts,23,24,True
6597,SITE-065,PART-7082,2023-10-26,EQ-7230,in_progress,3,33,False
6598,SITE-025,PART-9336,2025-12-08,EQ-3021,in_progress,10,20,False
6599,SITE-084,PART-1921,2025-09-10,EQ-5531,open,22,3,False
6600,SITE-020,PART-6719,2026-11-13,EQ-9689,in_progress,23,26,True
6601,SITE-012,PART-2396,2023-10-13,EQ-3370,deferred,30,40,False
6602,SITE-074,PART-5543,2025-01-12,EQ-6320,in_progress,7,10,False
6603,SITE-014,PART-6522,2026-10-16,EQ-2968,awaiting_parts,19,35,False
6604,SITE-039,PART-3887,2026-11-06,EQ-2337,deferred,6,1,False
6605,SITE-003,PART-7277,2024-02-28,EQ-5473,deferred,13,2,False
6606,SITE-053,PART-4906,2025-07-08,EQ-8097,in_progress,15,27,False
6607,SITE-061,PART-1734,2026-06-26,EQ-1538,open,1,36,False
6608,SITE-065,PART-8909,2024-12-28,EQ-3799,open,27,31,False
6609,SITE-063,PART-7625,2026-03-01,EQ-3019,in_progress,26,37,False
6610,SITE-074,PART-7991,2024-10-28,EQ-9629,awaiting_parts,22,9,False
6611,SITE-079,PART-8500,2025-02-16,EQ-2971,open,15,21,False
6612,SITE-024,PART-7213,2025-08-02,EQ-8919,deferred,22,39,False
6613,SITE-005,PART-6811,2023-10-09,EQ-8336,open,17,45,False
6614,SITE-067,PART-5999,2024-07-28,EQ-9772,open,3,22,True
6615,SITE-064,PART-2585,2024-09-15,EQ-5219,in_progress,18,20,False
6616,SITE-047,PART-8675,2024-10-10,EQ-4922,in_progress,15,8,False
6617,SITE-100,PART-3290,2025-12-22,EQ-6634,completed,1,0,False
6618,SITE-048,PART-5150,2023-11-27,EQ-1686,completed,3,0,True
6619,SITE-056,PART-9119,2026-02-15,EQ-5672,deferred,18,13,False
6620,SITE-087,PART-3274,2023-08-17,EQ-7767,deferred,5,7,False
6621,SITE-029,PART-1557,2023-03-20,EQ-7389,open,23,3,False
6622,SITE-014,PART-7053,2026-10-02,EQ-5068,completed,9,0,False
6623,SITE-009,PART-6107,2024-04-26,EQ-7990,open,2,38,False
6624,SITE-066,PART-2165,2025-06-27,EQ-3347,open,17,27,False
6625,SITE-005,PART-9632,2023-10-07,EQ-7347,deferred,22,13,True
6626,SITE-091,PART-2415,2023-03-06,EQ-9484,completed,3,0,True
6627,SITE-050,PART-2974,2024-12-17,EQ-6454,open,8,4,False
6628,SITE-088,PART-2003,2023-01-08,EQ-2254,in_progress,29,42,False
6629,SITE-019,PART-3895,2023-10-25,EQ-4903,deferred,2,8,False
6630,SITE-063,PART-8474,2024-01-08,EQ-2779,open,26,3,False
6631,SITE-009,PART-3188,2023-09-24,EQ-9270,deferred,27,43,False
6632,SITE-090,PART-3602,2025-09-01,EQ-4061,completed,8,0,False
6633,SITE-087,PART-7282,2025-05-12,EQ-8837,completed,1,0,False
6634,SITE-018,PART-9528,2024-02-20,EQ-6301,deferred,8,45,False
6635,SITE-088,PART-8625,2026-12-09,EQ-9981,in_progress,9,18,False
6636,SITE-063,PART-8202,2026-07-07,EQ-6307,completed,3,0,False
6637,SITE-070,PART-5225,2023-10-01,EQ-5911,in_progress,4,8,False
6638,SITE-085,PART-2673,2026-08-08,EQ-1320,in_progress,12,20,False
6639,SITE-021,PART-3251,2023-05-07,EQ-8187,deferred,2,1,True
6640,SITE-048,PART-3995,2023-07-11,EQ-7466,awaiting_parts,28,17,False
6641,SITE-055,PART-9933,2024-02-03,EQ-5103,open,28,37,False
6642,SITE-074,PART-6829,2024-08-12,EQ-4282,open,27,7,False
6643,SITE-039,PART-3781,2026-07-05,EQ-7571,completed,1,0,False
6644,SITE-038,PART-1238,2024-10-17,EQ-5364,completed,3,0,False
6645,SITE-072,PART-5411,2025-03-15,EQ-3014,awaiting_parts,9,14,False
6646,SITE-010,PART-1771,2026-03-14,EQ-8404,in_progress,30,15,False
6647,SITE-040,PART-8780,2023-08-16,EQ-5157,completed,7,0,False
6648,SITE-043,PART-1759,2024-02-21,EQ-3151,deferred,25,26,False
6649,SITE-066,PART-1358,2026-01-12,EQ-2036,in_progress,25,23,True
6650,SITE-074,PART-9297,2025-11-03,EQ-9594,deferred,11,35,False
6651,SITE-099,PART-4137,2024-05-04,EQ-2653,awaiting_parts,5,7,True
6652,SITE-005,PART-7240,2023-07-04,EQ-8392,open,6,24,False
6653,SITE-086,PART-7425,2025-09-05,EQ-5959,awaiting_parts,29,4,True
6654,SITE-081,PART-9492,2025-12-20,EQ-3495,deferred,28,25,False
6655,SITE-064,PART-6894,2025-07-05,EQ-5634,awaiting_parts,14,7,False
6656,SITE-094,PART-5368,2024-03-03,EQ-5699,deferred,16,32,False
6657,SITE-052,PART-7590,2023-11-04,EQ-2702,in_progress,20,23,True
6658,SITE-026,PART-7886,2023-07-07,EQ-1908,awaiting_parts,20,13,False
6659,SITE-006,PART-3793,2025-07-02,EQ-6033,in_progress,20,45,False
6660,SITE-086,PART-5183,2025-07-15,EQ-4736,deferred,16,4,False
6661,SITE-074,PART-7277,2025-06-18,EQ-8821,deferred,11,17,False
6662,SITE-047,PART-9184,2026-03-09,EQ-7485,deferred,27,15,False
6663,SITE-042,PART-2394,2025-04-21,EQ-8196,open,13,30,False
6664,SITE-071,PART-7792,2026-08-02,EQ-5109,in_progress,29,35,False
6665,SITE-049,PART-1874,2024-07-08,EQ-4087,open,24,39,False
6666,SITE-087,PART-1264,2024-12-18,EQ-1755,deferred,11,39,False
6667,SITE-024,PART-4215,2025-02-13,EQ-3905,completed,1,0,False
6668,SITE-094,PART-4055,2026-12-28,EQ-8063,in_progress,26,6,False
6669,SITE-076,PART-6842,2025-01-18,EQ-4665,open,22,7,False
6670,SITE-072,PART-7210,2026-05-06,EQ-3783,awaiting_parts,13,19,False
6671,SITE-079,PART-8987,2024-05-25,EQ-5631,completed,2,0,True
6672,SITE-074,PART-3798,2026-07-23,EQ-1265,open,24,7,True
6673,SITE-058,PART-1524,2024-12-01,EQ-4840,awaiting_parts,23,15,False
6674,SITE-096,PART-1632,2023-06-19,EQ-9428,in_progress,4,37,False
6675,SITE-066,PART-1816,2024-09-01,EQ-6294,awaiting_parts,25,34,False
6676,SITE-040,PART-1358,2025-06-11,EQ-4960,awaiting_parts,23,35,False
6677,SITE-029,PART-2422,2024-12-26,EQ-8688,deferred,6,27,False
6678,SITE-063,PART-9833,2023-03-11,EQ-5969,open,26,32,False
6679,SITE-093,PART-4112,2023-10-03,EQ-4185,in_progress,5,38,False
6680,SITE-026,PART-2959,2023-06-18,EQ-3283,deferred,27,29,False
6681,SITE-081,PART-4128,2024-02-20,EQ-3931,in_progress,12,23,False
6682,SITE-091,PART-1945,2025-05-25,EQ-8166,open,28,20,False
6683,SITE-050,PART-8195,2026-07-19,EQ-7506,completed,3,0,True
6684,SITE-022,PART-5298,2023-04-23,EQ-5478,awaiting_parts,14,16,True
6685,SITE-094,PART-2802,2023-04-18,EQ-8502,open,15,1,False
6686,SITE-070,PART-7833,2025-07-23,EQ-1456,open,29,18,False
6687,SITE-077,PART-5200,2024-02-17,EQ-9263,deferred,22,16,True
6688,SITE-054,PART-7213,2025-03-17,EQ-4300,in_progress,25,6,False
6689,SITE-084,PART-6894,2024-07-03,EQ-8081,awaiting_parts,16,27,False
6690,SITE-065,PART-9306,2024-08-18,EQ-7406,awaiting_parts,28,15,False
6691,SITE-054,PART-9406,2024-08-14,EQ-1266,in_progress,1,2,False
6692,SITE-044,PART-3101,2025-05-18,EQ-6878,awaiting_parts,30,26,False
6693,SITE-090,PART-1366,2026-06-12,EQ-6966,open,29,38,False
6694,SITE-017,PART-1496,2026-06-24,EQ-7149,deferred,8,19,False
6695,SITE-057,PART-9371,2023-10-27,EQ-1923,awaiting_parts,16,8,False
6696,SITE-092,PART-3105,2025-06-18,EQ-9904,awaiting_parts,20,18,False
6697,SITE-040,PART-8396,2023-04-23,EQ-4738,deferred,19,10,True
6698,SITE-033,PART-3418,2023-01-12,EQ-8110,awaiting_parts,4,17,False
6699,SITE-049,PART-6926,2026-10-08,EQ-1512,completed,4,0,False
6700,SITE-066,PART-9121,2025-06-10,EQ-7467,awaiting_parts,13,36,False
6701,SITE-029,PART-2217,2024-07-22,EQ-9744,open,17,35,False
6702,SITE-048,PART-3729,2025-01-15,EQ-3941,awaiting_parts,5,40,False
6703,SITE-092,PART-7093,2025-05-24,EQ-6908,open,30,2,False
6704,SITE-005,PART-6615,2023-06-13,EQ-4520,in_progress,26,35,False
6705,SITE-026,PART-5999,2026-07-16,EQ-2487,in_progress,11,1,False
6706,SITE-008,PART-1744,2025-02-28,EQ-8815,in_progress,9,10,False
6707,SITE-026,PART-5031,2025-05-13,EQ-7462,deferred,22,21,True
6708,SITE-005,PART-6908,2024-12-23,EQ-2768,awaiting_parts,21,42,False
6709,SITE-092,PART-1291,2026-06-17,EQ-2302,open,3,6,True
6710,SITE-097,PART-4449,2024-11-17,EQ-5525,open,29,31,False
6711,SITE-045,PART-2683,2023-05-03,EQ-1525,deferred,4,27,True
6712,SITE-033,PART-1591,2026-04-28,EQ-7083,awaiting_parts,24,14,False
6713,SITE-010,PART-8994,2026-04-21,EQ-3240,awaiting_parts,5,23,False
6714,SITE-012,PART-2127,2023-01-08,EQ-5672,awaiting_parts,20,20,False
6715,SITE-046,PART-7144,2023-10-01,EQ-3286,completed,6,0,False
6716,SITE-029,PART-3435,2026-05-05,EQ-7787,completed,3,0,False
6717,SITE-097,PART-8723,2025-03-05,EQ-3919,deferred,26,34,False
6718,SITE-060,PART-8635,2025-07-06,EQ-5461,open,1,12,False
6719,SITE-047,PART-7321,2026-03-11,EQ-1783,completed,7,0,False
6720,SITE-058,PART-9037,2023-06-17,EQ-5700,in_progress,6,21,False
6721,SITE-092,PART-2356,2025-10-19,EQ-6290,deferred,21,32,False
6722,SITE-011,PART-9118,2026-12-16,EQ-9262,completed,1,0,False
6723,SITE-075,PART-7444,2024-04-19,EQ-5858,open,13,24,False
6724,SITE-040,PART-8384,2026-07-13,EQ-8179,deferred,5,5,False
6725,SITE-019,PART-7190,2025-05-11,EQ-6293,open,27,2,False
6726,SITE-040,PART-8488,2023-11-27,EQ-9876,completed,9,0,False
6727,SITE-033,PART-3959,2024-03-02,EQ-5442,open,15,14,False
6728,SITE-025,PART-5749,2025-09-03,EQ-9766,in_progress,22,7,False
6729,SITE-044,PART-5682,2023-12-02,EQ-4463,completed,8,0,False
6730,SITE-019,PART-7016,2025-07-18,EQ-4480,completed,7,0,False
6731,SITE-089,PART-5432,2025-05-12,EQ-5609,open,2,2,False
6732,SITE-023,PART-4247,2024-03-18,EQ-2673,in_progress,15,19,False
6733,SITE-095,PART-1134,2025-01-09,EQ-2705,completed,10,0,False
6734,SITE-083,PART-2779,2026-06-22,EQ-4997,open,7,18,True
6735,SITE-077,PART-2733,2023-07-02,EQ-7029,awaiting_parts,19,12,True
6736,SITE-100,PART-7385,2023-03-11,EQ-9685,awaiting_parts,30,25,False
6737,SITE-100,PART-5919,2024-01-21,EQ-6648,open,27,11,True
6738,SITE-068,PART-7277,2024-05-19,EQ-7120,deferred,22,31,False
6739,SITE-044,PART-8690,2023-02-08,EQ-1938,open,6,3,False
6740,SITE-040,PART-1124,2023-12-15,EQ-8123,completed,10,0,False
6741,SITE-051,PART-1198,2024-08-04,EQ-6141,in_progress,5,43,True
6742,SITE-043,PART-5070,2024-01-02,EQ-9313,awaiting_parts,10,32,True
6743,SITE-059,PART-5664,2025-05-22,EQ-6838,in_progress,18,4,False
6744,SITE-016,PART-9406,2026-11-22,EQ-2033,in_progress,25,1,False
6745,SITE-075,PART-9377,2026-01-10,EQ-7066,open,7,40,False
6746,SITE-033,PART-7042,2024-07-16,EQ-7089,awaiting_parts,13,42,False
6747,SITE-097,PART-8254,2023-03-13,EQ-4058,completed,1,0,False
6748,SITE-036,PART-3257,2025-02-05,EQ-2299,awaiting_parts,7,20,False
6749,SITE-035,PART-5652,2026-08-06,EQ-6347,awaiting_parts,9,24,False
6750,SITE-096,PART-7093,2025-10-23,EQ-3536,deferred,12,30,True
6751,SITE-075,PART-7535,2024-01-19,EQ-5582,open,12,38,False
6752,SITE-059,PART-8714,2023-11-05,EQ-6496,open,9,37,False
6753,SITE-039,PART-2100,2026-06-04,EQ-2498,open,25,29,False
6754,SITE-034,PART-9589,2026-09-05,EQ-8962,awaiting_parts,24,32,False
6755,SITE-077,PART-5704,2025-02-19,EQ-5146,open,21,43,False
6756,SITE-040,PART-7758,2026-03-20,EQ-5306,open,26,41,False
6757,SITE-082,PART-5150,2026-04-26,EQ-4771,in_progress,19,43,True
6758,SITE-094,PART-6628,2026-08-23,EQ-1133,completed,5,0,False
6759,SITE-071,PART-1557,2026-11-22,EQ-2985,open,21,5,False
6760,SITE-025,PART-4324,2025-07-06,EQ-1193,awaiting_parts,8,22,False
6761,SITE-027,PART-1911,2024-08-18,EQ-3507,completed,1,0,False
6762,SITE-080,PART-2784,2024-04-15,EQ-4945,completed,4,0,False
6763,SITE-073,PART-7912,2023-05-01,EQ-8837,completed,8,0,False
6764,SITE-008,PART-3285,2025-08-21,EQ-8106,in_progress,30,43,False
6765,SITE-009,PART-7416,2026-03-05,EQ-2779,completed,2,0,False
6766,SITE-032,PART-5172,2023-08-06,EQ-3342,in_progress,29,29,False
6767,SITE-012,PART-6355,2024-02-04,EQ-4643,awaiting_parts,17,18,False
6768,SITE-033,PART-8714,2024-01-07,EQ-2482,open,3,18,False
6769,SITE-066,PART-7104,2026-04-10,EQ-1190,completed,10,0,False
6770,SITE-075,PART-7625,2026-08-14,EQ-8192,completed,5,0,False
6771,SITE-086,PART-7560,2026-05-24,EQ-6083,completed,9,0,False
6772,SITE-082,PART-7563,2026-11-08,EQ-6514,deferred,8,18,False
6773,SITE-073,PART-2246,2023-01-22,EQ-1603,open,16,8,False
6774,SITE-047,PART-5200,2023-12-21,EQ-4764,deferred,17,17,False
6775,SITE-003,PART-4774,2026-03-24,EQ-6078,in_progress,1,43,False
6776,SITE-026,PART-1210,2026-06-04,EQ-1095,awaiting_parts,20,20,False
6777,SITE-065,PART-8427,2026-04-06,EQ-2381,open,23,25,False
6778,SITE-094,PART-4449,2023-08-03,EQ-6793,in_progress,25,39,False
6779,SITE-069,PART-4311,2025-02-28,EQ-2996,open,18,31,False
6780,SITE-048,PART-4277,2023-11-05,EQ-2105,completed,7,0,False
6781,SITE-080,PART-7967,2023-06-20,EQ-5104,awaiting_parts,20,19,False
6782,SITE-041,PART-4280,2024-05-21,EQ-7922,open,8,2,True
6783,SITE-089,PART-2422,2024-10-05,EQ-5325,in_progress,25,6,False
6784,SITE-080,PART-4392,2024-05-26,EQ-4224,awaiting_parts,10,20,False
6785,SITE-077,PART-6286,2023-12-14,EQ-2018,open,14,20,False
6786,SITE-018,PART-9512,2023-04-01,EQ-1776,open,25,45,False
6787,SITE-012,PART-3392,2024-03-05,EQ-1792,open,21,33,True
6788,SITE-009,PART-7269,2023-02-26,EQ-4814,open,16,7,True
6789,SITE-042,PART-2799,2023-06-15,EQ-3341,completed,9,0,False
6790,SITE-012,PART-7121,2025-12-16,EQ-1095,open,8,25,False
6791,SITE-047,PART-6013,2024-05-19,EQ-8165,completed,3,0,True
6792,SITE-061,PART-6324,2026-06-13,EQ-5828,awaiting_parts,28,26,False
6793,SITE-081,PART-7590,2025-04-13,EQ-7896,deferred,29,9,False
6794,SITE-034,PART-3193,2026-09-26,EQ-3154,deferred,16,41,False
6795,SITE-008,PART-4836,2025-10-24,EQ-1071,completed,7,0,True
6796,SITE-074,PART-1214,2026-12-19,EQ-5546,awaiting_parts,2,37,False
6797,SITE-048,PART-9921,2024-01-05,EQ-1655,completed,3,0,False
6798,SITE-024,PART-5743,2024-01-13,EQ-1710,in_progress,27,39,False
6799,SITE-094,PART-4092,2024-05-22,EQ-8469,deferred,1,34,False
6800,SITE-055,PART-3799,2025-04-22,EQ-9502,awaiting_parts,25,42,False
6801,SITE-036,PART-9106,2025-01-20,EQ-2051,completed,3,0,False
6802,SITE-034,PART-5193,2023-05-11,EQ-3112,completed,0,0,False
6803,SITE-037,PART-3009,2024-05-09,EQ-4526,completed,0,0,False
6804,SITE-004,PART-2100,2026-03-23,EQ-2577,completed,1,0,False
6805,SITE-022,PART-7210,2026-12-09,EQ-3999,in_progress,16,2,False
6806,SITE-031,PART-4897,2026-06-20,EQ-5542,open,4,15,False
6807,SITE-021,PART-8896,2024-05-24,EQ-8198,open,24,1,False
6808,SITE-069,PART-3286,2024-08-01,EQ-5331,deferred,14,19,False
6809,SITE-060,PART-7121,2023-07-09,EQ-5636,deferred,25,36,False
6810,SITE-035,PART-9518,2025-06-22,EQ-6281,deferred,3,32,False
6811,SITE-076,PART-7135,2023-06-02,EQ-5739,open,22,39,False
6812,SITE-018,PART-5133,2026-05-17,EQ-5935,in_progress,8,37,True
6813,SITE-006,PART-3825,2025-06-09,EQ-1350,awaiting_parts,7,33,False
6814,SITE-094,PART-3105,2024-10-07,EQ-7732,completed,1,0,False
6815,SITE-057,PART-6162,2026-04-21,EQ-4682,awaiting_parts,30,4,True
6816,SITE-003,PART-2766,2026-01-17,EQ-9331,deferred,21,42,False
6817,SITE-034,PART-3199,2026-04-18,EQ-2013,in_progress,26,11,False
6818,SITE-028,PART-8746,2026-08-05,EQ-8464,awaiting_parts,15,15,False
6819,SITE-076,PART-5539,2023-05-26,EQ-8509,in_progress,16,43,False
6820,SITE-043,PART-2218,2023-12-27,EQ-1999,in_progress,10,31,False
6821,SITE-067,PART-4829,2024-07-06,EQ-8135,open,30,18,False
6822,SITE-040,PART-3201,2025-06-12,EQ-1694,awaiting_parts,5,19,False
6823,SITE-079,PART-5907,2024-06-13,EQ-4037,deferred,9,38,True
6824,SITE-051,PART-6778,2024-09-02,EQ-9266,open,13,11,False
6825,SITE-098,PART-8534,2023-06-13,EQ-6447,completed,6,0,False
6826,SITE-098,PART-1930,2023-07-14,EQ-2344,open,5,4,False
6827,SITE-004,PART-7183,2023-09-28,EQ-4124,awaiting_parts,16,28,False
6828,SITE-092,PART-2485,2025-03-27,EQ-9127,completed,1,0,True
6829,SITE-083,PART-8555,2024-11-03,EQ-4741,completed,9,0,False
6830,SITE-079,PART-7745,2026-08-21,EQ-5964,completed,7,0,False
6831,SITE-011,PART-5046,2024-09-23,EQ-8052,awaiting_parts,19,16,False
6832,SITE-017,PART-3285,2023-01-17,EQ-5140,completed,3,0,False
6833,SITE-073,PART-1873,2024-04-12,EQ-8429,open,12,21,False
6834,SITE-065,PART-7431,2024-08-28,EQ-9312,deferred,22,22,False
6835,SITE-079,PART-9099,2024-08-23,EQ-6594,in_progress,3,9,False
6836,SITE-051,PART-1049,2023-01-02,EQ-2473,in_progress,27,24,False
6837,SITE-047,PART-9432,2024-03-21,EQ-3249,deferred,11,25,False
6838,SITE-029,PART-3349,2025-03-24,EQ-2165,in_progress,13,15,False
6839,SITE-084,PART-4219,2024-09-18,EQ-3299,completed,3,0,False
6840,SITE-098,PART-9181,2025-05-17,EQ-2437,in_progress,13,16,False
6841,SITE-096,PART-3286,2025-04-20,EQ-2136,awaiting_parts,7,18,False
6842,SITE-018,PART-4206,2024-01-27,EQ-7158,awaiting_parts,1,26,True
6843,SITE-054,PART-9518,2026-10-27,EQ-9559,awaiting_parts,20,5,False
6844,SITE-093,PART-6069,2023-03-21,EQ-6095,awaiting_parts,25,6,True
6845,SITE-092,PART-6330,2024-05-27,EQ-7748,completed,8,0,False
6846,SITE-053,PART-7424,2024-07-08,EQ-7730,deferred,10,28,False
6847,SITE-026,PART-7200,2024-08-28,EQ-2681,deferred,25,15,False
6848,SITE-066,PART-6668,2026-03-11,EQ-8849,open,23,6,False
6849,SITE-039,PART-5704,2026-12-27,EQ-1250,in_progress,6,3,False
6850,SITE-025,PART-2946,2024-03-09,EQ-7403,deferred,16,1,False
6851,SITE-097,PART-7431,2023-09-20,EQ-5896,open,16,39,True
6852,SITE-100,PART-3015,2025-04-24,EQ-4134,in_progress,24,39,False
6853,SITE-024,PART-1363,2024-06-23,EQ-5306,awaiting_parts,29,18,False
6854,SITE-047,PART-3343,2023-05-22,EQ-1800,awaiting_parts,25,10,False
6855,SITE-018,PART-8003,2023-11-23,EQ-4930,awaiting_parts,13,27,True
6856,SITE-006,PART-7535,2026-10-02,EQ-5260,deferred,12,13,False
6857,SITE-068,PART-9634,2023-01-24,EQ-8285,completed,5,0,False
6858,SITE-093,PART-8007,2023-05-19,EQ-3971,deferred,3,21,False
6859,SITE-014,PART-3811,2024-08-03,EQ-2701,deferred,10,29,False
6860,SITE-058,PART-4829,2026-05-07,EQ-5654,deferred,2,19,False
6861,SITE-094,PART-5496,2023-10-27,EQ-3320,awaiting_parts,7,17,False
6862,SITE-077,PART-5543,2025-04-08,EQ-5310,deferred,30,3,False
6863,SITE-097,PART-1055,2025-01-18,EQ-2847,deferred,2,22,False
6864,SITE-073,PART-9564,2026-05-27,EQ-4527,in_progress,15,21,False
6865,SITE-060,PART-3344,2024-08-21,EQ-9347,completed,0,0,False
6866,SITE-059,PART-4680,2024-10-10,EQ-3997,open,2,25,False
6867,SITE-096,PART-9458,2026-08-19,EQ-5472,open,22,44,False
6868,SITE-023,PART-3793,2023-11-21,EQ-3229,in_progress,13,12,False
6869,SITE-006,PART-1852,2023-01-25,EQ-5849,awaiting_parts,21,41,False
6870,SITE-027,PART-4354,2026-04-02,EQ-4905,deferred,21,38,False
6871,SITE-058,PART-5921,2024-06-11,EQ-7023,deferred,24,32,False
6872,SITE-076,PART-3030,2023-05-28,EQ-6480,completed,5,0,False
6873,SITE-003,PART-8909,2025-07-23,EQ-1525,awaiting_parts,23,11,True
6874,SITE-073,PART-6349,2026-01-22,EQ-5779,deferred,21,22,False
6875,SITE-053,PART-8668,2025-06-13,EQ-5577,awaiting_parts,22,9,False
6876,SITE-002,PART-6176,2025-06-19,EQ-6704,completed,5,0,False
6877,SITE-010,PART-7020,2025-12-11,EQ-3233,deferred,13,44,False
6878,SITE-038,PART-8959,2023-02-13,EQ-2307,in_progress,2,6,False
6879,SITE-005,PART-3418,2026-05-15,EQ-3139,completed,0,0,False
6880,SITE-022,PART-2036,2025-06-14,EQ-4633,deferred,19,14,False
6881,SITE-046,PART-2148,2026-02-11,EQ-4967,deferred,6,31,False
6882,SITE-078,PART-2683,2024-12-28,EQ-7094,completed,10,0,False
6883,SITE-086,PART-2125,2026-05-02,EQ-1751,completed,3,0,False
6884,SITE-003,PART-3103,2024-07-11,EQ-7851,deferred,27,18,True
6885,SITE-045,PART-4062,2024-01-24,EQ-2334,deferred,22,7,False
6886,SITE-045,PART-3015,2024-02-03,EQ-5989,awaiting_parts,21,7,False
6887,SITE-040,PART-4582,2026-12-11,EQ-6660,deferred,8,43,False
6888,SITE-016,PART-9181,2026-02-02,EQ-2010,open,12,19,False
6889,SITE-033,PART-6286,2026-10-24,EQ-9395,open,2,13,True
6890,SITE-091,PART-8163,2025-01-17,EQ-4213,open,26,7,True
6891,SITE-073,PART-5401,2026-03-27,EQ-6513,open,23,40,False
6892,SITE-009,PART-4219,2025-05-23,EQ-3602,completed,6,0,False
6893,SITE-016,PART-6391,2024-08-28,EQ-7264,in_progress,22,27,False
6894,SITE-053,PART-9512,2023-12-05,EQ-5019,deferred,3,17,False
6895,SITE-026,PART-6975,2024-08-20,EQ-3549,completed,8,0,False
6896,SITE-010,PART-3729,2024-12-02,EQ-6667,deferred,19,34,False
6897,SITE-089,PART-8723,2024-01-20,EQ-9648,in_progress,14,14,False
6898,SITE-006,PART-3602,2025-03-02,EQ-8196,completed,1,0,True
6899,SITE-008,PART-2035,2026-11-17,EQ-8296,deferred,15,40,False
6900,SITE-053,PART-3646,2023-01-19,EQ-1278,deferred,23,30,False
6901,SITE-052,PART-5200,2023-06-21,EQ-5462,completed,1,0,False
6902,SITE-052,PART-3549,2024-03-13,EQ-6185,open,8,30,False
6903,SITE-050,PART-9374,2025-06-20,EQ-7838,completed,0,0,False
6904,SITE-044,PART-2415,2023-03-14,EQ-6220,completed,0,0,False
6905,SITE-090,PART-7902,2025-11-12,EQ-7308,completed,0,0,True
6906,SITE-069,PART-3895,2026-09-02,EQ-3712,in_progress,10,36,True
6907,SITE-024,PART-8483,2026-03-17,EQ-2003,in_progress,11,7,False
6908,SITE-061,PART-5898,2023-04-17,EQ-6295,in_progress,9,29,False
6909,SITE-085,PART-7093,2024-05-13,EQ-3371,in_progress,20,28,False
6910,SITE-044,PART-7534,2025-03-25,EQ-8098,completed,2,0,True
6911,SITE-009,PART-7641,2026-11-27,EQ-8983,open,10,44,False
6912,SITE-010,PART-1470,2026-06-28,EQ-6984,in_progress,14,7,False
6913,SITE-054,PART-1724,2023-01-04,EQ-9356,awaiting_parts,27,22,True
6914,SITE-093,PART-2356,2025-01-10,EQ-2940,deferred,4,37,False
6915,SITE-041,PART-9739,2024-02-16,EQ-8968,awaiting_parts,24,30,False
6916,SITE-068,PART-3030,2025-04-21,EQ-6887,deferred,27,17,False
6917,SITE-072,PART-1124,2026-05-03,EQ-6398,open,17,16,False
6918,SITE-014,PART-4198,2023-10-22,EQ-9483,open,1,25,True
6919,SITE-002,PART-1911,2026-11-28,EQ-9847,deferred,29,18,False
6920,SITE-089,PART-7384,2026-03-17,EQ-9319,open,9,30,False
6921,SITE-002,PART-5460,2024-01-09,EQ-8696,completed,8,0,False
6922,SITE-100,PART-2297,2026-10-19,EQ-3561,open,22,40,False
6923,SITE-085,PART-2397,2025-11-24,EQ-9467,completed,2,0,False
6924,SITE-001,PART-9754,2023-03-02,EQ-6091,open,21,9,True
6925,SITE-081,PART-4092,2023-12-07,EQ-1366,in_progress,22,35,False
6926,SITE-070,PART-6683,2023-06-13,EQ-6573,open,25,11,False
6927,SITE-080,PART-5319,2023-08-08,EQ-4057,completed,3,0,False
6928,SITE-036,PART-9374,2024-07-17,EQ-8556,open,18,35,False
6929,SITE-062,PART-2356,2023-07-19,EQ-2407,deferred,22,36,False
6930,SITE-080,PART-8211,2023-02-22,EQ-1880,open,13,38,False
6931,SITE-060,PART-2802,2026-01-12,EQ-9790,awaiting_parts,23,40,False
6932,SITE-061,PART-4206,2023-07-10,EQ-9461,awaiting_parts,28,1,False
6933,SITE-019,PART-4802,2023-06-25,EQ-7163,awaiting_parts,20,43,False
6934,SITE-026,PART-7767,2024-12-21,EQ-3322,deferred,9,14,False
6935,SITE-025,PART-5709,2023-08-10,EQ-7710,in_progress,23,44,False
6936,SITE-050,PART-2830,2025-01-20,EQ-1869,in_progress,15,5,False
6937,SITE-051,PART-2396,2023-07-19,EQ-2215,open,18,33,False
6938,SITE-018,PART-5029,2026-06-02,EQ-6146,completed,6,0,False
6939,SITE-056,PART-9211,2026-08-05,EQ-5980,deferred,28,29,False
6940,SITE-045,PART-9883,2025-08-04,EQ-1618,in_progress,18,34,False
6941,SITE-029,PART-6183,2026-05-01,EQ-9102,completed,5,0,True
6942,SITE-028,PART-3452,2024-11-05,EQ-8961,deferred,3,23,False
6943,SITE-088,PART-4538,2024-02-09,EQ-9812,awaiting_parts,4,33,False
6944,SITE-044,PART-3162,2024-09-09,EQ-9790,open,23,14,False
6945,SITE-043,PART-2116,2025-05-02,EQ-4092,completed,1,0,False
6946,SITE-030,PART-7792,2025-09-01,EQ-4097,completed,7,0,False
6947,SITE-052,PART-9340,2026-01-08,EQ-6684,deferred,21,34,False
6948,SITE-050,PART-4128,2023-12-14,EQ-7368,completed,9,0,False
6949,SITE-012,PART-4638,2024-02-22,EQ-7570,open,30,27,False
6950,SITE-037,PART-2356,2026-07-19,EQ-7799,in_progress,14,36,False
6951,SITE-076,PART-1017,2024-05-24,EQ-2684,in_progress,8,43,False
6952,SITE-012,PART-7442,2025-09-01,EQ-7642,open,3,26,True
6953,SITE-093,PART-4518,2023-02-21,EQ-6675,completed,6,0,False
6954,SITE-003,PART-7486,2025-09-12,EQ-8014,deferred,23,38,False
6955,SITE-009,PART-4450,2025-10-05,EQ-1393,completed,2,0,True
6956,SITE-063,PART-8943,2024-08-01,EQ-7523,deferred,10,40,False
6957,SITE-072,PART-5570,2023-05-01,EQ-3519,open,15,1,False
6958,SITE-024,PART-4320,2024-10-06,EQ-4425,awaiting_parts,1,32,True
6959,SITE-030,PART-3887,2026-08-06,EQ-4492,open,24,34,False
6960,SITE-018,PART-8768,2023-05-15,EQ-3416,in_progress,21,41,False
6961,SITE-021,PART-8695,2026-07-25,EQ-4132,open,20,34,False
6962,SITE-013,PART-6349,2024-01-02,EQ-6364,in_progress,20,23,False
6963,SITE-065,PART-5127,2024-06-23,EQ-2247,in_progress,21,26,False
6964,SITE-076,PART-5029,2024-03-08,EQ-3782,awaiting_parts,21,15,False
6965,SITE-008,PART-9336,2026-07-04,EQ-4626,awaiting_parts,10,15,False
6966,SITE-011,PART-8535,2024-01-05,EQ-5946,awaiting_parts,28,44,False
6967,SITE-031,PART-7121,2026-05-04,EQ-2260,in_progress,2,23,False
6968,SITE-051,PART-7199,2024-08-12,EQ-6524,deferred,19,37,False
6969,SITE-038,PART-4303,2023-02-06,EQ-1897,awaiting_parts,18,2,False
6970,SITE-004,PART-4572,2026-05-23,EQ-2112,deferred,26,22,False
6971,SITE-028,PART-3435,2025-08-22,EQ-8910,completed,9,0,False
6972,SITE-004,PART-4908,2025-06-27,EQ-9263,in_progress,22,37,True
6973,SITE-014,PART-4251,2024-12-26,EQ-5513,in_progress,10,38,False
6974,SITE-002,PART-1911,2026-10-26,EQ-2973,in_progress,21,41,False
6975,SITE-060,PART-1547,2023-01-25,EQ-4780,open,13,21,False
6976,SITE-021,PART-3896,2024-11-11,EQ-1457,awaiting_parts,9,3,False
6977,SITE-028,PART-7358,2025-05-23,EQ-5830,open,1,40,False
6978,SITE-054,PART-1656,2025-01-07,EQ-7982,open,24,32,False
6979,SITE-083,PART-2341,2026-07-18,EQ-9076,deferred,7,38,False
6980,SITE-090,PART-1682,2026-10-01,EQ-7282,deferred,15,35,False
6981,SITE-070,PART-5668,2024-11-19,EQ-2022,deferred,14,36,True
6982,SITE-041,PART-5401,2026-04-22,EQ-6908,awaiting_parts,11,11,False
6983,SITE-023,PART-1892,2026-03-20,EQ-2448,awaiting_parts,4,17,False
6984,SITE-084,PART-3347,2026-06-25,EQ-2264,in_progress,27,38,False
6985,SITE-038,PART-7537,2025-08-10,EQ-4641,open,26,34,False
6986,SITE-020,PART-5682,2026-05-22,EQ-5765,awaiting_parts,15,16,False
6987,SITE-014,PART-4547,2026-08-19,EQ-2924,open,19,37,False
6988,SITE-011,PART-6221,2026-01-01,EQ-4336,open,30,7,False
6989,SITE-098,PART-4397,2024-04-04,EQ-2128,deferred,16,21,False
6990,SITE-031,PART-4397,2023-10-13,EQ-7434,in_progress,6,4,False
6991,SITE-024,PART-5646,2026-10-17,EQ-7768,deferred,4,44,False
6992,SITE-030,PART-8916,2023-07-28,EQ-2953,awaiting_parts,27,2,False
6993,SITE-030,PART-8840,2023-06-18,EQ-3991,open,7,44,False
6994,SITE-026,PART-3162,2024-12-02,EQ-8507,completed,1,0,False
6995,SITE-029,PART-9704,2024-01-07,EQ-5557,deferred,22,41,False
6996,SITE-050,PART-2148,2026-09-17,EQ-3969,in_progress,17,37,False
6997,SITE-066,PART-5661,2026-03-25,EQ-6620,awaiting_parts,9,20,False
6998,SITE-096,PART-6227,2026-05-23,EQ-8588,awaiting_parts,14,33,False
6999,SITE-092,PART-2148,2023-02-16,EQ-3696,deferred,10,14,False
7000,SITE-030,PART-3231,2023-05-08,EQ-6733,open,3,21,False
7001,SITE-074,PART-5781,2025-05-27,EQ-3013,completed,6,0,False
7002,SITE-092,PART-2331,2025-04-20,EQ-8513,in_progress,25,10,False
7003,SITE-085,PART-1225,2024-05-06,EQ-1529,deferred,4,19,False
7004,SITE-013,PART-9255,2023-07-28,EQ-2544,open,29,37,False
7005,SITE-052,PART-7384,2023-02-27,EQ-9572,open,10,43,False
7006,SITE-059,PART-9613,2023-06-05,EQ-1205,deferred,25,45,False
7007,SITE-013,PART-2397,2023-03-04,EQ-5256,completed,1,0,False
7008,SITE-060,PART-4663,2023-09-27,EQ-9685,in_progress,26,40,False
7009,SITE-084,PART-8581,2026-04-03,EQ-2202,deferred,3,5,False
7010,SITE-086,PART-7416,2023-10-01,EQ-5562,open,4,30,False
7011,SITE-002,PART-5219,2025-09-01,EQ-8896,completed,6,0,False
7012,SITE-002,PART-7413,2025-05-01,EQ-3641,completed,2,0,False
7013,SITE-023,PART-3825,2024-02-19,EQ-8169,awaiting_parts,28,24,False
7014,SITE-039,PART-5401,2023-10-23,EQ-5242,completed,0,0,False
7015,SITE-010,PART-7746,2025-10-09,EQ-9799,completed,2,0,False
7016,SITE-096,PART-7358,2026-03-03,EQ-5166,open,17,11,False
7017,SITE-034,PART-7914,2026-04-09,EQ-7617,completed,3,0,False
7018,SITE-017,PART-9739,2025-06-11,EQ-5829,completed,4,0,False
7019,SITE-025,PART-4309,2024-06-03,EQ-2956,in_progress,8,1,True
7020,SITE-058,PART-2341,2023-11-25,EQ-7932,completed,1,0,False
7021,SITE-003,PART-4694,2023-11-24,EQ-8083,completed,8,0,True
7022,SITE-019,PART-3349,2024-06-04,EQ-8531,in_progress,23,35,False
7023,SITE-088,PART-7897,2025-11-10,EQ-4079,completed,1,0,False
7024,SITE-063,PART-7384,2023-10-22,EQ-2831,open,10,28,False
7025,SITE-039,PART-7020,2024-11-05,EQ-9880,completed,1,0,False
7026,SITE-043,PART-4080,2026-07-26,EQ-1510,completed,4,0,False
7027,SITE-025,PART-7735,2026-01-20,EQ-3483,completed,8,0,False
7028,SITE-035,PART-5070,2024-03-20,EQ-9198,completed,4,0,False
7029,SITE-092,PART-6371,2026-01-26,EQ-7239,completed,7,0,False
7030,SITE-062,PART-4354,2023-03-16,EQ-1891,deferred,8,13,True
7031,SITE-032,PART-9090,2024-02-02,EQ-1431,in_progress,25,26,False
7032,SITE-005,PART-6072,2023-01-09,EQ-7746,deferred,21,27,False
7033,SITE-077,PART-3657,2023-01-26,EQ-1444,completed,10,0,False
7034,SITE-015,PART-7384,2026-01-24,EQ-2322,in_progress,16,17,False
7035,SITE-041,PART-2958,2026-11-18,EQ-3458,awaiting_parts,2,39,False
7036,SITE-001,PART-1744,2024-01-20,EQ-6585,awaiting_parts,21,20,False
7037,SITE-014,PART-1291,2024-03-03,EQ-9409,completed,3,0,False
7038,SITE-027,PART-2295,2023-04-25,EQ-1566,awaiting_parts,28,20,False
7039,SITE-004,PART-2577,2026-06-05,EQ-6858,in_progress,7,39,True
7040,SITE-033,PART-1236,2024-10-19,EQ-1949,completed,6,0,False
7041,SITE-091,PART-4382,2024-02-23,EQ-5875,deferred,17,3,False
7042,SITE-031,PART-9189,2023-06-07,EQ-7562,in_progress,10,13,False
7043,SITE-010,PART-2046,2026-06-07,EQ-1562,open,11,17,False
7044,SITE-100,PART-2779,2023-08-03,EQ-3598,deferred,11,16,False
7045,SITE-028,PART-4662,2024-09-07,EQ-6802,awaiting_parts,12,4,True
7046,SITE-009,PART-7785,2023-12-10,EQ-9147,awaiting_parts,28,35,True
7047,SITE-024,PART-3188,2024-05-02,EQ-3508,completed,10,0,False
7048,SITE-061,PART-3030,2026-05-26,EQ-1152,in_progress,24,36,False
7049,SITE-034,PART-5546,2024-12-04,EQ-9411,awaiting_parts,20,39,False
7050,SITE-031,PART-2867,2026-12-08,EQ-2018,in_progress,7,18,False
7051,SITE-051,PART-3574,2025-06-26,EQ-1239,open,9,8,False
7052,SITE-099,PART-6803,2026-05-25,EQ-1431,deferred,21,1,False
7053,SITE-072,PART-2035,2025-04-04,EQ-6282,awaiting_parts,11,19,True
7054,SITE-010,PART-9666,2024-01-14,EQ-7274,awaiting_parts,3,40,False
7055,SITE-039,PART-3648,2023-08-12,EQ-9670,awaiting_parts,11,20,False
7056,SITE-028,PART-3172,2025-10-11,EQ-7520,completed,7,0,False
7057,SITE-054,PART-7159,2023-06-24,EQ-9115,open,30,39,False
7058,SITE-043,PART-5368,2024-02-16,EQ-8844,awaiting_parts,19,6,False
7059,SITE-098,PART-8427,2023-07-21,EQ-3963,in_progress,25,11,False
7060,SITE-058,PART-1783,2026-02-07,EQ-1235,deferred,22,24,False
7061,SITE-041,PART-1142,2026-03-27,EQ-5866,in_progress,1,27,False
7062,SITE-012,PART-7419,2024-04-10,EQ-5066,in_progress,28,31,True
7063,SITE-039,PART-1632,2023-03-11,EQ-4500,deferred,17,14,False
7064,SITE-029,PART-6567,2024-01-21,EQ-8352,open,21,35,False
7065,SITE-051,PART-9284,2026-07-11,EQ-3450,awaiting_parts,8,37,True
7066,SITE-088,PART-3781,2025-08-05,EQ-2947,in_progress,12,11,False
7067,SITE-041,PART-3995,2024-12-25,EQ-9006,completed,7,0,False
7068,SITE-006,PART-3793,2023-10-19,EQ-6366,awaiting_parts,3,37,True
7069,SITE-095,PART-3825,2025-10-20,EQ-9505,in_progress,9,38,False
7070,SITE-087,PART-7967,2025-12-24,EQ-5556,awaiting_parts,16,42,False
7071,SITE-084,PART-9554,2024-04-16,EQ-6072,awaiting_parts,29,19,False
7072,SITE-038,PART-5921,2023-06-25,EQ-7583,awaiting_parts,12,30,False
7073,SITE-002,PART-7722,2026-12-03,EQ-5489,completed,5,0,False
7074,SITE-062,PART-5876,2026-09-01,EQ-3849,deferred,18,5,False
7075,SITE-044,PART-9993,2024-08-16,EQ-1454,deferred,22,45,False
7076,SITE-057,PART-3663,2026-11-05,EQ-3259,awaiting_parts,3,28,False
7077,SITE-003,PART-2451,2026-11-16,EQ-7503,completed,5,0,True
7078,SITE-079,PART-6884,2023-09-23,EQ-4258,deferred,10,12,False
7079,SITE-010,PART-7177,2026-10-05,EQ-6771,completed,10,0,False
7080,SITE-099,PART-2218,2024-03-25,EQ-7376,in_progress,14,32,False
7081,SITE-036,PART-4582,2024-03-19,EQ-8470,deferred,29,10,False
7082,SITE-070,PART-9704,2026-02-09,EQ-5345,completed,0,0,False
7083,SITE-075,PART-8861,2024-05-09,EQ-3196,in_progress,14,33,False
7084,SITE-051,PART-4397,2025-03-04,EQ-2573,open,23,31,False
7085,SITE-057,PART-2958,2026-05-07,EQ-2964,in_progress,7,15,False
7086,SITE-082,PART-6903,2025-09-26,EQ-2182,in_progress,13,20,False
7087,SITE-071,PART-7066,2025-08-15,EQ-6436,deferred,14,41,False
7088,SITE-054,PART-2665,2026-02-13,EQ-5764,in_progress,11,7,False
7089,SITE-044,PART-3895,2023-10-27,EQ-8732,completed,7,0,False
7090,SITE-079,PART-3735,2024-02-09,EQ-8783,awaiting_parts,8,18,False
7091,SITE-072,PART-8156,2026-03-10,EQ-7929,open,29,36,False
7092,SITE-054,PART-8126,2023-02-28,EQ-6706,in_progress,13,45,False
7093,SITE-085,PART-9638,2023-01-26,EQ-8052,in_progress,20,37,False
7094,SITE-089,PART-2784,2026-09-26,EQ-4345,in_progress,23,45,True
7095,SITE-039,PART-1259,2026-02-06,EQ-9994,open,12,44,False
7096,SITE-053,PART-5115,2026-08-02,EQ-7300,completed,9,0,False
7097,SITE-095,PART-9121,2024-05-20,EQ-4845,open,14,31,False
7098,SITE-047,PART-7159,2026-10-23,EQ-1506,completed,7,0,False
7099,SITE-047,PART-6572,2024-04-20,EQ-4734,deferred,10,28,False
7100,SITE-067,PART-1700,2025-04-16,EQ-5490,completed,3,0,False
7101,SITE-099,PART-9834,2026-04-08,EQ-8088,in_progress,29,15,False
7102,SITE-082,PART-5762,2026-12-15,EQ-9069,awaiting_parts,14,40,True
7103,SITE-078,PART-9288,2026-04-07,EQ-8712,completed,6,0,True
7104,SITE-030,PART-2622,2024-09-04,EQ-8773,open,22,18,False
7105,SITE-074,PART-1291,2025-10-13,EQ-8376,open,18,12,False
7106,SITE-017,PART-1660,2025-12-08,EQ-7804,in_progress,17,17,False
7107,SITE-099,PART-5704,2024-07-19,EQ-4773,open,2,5,False
7108,SITE-089,PART-2665,2023-10-11,EQ-9695,deferred,27,19,False
7109,SITE-025,PART-6991,2024-09-22,EQ-8052,in_progress,16,1,False
7110,SITE-025,PART-1238,2024-05-13,EQ-7776,awaiting_parts,8,30,False
7111,SITE-018,PART-7016,2025-10-04,EQ-9773,open,22,26,False
7112,SITE-057,PART-3258,2023-08-08,EQ-8333,completed,9,0,False
7113,SITE-081,PART-8181,2023-06-25,EQ-6350,awaiting_parts,26,9,False
7114,SITE-040,PART-7758,2023-07-08,EQ-7925,completed,10,0,True
7115,SITE-058,PART-1575,2026-06-04,EQ-5233,in_progress,29,35,False
7116,SITE-081,PART-1129,2023-08-27,EQ-7438,completed,0,0,True
7117,SITE-012,PART-7424,2024-08-09,EQ-3468,completed,5,0,False
7118,SITE-026,PART-4128,2026-11-28,EQ-6616,open,15,37,False
7119,SITE-019,PART-5018,2023-08-08,EQ-9398,completed,1,0,False
7120,SITE-063,PART-9284,2023-07-04,EQ-5128,completed,5,0,False
7121,SITE-013,PART-6826,2024-12-26,EQ-3812,deferred,7,28,False
7122,SITE-053,PART-9320,2023-08-16,EQ-8253,in_progress,17,18,False
7123,SITE-026,PART-5124,2024-01-16,EQ-6714,open,1,27,False
7124,SITE-021,PART-1198,2023-10-28,EQ-3676,in_progress,30,34,False
7125,SITE-035,PART-2416,2026-12-02,EQ-6410,completed,1,0,False
7126,SITE-080,PART-6209,2025-11-02,EQ-9269,open,8,4,False
7127,SITE-059,PART-1240,2023-01-10,EQ-7442,deferred,25,14,False
7128,SITE-057,PART-9833,2025-08-04,EQ-1715,completed,9,0,False
7129,SITE-090,PART-4422,2026-05-27,EQ-4128,open,27,22,False
7130,SITE-033,PART-4397,2025-06-23,EQ-9560,deferred,17,10,False
7131,SITE-049,PART-7641,2026-04-12,EQ-4869,completed,2,0,False
7132,SITE-058,PART-4886,2026-01-01,EQ-5882,deferred,23,16,False
7133,SITE-021,PART-9255,2026-04-10,EQ-2593,deferred,25,27,False
7134,SITE-087,PART-1124,2023-03-10,EQ-6282,in_progress,14,36,False
7135,SITE-011,PART-5961,2025-02-15,EQ-4909,open,11,18,False
7136,SITE-027,PART-4663,2026-06-05,EQ-9869,completed,10,0,False
7137,SITE-083,PART-7949,2026-10-21,EQ-5505,in_progress,23,23,False
7138,SITE-008,PART-8534,2023-01-25,EQ-9629,in_progress,30,28,False
7139,SITE-033,PART-3822,2025-07-04,EQ-2730,deferred,5,34,False
7140,SITE-060,PART-7240,2025-03-11,EQ-3442,open,20,11,False
7141,SITE-056,PART-5460,2023-11-03,EQ-3918,in_progress,12,2,False
7142,SITE-052,PART-6069,2023-04-20,EQ-1900,awaiting_parts,11,44,False
7143,SITE-071,PART-6947,2023-02-21,EQ-8815,in_progress,4,43,False
7144,SITE-011,PART-4680,2023-03-27,EQ-8121,completed,8,0,False
7145,SITE-078,PART-3822,2025-06-07,EQ-8247,open,18,12,False
7146,SITE-036,PART-3995,2023-06-09,EQ-1115,open,30,23,False
7147,SITE-047,PART-4251,2023-04-28,EQ-1243,open,27,15,False
7148,SITE-066,PART-9492,2023-08-23,EQ-1852,in_progress,20,40,True
7149,SITE-010,PART-3646,2026-03-04,EQ-4321,deferred,4,38,False
7150,SITE-083,PART-9306,2025-07-03,EQ-7356,in_progress,21,33,True
7151,SITE-017,PART-5828,2024-01-10,EQ-9727,awaiting_parts,3,17,False
7152,SITE-094,PART-2622,2023-09-14,EQ-6371,deferred,13,35,False
7153,SITE-072,PART-8780,2026-10-04,EQ-7245,deferred,18,15,False
7154,SITE-016,PART-5225,2026-12-28,EQ-2162,awaiting_parts,29,39,False
7155,SITE-040,PART-2317,2023-09-26,EQ-5761,open,28,6,False
7156,SITE-012,PART-9167,2025-12-12,EQ-9943,completed,8,0,False
7157,SITE-005,PART-9666,2025-02-16,EQ-4691,awaiting_parts,22,9,False
7158,SITE-061,PART-2281,2024-12-06,EQ-8076,deferred,1,23,False
7159,SITE-081,PART-7424,2026-10-16,EQ-9442,completed,6,0,True
7160,SITE-029,PART-6013,2026-10-15,EQ-9916,open,5,45,False
7161,SITE-071,PART-4942,2023-04-10,EQ-4190,completed,8,0,False
7162,SITE-084,PART-5919,2023-11-18,EQ-9255,deferred,4,31,False
7163,SITE-063,PART-5659,2024-07-21,EQ-2983,in_progress,28,36,False
7164,SITE-061,PART-8423,2026-04-23,EQ-6388,awaiting_parts,5,16,False
7165,SITE-043,PART-4603,2026-05-28,EQ-8988,completed,7,0,False
7166,SITE-093,PART-9208,2024-02-01,EQ-9806,open,30,10,False
7167,SITE-099,PART-1926,2025-12-28,EQ-7165,awaiting_parts,18,4,False
7168,SITE-064,PART-1926,2025-11-27,EQ-2378,deferred,27,43,False
7169,SITE-034,PART-4001,2023-11-28,EQ-4608,deferred,15,6,False
7170,SITE-086,PART-8084,2023-07-02,EQ-3620,awaiting_parts,20,25,False
7171,SITE-036,PART-7468,2026-06-04,EQ-1028,in_progress,25,10,False
7172,SITE-097,PART-7625,2026-03-06,EQ-2940,deferred,24,43,False
7173,SITE-005,PART-1074,2024-08-06,EQ-9163,completed,1,0,False
7174,SITE-066,PART-4505,2025-05-13,EQ-5753,awaiting_parts,26,29,False
7175,SITE-097,PART-3246,2024-07-12,EQ-2925,deferred,20,22,False
7176,SITE-014,PART-5214,2024-07-25,EQ-9947,deferred,20,9,False
7177,SITE-017,PART-4680,2023-04-17,EQ-7062,completed,2,0,True
7178,SITE-056,PART-5534,2026-01-12,EQ-3124,in_progress,14,4,True
7179,SITE-100,PART-7358,2025-06-02,EQ-2722,in_progress,16,20,False
7180,SITE-080,PART-7056,2024-05-25,EQ-1539,open,6,39,True
7181,SITE-039,PART-3729,2025-04-01,EQ-8455,awaiting_parts,16,45,False
7182,SITE-078,PART-8675,2026-07-14,EQ-1590,in_progress,17,3,False
7183,SITE-029,PART-6842,2026-03-12,EQ-5210,awaiting_parts,24,13,False
7184,SITE-052,PART-8254,2026-07-14,EQ-3952,in_progress,26,12,False
7185,SITE-037,PART-2477,2023-03-27,EQ-5227,in_progress,3,41,False
7186,SITE-010,PART-6299,2026-11-28,EQ-8225,awaiting_parts,14,32,False
7187,SITE-039,PART-1768,2024-06-05,EQ-5242,awaiting_parts,9,8,False
7188,SITE-094,PART-4206,2023-11-13,EQ-1828,completed,4,0,False
7189,SITE-066,PART-7067,2026-01-14,EQ-4554,awaiting_parts,16,33,False
7190,SITE-051,PART-3418,2025-01-10,EQ-1197,deferred,5,20,False
7191,SITE-030,PART-4335,2026-09-20,EQ-6396,deferred,24,39,False
7192,SITE-092,PART-1934,2025-08-11,EQ-6142,completed,1,0,True
7193,SITE-099,PART-7269,2025-08-25,EQ-6769,deferred,28,22,False
7194,SITE-020,PART-1074,2026-02-12,EQ-7504,deferred,9,32,False
7195,SITE-056,PART-6778,2024-02-15,EQ-5062,deferred,11,1,False
7196,SITE-043,PART-7767,2026-03-22,EQ-6626,awaiting_parts,15,27,False
7197,SITE-029,PART-2189,2023-06-25,EQ-6997,in_progress,24,44,False
7198,SITE-098,PART-5648,2023-03-23,EQ-9081,deferred,4,41,False
7199,SITE-075,PART-7087,2023-12-14,EQ-9462,awaiting_parts,19,35,False
7200,SITE-054,PART-8474,2026-08-11,EQ-2380,awaiting_parts,24,22,False
7201,SITE-071,PART-4663,2023-10-26,EQ-9804,completed,3,0,False
7202,SITE-031,PART-1105,2024-11-01,EQ-7923,in_progress,24,42,False
7203,SITE-060,PART-4181,2026-11-08,EQ-4072,completed,0,0,False
7204,SITE-059,PART-4662,2025-01-18,EQ-4292,completed,5,0,False
7205,SITE-055,PART-7020,2024-11-26,EQ-5535,in_progress,21,23,False
7206,SITE-073,PART-2140,2026-03-26,EQ-9407,in_progress,13,35,False
7207,SITE-038,PART-3109,2025-10-23,EQ-7481,deferred,23,18,False
7208,SITE-012,PART-6768,2024-12-16,EQ-3953,awaiting_parts,30,34,False
7209,SITE-084,PART-9162,2023-11-09,EQ-1163,deferred,1,39,True
7210,SITE-017,PART-9119,2026-04-11,EQ-9888,awaiting_parts,6,19,False
7211,SITE-067,PART-2140,2025-07-18,EQ-7157,open,8,19,False
7212,SITE-019,PART-5784,2023-11-25,EQ-3404,completed,8,0,False
7213,SITE-044,PART-8144,2026-12-14,EQ-8041,completed,4,0,False
7214,SITE-082,PART-4856,2023-01-19,EQ-4447,completed,9,0,False
7215,SITE-089,PART-9371,2024-09-06,EQ-2227,completed,1,0,False
7216,SITE-068,PART-3392,2026-03-02,EQ-1276,awaiting_parts,4,4,False
7217,SITE-052,PART-5401,2023-03-24,EQ-9941,deferred,16,45,False
7218,SITE-032,PART-5898,2024-07-04,EQ-2704,deferred,20,18,False
7219,SITE-098,PART-1347,2023-10-09,EQ-2359,deferred,11,32,False
7220,SITE-063,PART-9629,2023-02-13,EQ-8505,completed,2,0,False
7221,SITE-048,PART-9993,2023-08-16,EQ-9944,in_progress,19,5,True
7222,SITE-033,PART-7067,2023-01-01,EQ-4011,awaiting_parts,2,44,True
7223,SITE-061,PART-6236,2024-03-23,EQ-6562,completed,3,0,False
7224,SITE-079,PART-3715,2026-06-04,EQ-2314,deferred,27,33,True
7225,SITE-009,PART-4694,2025-05-06,EQ-6048,in_progress,27,37,False
7226,SITE-100,PART-1710,2026-07-20,EQ-2626,deferred,4,32,False
7227,SITE-039,PART-7560,2025-10-26,EQ-8119,deferred,6,5,True
7228,SITE-071,PART-9165,2026-11-13,EQ-2872,open,24,41,False
7229,SITE-027,PART-4014,2025-09-07,EQ-7024,completed,9,0,False
7230,SITE-063,PART-2773,2025-05-05,EQ-7543,awaiting_parts,6,10,False
7231,SITE-020,PART-9162,2025-12-28,EQ-7985,open,21,45,False
7232,SITE-046,PART-6908,2026-06-03,EQ-5718,awaiting_parts,9,26,True
7233,SITE-100,PART-4216,2025-08-26,EQ-5957,open,20,5,True
7234,SITE-019,PART-4055,2024-03-17,EQ-7592,deferred,18,27,False
7235,SITE-068,PART-2148,2023-06-03,EQ-7766,open,23,22,False
7236,SITE-059,PART-8084,2024-07-07,EQ-7608,awaiting_parts,1,13,False
7237,SITE-043,PART-2135,2024-10-25,EQ-7387,deferred,23,44,False
7238,SITE-074,PART-7444,2023-09-09,EQ-7130,in_progress,22,10,False
7239,SITE-042,PART-1921,2024-04-08,EQ-2465,deferred,16,23,False
7240,SITE-007,PART-6975,2024-02-18,EQ-6088,in_progress,6,3,False
7241,SITE-057,PART-7735,2023-04-25,EQ-8023,open,2,34,False
7242,SITE-036,PART-8500,2023-12-19,EQ-7866,deferred,17,26,False
7243,SITE-072,PART-2799,2023-11-21,EQ-7553,awaiting_parts,21,8,False
7244,SITE-003,PART-5115,2023-11-06,EQ-5196,open,24,33,False
7245,SITE-091,PART-2896,2023-01-25,EQ-4519,open,9,11,False
7246,SITE-064,PART-4365,2025-11-24,EQ-3736,open,28,19,False
7247,SITE-074,PART-2269,2024-06-20,EQ-2932,deferred,24,16,False
7248,SITE-090,PART-6221,2026-10-22,EQ-4870,in_progress,8,19,False
7249,SITE-036,PART-2516,2025-06-13,EQ-4607,open,17,40,False
7250,SITE-093,PART-5411,2025-01-03,EQ-8918,deferred,30,12,False
7251,SITE-100,PART-1575,2023-05-06,EQ-6644,deferred,28,21,False
7252,SITE-038,PART-4238,2026-04-10,EQ-9246,deferred,18,12,False
7253,SITE-014,PART-4260,2024-10-08,EQ-2958,deferred,6,15,False
7254,SITE-100,PART-6768,2024-03-06,EQ-6241,completed,4,0,False
7255,SITE-019,PART-1918,2026-05-06,EQ-1936,deferred,5,11,False
7256,SITE-100,PART-7520,2026-11-25,EQ-6999,in_progress,2,19,False
7257,SITE-022,PART-6922,2026-04-28,EQ-1716,deferred,7,36,False
7258,SITE-087,PART-2766,2024-05-11,EQ-1442,deferred,23,42,False
7259,SITE-020,PART-7183,2024-03-15,EQ-5520,open,10,25,False
7260,SITE-037,PART-1219,2023-05-16,EQ-4157,deferred,25,31,False
7261,SITE-096,PART-5543,2024-09-03,EQ-6362,open,6,9,False
7262,SITE-017,PART-8910,2024-04-23,EQ-8729,awaiting_parts,17,40,False
7263,SITE-019,PART-6122,2023-01-01,EQ-1703,open,19,37,False
7264,SITE-042,PART-7042,2024-10-02,EQ-8283,deferred,16,31,False
7265,SITE-035,PART-7144,2026-05-07,EQ-8025,deferred,27,28,False
7266,SITE-041,PART-7444,2026-05-27,EQ-2709,awaiting_parts,4,11,False
7267,SITE-028,PART-4198,2026-03-28,EQ-1033,awaiting_parts,6,6,True
7268,SITE-081,PART-9432,2023-11-03,EQ-2728,open,5,24,False
7269,SITE-022,PART-8558,2023-12-13,EQ-4592,deferred,13,8,False
7270,SITE-007,PART-7468,2024-05-21,EQ-6097,in_progress,12,34,False
7271,SITE-002,PART-4228,2024-01-25,EQ-2356,in_progress,13,19,False
7272,SITE-036,PART-3452,2023-03-11,EQ-6850,in_progress,30,39,False
7273,SITE-012,PART-1483,2024-04-02,EQ-3278,deferred,12,40,False
7274,SITE-017,PART-4640,2025-01-08,EQ-6694,in_progress,5,31,False
7275,SITE-039,PART-1032,2023-12-26,EQ-4890,awaiting_parts,21,39,False
7276,SITE-012,PART-7290,2026-08-20,EQ-5121,deferred,15,35,False
7277,SITE-048,PART-4781,2023-12-27,EQ-3544,deferred,16,22,False
7278,SITE-043,PART-9128,2025-05-13,EQ-1853,completed,8,0,False
7279,SITE-039,PART-9208,2026-10-08,EQ-8152,in_progress,24,2,False
7280,SITE-093,PART-8876,2023-08-10,EQ-5252,open,23,3,False
7281,SITE-042,PART-8199,2026-08-19,EQ-6603,awaiting_parts,22,31,False
7282,SITE-019,PART-5543,2026-10-15,EQ-1165,in_progress,9,9,False
7283,SITE-057,PART-2404,2023-12-03,EQ-3636,deferred,10,43,False
7284,SITE-050,PART-2003,2024-04-25,EQ-7036,in_progress,26,37,False
7285,SITE-056,PART-2970,2024-04-25,EQ-2764,open,23,1,False
7286,SITE-020,PART-2116,2023-06-28,EQ-1418,in_progress,23,34,False
7287,SITE-014,PART-4277,2023-02-08,EQ-6713,in_progress,26,42,False
7288,SITE-021,PART-3549,2023-03-03,EQ-6521,deferred,7,35,False
7289,SITE-044,PART-2213,2026-10-02,EQ-5503,awaiting_parts,29,25,False
7290,SITE-040,PART-7967,2026-09-26,EQ-3051,in_progress,22,20,False
7291,SITE-050,PART-8113,2025-10-28,EQ-4604,open,15,2,False
7292,SITE-034,PART-9390,2026-01-11,EQ-9039,in_progress,7,37,False
7293,SITE-086,PART-3549,2026-11-28,EQ-8337,awaiting_parts,20,12,False
7294,SITE-009,PART-8202,2026-11-10,EQ-8912,completed,10,0,False
7295,SITE-009,PART-4320,2025-02-25,EQ-5009,open,26,39,False
7296,SITE-092,PART-2331,2024-12-20,EQ-4155,awaiting_parts,3,37,False
7297,SITE-057,PART-5805,2023-04-01,EQ-8813,completed,4,0,False
7298,SITE-063,PART-9589,2026-01-27,EQ-3527,in_progress,4,28,False
7299,SITE-070,PART-5898,2024-04-19,EQ-8127,open,24,15,True
7300,SITE-011,PART-8823,2025-01-17,EQ-7567,in_progress,16,31,True
7301,SITE-039,PART-7042,2026-11-03,EQ-8051,deferred,22,44,False
7302,SITE-072,PART-9336,2026-02-13,EQ-2112,in_progress,29,11,False
7303,SITE-007,PART-8279,2026-10-07,EQ-4006,completed,9,0,True
7304,SITE-086,PART-6719,2025-10-13,EQ-9482,completed,9,0,False
7305,SITE-047,PART-4771,2024-11-12,EQ-7402,completed,7,0,False
7306,SITE-014,PART-1852,2024-06-17,EQ-4585,in_progress,18,26,True
7307,SITE-093,PART-5625,2024-11-10,EQ-1972,in_progress,15,45,False
7308,SITE-029,PART-8261,2025-07-16,EQ-8025,deferred,14,45,False
7309,SITE-037,PART-3798,2026-12-12,EQ-8033,open,10,26,False
7310,SITE-064,PART-9292,2023-03-23,EQ-5951,awaiting_parts,27,26,False
7311,SITE-009,PART-2135,2026-08-18,EQ-1650,in_progress,1,12,False
7312,SITE-039,PART-3349,2025-04-28,EQ-5956,awaiting_parts,3,35,True
7313,SITE-051,PART-2317,2026-08-24,EQ-6161,awaiting_parts,23,9,False
7314,SITE-096,PART-2802,2024-04-03,EQ-7796,in_progress,21,7,True
7315,SITE-013,PART-9306,2023-03-25,EQ-9228,deferred,9,37,False
7316,SITE-067,PART-2622,2024-03-15,EQ-1805,open,10,39,False
7317,SITE-100,PART-9121,2024-09-17,EQ-4154,completed,5,0,False
7318,SITE-056,PART-3937,2026-01-08,EQ-8214,in_progress,16,16,True
7319,SITE-003,PART-1416,2026-12-02,EQ-1840,open,19,11,False
7320,SITE-025,PART-7599,2026-04-24,EQ-2728,in_progress,11,43,False
7321,SITE-047,PART-6113,2025-02-28,EQ-8740,deferred,10,25,False
7322,SITE-095,PART-3101,2023-03-20,EQ-7889,open,10,12,False
7323,SITE-026,PART-3781,2026-05-25,EQ-1790,deferred,12,22,False
7324,SITE-065,PART-4422,2024-09-19,EQ-1129,awaiting_parts,24,32,False
7325,SITE-067,PART-3663,2024-05-07,EQ-7750,in_progress,10,29,False
7326,SITE-015,PART-2773,2026-02-28,EQ-3508,open,24,26,False
7327,SITE-023,PART-2705,2023-09-25,EQ-7661,awaiting_parts,19,23,False
7328,SITE-090,PART-1737,2023-11-08,EQ-3508,completed,1,0,False
7329,SITE-093,PART-7298,2025-10-12,EQ-4357,completed,5,0,True
7330,SITE-087,PART-2665,2026-01-10,EQ-4601,awaiting_parts,19,18,False
7331,SITE-020,PART-1744,2024-02-28,EQ-9817,deferred,18,3,False
7332,SITE-087,PART-5709,2023-04-06,EQ-7815,completed,2,0,False
7333,SITE-047,PART-1081,2023-03-12,EQ-2430,awaiting_parts,1,16,False
7334,SITE-046,PART-8959,2025-12-04,EQ-9495,open,15,16,False
7335,SITE-028,PART-7433,2024-10-27,EQ-1594,in_progress,13,14,False
7336,SITE-024,PART-7136,2023-07-19,EQ-5756,deferred,5,12,False
7337,SITE-045,PART-9292,2024-02-12,EQ-1824,deferred,14,40,False
7338,SITE-043,PART-3732,2023-12-12,EQ-4847,completed,10,0,True
7339,SITE-021,PART-9795,2026-09-25,EQ-6840,deferred,10,41,False
7340,SITE-058,PART-7486,2025-12-25,EQ-3944,deferred,14,6,False
7341,SITE-050,PART-2590,2025-04-23,EQ-4009,open,19,2,False
7342,SITE-100,PART-7358,2025-02-14,EQ-9117,deferred,10,4,False
7343,SITE-069,PART-3162,2025-10-14,EQ-6727,awaiting_parts,9,20,False
7344,SITE-095,PART-1733,2025-01-26,EQ-6483,completed,0,0,False
7345,SITE-041,PART-2526,2025-01-28,EQ-2178,open,1,18,False
7346,SITE-009,PART-6013,2024-12-19,EQ-5174,in_progress,13,3,False
7347,SITE-025,PART-7971,2024-05-11,EQ-5696,completed,6,0,False
7348,SITE-046,PART-3285,2026-08-11,EQ-7305,awaiting_parts,19,15,False
7349,SITE-050,PART-6812,2024-04-20,EQ-3964,awaiting_parts,1,23,False
7350,SITE-024,PART-7498,2023-07-01,EQ-4523,awaiting_parts,24,41,False
7351,SITE-077,PART-6412,2025-09-05,EQ-3886,awaiting_parts,1,35,False
7352,SITE-022,PART-5646,2026-02-27,EQ-4102,open,14,29,False
7353,SITE-066,PART-3009,2023-08-01,EQ-7372,completed,3,0,False
7354,SITE-033,PART-7672,2025-01-24,EQ-1576,awaiting_parts,26,13,True
7355,SITE-006,PART-5018,2024-07-16,EQ-5529,open,15,19,False
7356,SITE-027,PART-1768,2025-06-05,EQ-8898,in_progress,21,31,False
7357,SITE-054,PART-9987,2025-08-08,EQ-5472,open,19,14,False
7358,SITE-100,PART-8798,2023-06-15,EQ-7260,completed,7,0,False
7359,SITE-059,PART-4663,2023-02-10,EQ-9403,completed,8,0,False
7360,SITE-083,PART-4370,2024-10-17,EQ-1946,in_progress,12,10,False
7361,SITE-060,PART-1335,2026-12-15,EQ-1156,awaiting_parts,17,27,False
7362,SITE-053,PART-1238,2025-03-11,EQ-5396,completed,10,0,False
7363,SITE-020,PART-1483,2024-08-11,EQ-1276,awaiting_parts,11,43,False
7364,SITE-026,PART-4228,2026-07-06,EQ-1964,completed,4,0,False
7365,SITE-077,PART-2464,2025-01-17,EQ-6523,completed,0,0,False
7366,SITE-084,PART-6013,2025-06-09,EQ-6840,open,3,29,False
7367,SITE-088,PART-9371,2025-09-21,EQ-4072,awaiting_parts,16,2,False
7368,SITE-034,PART-4942,2023-12-09,EQ-3824,deferred,15,13,False
7369,SITE-029,PART-4908,2026-03-14,EQ-6433,completed,9,0,False
7370,SITE-009,PART-4215,2026-07-27,EQ-3580,in_progress,21,8,True
7371,SITE-071,PART-1456,2025-10-08,EQ-9432,deferred,19,11,False
7372,SITE-024,PART-3655,2025-07-13,EQ-8145,awaiting_parts,20,31,False
7373,SITE-013,PART-8062,2024-02-16,EQ-2452,in_progress,5,8,False
7374,SITE-027,PART-9037,2023-04-10,EQ-9133,deferred,4,37,False
7375,SITE-080,PART-8488,2025-09-04,EQ-2332,deferred,3,21,False
7376,SITE-048,PART-3879,2026-10-28,EQ-6147,completed,8,0,False
7377,SITE-071,PART-7684,2023-04-07,EQ-4065,awaiting_parts,14,25,False
7378,SITE-036,PART-9121,2026-09-14,EQ-8203,completed,8,0,False
7379,SITE-100,PART-3592,2026-01-25,EQ-5503,in_progress,7,20,False
7380,SITE-024,PART-8273,2026-03-14,EQ-5570,completed,1,0,True
7381,SITE-038,PART-4181,2024-05-26,EQ-3363,completed,6,0,True
7382,SITE-067,PART-8194,2025-10-21,EQ-1401,awaiting_parts,15,35,False
7383,SITE-002,PART-1081,2023-01-02,EQ-7960,deferred,1,26,False
7384,SITE-008,PART-6572,2025-08-13,EQ-3746,open,12,3,False
7385,SITE-015,PART-3209,2025-02-28,EQ-8631,open,28,15,False
7386,SITE-027,PART-3937,2025-02-05,EQ-8125,deferred,22,45,False
7387,SITE-059,PART-5018,2026-10-19,EQ-9934,open,7,23,False
7388,SITE-051,PART-7428,2023-05-12,EQ-2488,deferred,10,11,False
7389,SITE-067,PART-8143,2026-05-25,EQ-2218,in_progress,3,26,False
7390,SITE-039,PART-1632,2024-05-08,EQ-7238,open,18,17,True
7391,SITE-032,PART-7298,2024-06-03,EQ-6289,awaiting_parts,14,43,False
7392,SITE-032,PART-1945,2026-11-21,EQ-5314,awaiting_parts,2,10,False
7393,SITE-076,PART-5907,2025-08-21,EQ-9210,open,7,41,False
7394,SITE-096,PART-7902,2023-08-04,EQ-1619,in_progress,2,2,False
7395,SITE-086,PART-7739,2025-05-04,EQ-2266,awaiting_parts,1,7,False
7396,SITE-082,PART-6522,2025-01-17,EQ-7857,in_progress,16,37,False
7397,SITE-038,PART-4836,2025-01-11,EQ-2746,completed,8,0,False
7398,SITE-088,PART-5133,2026-07-14,EQ-2716,in_progress,22,23,False
7399,SITE-057,PART-4582,2026-05-02,EQ-1014,deferred,12,22,False
7400,SITE-043,PART-7008,2025-12-08,EQ-1843,completed,7,0,False
7401,SITE-095,PART-9739,2026-07-06,EQ-9670,open,28,2,True
7402,SITE-060,PART-2758,2025-03-27,EQ-3021,open,2,43,False
7403,SITE-062,PART-3160,2024-05-11,EQ-1603,open,19,34,False
7404,SITE-049,PART-3995,2023-05-08,EQ-5308,open,1,17,False
7405,SITE-006,PART-5664,2023-10-26,EQ-3951,completed,4,0,False
7406,SITE-092,PART-2331,2026-04-14,EQ-5205,deferred,15,8,False
7407,SITE-075,PART-8779,2024-12-03,EQ-6526,open,22,16,False
7408,SITE-082,PART-1173,2025-09-18,EQ-8268,deferred,3,29,False
7409,SITE-017,PART-4055,2026-05-24,EQ-1900,awaiting_parts,1,1,False
7410,SITE-071,PART-7486,2023-06-05,EQ-5127,completed,0,0,False
7411,SITE-013,PART-8126,2024-01-22,EQ-5881,awaiting_parts,24,14,False
7412,SITE-018,PART-1695,2024-01-21,EQ-9735,open,1,24,True
7413,SITE-087,PART-7977,2026-03-24,EQ-3523,deferred,7,23,False
7414,SITE-057,PART-4297,2024-09-24,EQ-2198,open,13,37,False
7415,SITE-095,PART-2331,2025-09-02,EQ-4357,awaiting_parts,7,7,False
7416,SITE-061,PART-9329,2025-11-24,EQ-7460,deferred,27,8,False
7417,SITE-094,PART-7413,2023-07-13,EQ-3809,in_progress,3,3,False
7418,SITE-037,PART-4999,2025-07-16,EQ-7198,in_progress,7,25,False
7419,SITE-062,PART-1264,2023-11-22,EQ-3252,open,4,12,False
7420,SITE-018,PART-7441,2024-12-02,EQ-3107,deferred,10,10,False
7421,SITE-072,PART-2075,2026-09-05,EQ-1501,open,21,28,False
7422,SITE-035,PART-9913,2023-05-15,EQ-1019,deferred,1,33,False
7423,SITE-035,PART-5094,2026-08-18,EQ-1592,open,18,44,False
7424,SITE-006,PART-6122,2025-07-18,EQ-8229,completed,4,0,False
7425,SITE-046,PART-4404,2025-08-25,EQ-2447,open,2,11,False
7426,SITE-021,PART-1987,2026-08-15,EQ-6087,deferred,21,24,True
7427,SITE-069,PART-9634,2026-02-22,EQ-5807,deferred,11,23,False
7428,SITE-020,PART-1259,2024-02-27,EQ-5994,completed,7,0,False
7429,SITE-040,PART-3839,2024-10-04,EQ-4242,open,2,10,False
7430,SITE-022,PART-6567,2025-03-04,EQ-1658,open,3,38,False
7431,SITE-091,PART-2106,2024-04-27,EQ-8135,deferred,21,1,False
7432,SITE-009,PART-3160,2026-06-10,EQ-5246,completed,3,0,False
7433,SITE-067,PART-4640,2025-11-18,EQ-4268,open,6,1,False
7434,SITE-016,PART-7083,2025-04-10,EQ-2705,in_progress,12,19,False
7435,SITE-047,PART-2434,2026-07-11,EQ-2552,awaiting_parts,11,37,False
7436,SITE-002,PART-3349,2023-04-17,EQ-9198,open,7,14,False
7437,SITE-088,PART-1116,2026-07-23,EQ-7446,completed,1,0,False
7438,SITE-051,PART-7036,2025-03-27,EQ-9080,completed,0,0,False
7439,SITE-064,PART-6069,2024-02-03,EQ-8540,deferred,20,42,False
7440,SITE-100,PART-4206,2025-02-13,EQ-9005,open,30,39,False
7441,SITE-037,PART-3246,2023-06-17,EQ-7155,deferred,15,33,False
7442,SITE-090,PART-2075,2026-10-27,EQ-2934,completed,3,0,False
7443,SITE-089,PART-5990,2025-07-18,EQ-9147,awaiting_parts,20,29,False
7444,SITE-032,PART-1816,2026-12-03,EQ-2229,open,27,5,False
7445,SITE-041,PART-7912,2023-08-01,EQ-7765,awaiting_parts,16,31,False
7446,SITE-046,PART-8909,2024-05-18,EQ-1206,completed,2,0,False
7447,SITE-031,PART-2773,2024-02-20,EQ-5569,completed,5,0,False
7448,SITE-044,PART-7897,2026-06-27,EQ-3168,in_progress,27,14,False
7449,SITE-072,PART-7093,2025-11-16,EQ-5945,in_progress,15,1,False
7450,SITE-019,PART-2317,2024-07-13,EQ-4658,completed,1,0,False
7451,SITE-060,PART-5503,2026-05-12,EQ-4163,completed,2,0,False
7452,SITE-065,PART-5749,2023-02-25,EQ-5822,open,18,11,False
7453,SITE-029,PART-3349,2025-05-24,EQ-2639,deferred,21,18,False
7454,SITE-075,PART-1816,2023-04-26,EQ-2642,awaiting_parts,1,27,False
7455,SITE-087,PART-9856,2023-07-24,EQ-1330,in_progress,15,4,False
7456,SITE-088,PART-7385,2025-04-05,EQ-5141,completed,1,0,False
7457,SITE-043,PART-6797,2024-09-24,EQ-2155,completed,8,0,False
7458,SITE-061,PART-5961,2026-11-17,EQ-6397,completed,2,0,False
7459,SITE-015,PART-4215,2025-08-10,EQ-7097,open,17,6,False
7460,SITE-032,PART-4251,2025-12-05,EQ-5067,completed,9,0,True
7461,SITE-096,PART-4072,2024-09-12,EQ-7130,completed,5,0,True
7462,SITE-030,PART-4662,2023-01-27,EQ-1241,awaiting_parts,25,33,False
7463,SITE-035,PART-3246,2025-11-17,EQ-7397,open,7,39,False
7464,SITE-075,PART-9106,2023-06-09,EQ-4196,open,27,18,False
7465,SITE-085,PART-6784,2026-03-11,EQ-9959,in_progress,25,29,True
7466,SITE-064,PART-8163,2025-08-04,EQ-6848,open,7,1,True
7467,SITE-053,PART-8896,2024-03-25,EQ-3736,in_progress,27,43,False
7468,SITE-026,PART-5094,2024-08-22,EQ-7997,deferred,20,34,False
7469,SITE-029,PART-5127,2023-02-02,EQ-7890,open,30,14,False
7470,SITE-053,PART-7588,2026-08-25,EQ-4387,in_progress,22,22,False
7471,SITE-043,PART-7177,2023-07-23,EQ-1444,open,12,39,False
7472,SITE-092,PART-7366,2026-04-04,EQ-5644,open,20,21,False
7473,SITE-077,PART-5950,2025-09-18,EQ-7822,awaiting_parts,11,38,False
7474,SITE-031,PART-4829,2026-12-21,EQ-5776,completed,9,0,False
7475,SITE-025,PART-3729,2023-01-06,EQ-6710,in_progress,8,14,False
7476,SITE-014,PART-6766,2025-12-25,EQ-8024,in_progress,24,20,True
7477,SITE-027,PART-6683,2024-08-21,EQ-6333,completed,5,0,False
7478,SITE-051,PART-7232,2025-05-05,EQ-3781,open,2,28,False
7479,SITE-021,PART-7495,2023-08-27,EQ-6449,completed,5,0,False
7480,SITE-047,PART-8768,2024-07-17,EQ-2430,open,16,9,False
7481,SITE-058,PART-2039,2023-06-02,EQ-1125,open,4,17,False
7482,SITE-022,PART-2794,2025-11-07,EQ-4171,completed,2,0,False
7483,SITE-068,PART-7020,2024-07-06,EQ-4980,deferred,29,8,False
7484,SITE-021,PART-6176,2023-02-23,EQ-5487,deferred,18,8,True
7485,SITE-093,PART-2068,2024-02-26,EQ-9039,completed,6,0,False
7486,SITE-006,PART-2577,2026-12-07,EQ-9338,completed,6,0,False
7487,SITE-015,PART-7944,2025-03-28,EQ-9305,in_progress,26,13,False
7488,SITE-034,PART-8565,2023-09-07,EQ-9704,awaiting_parts,24,16,False
7489,SITE-080,PART-5442,2026-03-03,EQ-2675,completed,4,0,False
7490,SITE-064,PART-2127,2023-08-10,EQ-8218,open,26,3,False
7491,SITE-056,PART-3731,2026-05-02,EQ-5062,completed,1,0,False
7492,SITE-092,PART-3349,2024-12-02,EQ-9096,in_progress,10,8,False
7493,SITE-054,PART-8943,2026-01-24,EQ-6426,open,15,5,True
7494,SITE-074,PART-4320,2023-03-26,EQ-6435,in_progress,10,33,False
7495,SITE-038,PART-7416,2023-02-22,EQ-2415,in_progress,26,9,False
7496,SITE-012,PART-7486,2023-08-17,EQ-1653,completed,9,0,False
7497,SITE-044,PART-2499,2025-12-27,EQ-7076,completed,2,0,False
7498,SITE-006,PART-3333,2026-04-28,EQ-8534,completed,0,0,False
7499,SITE-064,PART-3553,2023-12-24,EQ-7380,in_progress,13,12,False
7500,SITE-098,PART-2039,2026-12-19,EQ-3374,awaiting_parts,24,19,False
7501,SITE-080,PART-9037,2025-08-18,EQ-3696,in_progress,21,11,False
7502,SITE-087,PART-7093,2024-02-22,EQ-5796,awaiting_parts,19,5,False
7503,SITE-057,PART-8214,2025-05-24,EQ-9063,open,12,15,False
7504,SITE-073,PART-3798,2025-02-15,EQ-4575,awaiting_parts,4,30,False
7505,SITE-001,PART-5496,2023-10-27,EQ-5316,completed,3,0,False
7506,SITE-061,PART-1734,2024-08-01,EQ-2463,open,9,18,False
7507,SITE-029,PART-8143,2025-11-01,EQ-3139,in_progress,10,2,False
7508,SITE-089,PART-7897,2023-05-28,EQ-5960,completed,8,0,False
7509,SITE-055,PART-4055,2023-10-13,EQ-1113,in_progress,21,5,False
7510,SITE-010,PART-1591,2024-04-17,EQ-4752,in_progress,21,36,False
7511,SITE-090,PART-7563,2026-05-06,EQ-8026,completed,7,0,False
7512,SITE-036,PART-4942,2026-04-28,EQ-7033,open,13,41,False
7513,SITE-095,PART-4752,2024-12-17,EQ-2360,open,10,34,False
7514,SITE-023,PART-8565,2025-12-07,EQ-7160,awaiting_parts,5,12,False
7515,SITE-021,PART-8195,2024-10-06,EQ-2509,deferred,24,12,True
7516,SITE-042,PART-8676,2023-12-10,EQ-5721,completed,5,0,False
7517,SITE-007,PART-2499,2026-10-13,EQ-5904,open,12,36,False
7518,SITE-090,PART-8007,2024-06-18,EQ-6143,open,10,42,False
7519,SITE-004,PART-2019,2023-08-04,EQ-5686,deferred,25,16,False
7520,SITE-036,PART-9292,2026-07-15,EQ-7451,completed,6,0,False
7521,SITE-054,PART-8396,2026-05-16,EQ-3833,in_progress,24,4,False
7522,SITE-012,PART-3064,2025-10-09,EQ-2011,in_progress,20,23,False
7523,SITE-059,PART-9549,2024-02-28,EQ-6887,open,10,22,False
7524,SITE-064,PART-6618,2024-11-16,EQ-4568,awaiting_parts,11,29,False
7525,SITE-085,PART-3915,2026-10-19,EQ-9224,open,20,34,False
7526,SITE-011,PART-4450,2025-09-02,EQ-7118,awaiting_parts,17,29,False
7527,SITE-031,PART-9194,2023-08-03,EQ-9047,deferred,18,29,False
7528,SITE-036,PART-2122,2025-06-22,EQ-2363,awaiting_parts,19,33,False
7529,SITE-019,PART-5072,2024-10-24,EQ-5284,awaiting_parts,17,9,False
7530,SITE-063,PART-9511,2026-11-14,EQ-5437,completed,9,0,False
7531,SITE-048,PART-6568,2025-08-20,EQ-6100,deferred,10,26,False
7532,SITE-093,PART-5646,2026-04-16,EQ-9186,in_progress,28,30,False
7533,SITE-012,PART-8330,2026-09-12,EQ-6152,in_progress,25,35,False
7534,SITE-039,PART-1682,2025-04-14,EQ-8415,deferred,20,44,False
7535,SITE-068,PART-8668,2026-03-17,EQ-5095,awaiting_parts,25,31,False
7536,SITE-040,PART-2505,2024-09-26,EQ-9365,deferred,11,34,False
7537,SITE-053,PART-9856,2023-07-03,EQ-8123,open,17,13,False
7538,SITE-031,PART-7935,2025-03-19,EQ-6267,awaiting_parts,28,13,False
7539,SITE-063,PART-5319,2023-02-19,EQ-8841,in_progress,19,35,False
7540,SITE-004,PART-9162,2026-03-24,EQ-2357,open,24,3,True
7541,SITE-030,PART-7345,2024-01-19,EQ-7364,deferred,4,45,False
7542,SITE-029,PART-7767,2023-12-06,EQ-4734,awaiting_parts,28,21,False
7543,SITE-082,PART-1055,2024-03-18,EQ-9502,completed,5,0,True
7544,SITE-097,PART-2404,2023-09-16,EQ-7387,in_progress,2,36,False
7545,SITE-055,PART-9097,2024-02-11,EQ-8068,completed,9,0,True
7546,SITE-026,PART-4694,2026-11-24,EQ-1223,completed,2,0,False
7547,SITE-072,PART-6983,2026-12-20,EQ-1170,deferred,5,3,False
7548,SITE-034,PART-6330,2024-06-21,EQ-7870,awaiting_parts,12,32,False
7549,SITE-086,PART-3574,2025-10-16,EQ-9402,completed,7,0,False
7550,SITE-053,PART-7066,2024-03-12,EQ-7984,completed,5,0,False
7551,SITE-033,PART-4309,2023-12-18,EQ-9052,in_progress,7,1,False
7552,SITE-070,PART-2235,2023-05-09,EQ-8518,open,15,26,False
7553,SITE-065,PART-3188,2024-07-06,EQ-1815,completed,10,0,False
7554,SITE-056,PART-3224,2024-03-24,EQ-7882,open,23,30,False
7555,SITE-052,PART-6819,2023-01-09,EQ-6204,deferred,16,16,False
7556,SITE-045,PART-9263,2026-01-01,EQ-3046,completed,9,0,False
7557,SITE-019,PART-1744,2023-09-25,EQ-1728,awaiting_parts,22,44,False
7558,SITE-040,PART-5200,2023-10-24,EQ-6495,in_progress,28,11,False
7559,SITE-017,PART-5180,2023-11-06,EQ-6340,completed,2,0,False
7560,SITE-047,PART-6983,2023-09-15,EQ-8306,completed,9,0,False
7561,SITE-050,PART-1650,2026-04-11,EQ-6158,completed,0,0,False
7562,SITE-098,PART-9370,2025-10-22,EQ-2312,open,12,7,False
7563,SITE-088,PART-2356,2025-10-21,EQ-3921,deferred,28,33,False
7564,SITE-044,PART-7537,2025-12-15,EQ-5054,awaiting_parts,26,4,False
7565,SITE-041,PART-7424,2025-10-22,EQ-8468,deferred,28,20,False
7566,SITE-020,PART-4335,2024-04-24,EQ-5501,open,10,30,True
7567,SITE-088,PART-8558,2025-12-02,EQ-8515,deferred,12,5,False
7568,SITE-020,PART-4290,2024-03-24,EQ-6693,completed,7,0,False
7569,SITE-065,PART-5442,2023-05-27,EQ-7557,completed,9,0,False
7570,SITE-091,PART-5813,2026-06-13,EQ-8301,deferred,22,43,False
7571,SITE-022,PART-6913,2023-05-08,EQ-9114,completed,8,0,False
7572,SITE-073,PART-4206,2026-12-02,EQ-9347,deferred,3,33,False
7573,SITE-043,PART-5664,2025-10-01,EQ-4917,open,9,3,False
7574,SITE-028,PART-2766,2026-09-01,EQ-1884,open,8,37,False
7575,SITE-039,PART-5982,2025-03-13,EQ-6101,completed,3,0,False
7576,SITE-046,PART-1937,2024-07-04,EQ-1310,completed,3,0,False
7577,SITE-038,PART-7066,2025-09-09,EQ-8476,deferred,1,29,False
7578,SITE-090,PART-1733,2023-03-28,EQ-1576,in_progress,7,11,False
7579,SITE-074,PART-9678,2025-01-08,EQ-1958,in_progress,8,26,False
7580,SITE-064,PART-3653,2025-07-06,EQ-7875,in_progress,19,14,False
7581,SITE-072,PART-9528,2024-03-14,EQ-3436,in_progress,6,34,False
7582,SITE-013,PART-7767,2025-05-12,EQ-5828,in_progress,26,1,False
7583,SITE-067,PART-7560,2026-04-03,EQ-3328,awaiting_parts,4,23,False
7584,SITE-018,PART-5664,2025-09-19,EQ-8684,in_progress,23,9,True
7585,SITE-076,PART-4603,2023-02-17,EQ-8375,open,4,37,False
7586,SITE-072,PART-3655,2025-05-08,EQ-2855,awaiting_parts,22,22,True
7587,SITE-078,PART-2416,2025-11-07,EQ-3824,completed,4,0,False
7588,SITE-042,PART-4836,2024-05-16,EQ-6855,completed,3,0,False
7589,SITE-057,PART-7746,2026-09-11,EQ-4697,open,6,39,False
7590,SITE-088,PART-7914,2024-01-07,EQ-9570,awaiting_parts,7,40,False
7591,SITE-012,PART-7190,2024-04-08,EQ-1815,open,1,42,False
7592,SITE-083,PART-1347,2025-01-21,EQ-8655,awaiting_parts,9,32,False
7593,SITE-072,PART-4062,2023-12-07,EQ-8354,deferred,1,13,False
7594,SITE-059,PART-5350,2023-05-20,EQ-6459,deferred,21,1,False
7595,SITE-057,PART-2733,2023-03-23,EQ-5601,open,22,5,False
7596,SITE-047,PART-7442,2025-01-22,EQ-9340,deferred,12,12,True
7597,SITE-016,PART-3732,2024-06-02,EQ-2413,awaiting_parts,10,11,False
7598,SITE-067,PART-7886,2026-09-01,EQ-3872,deferred,25,12,True
7599,SITE-006,PART-2406,2026-04-21,EQ-8154,awaiting_parts,30,25,False
7600,SITE-002,PART-1416,2026-05-09,EQ-6617,awaiting_parts,15,6,False
7601,SITE-094,PART-1682,2024-05-14,EQ-5102,deferred,18,39,False
7602,SITE-069,PART-8254,2025-03-12,EQ-7009,open,6,32,False
7603,SITE-029,PART-2699,2025-09-15,EQ-3002,awaiting_parts,4,6,False
7604,SITE-031,PART-9648,2025-06-16,EQ-1726,deferred,10,2,False
7605,SITE-048,PART-1049,2026-05-04,EQ-2989,in_progress,3,21,False
7606,SITE-062,PART-4997,2025-12-22,EQ-9679,deferred,13,10,True
7607,SITE-036,PART-1930,2023-08-20,EQ-2038,open,21,19,False
7608,SITE-017,PART-7008,2023-07-10,EQ-4770,deferred,19,15,False
7609,SITE-046,PART-6069,2026-04-18,EQ-5361,completed,6,0,False
7610,SITE-049,PART-6586,2023-09-08,EQ-7159,deferred,27,17,False
7611,SITE-068,PART-7468,2024-08-07,EQ-8520,completed,2,0,False
7612,SITE-019,PART-1228,2023-08-02,EQ-3848,completed,4,0,False
7613,SITE-054,PART-5186,2026-02-16,EQ-9398,open,14,42,False
7614,SITE-076,PART-5704,2024-03-21,EQ-8230,open,29,27,False
7615,SITE-016,PART-6140,2025-06-03,EQ-1402,awaiting_parts,30,25,False
7616,SITE-018,PART-1055,2025-10-27,EQ-8700,completed,10,0,False
7617,SITE-031,PART-2380,2024-05-05,EQ-9640,deferred,13,18,False
7618,SITE-062,PART-7200,2026-10-28,EQ-9392,deferred,28,3,True
7619,SITE-069,PART-1414,2024-07-06,EQ-6672,completed,2,0,True
7620,SITE-076,PART-2003,2025-12-20,EQ-6263,completed,7,0,False
7621,SITE-032,PART-1710,2025-07-02,EQ-4513,deferred,21,18,False
7622,SITE-048,PART-1228,2025-04-05,EQ-3992,open,1,27,False
7623,SITE-016,PART-2735,2026-11-28,EQ-3170,in_progress,17,2,False
7624,SITE-042,PART-7104,2026-06-12,EQ-3678,in_progress,18,11,True
7625,SITE-022,PART-8668,2023-06-26,EQ-8532,completed,0,0,False
7626,SITE-026,PART-1366,2025-01-02,EQ-4845,awaiting_parts,27,33,False
7627,SITE-048,PART-2235,2025-12-13,EQ-8225,open,24,11,False
7628,SITE-069,PART-5150,2025-09-24,EQ-9141,deferred,3,23,True
7629,SITE-012,PART-1934,2026-07-28,EQ-5728,deferred,22,33,True
7630,SITE-023,PART-1937,2026-05-22,EQ-2761,open,29,39,False
7631,SITE-058,PART-8635,2025-04-13,EQ-5339,open,11,39,False
7632,SITE-022,PART-1142,2025-06-03,EQ-5408,awaiting_parts,19,41,False
7633,SITE-052,PART-2434,2025-03-07,EQ-2634,completed,8,0,False
7634,SITE-040,PART-2131,2026-06-17,EQ-7317,completed,4,0,False
7635,SITE-074,PART-4080,2026-03-02,EQ-8642,open,13,4,False
7636,SITE-020,PART-9768,2023-06-09,EQ-1838,in_progress,29,6,False
7637,SITE-088,PART-1724,2025-06-25,EQ-6048,deferred,6,8,False
7638,SITE-018,PART-8273,2025-12-04,EQ-9404,awaiting_parts,14,17,False
7639,SITE-029,PART-8896,2025-06-11,EQ-4397,deferred,8,2,False
7640,SITE-019,PART-8987,2026-10-12,EQ-7416,completed,2,0,False
7641,SITE-073,PART-1911,2023-02-22,EQ-2738,completed,3,0,False
7642,SITE-074,PART-9390,2023-02-14,EQ-1001,awaiting_parts,6,35,False
7643,SITE-100,PART-2019,2026-08-07,EQ-9079,completed,0,0,False
7644,SITE-014,PART-5186,2025-01-01,EQ-6337,in_progress,9,10,True
7645,SITE-061,PART-1918,2023-09-01,EQ-9971,in_progress,19,44,False
7646,SITE-012,PART-1892,2025-08-26,EQ-8824,deferred,9,14,True
7647,SITE-041,PART-3729,2024-03-25,EQ-2782,open,9,5,False
7648,SITE-003,PART-2404,2025-12-09,EQ-1663,awaiting_parts,24,3,True
7649,SITE-001,PART-3285,2025-03-16,EQ-8649,completed,7,0,False
7650,SITE-038,PART-5319,2025-03-23,EQ-3881,open,17,10,False
7651,SITE-045,PART-3548,2023-04-04,EQ-7656,open,6,20,False
7652,SITE-057,PART-3392,2023-06-17,EQ-5090,in_progress,17,16,False
7653,SITE-039,PART-2356,2024-08-27,EQ-8254,in_progress,12,31,False
7654,SITE-065,PART-5648,2023-07-01,EQ-3377,completed,10,0,False
7655,SITE-030,PART-4802,2024-09-22,EQ-5387,in_progress,18,41,False
7656,SITE-063,PART-1768,2025-03-09,EQ-1717,completed,1,0,False
7657,SITE-039,PART-1376,2024-03-23,EQ-9982,awaiting_parts,27,4,False
7658,SITE-089,PART-5121,2025-05-17,EQ-4679,completed,7,0,True
7659,SITE-096,PART-2963,2025-08-08,EQ-9288,open,29,16,False
7660,SITE-024,PART-6108,2025-09-21,EQ-8116,open,22,3,False
7661,SITE-022,PART-5115,2025-06-08,EQ-9057,in_progress,23,38,True
7662,SITE-049,PART-1116,2025-10-16,EQ-7862,awaiting_parts,11,2,False
7663,SITE-028,PART-7419,2026-04-07,EQ-8989,in_progress,24,9,False
7664,SITE-028,PART-5961,2024-08-24,EQ-1057,open,10,13,False
7665,SITE-041,PART-5503,2023-01-01,EQ-1207,in_progress,7,16,False
7666,SITE-093,PART-3392,2024-05-17,EQ-4486,in_progress,16,14,False
7667,SITE-045,PART-1945,2023-06-15,EQ-4884,awaiting_parts,7,28,False
7668,SITE-026,PART-9843,2023-05-02,EQ-8742,in_progress,20,45,False
7669,SITE-029,PART-4505,2023-04-03,EQ-9511,completed,0,0,False
7670,SITE-090,PART-3258,2023-12-20,EQ-5767,in_progress,10,38,False
7671,SITE-022,PART-8181,2025-09-12,EQ-5839,completed,7,0,False
7672,SITE-094,PART-8943,2026-04-24,EQ-5244,completed,9,0,False
7673,SITE-051,PART-5813,2024-06-02,EQ-7179,deferred,18,12,False
7674,SITE-006,PART-6522,2023-05-01,EQ-1602,completed,6,0,False
7675,SITE-096,PART-6766,2026-08-19,EQ-8525,deferred,26,45,False
7676,SITE-004,PART-6766,2023-11-08,EQ-7885,deferred,7,43,True
7677,SITE-034,PART-8261,2024-12-25,EQ-1558,completed,5,0,False
7678,SITE-053,PART-4184,2025-03-20,EQ-9162,completed,9,0,False
7679,SITE-009,PART-2779,2023-04-03,EQ-8010,deferred,3,31,False
7680,SITE-019,PART-2451,2025-09-01,EQ-2882,open,10,6,False
7681,SITE-100,PART-3103,2023-12-16,EQ-1681,deferred,26,17,False
7682,SITE-077,PART-5401,2024-01-04,EQ-5412,completed,5,0,False
7683,SITE-090,PART-8558,2024-09-19,EQ-1910,completed,2,0,False
7684,SITE-087,PART-7237,2026-08-11,EQ-2913,deferred,25,12,False
7685,SITE-017,PART-8084,2023-02-04,EQ-9402,completed,10,0,True
7686,SITE-086,PART-4880,2023-08-13,EQ-5570,open,21,17,False
7687,SITE-049,PART-3130,2024-12-23,EQ-8590,open,2,10,False
7688,SITE-032,PART-4449,2026-05-26,EQ-3098,in_progress,17,2,False
7689,SITE-009,PART-7250,2025-08-26,EQ-3163,deferred,2,2,False
7690,SITE-076,PART-8593,2024-10-17,EQ-3351,open,27,4,False
7691,SITE-009,PART-9278,2025-04-20,EQ-8094,open,16,23,False
7692,SITE-024,PART-7745,2026-09-14,EQ-6123,completed,9,0,True
7693,SITE-050,PART-8156,2025-08-24,EQ-2422,open,8,42,False
7694,SITE-038,PART-3188,2026-09-18,EQ-5705,deferred,23,15,False
7695,SITE-083,PART-2653,2025-04-16,EQ-5469,completed,5,0,True
7696,SITE-092,PART-3251,2025-05-14,EQ-5005,completed,0,0,True
7697,SITE-077,PART-6812,2026-08-25,EQ-9131,open,16,4,False
7698,SITE-077,PART-3915,2023-10-03,EQ-8657,deferred,5,27,False
7699,SITE-088,PART-5668,2024-11-11,EQ-5111,open,26,42,False
7700,SITE-006,PART-1591,2024-05-10,EQ-1073,deferred,11,16,False
7701,SITE-095,PART-7442,2024-10-05,EQ-9246,deferred,25,19,False
7702,SITE-017,PART-6107,2026-10-27,EQ-4879,open,24,41,False
7703,SITE-057,PART-6814,2026-03-25,EQ-3277,open,30,6,False
7704,SITE-015,PART-3193,2025-12-17,EQ-3766,deferred,5,41,True
7705,SITE-023,PART-2356,2026-03-17,EQ-2423,completed,7,0,False
7706,SITE-013,PART-2794,2023-10-01,EQ-3092,awaiting_parts,18,34,False
7707,SITE-010,PART-5200,2023-11-06,EQ-5019,open,15,8,False
7708,SITE-046,PART-9856,2024-02-16,EQ-7915,deferred,9,17,False
7709,SITE-043,PART-8396,2025-06-20,EQ-3468,completed,1,0,False
7710,SITE-036,PART-7944,2023-09-18,EQ-6068,deferred,1,7,False
7711,SITE-006,PART-4382,2024-11-15,EQ-9948,awaiting_parts,23,40,False
7712,SITE-007,PART-6766,2026-01-04,EQ-9208,open,17,30,False
7713,SITE-020,PART-7240,2026-10-22,EQ-5152,awaiting_parts,17,25,False
7714,SITE-054,PART-4752,2026-05-18,EQ-4405,open,13,43,False
7715,SITE-059,PART-6183,2023-03-07,EQ-9066,deferred,16,13,False
7716,SITE-011,PART-9167,2025-06-28,EQ-8532,completed,7,0,False
7717,SITE-051,PART-8558,2023-06-18,EQ-6567,in_progress,6,21,False
7718,SITE-087,PART-9528,2025-09-01,EQ-2588,in_progress,14,16,False
7719,SITE-013,PART-7237,2023-12-23,EQ-6617,awaiting_parts,16,14,False
7720,SITE-096,PART-7535,2023-05-04,EQ-2584,in_progress,12,44,True
7721,SITE-015,PART-5214,2024-09-27,EQ-1148,deferred,30,34,False
7722,SITE-007,PART-1236,2024-04-14,EQ-3505,deferred,7,21,False
7723,SITE-019,PART-9993,2024-02-27,EQ-4867,in_progress,27,19,False
7724,SITE-012,PART-6572,2025-08-20,EQ-4035,deferred,11,28,False
7725,SITE-093,PART-2148,2023-10-14,EQ-1574,open,24,41,False
7726,SITE-091,PART-4354,2024-09-10,EQ-5474,deferred,18,45,False
7727,SITE-050,PART-5696,2026-02-23,EQ-5852,deferred,6,34,False
7728,SITE-005,PART-8909,2026-10-02,EQ-4130,awaiting_parts,23,21,False
7729,SITE-079,PART-2396,2023-11-16,EQ-4356,completed,7,0,False
7730,SITE-018,PART-3691,2024-09-13,EQ-9293,in_progress,14,17,False
7731,SITE-019,PART-6327,2024-10-11,EQ-9955,open,23,22,True
7732,SITE-056,PART-8565,2026-04-17,EQ-6766,awaiting_parts,15,22,False
7733,SITE-039,PART-2973,2026-12-23,EQ-4070,in_progress,24,36,False
7734,SITE-099,PART-4247,2025-10-10,EQ-4221,in_progress,10,7,False
7735,SITE-057,PART-4781,2023-01-11,EQ-4243,open,19,6,True
7736,SITE-065,PART-5698,2025-02-11,EQ-9802,open,3,29,False
7737,SITE-038,PART-7250,2026-06-20,EQ-2078,completed,6,0,True
7738,SITE-024,PART-7177,2025-07-03,EQ-6582,open,17,14,False
7739,SITE-005,PART-4062,2024-10-03,EQ-9263,in_progress,14,20,False
7740,SITE-048,PART-2068,2023-11-05,EQ-6499,deferred,10,37,False
7741,SITE-032,PART-7608,2024-02-09,EQ-8802,open,9,3,False
7742,SITE-017,PART-7419,2025-03-12,EQ-6920,open,3,26,False
7743,SITE-095,PART-9586,2025-10-08,EQ-6625,deferred,22,45,False
7744,SITE-076,PART-6113,2024-10-28,EQ-7773,in_progress,15,29,False
7745,SITE-062,PART-9038,2024-01-19,EQ-1039,in_progress,14,5,False
7746,SITE-012,PART-9129,2025-07-15,EQ-2265,deferred,6,19,False
7747,SITE-005,PART-9211,2024-02-09,EQ-3422,deferred,15,7,False
7748,SITE-049,PART-5543,2026-11-04,EQ-8889,deferred,23,19,False
7749,SITE-071,PART-7138,2026-10-28,EQ-7370,in_progress,27,13,False
7750,SITE-038,PART-3418,2023-07-13,EQ-1512,completed,2,0,False
7751,SITE-047,PART-1264,2023-11-02,EQ-6464,completed,9,0,False
7752,SITE-065,PART-7425,2026-04-21,EQ-5009,open,10,20,False
7753,SITE-069,PART-5031,2024-05-25,EQ-9229,deferred,17,12,False
7754,SITE-022,PART-8219,2025-12-17,EQ-9341,in_progress,14,9,False
7755,SITE-087,PART-4392,2026-04-28,EQ-2220,awaiting_parts,14,30,False
7756,SITE-087,PART-4206,2025-12-05,EQ-6952,completed,3,0,False
7757,SITE-009,PART-5784,2026-08-26,EQ-2996,in_progress,12,41,False
7758,SITE-028,PART-5427,2023-08-25,EQ-7206,awaiting_parts,2,22,False
7759,SITE-096,PART-2516,2026-05-14,EQ-4215,completed,8,0,False
7760,SITE-086,PART-5693,2024-09-03,EQ-6608,completed,1,0,False
7761,SITE-096,PART-3953,2025-05-11,EQ-3934,awaiting_parts,13,32,False
7762,SITE-028,PART-3867,2023-01-28,EQ-9664,deferred,16,8,False
7763,SITE-100,PART-8483,2026-04-18,EQ-2696,deferred,2,2,False
7764,SITE-027,PART-6162,2023-07-24,EQ-5610,completed,7,0,False
7765,SITE-097,PART-3839,2024-02-20,EQ-2999,awaiting_parts,18,16,True
7766,SITE-072,PART-9121,2026-01-06,EQ-1178,in_progress,1,40,False
7767,SITE-018,PART-9993,2026-02-01,EQ-2192,deferred,6,13,False
7768,SITE-002,PART-4908,2026-06-24,EQ-9697,open,20,17,False
7769,SITE-014,PART-2125,2023-09-07,EQ-9348,awaiting_parts,1,41,False
7770,SITE-055,PART-1783,2024-06-11,EQ-2579,completed,8,0,True
7771,SITE-051,PART-3199,2024-04-06,EQ-9381,deferred,23,14,False
7772,SITE-017,PART-3543,2023-07-23,EQ-8816,open,2,31,False
7773,SITE-018,PART-6601,2026-04-17,EQ-7776,completed,8,0,False
7774,SITE-002,PART-9297,2026-07-27,EQ-3766,completed,7,0,False
7775,SITE-044,PART-6023,2023-01-11,EQ-3727,deferred,3,5,False
7776,SITE-043,PART-7211,2026-03-07,EQ-8998,open,7,30,False
7777,SITE-018,PART-1817,2026-10-06,EQ-7498,open,16,25,True
7778,SITE-001,PART-4752,2023-10-17,EQ-7542,in_progress,6,20,False
7779,SITE-051,PART-8254,2025-02-11,EQ-4512,in_progress,20,5,False
7780,SITE-036,PART-5919,2026-06-07,EQ-7130,deferred,3,41,False
7781,SITE-062,PART-7739,2025-10-27,EQ-4314,in_progress,19,25,False
7782,SITE-043,PART-7199,2026-08-19,EQ-5225,completed,3,0,True
7783,SITE-026,PART-5648,2023-09-01,EQ-3095,awaiting_parts,23,33,False
7784,SITE-004,PART-1238,2024-04-24,EQ-8961,deferred,16,14,False
7785,SITE-018,PART-9340,2025-05-09,EQ-1098,completed,6,0,False
7786,SITE-048,PART-4538,2024-05-10,EQ-6203,awaiting_parts,6,45,False
7787,SITE-098,PART-1142,2024-04-15,EQ-3821,deferred,15,9,True
7788,SITE-022,PART-4886,2025-03-10,EQ-6906,open,29,33,False
7789,SITE-100,PART-1266,2026-03-14,EQ-8221,completed,1,0,False
7790,SITE-098,PART-4538,2026-06-07,EQ-8228,in_progress,2,1,False
7791,SITE-045,PART-4999,2025-08-25,EQ-6284,awaiting_parts,30,28,False
7792,SITE-015,PART-7269,2024-10-24,EQ-3592,in_progress,20,43,False
7793,SITE-081,PART-4215,2023-10-04,EQ-8253,awaiting_parts,6,3,True
7794,SITE-007,PART-5660,2025-07-09,EQ-1805,deferred,25,15,False
7795,SITE-094,PART-1673,2023-11-27,EQ-4238,deferred,18,34,True
7796,SITE-029,PART-2526,2026-08-01,EQ-5694,in_progress,22,20,True
7797,SITE-076,PART-5432,2024-04-12,EQ-8922,completed,6,0,False
7798,SITE-052,PART-3162,2023-06-26,EQ-4393,completed,10,0,False
7799,SITE-015,PART-7498,2026-08-19,EQ-4896,awaiting_parts,15,22,False
7800,SITE-030,PART-7486,2026-04-25,EQ-7729,awaiting_parts,26,42,False
7801,SITE-012,PART-9549,2024-06-05,EQ-5512,deferred,17,14,False
7802,SITE-019,PART-4538,2024-09-27,EQ-9255,deferred,22,43,False
7803,SITE-079,PART-8896,2026-07-11,EQ-8221,deferred,16,8,False
7804,SITE-028,PART-6324,2023-10-17,EQ-4156,deferred,17,27,False
7805,SITE-007,PART-9278,2023-10-12,EQ-1924,deferred,20,23,False
7806,SITE-036,PART-4277,2026-05-19,EQ-6511,deferred,10,44,True
7807,SITE-068,PART-6355,2024-03-06,EQ-3280,open,18,45,False
7808,SITE-099,PART-4997,2024-07-08,EQ-9431,open,26,2,False
7809,SITE-090,PART-2748,2024-12-12,EQ-5257,completed,1,0,False
7810,SITE-078,PART-4184,2024-02-14,EQ-6151,completed,3,0,False
7811,SITE-006,PART-3112,2023-09-13,EQ-2179,open,22,36,False
7812,SITE-061,PART-6574,2026-01-16,EQ-4872,awaiting_parts,10,33,False
7813,SITE-098,PART-7213,2025-04-26,EQ-9986,open,29,30,False
7814,SITE-057,PART-8916,2026-10-22,EQ-3556,in_progress,13,26,False
7815,SITE-034,PART-8113,2024-03-01,EQ-5845,deferred,15,2,False
7816,SITE-028,PART-9388,2025-06-07,EQ-6498,open,26,6,False
7817,SITE-053,PART-5648,2024-01-09,EQ-4138,open,13,1,False
7818,SITE-002,PART-2445,2025-05-18,EQ-7646,awaiting_parts,4,34,False
7819,SITE-072,PART-4762,2024-04-02,EQ-3501,deferred,4,43,False
7820,SITE-014,PART-7290,2023-05-20,EQ-7520,deferred,23,23,False
7821,SITE-086,PART-8986,2025-05-09,EQ-8278,completed,4,0,False
7822,SITE-082,PART-8565,2025-06-14,EQ-1365,open,2,30,False
7823,SITE-083,PART-3887,2025-08-03,EQ-7272,awaiting_parts,10,18,False
7824,SITE-044,PART-9638,2023-07-13,EQ-5845,deferred,20,17,False
7825,SITE-009,PART-3663,2024-12-24,EQ-2581,in_progress,21,5,False
7826,SITE-022,PART-1777,2025-11-12,EQ-2496,open,21,44,False
7827,SITE-032,PART-4320,2026-04-14,EQ-4600,open,26,32,False
7828,SITE-061,PART-1921,2026-08-24,EQ-7261,in_progress,2,34,False
7829,SITE-079,PART-3290,2024-05-24,EQ-8204,open,11,43,False
7830,SITE-035,PART-3199,2024-12-05,EQ-2281,awaiting_parts,9,18,False
7831,SITE-034,PART-6522,2023-05-15,EQ-7980,completed,0,0,True
7832,SITE-023,PART-4762,2026-01-15,EQ-6502,open,29,41,False
7833,SITE-093,PART-2019,2023-11-14,EQ-8782,completed,6,0,False
7834,SITE-039,PART-6572,2024-01-24,EQ-7296,deferred,26,19,False
7835,SITE-004,PART-4942,2025-10-25,EQ-2987,deferred,29,38,False
7836,SITE-072,PART-5070,2023-08-23,EQ-3095,deferred,15,35,False
7837,SITE-014,PART-4872,2026-02-15,EQ-2782,completed,2,0,False
7838,SITE-064,PART-9211,2025-12-20,EQ-8395,completed,10,0,False
7839,SITE-015,PART-7209,2024-07-24,EQ-4542,in_progress,17,33,False
7840,SITE-063,PART-7584,2025-12-24,EQ-6404,completed,0,0,False
7841,SITE-027,PART-5214,2024-01-21,EQ-2384,deferred,5,41,False
7842,SITE-036,PART-5031,2023-04-21,EQ-9008,in_progress,14,37,False
7843,SITE-009,PART-6013,2026-06-22,EQ-5755,awaiting_parts,16,12,False
7844,SITE-016,PART-2974,2025-03-06,EQ-7328,completed,8,0,False
7845,SITE-066,PART-6991,2023-04-02,EQ-4135,open,18,38,True
7846,SITE-051,PART-5749,2024-03-01,EQ-4314,completed,1,0,False
7847,SITE-027,PART-8042,2025-04-05,EQ-4342,awaiting_parts,9,22,False
7848,SITE-072,PART-9211,2024-12-11,EQ-7859,in_progress,18,42,False
7849,SITE-068,PART-5625,2024-12-22,EQ-6239,completed,4,0,False
7850,SITE-087,PART-6811,2023-03-13,EQ-4033,completed,2,0,False
7851,SITE-010,PART-3732,2024-10-28,EQ-3087,awaiting_parts,16,15,False
7852,SITE-015,PART-9121,2024-04-23,EQ-5281,completed,10,0,False
7853,SITE-098,PART-7136,2024-07-26,EQ-1377,completed,3,0,False
7854,SITE-028,PART-2773,2024-03-21,EQ-7910,completed,0,0,False
7855,SITE-089,PART-3825,2025-02-23,EQ-7416,completed,5,0,False
7856,SITE-028,PART-9129,2024-12-06,EQ-3043,in_progress,20,38,False
7857,SITE-019,PART-5652,2026-06-07,EQ-9651,in_progress,23,17,False
7858,SITE-043,PART-5004,2025-01-05,EQ-7269,in_progress,18,24,False
7859,SITE-030,PART-5050,2026-05-18,EQ-2391,completed,0,0,False
7860,SITE-040,PART-5543,2026-04-14,EQ-2696,in_progress,14,37,False
7861,SITE-047,PART-4713,2026-11-04,EQ-6032,awaiting_parts,16,18,False
7862,SITE-016,PART-2506,2026-01-10,EQ-5719,completed,2,0,False
7863,SITE-007,PART-2035,2026-06-15,EQ-5229,completed,3,0,False
7864,SITE-081,PART-1892,2026-11-24,EQ-6081,open,2,39,False
7865,SITE-005,PART-5698,2026-06-01,EQ-7511,awaiting_parts,16,41,True
7866,SITE-084,PART-3133,2023-08-10,EQ-9751,awaiting_parts,11,33,False
7867,SITE-004,PART-6819,2026-06-21,EQ-4909,awaiting_parts,15,7,False
7868,SITE-094,PART-5828,2025-10-10,EQ-7966,awaiting_parts,15,30,False
7869,SITE-054,PART-5214,2023-08-17,EQ-9765,awaiting_parts,12,41,False
7870,SITE-075,PART-8200,2025-05-06,EQ-6338,awaiting_parts,1,24,False
7871,SITE-038,PART-7416,2026-08-22,EQ-5172,awaiting_parts,13,9,True
7872,SITE-040,PART-5762,2023-04-11,EQ-8273,completed,5,0,False
7873,SITE-036,PART-9128,2026-10-21,EQ-6372,completed,8,0,False
7874,SITE-021,PART-1656,2023-06-21,EQ-6999,completed,9,0,True
7875,SITE-063,PART-7290,2026-09-06,EQ-8655,completed,1,0,False
7876,SITE-035,PART-7165,2024-04-28,EQ-5294,deferred,13,19,False
7877,SITE-036,PART-7684,2026-02-28,EQ-7977,open,11,28,False
7878,SITE-098,PART-9549,2026-10-11,EQ-7006,awaiting_parts,19,41,False
7879,SITE-019,PART-6072,2024-07-04,EQ-5916,awaiting_parts,18,25,False
7880,SITE-066,PART-2165,2024-02-25,EQ-7543,open,20,19,False
7881,SITE-037,PART-2102,2024-01-10,EQ-6053,completed,4,0,False
7882,SITE-090,PART-9795,2026-08-12,EQ-7346,in_progress,22,8,False
7883,SITE-088,PART-1416,2024-08-15,EQ-8057,deferred,15,11,True
7884,SITE-091,PART-9293,2026-11-23,EQ-1148,deferred,4,2,False
7885,SITE-043,PART-1219,2023-01-03,EQ-8745,open,23,4,False
7886,SITE-074,PART-8214,2025-09-07,EQ-8847,completed,9,0,False
7887,SITE-095,PART-3825,2026-02-03,EQ-3455,completed,7,0,True
7888,SITE-087,PART-7441,2026-08-11,EQ-3301,open,15,20,False
7889,SITE-082,PART-7345,2024-06-09,EQ-5282,completed,5,0,False
7890,SITE-070,PART-1291,2023-02-19,EQ-4807,in_progress,25,12,False
7891,SITE-028,PART-9208,2024-12-02,EQ-6473,awaiting_parts,19,17,False
7892,SITE-006,PART-8558,2024-03-04,EQ-5358,completed,1,0,False
7893,SITE-088,PART-2994,2026-06-17,EQ-3811,completed,8,0,False
7894,SITE-027,PART-8783,2026-12-05,EQ-4994,deferred,10,23,False
7895,SITE-058,PART-1238,2024-11-17,EQ-1507,open,22,12,False
7896,SITE-069,PART-7282,2023-06-09,EQ-5882,open,30,8,False
7897,SITE-020,PART-3101,2026-10-22,EQ-2233,awaiting_parts,22,37,True
7898,SITE-049,PART-1700,2025-02-17,EQ-3507,open,28,11,True
7899,SITE-054,PART-7984,2024-05-09,EQ-5307,open,29,29,False
7900,SITE-058,PART-9518,2024-01-27,EQ-8768,completed,7,0,False
7901,SITE-048,PART-5876,2024-02-28,EQ-7857,completed,1,0,False
7902,SITE-071,PART-7237,2026-09-25,EQ-8703,awaiting_parts,15,39,False
7903,SITE-093,PART-9293,2025-04-28,EQ-2969,awaiting_parts,19,44,False
7904,SITE-044,PART-1218,2023-06-25,EQ-8762,completed,7,0,False
7905,SITE-002,PART-1673,2025-07-15,EQ-6057,deferred,5,43,False
7906,SITE-016,PART-8806,2026-12-10,EQ-4305,deferred,22,36,False
7907,SITE-009,PART-4680,2025-12-10,EQ-1391,in_progress,12,32,False
7908,SITE-030,PART-6286,2024-11-03,EQ-5981,completed,6,0,True
7909,SITE-066,PART-6826,2024-05-13,EQ-8590,open,4,19,True
7910,SITE-050,PART-9363,2023-09-22,EQ-3962,completed,4,0,False
7911,SITE-043,PART-2068,2026-11-16,EQ-6850,open,16,4,False
7912,SITE-095,PART-3285,2023-05-04,EQ-5445,deferred,28,31,False
7913,SITE-066,PART-2477,2023-01-07,EQ-1551,deferred,8,12,False
7914,SITE-041,PART-2100,2026-11-25,EQ-7266,in_progress,16,41,False
7915,SITE-056,PART-3731,2023-12-15,EQ-3485,completed,5,0,False
7916,SITE-010,PART-1872,2023-06-19,EQ-1727,awaiting_parts,7,26,True
7917,SITE-089,PART-7971,2024-08-17,EQ-6157,awaiting_parts,28,12,False
7918,SITE-053,PART-3133,2024-12-15,EQ-5774,deferred,1,4,True
7919,SITE-078,PART-2317,2025-06-14,EQ-6039,deferred,29,12,False
7920,SITE-039,PART-6122,2026-07-26,EQ-1674,completed,1,0,False
7921,SITE-060,PART-1124,2023-12-08,EQ-5922,awaiting_parts,27,39,False
7922,SITE-094,PART-9613,2025-11-04,EQ-9679,open,25,10,False
7923,SITE-049,PART-9363,2026-09-05,EQ-4393,awaiting_parts,15,15,True
7924,SITE-029,PART-8876,2026-05-09,EQ-1563,in_progress,2,11,True
7925,SITE-077,PART-8254,2023-07-05,EQ-9756,awaiting_parts,12,36,False
7926,SITE-004,PART-1081,2024-12-15,EQ-3022,in_progress,27,16,False
7927,SITE-040,PART-7282,2026-09-02,EQ-5388,open,13,19,False
7928,SITE-096,PART-6719,2025-04-08,EQ-4024,completed,0,0,False
7929,SITE-011,PART-9768,2024-02-09,EQ-1038,completed,6,0,False
7930,SITE-034,PART-6983,2026-09-08,EQ-8998,awaiting_parts,23,32,True
7931,SITE-100,PART-6431,2023-11-08,EQ-4655,open,10,16,False
7932,SITE-064,PART-7135,2024-02-17,EQ-2880,in_progress,29,40,False
7933,SITE-072,PART-4663,2023-11-24,EQ-6820,deferred,12,36,False
7934,SITE-080,PART-6884,2025-12-12,EQ-4803,deferred,4,6,False
7935,SITE-095,PART-1264,2024-02-09,EQ-8352,open,7,31,False
7936,SITE-079,PART-2122,2024-07-26,EQ-1484,in_progress,13,32,False
7937,SITE-040,PART-7433,2023-08-23,EQ-7458,awaiting_parts,11,26,False
7938,SITE-021,PART-9306,2026-04-12,EQ-3216,open,7,39,False
7939,SITE-050,PART-2896,2024-06-21,EQ-2982,deferred,1,42,False
7940,SITE-017,PART-9167,2026-06-20,EQ-2417,awaiting_parts,25,18,True
7941,SITE-030,PART-2135,2025-12-28,EQ-2780,deferred,7,5,False
7942,SITE-051,PART-2295,2025-11-13,EQ-8739,open,7,18,False
7943,SITE-036,PART-6829,2023-05-24,EQ-9595,completed,1,0,False
7944,SITE-073,PART-9208,2025-08-25,EQ-7337,awaiting_parts,15,3,False
7945,SITE-031,PART-5988,2025-12-19,EQ-7014,awaiting_parts,2,16,False
7946,SITE-064,PART-7563,2023-02-05,EQ-9636,in_progress,18,44,False
7947,SITE-077,PART-4365,2024-09-01,EQ-1455,open,14,4,False
7948,SITE-027,PART-9679,2023-02-13,EQ-6678,awaiting_parts,2,40,False
7949,SITE-093,PART-4836,2023-05-20,EQ-2732,in_progress,28,20,False
7950,SITE-046,PART-8211,2026-11-07,EQ-7180,in_progress,14,21,False
7951,SITE-098,PART-3188,2024-10-17,EQ-4459,deferred,29,9,False
7952,SITE-055,PART-7442,2026-05-19,EQ-7760,open,10,8,False
7953,SITE-022,PART-1921,2026-05-24,EQ-1620,completed,9,0,False
7954,SITE-098,PART-7578,2025-07-02,EQ-7792,completed,3,0,False
7955,SITE-039,PART-2665,2025-09-11,EQ-8625,open,27,17,False
7956,SITE-006,PART-2485,2024-10-28,EQ-9949,in_progress,16,22,False
7957,SITE-064,PART-3739,2025-08-05,EQ-4484,deferred,14,20,False
7958,SITE-022,PART-5873,2023-09-02,EQ-3679,deferred,14,43,False
7959,SITE-083,PART-3274,2024-08-14,EQ-9102,deferred,13,34,False
7960,SITE-017,PART-1926,2024-06-14,EQ-2025,open,11,30,False
7961,SITE-087,PART-1249,2023-03-11,EQ-1190,awaiting_parts,1,15,False
7962,SITE-018,PART-7486,2025-08-07,EQ-5441,deferred,11,28,False
7963,SITE-088,PART-8518,2026-08-18,EQ-9139,awaiting_parts,2,26,False
7964,SITE-014,PART-3258,2023-09-03,EQ-4330,open,19,42,False
7965,SITE-025,PART-4228,2026-04-28,EQ-5872,in_progress,8,44,False
7966,SITE-076,PART-1416,2025-02-06,EQ-3313,deferred,12,16,False
7967,SITE-048,PART-8474,2024-08-05,EQ-1312,awaiting_parts,27,20,True
7968,SITE-022,PART-6797,2024-12-16,EQ-5727,deferred,22,30,False
7969,SITE-095,PART-2319,2024-11-12,EQ-4685,in_progress,19,29,False
7970,SITE-084,PART-9775,2025-07-19,EQ-1330,awaiting_parts,4,12,False
7971,SITE-068,PART-7606,2025-04-17,EQ-6967,deferred,13,33,False
7972,SITE-041,PART-8565,2025-08-21,EQ-4456,awaiting_parts,18,18,False
7973,SITE-088,PART-5898,2024-07-26,EQ-2978,open,12,8,False
7974,SITE-066,PART-8943,2026-01-18,EQ-2369,open,17,36,False
7975,SITE-097,PART-3808,2025-11-15,EQ-5564,awaiting_parts,5,43,False
7976,SITE-072,PART-4280,2023-02-11,EQ-7255,in_progress,10,27,False
7977,SITE-090,PART-3161,2023-07-20,EQ-9115,deferred,8,18,False
7978,SITE-100,PART-1673,2025-11-20,EQ-5017,deferred,26,28,False
7979,SITE-003,PART-1534,2023-07-21,EQ-1148,deferred,19,23,False
7980,SITE-017,PART-1414,2024-03-22,EQ-8001,awaiting_parts,23,24,False
7981,SITE-043,PART-3121,2025-08-01,EQ-9975,in_progress,18,42,False
7982,SITE-066,PART-6628,2023-08-23,EQ-3270,completed,7,0,False
7983,SITE-050,PART-5358,2024-10-05,EQ-8675,in_progress,23,12,False
7984,SITE-058,PART-5319,2023-03-14,EQ-1069,completed,10,0,False
7985,SITE-039,PART-4846,2026-04-15,EQ-7897,deferred,18,11,False
7986,SITE-003,PART-6013,2023-10-02,EQ-2596,open,26,28,False
7987,SITE-069,PART-8974,2025-10-04,EQ-6952,awaiting_parts,18,16,False
7988,SITE-019,PART-2100,2026-06-06,EQ-9515,in_progress,9,34,False
7989,SITE-053,PART-8261,2024-02-24,EQ-5193,awaiting_parts,28,7,False
7990,SITE-016,PART-4216,2023-06-19,EQ-9855,open,6,45,False
7991,SITE-048,PART-1173,2026-08-08,EQ-1410,deferred,26,24,True
7992,SITE-040,PART-1264,2024-07-04,EQ-9138,awaiting_parts,19,35,False
7993,SITE-004,PART-7441,2025-08-03,EQ-9982,completed,9,0,False
7994,SITE-077,PART-1414,2023-06-15,EQ-5005,deferred,14,37,False
7995,SITE-099,PART-9558,2025-07-25,EQ-6015,awaiting_parts,2,14,False
7996,SITE-056,PART-5124,2024-05-18,EQ-9245,deferred,30,12,False
7997,SITE-009,PART-2140,2025-09-10,EQ-2476,awaiting_parts,6,8,False
7998,SITE-095,PART-4260,2023-09-15,EQ-3023,completed,6,0,False
7999,SITE-021,PART-9208,2025-12-23,EQ-5463,deferred,16,28,False
8000,SITE-033,PART-2035,2023-08-02,EQ-2180,awaiting_parts,12,39,False
8001,SITE-039,PART-1892,2024-02-01,EQ-2270,completed,4,0,False
8002,SITE-088,PART-2052,2023-05-16,EQ-5881,open,3,14,False
8003,SITE-056,PART-3729,2024-03-14,EQ-1703,awaiting_parts,13,45,False
8004,SITE-100,PART-1744,2026-09-27,EQ-3801,awaiting_parts,3,10,False
8005,SITE-019,PART-3323,2024-12-13,EQ-4204,open,27,23,False
8006,SITE-039,PART-6668,2026-02-13,EQ-6231,open,24,42,True
8007,SITE-041,PART-1816,2023-04-26,EQ-3364,in_progress,2,9,False
8008,SITE-056,PART-3781,2024-03-26,EQ-5676,in_progress,18,36,False
8009,SITE-048,PART-7444,2024-11-06,EQ-1449,deferred,28,33,False
8010,SITE-056,PART-2451,2026-12-24,EQ-7482,completed,0,0,False
8011,SITE-006,PART-5186,2025-06-27,EQ-4897,deferred,27,24,False
8012,SITE-053,PART-6113,2023-12-17,EQ-6376,deferred,1,19,False
8013,SITE-024,PART-3648,2024-06-10,EQ-7471,deferred,28,32,True
8014,SITE-047,PART-8758,2026-05-20,EQ-1635,awaiting_parts,26,6,False
8015,SITE-081,PART-5784,2025-01-23,EQ-6593,in_progress,10,42,False
8016,SITE-070,PART-2039,2023-06-21,EQ-3996,awaiting_parts,11,28,False
8017,SITE-074,PART-1363,2025-07-26,EQ-5291,open,21,34,False
8018,SITE-038,PART-7914,2026-08-25,EQ-6996,awaiting_parts,12,21,False
8019,SITE-054,PART-3343,2024-12-14,EQ-3289,open,12,2,False
8020,SITE-056,PART-4014,2026-08-20,EQ-7212,open,25,29,False
8021,SITE-090,PART-1474,2025-04-01,EQ-9740,awaiting_parts,17,17,False
8022,SITE-016,PART-2477,2025-07-17,EQ-6714,completed,0,0,False
8023,SITE-051,PART-7431,2026-06-19,EQ-4967,deferred,25,38,True
8024,SITE-059,PART-1768,2024-12-03,EQ-7303,completed,10,0,False
8025,SITE-099,PART-3112,2024-01-27,EQ-9309,completed,6,0,False
8026,SITE-053,PART-3030,2024-05-20,EQ-1739,awaiting_parts,29,24,False
8027,SITE-027,PART-4662,2026-06-27,EQ-2072,in_progress,18,29,False
8028,SITE-062,PART-9623,2025-04-11,EQ-8506,deferred,5,3,False
8029,SITE-094,PART-9629,2025-08-13,EQ-8419,deferred,16,45,False
8030,SITE-038,PART-7498,2024-07-19,EQ-4575,deferred,25,42,False
8031,SITE-079,PART-4450,2023-02-03,EQ-2629,completed,9,0,True
8032,SITE-082,PART-1032,2025-04-24,EQ-4462,completed,0,0,False
8033,SITE-007,PART-3646,2023-12-18,EQ-4689,deferred,11,16,False
8034,SITE-050,PART-2052,2025-11-14,EQ-5375,in_progress,26,30,False
8035,SITE-023,PART-2283,2023-06-17,EQ-2169,deferred,27,40,False
8036,SITE-004,PART-7537,2024-12-05,EQ-2530,completed,0,0,False
8037,SITE-081,PART-6412,2024-12-13,EQ-3864,deferred,20,25,True
8038,SITE-085,PART-3959,2023-11-18,EQ-2736,awaiting_parts,6,37,False
8039,SITE-017,PART-2218,2025-01-09,EQ-7886,in_progress,27,14,False
8040,SITE-070,PART-7902,2025-11-17,EQ-7994,open,6,31,False
8041,SITE-034,PART-4518,2025-07-26,EQ-8420,open,13,10,True
8042,SITE-088,PART-9007,2026-11-20,EQ-1905,in_progress,12,11,False
8043,SITE-093,PART-7240,2025-05-27,EQ-6391,in_progress,19,29,False
8044,SITE-052,PART-9363,2025-08-06,EQ-4846,awaiting_parts,10,2,False
8045,SITE-008,PART-1358,2026-07-22,EQ-9879,deferred,1,13,False
8046,SITE-039,PART-3657,2024-06-13,EQ-2995,open,15,30,False
8047,SITE-029,PART-2896,2024-12-08,EQ-2903,deferred,12,27,False
8048,SITE-088,PART-2189,2026-08-06,EQ-3673,awaiting_parts,11,21,False
8049,SITE-013,PART-7944,2026-08-24,EQ-9164,in_progress,20,17,False
8050,SITE-051,PART-7345,2024-06-14,EQ-6208,awaiting_parts,26,4,False
8051,SITE-045,PART-9613,2024-04-26,EQ-5128,open,3,39,False
8052,SITE-076,PART-4694,2024-01-05,EQ-3500,open,17,21,False
8053,SITE-058,PART-2396,2023-06-09,EQ-4092,awaiting_parts,30,40,False
8054,SITE-053,PART-7949,2023-04-13,EQ-4866,in_progress,1,15,False
8055,SITE-058,PART-6113,2026-05-02,EQ-4508,in_progress,6,11,True
8056,SITE-071,PART-1496,2025-03-09,EQ-7617,in_progress,11,34,False
8057,SITE-026,PART-9118,2024-06-26,EQ-4595,open,3,32,False
8058,SITE-061,PART-5442,2023-06-14,EQ-2130,deferred,13,19,False
8059,SITE-096,PART-3172,2024-07-15,EQ-2742,in_progress,16,42,False
8060,SITE-071,PART-1225,2026-10-19,EQ-1094,deferred,19,30,False
8061,SITE-045,PART-6542,2024-07-17,EQ-8097,open,22,24,False
8062,SITE-068,PART-1335,2023-05-16,EQ-3726,in_progress,12,45,False
8063,SITE-077,PART-8581,2023-04-13,EQ-1751,awaiting_parts,30,40,False
8064,SITE-003,PART-9278,2023-03-16,EQ-1041,completed,7,0,False
8065,SITE-065,PART-1734,2023-07-21,EQ-3722,awaiting_parts,26,27,True
8066,SITE-076,PART-8676,2024-06-03,EQ-5949,in_progress,21,30,False
8067,SITE-097,PART-7902,2025-11-08,EQ-2255,open,28,14,False
8068,SITE-100,PART-4844,2024-03-25,EQ-2390,in_progress,22,12,False
8069,SITE-030,PART-1366,2025-07-16,EQ-7031,in_progress,4,17,False
8070,SITE-051,PART-1632,2023-10-07,EQ-4968,completed,10,0,False
8071,SITE-087,PART-1283,2025-04-27,EQ-5928,deferred,26,34,False
8072,SITE-082,PART-5496,2026-06-05,EQ-9445,in_progress,24,5,False
8073,SITE-090,PART-1768,2023-06-19,EQ-2890,completed,0,0,False
8074,SITE-078,PART-5846,2026-01-27,EQ-4691,deferred,18,20,False
8075,SITE-036,PART-2434,2023-12-25,EQ-4284,deferred,27,20,False
8076,SITE-038,PART-9987,2026-08-13,EQ-8235,in_progress,26,35,False
8077,SITE-040,PART-9162,2025-03-02,EQ-8060,awaiting_parts,1,23,False
8078,SITE-016,PART-5999,2026-04-27,EQ-1831,awaiting_parts,8,38,False
8079,SITE-097,PART-8987,2023-10-18,EQ-4610,awaiting_parts,5,35,False
8080,SITE-051,PART-1496,2023-06-03,EQ-2924,completed,6,0,False
8081,SITE-009,PART-2052,2026-07-24,EQ-3539,deferred,23,27,False
8082,SITE-052,PART-8896,2025-10-14,EQ-1536,deferred,14,24,False
8083,SITE-060,PART-7590,2023-04-23,EQ-2324,in_progress,18,26,False
8084,SITE-071,PART-2516,2026-07-23,EQ-7442,open,5,8,False
8085,SITE-099,PART-9108,2026-10-25,EQ-3711,in_progress,16,45,False
8086,SITE-074,PART-3657,2023-12-26,EQ-5623,in_progress,7,29,True
8087,SITE-073,PART-6709,2024-01-23,EQ-9746,deferred,9,29,False
8088,SITE-088,PART-8113,2023-05-09,EQ-7984,in_progress,22,4,False
8089,SITE-010,PART-5127,2025-11-13,EQ-4064,deferred,7,34,False
8090,SITE-073,PART-6894,2023-01-05,EQ-9235,completed,9,0,False
8091,SITE-076,PART-6023,2023-04-01,EQ-9218,open,26,10,False
8092,SITE-094,PART-2445,2025-12-15,EQ-2845,open,10,9,False
8093,SITE-096,PART-8518,2025-01-01,EQ-2296,awaiting_parts,11,2,False
8094,SITE-011,PART-1236,2025-06-23,EQ-7575,deferred,14,22,True
8095,SITE-079,PART-7792,2024-02-28,EQ-5172,deferred,13,21,False
8096,SITE-086,PART-6719,2023-12-21,EQ-6679,deferred,6,28,False
8097,SITE-060,PART-4748,2024-11-17,EQ-6468,open,13,3,False
8098,SITE-028,PART-6107,2024-05-01,EQ-6813,open,8,30,False
8099,SITE-038,PART-8126,2025-04-20,EQ-7534,completed,8,0,False
8100,SITE-043,PART-7066,2026-01-05,EQ-1148,in_progress,19,29,False
8101,SITE-080,PART-3347,2024-01-03,EQ-6131,open,13,21,False
8102,SITE-040,PART-3825,2023-08-25,EQ-1175,open,9,19,True
8103,SITE-052,PART-7563,2025-04-25,EQ-3820,completed,5,0,False
8104,SITE-061,PART-9492,2025-12-07,EQ-6605,open,15,25,False
8105,SITE-090,PART-9834,2026-01-26,EQ-4877,open,24,5,False
8106,SITE-071,PART-6972,2025-01-05,EQ-4369,in_progress,10,17,False
8107,SITE-069,PART-5846,2026-09-12,EQ-4322,deferred,8,15,False
8108,SITE-030,PART-7441,2026-08-08,EQ-6142,awaiting_parts,2,29,False
8109,SITE-054,PART-1483,2024-11-13,EQ-7660,in_progress,25,8,False
8110,SITE-031,PART-7366,2025-03-26,EQ-1593,deferred,4,1,False
8111,SITE-083,PART-5661,2026-02-07,EQ-2068,completed,0,0,False
8112,SITE-047,PART-1783,2025-08-26,EQ-2501,in_progress,15,3,False
8113,SITE-043,PART-7588,2023-03-09,EQ-8789,deferred,19,32,False
8114,SITE-072,PART-9518,2025-11-06,EQ-5116,deferred,26,17,False
8115,SITE-072,PART-2165,2025-05-18,EQ-8665,deferred,27,7,False
8116,SITE-062,PART-2319,2024-01-24,EQ-4339,deferred,30,14,False
8117,SITE-002,PART-5121,2026-08-09,EQ-1532,in_progress,15,26,False
8118,SITE-037,PART-8127,2024-11-06,EQ-6748,deferred,9,35,False
8119,SITE-020,PART-2052,2023-04-06,EQ-8779,completed,5,0,True
8120,SITE-077,PART-1650,2024-11-13,EQ-6086,completed,1,0,False
8121,SITE-084,PART-3825,2024-12-24,EQ-2834,open,11,35,False
8122,SITE-075,PART-9913,2023-04-17,EQ-5658,open,22,33,False
8123,SITE-082,PART-1116,2026-05-03,EQ-1369,completed,9,0,False
8124,SITE-060,PART-8420,2023-09-03,EQ-6522,open,30,37,True
8125,SITE-087,PART-3162,2023-03-17,EQ-5077,deferred,11,23,False
8126,SITE-003,PART-4014,2024-10-24,EQ-7455,completed,6,0,False
8127,SITE-091,PART-2779,2025-06-15,EQ-7787,in_progress,20,5,False
8128,SITE-030,PART-1656,2026-03-10,EQ-4729,deferred,3,37,False
8129,SITE-069,PART-2416,2024-12-23,EQ-6680,in_progress,27,11,False
8130,SITE-100,PART-8127,2025-08-08,EQ-1156,in_progress,5,44,False
8131,SITE-031,PART-1376,2024-10-02,EQ-4943,deferred,22,4,False
8132,SITE-029,PART-6508,2024-01-01,EQ-4370,deferred,17,37,False
8133,SITE-076,PART-8384,2026-10-05,EQ-6089,awaiting_parts,30,15,False
8134,SITE-009,PART-9606,2025-07-19,EQ-2243,awaiting_parts,6,28,False
8135,SITE-016,PART-3879,2025-12-11,EQ-6344,completed,1,0,False
8136,SITE-098,PART-2802,2025-09-27,EQ-6333,completed,6,0,False
8137,SITE-086,PART-3291,2024-10-04,EQ-1048,in_progress,2,15,False
8138,SITE-084,PART-9128,2023-04-21,EQ-7916,deferred,13,8,False
8139,SITE-054,PART-2135,2023-09-25,EQ-8521,completed,7,0,False
8140,SITE-042,PART-7739,2026-09-27,EQ-4237,deferred,21,4,False
8141,SITE-031,PART-7036,2024-08-25,EQ-6720,deferred,6,44,False
8142,SITE-072,PART-4238,2026-06-12,EQ-3812,awaiting_parts,24,29,False
8143,SITE-044,PART-6719,2025-06-14,EQ-2530,deferred,14,18,False
8144,SITE-072,PART-8144,2026-05-04,EQ-2355,deferred,7,18,False
8145,SITE-093,PART-3349,2024-03-04,EQ-3048,awaiting_parts,23,6,False
8146,SITE-090,PART-1343,2026-09-05,EQ-7739,open,24,18,False
8147,SITE-087,PART-8994,2025-04-20,EQ-3119,completed,4,0,False
8148,SITE-088,PART-8910,2025-04-23,EQ-5782,in_progress,4,5,True
8149,SITE-006,PART-1798,2024-03-02,EQ-2299,in_progress,17,37,False
8150,SITE-070,PART-4802,2024-05-21,EQ-4587,awaiting_parts,26,44,False
8151,SITE-095,PART-5172,2024-08-19,EQ-5446,deferred,8,45,False
8152,SITE-028,PART-4404,2023-09-18,EQ-6049,deferred,19,40,False
8153,SITE-033,PART-2140,2026-01-05,EQ-1119,awaiting_parts,17,38,False
8154,SITE-011,PART-3825,2024-04-03,EQ-7129,open,14,20,False
8155,SITE-002,PART-7625,2023-11-15,EQ-9326,completed,1,0,False
8156,SITE-036,PART-7428,2024-01-07,EQ-8889,deferred,16,12,False
8157,SITE-064,PART-6628,2023-06-27,EQ-7251,awaiting_parts,16,30,True
8158,SITE-069,PART-5749,2025-02-05,EQ-2438,completed,1,0,False
8159,SITE-066,PART-5704,2023-10-26,EQ-7343,awaiting_parts,17,41,False
8160,SITE-081,PART-7441,2026-08-10,EQ-4000,in_progress,13,44,False
8161,SITE-002,PART-5696,2024-04-09,EQ-6965,open,4,33,False
8162,SITE-031,PART-5219,2026-01-19,EQ-4269,open,4,28,False
8163,SITE-033,PART-4829,2023-11-20,EQ-7880,deferred,12,21,False
8164,SITE-062,PART-3858,2023-06-11,EQ-7718,completed,3,0,False
8165,SITE-077,PART-6391,2024-07-13,EQ-7866,completed,5,0,False
8166,SITE-058,PART-9549,2024-04-13,EQ-6454,in_progress,29,1,False
8167,SITE-079,PART-6814,2025-04-26,EQ-8896,open,17,15,False
8168,SITE-014,PART-5704,2023-09-02,EQ-2227,in_progress,16,29,False
8169,SITE-010,PART-1483,2026-10-07,EQ-9108,completed,10,0,False
8170,SITE-073,PART-5029,2023-01-06,EQ-6481,completed,0,0,False
8171,SITE-065,PART-5674,2023-07-21,EQ-6485,awaiting_parts,3,6,False
8172,SITE-021,PART-3246,2023-01-05,EQ-3126,awaiting_parts,8,33,False
8173,SITE-027,PART-5124,2026-02-11,EQ-2345,in_progress,2,18,True
8174,SITE-015,PART-1017,2023-05-18,EQ-1103,awaiting_parts,5,43,True
8175,SITE-032,PART-4309,2025-06-12,EQ-6514,deferred,9,37,True
8176,SITE-030,PART-1768,2026-06-22,EQ-3311,deferred,12,12,False
8177,SITE-084,PART-3130,2024-10-12,EQ-6844,awaiting_parts,8,13,False
8178,SITE-058,PART-7535,2024-07-04,EQ-8294,completed,6,0,False
8179,SITE-080,PART-3349,2025-08-16,EQ-1423,completed,8,0,False
8180,SITE-049,PART-2305,2026-08-16,EQ-5026,awaiting_parts,21,28,False
8181,SITE-091,PART-5693,2024-02-24,EQ-3113,in_progress,20,8,False
8182,SITE-092,PART-2973,2025-01-05,EQ-7529,awaiting_parts,1,11,False
8183,SITE-029,PART-8384,2023-09-02,EQ-3772,completed,7,0,False
8184,SITE-076,PART-8199,2026-08-13,EQ-6761,awaiting_parts,3,18,False
8185,SITE-040,PART-9306,2024-03-03,EQ-3713,in_progress,27,45,False
8186,SITE-036,PART-6286,2025-09-20,EQ-7250,completed,8,0,False
8187,SITE-068,PART-5781,2026-10-08,EQ-6050,open,3,18,False
8188,SITE-006,PART-2102,2024-11-06,EQ-6666,open,22,25,False
8189,SITE-079,PART-7240,2024-01-03,EQ-4509,awaiting_parts,9,8,False
8190,SITE-009,PART-2867,2023-08-15,EQ-2718,open,25,39,False
8191,SITE-010,PART-2445,2026-04-20,EQ-4143,open,12,11,True
8192,SITE-008,PART-2585,2024-08-27,EQ-7833,awaiting_parts,21,26,False
8193,SITE-063,PART-5121,2026-06-11,EQ-8084,awaiting_parts,21,1,False
8194,SITE-020,PART-4829,2026-03-02,EQ-6115,deferred,20,27,False
8195,SITE-094,PART-9211,2026-05-08,EQ-8736,completed,0,0,True
8196,SITE-051,PART-2487,2026-03-10,EQ-7278,completed,3,0,True
8197,SITE-015,PART-9184,2025-09-28,EQ-8749,deferred,6,41,False
8198,SITE-097,PART-5046,2025-01-12,EQ-2144,in_progress,14,20,False
8199,SITE-023,PART-2140,2024-01-10,EQ-5190,awaiting_parts,20,45,False
8200,SITE-008,PART-3246,2024-01-20,EQ-6674,open,27,44,False
8201,SITE-083,PART-7087,2023-12-06,EQ-9291,completed,2,0,False
8202,SITE-098,PART-2218,2026-02-24,EQ-8454,deferred,10,7,False
8203,SITE-043,PART-6513,2023-11-16,EQ-8953,in_progress,26,14,False
8204,SITE-093,PART-3161,2023-06-14,EQ-7329,awaiting_parts,14,38,False
8205,SITE-022,PART-6417,2023-07-04,EQ-4712,open,9,17,False
8206,SITE-058,PART-7823,2023-09-03,EQ-5712,completed,7,0,True
8207,SITE-003,PART-3199,2026-05-15,EQ-6304,in_progress,30,18,False
8208,SITE-041,PART-3715,2023-11-26,EQ-8366,deferred,11,16,False
8209,SITE-030,PART-6947,2026-03-07,EQ-4939,in_progress,30,5,False
8210,SITE-019,PART-6854,2025-03-23,EQ-5775,open,3,3,False
8211,SITE-097,PART-6162,2026-11-21,EQ-7820,completed,6,0,True
8212,SITE-081,PART-3867,2024-12-20,EQ-4158,completed,8,0,False
8213,SITE-075,PART-4680,2025-09-13,EQ-9895,in_progress,28,11,False
8214,SITE-065,PART-3340,2026-07-11,EQ-7210,deferred,20,33,False
8215,SITE-024,PART-1873,2023-07-13,EQ-5635,deferred,23,14,False
8216,SITE-072,PART-6221,2026-01-01,EQ-8331,deferred,2,31,False
8217,SITE-077,PART-2673,2025-11-05,EQ-6661,awaiting_parts,18,12,False
8218,SITE-054,PART-3274,2026-04-03,EQ-6499,in_progress,1,24,False
8219,SITE-049,PART-8505,2026-08-22,EQ-1262,deferred,29,10,False
8220,SITE-047,PART-8384,2023-05-23,EQ-7392,awaiting_parts,11,28,False
8221,SITE-024,PART-2802,2026-05-02,EQ-4554,in_progress,24,32,False
8222,SITE-056,PART-3286,2025-03-22,EQ-6274,open,25,6,False
8223,SITE-093,PART-6072,2024-05-11,EQ-8503,deferred,23,26,False
8224,SITE-050,PART-8200,2023-10-20,EQ-2488,open,20,30,False
8225,SITE-083,PART-1670,2026-08-08,EQ-3883,awaiting_parts,6,21,False
8226,SITE-091,PART-3799,2023-09-28,EQ-4033,open,3,10,False
8227,SITE-089,PART-4137,2024-06-23,EQ-3100,awaiting_parts,14,20,False
8228,SITE-040,PART-3162,2026-12-09,EQ-9942,in_progress,29,18,True
8229,SITE-096,PART-9165,2024-04-24,EQ-7811,awaiting_parts,7,25,False
8230,SITE-081,PART-3274,2024-06-14,EQ-3212,awaiting_parts,9,12,False
8231,SITE-090,PART-3867,2026-01-05,EQ-4016,deferred,16,14,False
8232,SITE-035,PART-3349,2026-07-20,EQ-6911,in_progress,24,41,False
8233,SITE-062,PART-2068,2025-03-12,EQ-7205,in_progress,27,29,False
8234,SITE-058,PART-6586,2026-09-05,EQ-5481,completed,3,0,False
8235,SITE-015,PART-7984,2025-10-03,EQ-7104,deferred,3,36,True
8236,SITE-068,PART-8042,2025-06-06,EQ-1925,deferred,8,38,False
8237,SITE-060,PART-2705,2023-05-23,EQ-4079,deferred,5,3,False
8238,SITE-100,PART-9189,2024-11-23,EQ-7703,completed,9,0,False
8239,SITE-091,PART-5625,2023-09-01,EQ-9504,deferred,19,23,False
8240,SITE-009,PART-7672,2026-11-24,EQ-4827,awaiting_parts,12,15,False
8241,SITE-048,PART-1632,2024-08-12,EQ-7050,completed,8,0,False
8242,SITE-051,PART-4112,2023-05-25,EQ-3286,deferred,14,23,False
8243,SITE-046,PART-7967,2025-06-04,EQ-9225,deferred,3,19,False
8244,SITE-057,PART-9090,2023-12-16,EQ-9618,completed,3,0,False
8245,SITE-097,PART-9208,2026-11-28,EQ-1720,open,19,4,False
8246,SITE-095,PART-6107,2023-09-01,EQ-2508,in_progress,5,40,True
8247,SITE-005,PART-1816,2026-11-24,EQ-9345,completed,1,0,False
8248,SITE-089,PART-1463,2025-08-11,EQ-7416,open,29,21,True
8249,SITE-049,PART-3799,2024-03-17,EQ-4270,completed,8,0,False
8250,SITE-052,PART-9564,2023-10-10,EQ-9973,open,14,32,False
8251,SITE-032,PART-5029,2025-04-03,EQ-1887,deferred,12,37,False
8252,SITE-052,PART-5115,2023-05-16,EQ-1086,deferred,18,23,False
8253,SITE-009,PART-9181,2023-04-18,EQ-9268,deferred,19,17,False
8254,SITE-035,PART-5660,2023-11-06,EQ-8783,open,9,36,False
8255,SITE-046,PART-9121,2024-12-06,EQ-4994,deferred,9,44,False
8256,SITE-070,PART-6947,2026-02-06,EQ-2331,completed,5,0,False
8257,SITE-084,PART-1240,2024-03-01,EQ-7122,open,9,45,True
8258,SITE-092,PART-2075,2026-05-06,EQ-7852,deferred,14,39,False
8259,SITE-093,PART-8084,2025-03-19,EQ-2910,deferred,3,5,False
8260,SITE-086,PART-6122,2025-05-23,EQ-6613,awaiting_parts,18,10,True
8261,SITE-075,PART-6391,2024-04-28,EQ-9364,in_progress,28,31,False
8262,SITE-043,PART-1225,2025-08-08,EQ-8525,open,21,11,False
8263,SITE-014,PART-2773,2026-08-17,EQ-3749,completed,5,0,False
8264,SITE-012,PART-2790,2026-01-06,EQ-6521,open,27,1,False
8265,SITE-027,PART-7199,2023-02-01,EQ-2091,deferred,5,44,False
8266,SITE-018,PART-9833,2024-09-03,EQ-7921,open,26,14,False
8267,SITE-015,PART-3286,2026-07-01,EQ-6660,completed,8,0,False
8268,SITE-042,PART-8361,2026-05-05,EQ-9321,completed,6,0,False
8269,SITE-010,PART-1456,2024-08-04,EQ-2488,awaiting_parts,11,31,False
8270,SITE-053,PART-8625,2023-11-06,EQ-5129,in_progress,30,12,False
8271,SITE-036,PART-5046,2026-05-17,EQ-9997,in_progress,27,27,False
8272,SITE-021,PART-7468,2024-06-11,EQ-7703,deferred,22,39,False
8273,SITE-049,PART-6031,2026-04-11,EQ-8185,in_progress,23,26,False
8274,SITE-016,PART-4297,2025-04-06,EQ-2753,in_progress,14,33,False
8275,SITE-049,PART-8396,2025-07-12,EQ-5775,awaiting_parts,3,29,True
8276,SITE-098,PART-9638,2024-03-21,EQ-3668,in_progress,10,10,False
8277,SITE-070,PART-8279,2025-05-12,EQ-4595,deferred,13,32,False
8278,SITE-068,PART-6768,2025-06-01,EQ-8306,deferred,21,11,False
8279,SITE-056,PART-2235,2023-06-08,EQ-1618,awaiting_parts,11,19,False
8280,SITE-026,PART-9204,2023-06-19,EQ-6406,in_progress,24,6,False
8281,SITE-089,PART-2733,2025-03-02,EQ-6092,completed,9,0,False
8282,SITE-042,PART-5805,2026-05-09,EQ-1020,in_progress,29,11,False
8283,SITE-040,PART-1129,2023-01-02,EQ-2478,in_progress,24,38,True
8284,SITE-054,PART-9921,2023-01-17,EQ-2505,deferred,30,2,True
8285,SITE-003,PART-3869,2025-03-24,EQ-3070,deferred,9,27,False
8286,SITE-070,PART-3937,2023-03-12,EQ-5362,open,26,16,False
8287,SITE-058,PART-9933,2025-06-05,EQ-1722,open,27,39,False
8288,SITE-048,PART-4999,2023-08-09,EQ-9574,deferred,29,5,True
8289,SITE-036,PART-4449,2026-07-17,EQ-4274,in_progress,20,27,False
8290,SITE-034,PART-4216,2025-05-11,EQ-9240,deferred,4,30,True
8291,SITE-061,PART-6819,2024-11-03,EQ-5665,deferred,30,43,False
8292,SITE-076,PART-9805,2026-10-03,EQ-2892,open,16,31,False
8293,SITE-003,PART-3257,2025-09-13,EQ-9875,deferred,6,20,False
8294,SITE-088,PART-3360,2025-09-05,EQ-6976,open,15,15,False
8295,SITE-059,PART-6819,2023-05-11,EQ-2069,in_progress,5,37,False
8296,SITE-049,PART-4181,2024-03-01,EQ-8803,awaiting_parts,21,31,False
8297,SITE-018,PART-2165,2023-03-12,EQ-2207,completed,1,0,False
8298,SITE-003,PART-7385,2026-07-11,EQ-9117,completed,9,0,False
8299,SITE-071,PART-6709,2023-12-16,EQ-6201,completed,10,0,False
8300,SITE-039,PART-9987,2024-08-13,EQ-2151,deferred,10,43,False
8301,SITE-048,PART-8330,2025-07-25,EQ-3628,awaiting_parts,4,13,False
8302,SITE-014,PART-1470,2024-08-10,EQ-8978,in_progress,17,42,False
8303,SITE-009,PART-7358,2023-01-23,EQ-6033,open,11,14,False
8304,SITE-080,PART-5121,2023-10-14,EQ-3248,open,4,20,False
8305,SITE-073,PART-1210,2026-06-25,EQ-6029,open,2,30,False
8306,SITE-064,PART-3735,2024-03-01,EQ-5522,open,14,28,False
8307,SITE-076,PART-7202,2024-11-17,EQ-3930,awaiting_parts,9,4,False
8308,SITE-020,PART-5813,2023-02-26,EQ-5406,deferred,3,16,False
8309,SITE-068,PART-3646,2025-07-16,EQ-6325,completed,3,0,True
8310,SITE-043,PART-2305,2024-08-08,EQ-3742,deferred,24,6,False
8311,SITE-056,PART-5698,2023-01-03,EQ-2543,completed,4,0,False
8312,SITE-057,PART-4694,2026-01-26,EQ-8811,in_progress,28,19,False
8313,SITE-016,PART-7416,2024-03-03,EQ-1979,open,18,9,False
8314,SITE-087,PART-9077,2023-07-20,EQ-5960,awaiting_parts,25,11,False
8315,SITE-012,PART-5298,2024-11-12,EQ-9453,deferred,8,18,False
8316,SITE-013,PART-7181,2025-07-11,EQ-7164,deferred,29,19,False
8317,SITE-019,PART-1055,2023-02-02,EQ-3670,open,28,39,True
8318,SITE-064,PART-4829,2023-02-04,EQ-7679,deferred,15,17,False
8319,SITE-025,PART-8143,2026-08-10,EQ-9465,completed,6,0,False
8320,SITE-077,PART-5319,2026-11-26,EQ-8804,open,8,8,True
8321,SITE-007,PART-7767,2026-03-08,EQ-4959,deferred,26,22,False
8322,SITE-035,PART-9856,2025-05-26,EQ-4952,open,20,15,False
8323,SITE-013,PART-5050,2025-10-25,EQ-8225,awaiting_parts,26,10,True
8324,SITE-049,PART-6778,2025-06-17,EQ-7062,completed,6,0,False
8325,SITE-100,PART-3274,2023-05-11,EQ-6493,completed,5,0,False
8326,SITE-048,PART-2404,2025-02-09,EQ-6680,deferred,23,31,False
8327,SITE-072,PART-2974,2025-09-23,EQ-3643,deferred,27,5,False
8328,SITE-018,PART-6922,2023-02-27,EQ-5129,awaiting_parts,10,43,False
8329,SITE-066,PART-3793,2026-08-27,EQ-9123,open,21,41,False
8330,SITE-060,PART-8798,2025-09-13,EQ-8675,open,18,18,False
8331,SITE-034,PART-3867,2025-08-05,EQ-8180,completed,3,0,False
8332,SITE-057,PART-9549,2025-08-12,EQ-4554,open,7,4,False
8333,SITE-088,PART-9613,2026-09-01,EQ-2666,in_progress,20,8,False
8334,SITE-003,PART-7782,2023-01-06,EQ-8992,awaiting_parts,12,26,False
8335,SITE-009,PART-5031,2026-07-06,EQ-3190,completed,3,0,True
8336,SITE-022,PART-2179,2024-02-28,EQ-2269,awaiting_parts,12,17,False
8337,SITE-039,PART-2003,2024-06-23,EQ-6725,deferred,8,29,False
8338,SITE-031,PART-4031,2023-05-13,EQ-6577,completed,9,0,False
8339,SITE-028,PART-8025,2026-08-14,EQ-4181,open,26,18,False
8340,SITE-039,PART-2099,2025-10-26,EQ-9179,awaiting_parts,25,13,False
8341,SITE-079,PART-3064,2023-11-17,EQ-3266,completed,9,0,False
8342,SITE-047,PART-5646,2025-09-18,EQ-5286,completed,8,0,False
8343,SITE-007,PART-8694,2024-03-25,EQ-3713,awaiting_parts,7,40,False
8344,SITE-068,PART-7590,2023-09-11,EQ-9479,deferred,18,22,False
8345,SITE-033,PART-7200,2026-05-19,EQ-9491,in_progress,22,8,False
8346,SITE-064,PART-3009,2023-05-05,EQ-5443,deferred,15,2,False
8347,SITE-015,PART-1147,2023-01-06,EQ-8972,awaiting_parts,25,1,False
8348,SITE-091,PART-6768,2026-03-07,EQ-1679,open,1,29,False
8349,SITE-100,PART-4603,2026-06-19,EQ-7626,open,11,13,False
8350,SITE-051,PART-7104,2026-07-17,EQ-3030,open,17,44,False
8351,SITE-024,PART-4448,2023-03-25,EQ-8874,awaiting_parts,20,33,False
8352,SITE-079,PART-7298,2024-05-28,EQ-3584,completed,2,0,False
8353,SITE-054,PART-6069,2024-10-26,EQ-7494,completed,9,0,False
8354,SITE-091,PART-2036,2025-11-27,EQ-1558,deferred,11,28,False
8355,SITE-080,PART-6778,2026-05-08,EQ-3610,awaiting_parts,9,13,False
8356,SITE-005,PART-4856,2026-10-14,EQ-1527,completed,10,0,False
8357,SITE-008,PART-6719,2025-08-07,EQ-6584,awaiting_parts,9,24,False
8358,SITE-070,PART-7488,2024-03-12,EQ-8016,deferred,15,30,True
8359,SITE-009,PART-9336,2023-09-20,EQ-2108,awaiting_parts,30,31,False
8360,SITE-007,PART-7136,2024-03-03,EQ-3880,open,2,24,False
8361,SITE-050,PART-1225,2026-03-26,EQ-5356,awaiting_parts,7,4,False
8362,SITE-067,PART-7016,2025-08-12,EQ-2427,in_progress,10,41,False
8363,SITE-037,PART-1816,2023-02-25,EQ-2744,awaiting_parts,6,7,False
8364,SITE-014,PART-7428,2025-05-12,EQ-5025,open,10,22,False
8365,SITE-023,PART-7761,2024-01-17,EQ-8832,completed,4,0,False
8366,SITE-057,PART-2758,2023-12-25,EQ-5861,deferred,21,29,False
8367,SITE-071,PART-8959,2025-08-12,EQ-4664,completed,0,0,False
8368,SITE-075,PART-4501,2025-04-26,EQ-2795,deferred,19,1,False
8369,SITE-078,PART-8451,2023-12-07,EQ-5249,deferred,28,18,True
8370,SITE-043,PART-9632,2026-07-26,EQ-4455,completed,0,0,False
8371,SITE-085,PART-1081,2023-03-17,EQ-5884,completed,6,0,False
8372,SITE-010,PART-3323,2024-06-12,EQ-2263,completed,5,0,False
8373,SITE-058,PART-4872,2025-10-17,EQ-8274,deferred,24,23,False
8374,SITE-084,PART-6108,2026-11-15,EQ-9542,awaiting_parts,8,4,False
8375,SITE-096,PART-6826,2024-02-18,EQ-8847,awaiting_parts,25,24,False
8376,SITE-084,PART-5784,2025-05-24,EQ-3593,deferred,30,40,False
8377,SITE-093,PART-7016,2025-01-21,EQ-7470,awaiting_parts,21,33,False
8378,SITE-014,PART-3349,2025-06-10,EQ-8718,deferred,24,6,False
8379,SITE-070,PART-6922,2023-06-15,EQ-8630,awaiting_parts,7,6,True
8380,SITE-006,PART-2897,2023-01-11,EQ-3876,in_progress,5,21,False
8381,SITE-032,PART-2419,2025-01-28,EQ-6453,completed,6,0,False
8382,SITE-054,PART-6894,2024-02-06,EQ-7783,completed,7,0,False
8383,SITE-028,PART-8840,2023-07-11,EQ-5283,awaiting_parts,13,38,False
8384,SITE-029,PART-7486,2023-12-13,EQ-6796,awaiting_parts,12,5,False
8385,SITE-018,PART-3869,2023-05-11,EQ-7047,awaiting_parts,19,19,False
8386,SITE-053,PART-2963,2023-10-12,EQ-6695,open,16,23,False
8387,SITE-097,PART-8384,2024-06-16,EQ-6610,awaiting_parts,27,28,False
8388,SITE-082,PART-1416,2025-01-22,EQ-1436,awaiting_parts,13,31,False
8389,SITE-072,PART-9834,2026-02-18,EQ-8346,in_progress,20,4,False
8390,SITE-097,PART-3915,2024-08-07,EQ-2442,open,24,15,False
8391,SITE-029,PART-7121,2025-01-08,EQ-7038,open,24,34,False
8392,SITE-009,PART-4663,2026-08-25,EQ-9471,completed,7,0,False
8393,SITE-038,PART-3290,2025-11-21,EQ-4408,completed,10,0,False
8394,SITE-021,PART-3602,2023-03-20,EQ-3525,deferred,20,17,False
8395,SITE-028,PART-4545,2024-04-10,EQ-4229,open,26,41,False
8396,SITE-051,PART-1734,2023-06-18,EQ-8681,completed,0,0,False
8397,SITE-059,PART-2305,2023-05-28,EQ-5638,open,10,27,False
8398,SITE-053,PART-2319,2026-04-15,EQ-8308,awaiting_parts,4,31,False
8399,SITE-032,PART-8361,2023-09-19,EQ-6940,deferred,28,25,True
8400,SITE-012,PART-1564,2026-10-09,EQ-9461,completed,6,0,False
8401,SITE-005,PART-2959,2026-12-18,EQ-8727,awaiting_parts,8,33,False
8402,SITE-035,PART-4694,2026-03-23,EQ-7248,completed,10,0,False
8403,SITE-078,PART-6888,2024-08-25,EQ-5188,open,3,24,False
8404,SITE-094,PART-6812,2026-08-23,EQ-2377,open,27,22,False
8405,SITE-068,PART-4303,2025-06-15,EQ-9655,completed,2,0,False
8406,SITE-035,PART-3130,2023-05-26,EQ-5302,awaiting_parts,28,33,False
8407,SITE-022,PART-5219,2025-09-10,EQ-7492,awaiting_parts,2,23,False
8408,SITE-042,PART-8202,2025-06-14,EQ-6258,completed,10,0,False
8409,SITE-043,PART-7792,2025-07-12,EQ-2004,deferred,20,36,False
8410,SITE-093,PART-9108,2024-02-18,EQ-6163,in_progress,16,28,False
8411,SITE-051,PART-7177,2024-07-07,EQ-8590,open,30,21,False
8412,SITE-081,PART-3392,2024-07-09,EQ-2726,awaiting_parts,29,26,False
8413,SITE-086,PART-2758,2024-06-09,EQ-4655,deferred,15,19,True
8414,SITE-059,PART-2106,2023-12-09,EQ-8526,deferred,7,39,True
8415,SITE-057,PART-8876,2023-05-15,EQ-1137,completed,10,0,False
8416,SITE-045,PART-3472,2026-08-22,EQ-7239,completed,3,0,True
8417,SITE-009,PART-2443,2023-03-05,EQ-9842,awaiting_parts,10,29,False
8418,SITE-046,PART-1682,2023-05-03,EQ-7893,open,26,40,False
8419,SITE-014,PART-1744,2026-11-19,EQ-6454,in_progress,14,20,False
8420,SITE-085,PART-7672,2026-01-04,EQ-4488,open,9,14,False
8421,SITE-081,PART-5073,2023-04-12,EQ-8975,open,19,10,False
8422,SITE-052,PART-7083,2026-10-14,EQ-9489,deferred,8,30,False
8423,SITE-052,PART-4741,2026-04-02,EQ-6347,awaiting_parts,29,4,False
8424,SITE-098,PART-5238,2023-08-05,EQ-9740,completed,1,0,False
8425,SITE-067,PART-2826,2024-02-28,EQ-4286,completed,4,0,False
8426,SITE-078,PART-2396,2025-06-25,EQ-9070,awaiting_parts,20,10,False
8427,SITE-100,PART-9106,2025-05-08,EQ-8375,completed,7,0,False
8428,SITE-042,PART-9666,2023-05-01,EQ-2241,completed,0,0,False
8429,SITE-089,PART-3112,2024-04-16,EQ-5594,in_progress,21,14,False
8430,SITE-018,PART-8695,2023-01-10,EQ-5178,deferred,3,17,False
8431,SITE-088,PART-6768,2024-06-19,EQ-6767,open,7,2,False
8432,SITE-074,PART-6768,2023-01-23,EQ-5390,open,5,32,False
8433,SITE-052,PART-7690,2024-07-06,EQ-5293,deferred,25,40,False
8434,SITE-095,PART-4032,2025-09-06,EQ-1199,deferred,15,26,False
8435,SITE-078,PART-4582,2023-05-10,EQ-8619,open,1,41,False
8436,SITE-033,PART-2039,2026-03-17,EQ-8791,in_progress,23,10,False
8437,SITE-077,PART-7942,2024-02-11,EQ-5414,awaiting_parts,26,16,False
8438,SITE-070,PART-7944,2026-07-10,EQ-9365,completed,10,0,False
8439,SITE-034,PART-9893,2023-08-07,EQ-1955,deferred,23,2,False
8440,SITE-026,PART-6069,2024-12-08,EQ-7585,in_progress,27,42,False
8441,SITE-029,PART-6417,2025-12-10,EQ-4113,completed,3,0,False
8442,SITE-040,PART-6811,2026-03-05,EQ-1506,completed,10,0,False
8443,SITE-046,PART-3251,2023-12-20,EQ-8966,in_progress,5,3,False
8444,SITE-018,PART-4836,2025-05-08,EQ-7452,open,24,25,False
8445,SITE-097,PART-1225,2025-05-27,EQ-4697,open,13,2,False
8446,SITE-087,PART-3162,2024-03-19,EQ-8544,awaiting_parts,4,36,True
8447,SITE-054,PART-4112,2025-01-11,EQ-3322,completed,2,0,False
8448,SITE-097,PART-3504,2023-06-14,EQ-4276,completed,7,0,False
8449,SITE-070,PART-1405,2025-11-05,EQ-3635,completed,4,0,True
8450,SITE-089,PART-6412,2024-12-03,EQ-3830,deferred,11,24,False
8451,SITE-090,PART-4311,2025-12-08,EQ-2300,open,7,1,False
8452,SITE-080,PART-8535,2026-05-08,EQ-8699,completed,5,0,False
8453,SITE-019,PART-6108,2025-08-24,EQ-8323,awaiting_parts,24,43,False
8454,SITE-071,PART-9099,2025-02-23,EQ-9109,completed,10,0,False
8455,SITE-046,PART-3329,2023-11-23,EQ-7847,awaiting_parts,7,37,False
8456,SITE-036,PART-3825,2026-12-15,EQ-7328,deferred,18,20,False
8457,SITE-018,PART-2698,2025-11-01,EQ-5614,awaiting_parts,21,37,True
8458,SITE-077,PART-5214,2023-06-01,EQ-2481,completed,6,0,False
8459,SITE-087,PART-1647,2024-02-23,EQ-6401,deferred,20,4,True
8460,SITE-078,PART-2148,2026-11-03,EQ-5068,in_progress,19,16,False
8461,SITE-045,PART-4206,2026-02-28,EQ-6426,in_progress,9,6,False
8462,SITE-008,PART-3896,2023-12-21,EQ-7443,open,7,9,False
8463,SITE-047,PART-1335,2025-10-05,EQ-1111,awaiting_parts,3,22,False
8464,SITE-074,PART-8779,2024-02-20,EQ-6929,completed,9,0,False
8465,SITE-082,PART-4762,2025-03-20,EQ-5535,deferred,29,35,False
8466,SITE-046,PART-8451,2024-07-17,EQ-7686,in_progress,5,25,False
8467,SITE-011,PART-2396,2026-11-28,EQ-9273,completed,0,0,False
8468,SITE-075,PART-3781,2024-07-15,EQ-2031,in_progress,21,1,False
8469,SITE-021,PART-6417,2026-08-27,EQ-9955,deferred,23,23,False
8470,SITE-077,PART-7298,2025-03-24,EQ-4741,in_progress,28,16,False
8471,SITE-007,PART-9077,2024-08-14,EQ-5311,in_progress,29,19,True
8472,SITE-014,PART-6627,2023-05-12,EQ-2015,open,2,16,False
8473,SITE-074,PART-5919,2026-11-18,EQ-2874,deferred,3,42,False
8474,SITE-065,PART-1032,2026-12-13,EQ-9866,in_progress,21,18,False
8475,SITE-012,PART-9037,2026-07-14,EQ-9908,in_progress,24,23,False
8476,SITE-018,PART-8423,2026-01-18,EQ-2003,in_progress,11,23,False
8477,SITE-087,PART-9037,2023-11-23,EQ-9044,in_progress,25,35,True
8478,SITE-058,PART-4781,2026-08-13,EQ-8953,open,11,42,False
8479,SITE-032,PART-6766,2026-11-08,EQ-6279,completed,3,0,False
8480,SITE-017,PART-6417,2023-02-02,EQ-4394,in_progress,29,21,False
8481,SITE-037,PART-7577,2023-04-22,EQ-6098,deferred,29,6,False
8482,SITE-062,PART-5460,2026-11-01,EQ-4030,in_progress,1,25,False
8483,SITE-052,PART-3655,2023-08-26,EQ-6431,awaiting_parts,5,8,False
8484,SITE-002,PART-8896,2024-01-04,EQ-6765,deferred,9,8,True
8485,SITE-020,PART-5921,2024-06-27,EQ-2097,in_progress,4,12,False
8486,SITE-098,PART-6586,2026-10-24,EQ-3356,open,18,15,False
8487,SITE-022,PART-1591,2025-03-24,EQ-9121,awaiting_parts,27,33,False
8488,SITE-062,PART-3392,2025-12-02,EQ-3628,deferred,20,4,False
8489,SITE-027,PART-2416,2024-06-28,EQ-6830,deferred,19,24,False
8490,SITE-007,PART-7282,2025-05-26,EQ-1492,open,18,33,False
8491,SITE-020,PART-5050,2023-09-08,EQ-7475,open,17,1,False
8492,SITE-033,PART-2102,2026-05-22,EQ-3508,awaiting_parts,6,14,False
8493,SITE-018,PART-5496,2023-07-24,EQ-9079,completed,6,0,True
8494,SITE-030,PART-2485,2025-01-06,EQ-9233,deferred,5,11,False
8495,SITE-049,PART-3657,2024-01-10,EQ-4460,open,15,34,False
8496,SITE-057,PART-3653,2023-07-08,EQ-3770,completed,7,0,False
8497,SITE-072,PART-1124,2026-06-01,EQ-9105,awaiting_parts,23,12,False
8498,SITE-058,PART-2896,2023-07-25,EQ-5832,in_progress,10,2,False
8499,SITE-011,PART-7314,2026-10-17,EQ-4543,in_progress,20,34,False
8500,SITE-042,PART-9549,2025-10-23,EQ-4381,deferred,4,27,True
8501,SITE-031,PART-9558,2025-02-26,EQ-4452,in_progress,30,8,False
8502,SITE-055,PART-8916,2023-07-26,EQ-1091,open,11,12,False
8503,SITE-090,PART-5214,2023-07-12,EQ-5947,deferred,9,3,False
8504,SITE-070,PART-7358,2023-08-11,EQ-1960,awaiting_parts,29,17,False
8505,SITE-011,PART-8806,2024-06-27,EQ-1977,completed,3,0,True
8506,SITE-035,PART-2590,2023-05-25,EQ-1365,in_progress,5,17,False
8507,SITE-031,PART-7944,2023-12-20,EQ-1260,awaiting_parts,25,9,False
8508,SITE-100,PART-6349,2026-05-28,EQ-9672,deferred,8,14,False
8509,SITE-009,PART-1647,2025-06-19,EQ-7739,in_progress,29,28,False
8510,SITE-094,PART-3228,2025-07-21,EQ-7888,completed,10,0,False
8511,SITE-033,PART-2973,2023-03-09,EQ-9681,completed,1,0,False
8512,SITE-098,PART-2356,2023-11-03,EQ-6519,deferred,7,5,False
8513,SITE-059,PART-4573,2026-06-17,EQ-9578,completed,5,0,False
8514,SITE-078,PART-6586,2026-06-22,EQ-3403,in_progress,8,22,False
8515,SITE-097,PART-3574,2025-03-01,EQ-7334,completed,7,0,False
8516,SITE-090,PART-8254,2026-01-13,EQ-5490,in_progress,26,16,True
8517,SITE-029,PART-7425,2023-07-24,EQ-3106,open,3,25,False
8518,SITE-031,PART-8144,2026-08-21,EQ-7670,completed,7,0,False
8519,SITE-034,PART-1897,2024-06-04,EQ-9835,in_progress,8,40,False
8520,SITE-019,PART-3418,2024-01-17,EQ-4511,completed,4,0,False
8521,SITE-027,PART-2165,2024-03-25,EQ-7104,completed,7,0,False
8522,SITE-067,PART-7366,2024-05-07,EQ-1607,deferred,5,25,False
8523,SITE-028,PART-5150,2023-03-03,EQ-4862,completed,3,0,True
8524,SITE-091,PART-8798,2026-08-05,EQ-4016,awaiting_parts,9,38,True
8525,SITE-025,PART-3602,2026-05-16,EQ-2786,completed,9,0,False
8526,SITE-077,PART-4238,2024-01-27,EQ-3781,completed,6,0,False
8527,SITE-056,PART-2973,2025-07-13,EQ-8274,open,16,14,False
8528,SITE-004,PART-3349,2024-04-23,EQ-7271,awaiting_parts,3,1,False
8529,SITE-098,PART-5543,2026-11-03,EQ-7252,awaiting_parts,13,21,False
8530,SITE-041,PART-2317,2023-11-24,EQ-2427,deferred,14,23,False
8531,SITE-046,PART-2125,2023-06-23,EQ-8994,completed,7,0,False
8532,SITE-061,PART-2269,2026-12-01,EQ-3373,deferred,16,20,False
8533,SITE-094,PART-4545,2024-06-26,EQ-4978,deferred,4,44,False
8534,SITE-081,PART-6183,2026-09-05,EQ-1961,deferred,18,10,False
8535,SITE-010,PART-3343,2026-10-05,EQ-3841,open,21,14,False
8536,SITE-055,PART-7045,2023-12-05,EQ-7218,deferred,13,4,False
8537,SITE-030,PART-1632,2025-09-26,EQ-3225,in_progress,29,26,True
8538,SITE-064,PART-8219,2026-01-08,EQ-5653,deferred,19,22,False
8539,SITE-088,PART-9208,2024-06-17,EQ-1612,in_progress,30,38,False
8540,SITE-064,PART-5784,2025-09-09,EQ-7443,open,19,8,False
8541,SITE-055,PART-4137,2025-01-22,EQ-9591,open,12,4,True
8542,SITE-041,PART-3648,2024-10-21,EQ-7079,open,15,35,False
8543,SITE-057,PART-6568,2023-11-28,EQ-9512,open,7,38,False
8544,SITE-049,PART-3793,2026-05-21,EQ-4725,completed,5,0,False
8545,SITE-079,PART-3188,2026-10-08,EQ-5037,in_progress,2,18,True
8546,SITE-087,PART-8896,2024-06-12,EQ-9870,open,10,31,False
8547,SITE-036,PART-7388,2024-04-11,EQ-3170,completed,0,0,False
8548,SITE-031,PART-5648,2023-11-16,EQ-1120,completed,5,0,False
8549,SITE-077,PART-7739,2025-03-16,EQ-8082,deferred,8,22,False
8550,SITE-039,PART-3418,2024-08-01,EQ-5380,deferred,7,14,False
8551,SITE-067,PART-5659,2023-04-25,EQ-5316,deferred,2,28,False
8552,SITE-022,PART-3257,2023-08-22,EQ-7128,in_progress,29,22,False
8553,SITE-079,PART-2897,2026-12-15,EQ-3237,in_progress,15,42,False
8554,SITE-004,PART-1744,2026-04-14,EQ-6807,completed,2,0,False
8555,SITE-083,PART-5698,2026-02-14,EQ-5725,awaiting_parts,10,33,False
8556,SITE-093,PART-1142,2023-09-18,EQ-8905,awaiting_parts,10,15,False
8557,SITE-085,PART-1852,2023-05-09,EQ-7518,completed,7,0,False
8558,SITE-059,PART-4762,2025-07-07,EQ-3748,completed,6,0,False
8559,SITE-084,PART-2622,2025-10-15,EQ-5297,completed,6,0,False
8560,SITE-008,PART-7935,2026-04-19,EQ-1364,deferred,22,43,False
8561,SITE-099,PART-5898,2025-07-10,EQ-7990,awaiting_parts,3,43,False
8562,SITE-100,PART-6293,2025-03-28,EQ-3931,awaiting_parts,23,28,False
8563,SITE-048,PART-7138,2025-11-27,EQ-2309,completed,6,0,False
8564,SITE-013,PART-8910,2023-10-24,EQ-6744,in_progress,8,45,False
8565,SITE-021,PART-4072,2025-04-11,EQ-3721,in_progress,12,41,False
8566,SITE-092,PART-2487,2025-03-05,EQ-5025,awaiting_parts,17,11,False
8567,SITE-011,PART-1496,2025-08-07,EQ-6043,completed,9,0,True
8568,SITE-013,PART-2585,2025-11-21,EQ-7263,open,19,32,False
8569,SITE-056,PART-4215,2025-08-22,EQ-1879,open,30,22,False
8570,SITE-053,PART-5919,2023-06-20,EQ-4417,completed,8,0,False
8571,SITE-007,PART-1613,2024-03-13,EQ-1328,completed,6,0,False
8572,SITE-091,PART-7498,2026-05-23,EQ-7131,in_progress,25,10,False
8573,SITE-100,PART-4804,2023-11-13,EQ-9773,open,28,40,False
8574,SITE-067,PART-2577,2024-02-02,EQ-5265,deferred,17,31,False
8575,SITE-052,PART-1414,2026-02-26,EQ-1038,completed,2,0,False
8576,SITE-051,PART-8505,2024-03-22,EQ-9222,open,25,17,False
8577,SITE-026,PART-4897,2023-03-12,EQ-6072,deferred,9,12,False
8578,SITE-049,PART-6430,2024-07-02,EQ-3151,deferred,30,45,False
8579,SITE-097,PART-3917,2026-08-23,EQ-6582,completed,8,0,False
8580,SITE-037,PART-5988,2026-07-19,EQ-4225,completed,9,0,False
8581,SITE-062,PART-8163,2025-04-24,EQ-8262,deferred,5,31,False
8582,SITE-015,PART-1335,2023-10-15,EQ-3774,awaiting_parts,24,16,False
8583,SITE-007,PART-7903,2026-07-20,EQ-5178,awaiting_parts,24,1,False
8584,SITE-022,PART-8448,2023-07-03,EQ-4071,completed,10,0,False
8585,SITE-014,PART-8798,2024-01-11,EQ-1394,deferred,9,21,False
8586,SITE-088,PART-3121,2023-08-21,EQ-5762,in_progress,10,26,False
8587,SITE-022,PART-1347,2025-11-13,EQ-1143,completed,9,0,True
8588,SITE-004,PART-5659,2025-05-10,EQ-5708,completed,10,0,True
8589,SITE-043,PART-2973,2023-08-06,EQ-4362,awaiting_parts,27,12,True
8590,SITE-092,PART-9320,2026-03-24,EQ-5520,awaiting_parts,21,41,False
8591,SITE-023,PART-7606,2023-10-01,EQ-3397,awaiting_parts,29,5,False
8592,SITE-006,PART-7020,2023-06-01,EQ-6860,open,30,20,False
8593,SITE-062,PART-1945,2023-06-08,EQ-4430,awaiting_parts,28,31,False
8594,SITE-092,PART-4251,2023-11-13,EQ-5089,deferred,5,16,False
8595,SITE-088,PART-2506,2024-05-14,EQ-5154,in_progress,19,24,True
8596,SITE-066,PART-7008,2025-08-09,EQ-5855,deferred,12,3,False
8597,SITE-025,PART-2098,2025-03-08,EQ-4490,open,12,18,True
8598,SITE-065,PART-7138,2026-02-25,EQ-7549,in_progress,1,14,False
8599,SITE-061,PART-9921,2025-10-10,EQ-7606,awaiting_parts,28,6,False
8600,SITE-033,PART-6162,2023-11-23,EQ-6655,completed,0,0,False
8601,SITE-077,PART-4856,2025-06-28,EQ-4344,completed,8,0,False
8602,SITE-074,PART-7209,2023-06-04,EQ-4451,awaiting_parts,25,13,False
8603,SITE-097,PART-9833,2023-08-15,EQ-3999,in_progress,11,3,False
8604,SITE-058,PART-6627,2026-09-22,EQ-3946,deferred,29,3,False
8605,SITE-062,PART-3109,2026-06-17,EQ-7658,in_progress,25,15,False
8606,SITE-072,PART-9167,2024-09-16,EQ-8297,open,22,39,False
8607,SITE-002,PART-3704,2025-08-23,EQ-7970,open,20,31,False
8608,SITE-072,PART-8625,2025-06-15,EQ-2144,open,12,9,False
8609,SITE-064,PART-9883,2025-08-27,EQ-7354,completed,1,0,False
8610,SITE-002,PART-9216,2024-11-18,EQ-2974,completed,2,0,False
8611,SITE-046,PART-4055,2026-09-06,EQ-2897,awaiting_parts,11,41,False
8612,SITE-079,PART-3188,2023-08-04,EQ-8832,in_progress,29,8,False
8613,SITE-041,PART-1715,2025-12-12,EQ-6344,deferred,19,39,False
8614,SITE-004,PART-3867,2025-10-01,EQ-1984,open,27,33,False
8615,SITE-078,PART-8861,2024-02-18,EQ-3327,in_progress,15,35,True
8616,SITE-096,PART-8423,2024-11-27,EQ-1296,completed,6,0,False
8617,SITE-020,PART-3392,2024-11-06,EQ-6431,completed,9,0,False
8618,SITE-014,PART-8084,2026-01-13,EQ-7277,in_progress,12,32,False
8619,SITE-092,PART-8084,2026-06-02,EQ-5241,completed,2,0,False
8620,SITE-051,PART-3333,2024-07-15,EQ-4310,awaiting_parts,28,34,False
8621,SITE-057,PART-4802,2024-06-15,EQ-6790,awaiting_parts,5,14,False
8622,SITE-095,PART-1249,2025-05-19,EQ-1783,awaiting_parts,29,23,False
8623,SITE-065,PART-4422,2023-01-22,EQ-7682,open,10,37,False
8624,SITE-053,PART-7833,2023-11-14,EQ-4231,awaiting_parts,21,43,True
8625,SITE-088,PART-9204,2026-09-07,EQ-9285,open,26,35,False
8626,SITE-043,PART-4638,2024-08-02,EQ-2374,open,7,25,False
8627,SITE-068,PART-1930,2023-10-28,EQ-8600,completed,4,0,False
8628,SITE-058,PART-3915,2023-03-13,EQ-4433,in_progress,27,41,False
8629,SITE-030,PART-7045,2026-08-09,EQ-1868,in_progress,13,18,False
8630,SITE-041,PART-5828,2024-12-25,EQ-1707,deferred,26,10,False
8631,SITE-051,PART-3254,2026-03-25,EQ-1913,in_progress,1,26,False
8632,SITE-021,PART-2773,2025-03-14,EQ-7190,in_progress,29,1,False
8633,SITE-005,PART-7488,2024-01-10,EQ-3416,in_progress,9,4,False
8634,SITE-051,PART-7213,2025-12-20,EQ-6565,open,21,15,False
8635,SITE-002,PART-2068,2026-10-10,EQ-2219,completed,8,0,False
8636,SITE-014,PART-3109,2026-03-03,EQ-7652,awaiting_parts,9,37,False
8637,SITE-039,PART-8195,2023-03-18,EQ-6602,deferred,10,38,True
8638,SITE-009,PART-4638,2026-04-23,EQ-7813,open,16,34,False
8639,SITE-058,PART-3121,2025-09-07,EQ-2201,deferred,4,35,False
8640,SITE-072,PART-9374,2024-07-12,EQ-1857,awaiting_parts,29,10,False
8641,SITE-075,PART-7684,2024-11-14,EQ-6419,awaiting_parts,28,13,False
8642,SITE-037,PART-8555,2023-09-08,EQ-6528,completed,4,0,False
8643,SITE-070,PART-3333,2024-11-09,EQ-7784,awaiting_parts,19,14,False
8644,SITE-082,PART-7433,2026-01-28,EQ-4182,completed,2,0,False
8645,SITE-045,PART-6113,2023-01-18,EQ-7801,awaiting_parts,3,4,False
8646,SITE-011,PART-9320,2026-08-21,EQ-5296,in_progress,1,40,False
8647,SITE-001,PART-6884,2025-12-28,EQ-3189,deferred,28,33,False
8648,SITE-096,PART-6926,2024-06-12,EQ-1080,open,3,37,False
8649,SITE-076,PART-2867,2024-09-02,EQ-5085,awaiting_parts,16,10,False
8650,SITE-005,PART-8194,2023-07-14,EQ-9983,awaiting_parts,1,25,False
8651,SITE-051,PART-8625,2025-01-07,EQ-6348,deferred,17,43,False
8652,SITE-010,PART-9306,2023-10-22,EQ-3222,awaiting_parts,25,17,False
8653,SITE-041,PART-8523,2025-01-16,EQ-5724,open,23,1,False
8654,SITE-035,PART-1798,2024-11-20,EQ-3734,completed,2,0,False
8655,SITE-097,PART-5696,2025-08-09,EQ-7049,awaiting_parts,9,31,False
8656,SITE-062,PART-3388,2026-04-11,EQ-4897,in_progress,4,35,False
8657,SITE-045,PART-9293,2025-05-27,EQ-6693,awaiting_parts,22,18,False
8658,SITE-094,PART-5828,2023-01-22,EQ-6900,deferred,4,4,False
8659,SITE-005,PART-7690,2023-04-28,EQ-8356,in_progress,16,21,True
8660,SITE-012,PART-3648,2026-02-12,EQ-3560,awaiting_parts,24,10,True
8661,SITE-079,PART-2380,2025-10-06,EQ-7189,in_progress,8,27,False
8662,SITE-079,PART-1715,2026-11-02,EQ-4419,open,30,20,True
8663,SITE-062,PART-9077,2025-11-22,EQ-2627,in_progress,24,1,False
8664,SITE-062,PART-8384,2025-06-19,EQ-3426,deferred,20,24,False
8665,SITE-071,PART-3704,2023-03-07,EQ-7905,completed,3,0,False
8666,SITE-074,PART-8279,2025-09-22,EQ-4473,completed,6,0,False
8667,SITE-034,PART-5004,2024-02-26,EQ-3027,open,29,20,False
8668,SITE-037,PART-6884,2024-03-10,EQ-5064,completed,4,0,False
8669,SITE-068,PART-1547,2025-01-02,EQ-4309,deferred,29,14,True
8670,SITE-082,PART-9492,2026-04-03,EQ-8318,completed,2,0,False
8671,SITE-089,PART-4836,2025-08-09,EQ-2301,in_progress,2,37,False
8672,SITE-038,PART-9833,2024-03-19,EQ-6977,completed,10,0,False
8673,SITE-023,PART-6601,2024-03-08,EQ-5089,open,13,14,True
8674,SITE-076,PART-5354,2024-06-27,EQ-2703,open,11,11,False
8675,SITE-097,PART-9758,2025-12-14,EQ-5536,in_progress,20,4,False
8676,SITE-056,PART-8896,2026-09-20,EQ-3572,awaiting_parts,28,3,False
8677,SITE-004,PART-3188,2025-09-21,EQ-4109,awaiting_parts,1,45,False
8678,SITE-085,PART-5238,2023-05-26,EQ-2129,completed,6,0,False
8679,SITE-052,PART-6615,2026-04-27,EQ-6148,open,24,7,True
8680,SITE-052,PART-4680,2024-07-11,EQ-7265,completed,2,0,False
8681,SITE-085,PART-2897,2025-12-16,EQ-9480,deferred,16,7,False
8682,SITE-071,PART-1142,2026-08-04,EQ-2863,awaiting_parts,25,7,False
8683,SITE-065,PART-8635,2025-10-20,EQ-8356,deferred,21,7,False
8684,SITE-018,PART-7535,2026-12-17,EQ-8328,in_progress,12,22,False
8685,SITE-074,PART-5898,2024-04-13,EQ-9341,deferred,8,2,False
8686,SITE-030,PART-3254,2023-03-17,EQ-6023,deferred,27,44,False
8687,SITE-034,PART-5873,2025-01-10,EQ-1829,open,1,33,False
8688,SITE-067,PART-6719,2025-07-01,EQ-4555,awaiting_parts,20,34,False
8689,SITE-021,PART-4228,2023-09-17,EQ-3599,open,12,16,False
8690,SITE-006,PART-2830,2023-12-23,EQ-3828,deferred,3,38,False
8691,SITE-050,PART-9162,2023-02-14,EQ-1725,deferred,6,10,False
8692,SITE-002,PART-7135,2024-09-25,EQ-5454,in_progress,19,21,False
8693,SITE-029,PART-9856,2026-11-26,EQ-8263,awaiting_parts,10,20,False
8694,SITE-048,PART-7298,2024-10-13,EQ-8802,open,9,1,False
8695,SITE-056,PART-3895,2024-12-14,EQ-6111,awaiting_parts,24,22,False
8696,SITE-096,PART-1456,2024-10-12,EQ-6982,awaiting_parts,22,21,False
8697,SITE-062,PART-5698,2023-09-07,EQ-9178,awaiting_parts,28,17,False
8698,SITE-070,PART-4662,2023-03-12,EQ-7700,deferred,25,4,False
8699,SITE-046,PART-2896,2024-09-23,EQ-7271,deferred,2,6,False
8700,SITE-039,PART-7277,2024-04-14,EQ-4893,deferred,10,22,False
8701,SITE-043,PART-8916,2026-10-12,EQ-3898,deferred,28,43,False
8702,SITE-072,PART-9390,2026-05-03,EQ-7687,open,16,7,False
8703,SITE-043,PART-9114,2025-04-18,EQ-5157,deferred,14,45,False
8704,SITE-054,PART-4092,2026-04-12,EQ-3960,awaiting_parts,30,6,False
8705,SITE-016,PART-7785,2025-05-09,EQ-8505,deferred,4,45,False
8706,SITE-089,PART-1032,2024-11-15,EQ-7018,deferred,16,22,False
8707,SITE-061,PART-6568,2024-12-15,EQ-4446,deferred,6,28,False
8708,SITE-003,PART-5999,2023-08-20,EQ-5937,in_progress,2,2,False
8709,SITE-019,PART-2075,2025-08-11,EQ-5961,deferred,21,40,True
8710,SITE-064,PART-7823,2024-10-26,EQ-4214,awaiting_parts,22,4,False
8711,SITE-059,PART-8316,2024-11-04,EQ-1998,awaiting_parts,9,3,False
8712,SITE-029,PART-6568,2023-05-11,EQ-7703,in_progress,22,8,False
8713,SITE-005,PART-3781,2026-01-07,EQ-7347,in_progress,3,45,True
8714,SITE-055,PART-6031,2026-10-03,EQ-1583,deferred,14,39,False
8715,SITE-063,PART-3105,2025-02-01,EQ-6409,deferred,9,22,False
8716,SITE-020,PART-2952,2026-11-16,EQ-3591,awaiting_parts,14,19,False
8717,SITE-055,PART-8558,2023-07-02,EQ-6773,awaiting_parts,10,13,False
8718,SITE-085,PART-4872,2023-11-21,EQ-5293,open,3,17,False
8719,SITE-005,PART-3811,2025-09-25,EQ-9223,completed,10,0,True
8720,SITE-030,PART-6854,2026-08-06,EQ-6711,completed,0,0,False
8721,SITE-086,PART-3199,2024-03-11,EQ-1461,completed,10,0,False
8722,SITE-100,PART-5046,2023-06-22,EQ-1142,deferred,26,2,False
8723,SITE-090,PART-5664,2023-05-16,EQ-2561,awaiting_parts,19,36,False
8724,SITE-098,PART-3172,2023-08-15,EQ-3037,completed,5,0,False
8725,SITE-049,PART-9271,2023-04-06,EQ-2188,awaiting_parts,14,24,False
8726,SITE-100,PART-8505,2024-08-20,EQ-9868,open,7,35,False
8727,SITE-036,PART-5073,2025-08-26,EQ-1053,awaiting_parts,4,1,False
8728,SITE-028,PART-8302,2023-03-18,EQ-7056,open,3,10,False
8729,SITE-089,PART-4449,2026-05-07,EQ-2752,completed,6,0,False
8730,SITE-061,PART-6922,2023-10-06,EQ-5494,deferred,23,3,False
8731,SITE-080,PART-8496,2026-12-01,EQ-4941,completed,7,0,False
8732,SITE-056,PART-1134,2024-02-23,EQ-5184,in_progress,21,2,False
8733,SITE-096,PART-7984,2024-08-09,EQ-1410,deferred,14,26,False
8734,SITE-004,PART-6417,2025-05-16,EQ-4803,in_progress,14,42,False
8735,SITE-095,PART-3819,2026-03-02,EQ-3908,in_progress,12,43,False
8736,SITE-025,PART-7209,2026-12-27,EQ-7801,awaiting_parts,30,29,False
8737,SITE-012,PART-6371,2023-04-23,EQ-6623,open,6,15,False
8738,SITE-078,PART-9564,2024-04-21,EQ-8428,awaiting_parts,4,45,False
8739,SITE-080,PART-4677,2026-04-01,EQ-3269,awaiting_parts,7,34,True
8740,SITE-073,PART-9189,2024-02-11,EQ-4582,deferred,18,45,False
8741,SITE-039,PART-8144,2026-11-04,EQ-1635,completed,4,0,False
8742,SITE-034,PART-8896,2025-11-12,EQ-9106,deferred,1,16,False
8743,SITE-091,PART-2838,2024-03-15,EQ-2600,completed,9,0,False
8744,SITE-058,PART-7444,2023-05-15,EQ-2993,in_progress,13,27,True
8745,SITE-037,PART-5762,2025-05-25,EQ-4409,awaiting_parts,13,36,False
8746,SITE-091,PART-2443,2026-11-09,EQ-2502,in_progress,3,44,False
8747,SITE-017,PART-1363,2026-01-07,EQ-2116,completed,8,0,False
8748,SITE-060,PART-3333,2024-01-06,EQ-2310,open,29,25,False
8749,SITE-083,PART-8593,2025-11-08,EQ-1464,deferred,23,30,False
8750,SITE-041,PART-1987,2024-09-13,EQ-3568,open,19,45,False
8751,SITE-090,PART-5919,2024-03-10,EQ-4460,completed,2,0,False
8752,SITE-021,PART-1405,2026-04-19,EQ-8909,deferred,7,30,False
8753,SITE-088,PART-7967,2026-06-28,EQ-4566,in_progress,27,29,False
8754,SITE-075,PART-2179,2026-03-12,EQ-4338,deferred,13,12,False
8755,SITE-036,PART-1134,2024-10-10,EQ-6965,completed,0,0,False
8756,SITE-042,PART-4572,2025-01-22,EQ-9676,completed,9,0,True
8757,SITE-036,PART-1366,2025-06-01,EQ-9471,completed,10,0,False
8758,SITE-016,PART-4448,2025-06-21,EQ-9101,open,29,17,False
8759,SITE-079,PART-9564,2024-07-11,EQ-3706,deferred,24,41,False
8760,SITE-091,PART-3808,2026-01-15,EQ-5705,awaiting_parts,25,37,False
8761,SITE-042,PART-2397,2025-11-09,EQ-5329,completed,7,0,False
8762,SITE-030,PART-4014,2025-02-19,EQ-4969,open,8,13,False
8763,SITE-029,PART-7984,2026-02-06,EQ-6566,awaiting_parts,9,16,False
8764,SITE-042,PART-7366,2026-07-03,EQ-2687,deferred,27,33,False
8765,SITE-074,PART-9377,2024-11-09,EQ-3854,open,15,12,True
8766,SITE-078,PART-2380,2023-02-28,EQ-1719,in_progress,22,13,False
8767,SITE-007,PART-3349,2023-02-21,EQ-6634,completed,1,0,False
8768,SITE-014,PART-9128,2025-01-08,EQ-5146,awaiting_parts,3,39,False
8769,SITE-046,PART-9492,2024-03-01,EQ-5797,deferred,25,45,False
8770,SITE-079,PART-4320,2023-02-12,EQ-6777,deferred,29,36,False
8771,SITE-064,PART-8668,2025-06-06,EQ-8458,open,12,34,False
8772,SITE-040,PART-5172,2023-09-14,EQ-4581,open,30,36,False
8773,SITE-066,PART-4582,2023-12-27,EQ-3366,awaiting_parts,18,10,False
8774,SITE-028,PART-6888,2024-12-04,EQ-7285,completed,1,0,False
8775,SITE-073,PART-7345,2026-04-14,EQ-6461,completed,10,0,False
8776,SITE-070,PART-1124,2025-02-15,EQ-1039,awaiting_parts,29,5,False
8777,SITE-050,PART-2396,2026-10-09,EQ-6063,in_progress,21,44,False
8778,SITE-033,PART-7424,2023-04-19,EQ-8829,open,7,29,False
8779,SITE-021,PART-2733,2023-08-26,EQ-7268,deferred,4,10,False
8780,SITE-048,PART-5115,2024-09-16,EQ-2249,deferred,24,10,False
8781,SITE-028,PART-5660,2023-11-28,EQ-1832,deferred,18,16,False
8782,SITE-022,PART-3543,2024-08-14,EQ-4978,deferred,8,11,False
8783,SITE-077,PART-9528,2026-09-20,EQ-2901,deferred,18,20,False
8784,SITE-054,PART-1744,2024-10-27,EQ-9981,awaiting_parts,10,20,False
8785,SITE-030,PART-1238,2023-05-18,EQ-4460,completed,2,0,True
8786,SITE-096,PART-5749,2025-09-15,EQ-6020,completed,1,0,False
8787,SITE-044,PART-9037,2023-09-15,EQ-6020,open,20,28,False
8788,SITE-038,PART-8316,2026-08-22,EQ-7830,open,21,14,False
8789,SITE-078,PART-1456,2025-04-03,EQ-9224,completed,1,0,False
8790,SITE-006,PART-1081,2025-06-05,EQ-8037,open,7,11,False
8791,SITE-010,PART-1768,2023-02-20,EQ-7689,open,13,19,False
8792,SITE-041,PART-2075,2023-11-09,EQ-6825,in_progress,21,12,False
8793,SITE-042,PART-3224,2024-01-23,EQ-5225,completed,4,0,False
8794,SITE-056,PART-9629,2025-10-25,EQ-8377,open,27,15,False
8795,SITE-011,PART-2735,2026-03-01,EQ-6948,in_progress,18,36,False
8796,SITE-062,PART-6601,2023-10-18,EQ-2562,open,11,1,False
8797,SITE-001,PART-2102,2024-03-12,EQ-8083,completed,2,0,False
8798,SITE-082,PART-4035,2023-06-25,EQ-8664,completed,9,0,False
8799,SITE-034,PART-8625,2025-03-18,EQ-4118,awaiting_parts,27,13,False
8800,SITE-013,PART-4181,2024-03-24,EQ-1101,awaiting_parts,28,39,False
8801,SITE-027,PART-4781,2024-10-03,EQ-5709,completed,6,0,False
8802,SITE-066,PART-5115,2023-02-10,EQ-4824,in_progress,8,45,False
8803,SITE-039,PART-8762,2025-08-04,EQ-2338,deferred,8,39,False
8804,SITE-043,PART-1283,2026-05-18,EQ-8050,deferred,10,20,False
8805,SITE-064,PART-9564,2024-06-18,EQ-8871,deferred,15,10,False
8806,SITE-062,PART-7020,2026-09-24,EQ-8320,in_progress,19,2,False
8807,SITE-009,PART-2779,2026-12-21,EQ-3194,completed,9,0,True
8808,SITE-053,PART-7739,2026-09-03,EQ-3559,completed,5,0,False
8809,SITE-026,PART-8876,2025-02-08,EQ-1284,completed,10,0,False
8810,SITE-036,PART-8806,2025-08-03,EQ-7174,completed,8,0,False
8811,SITE-097,PART-8427,2026-08-25,EQ-9262,deferred,14,17,False
8812,SITE-077,PART-2779,2025-12-24,EQ-5205,in_progress,25,21,False
8813,SITE-090,PART-4092,2023-08-16,EQ-1692,awaiting_parts,24,14,False
8814,SITE-052,PART-2165,2026-10-04,EQ-5166,deferred,11,31,False
8815,SITE-051,PART-4846,2024-04-19,EQ-9080,open,28,25,False
8816,SITE-072,PART-1934,2025-09-10,EQ-3025,awaiting_parts,10,18,False
8817,SITE-023,PART-7321,2024-08-20,EQ-4912,completed,4,0,False
8818,SITE-090,PART-7082,2023-07-20,EQ-2933,completed,10,0,True
8819,SITE-069,PART-2396,2023-08-03,EQ-4432,completed,2,0,True
8820,SITE-064,PART-8625,2025-10-08,EQ-2835,deferred,12,14,True
8821,SITE-094,PART-1266,2025-03-21,EQ-5116,open,29,15,False
8822,SITE-033,PART-5219,2023-12-08,EQ-2818,awaiting_parts,22,2,False
8823,SITE-036,PART-3735,2026-07-07,EQ-7738,completed,10,0,False
8824,SITE-043,PART-4762,2024-02-10,EQ-4436,awaiting_parts,12,30,False
8825,SITE-088,PART-1873,2025-11-11,EQ-2219,completed,4,0,False
8826,SITE-032,PART-9208,2023-01-13,EQ-5683,completed,7,0,False
8827,SITE-036,PART-6922,2024-06-20,EQ-6620,awaiting_parts,1,39,False
8828,SITE-060,PART-6768,2026-02-26,EQ-4254,awaiting_parts,28,23,False
8829,SITE-088,PART-3161,2026-07-05,EQ-6915,open,14,35,False
8830,SITE-049,PART-3715,2023-12-14,EQ-7009,in_progress,19,27,False
8831,SITE-004,PART-9558,2026-08-28,EQ-2447,open,28,31,False
8832,SITE-005,PART-8874,2025-12-17,EQ-2569,awaiting_parts,7,11,False
8833,SITE-087,PART-4055,2026-03-03,EQ-3804,open,29,43,False
8834,SITE-100,PART-2039,2025-08-22,EQ-6045,in_progress,8,21,False
8835,SITE-081,PART-8195,2023-03-23,EQ-5669,completed,2,0,True
8836,SITE-015,PART-1496,2024-03-21,EQ-3256,completed,7,0,False
8837,SITE-075,PART-2218,2023-07-18,EQ-7855,completed,6,0,False
8838,SITE-046,PART-9586,2024-03-25,EQ-6855,deferred,26,8,True
8839,SITE-082,PART-7433,2025-03-24,EQ-3771,completed,7,0,True
8840,SITE-100,PART-7104,2026-07-19,EQ-8244,in_progress,30,4,False
8841,SITE-095,PART-7505,2024-07-10,EQ-6073,completed,3,0,True
8842,SITE-025,PART-6924,2024-05-25,EQ-8292,deferred,2,3,False
8843,SITE-082,PART-7782,2026-01-25,EQ-1927,awaiting_parts,13,44,False
8844,SITE-043,PART-5726,2023-12-25,EQ-1074,awaiting_parts,1,15,False
8845,SITE-073,PART-5460,2026-06-17,EQ-5048,in_progress,7,33,False
8846,SITE-083,PART-7792,2026-12-21,EQ-8112,completed,2,0,False
8847,SITE-084,PART-1402,2023-09-20,EQ-9917,completed,9,0,False
8848,SITE-056,PART-1173,2026-01-26,EQ-2195,deferred,10,45,True
8849,SITE-008,PART-9605,2025-12-14,EQ-5192,deferred,2,20,False
8850,SITE-022,PART-2970,2026-09-20,EQ-5030,awaiting_parts,18,43,False
8851,SITE-079,PART-3895,2026-04-22,EQ-7855,completed,2,0,False
8852,SITE-023,PART-4856,2024-02-27,EQ-7442,open,9,33,False
8853,SITE-020,PART-9913,2026-01-06,EQ-8940,open,15,6,False
8854,SITE-025,PART-5648,2026-06-03,EQ-9970,completed,1,0,False
8855,SITE-073,PART-2505,2023-02-22,EQ-9202,completed,0,0,False
8856,SITE-067,PART-5219,2025-02-22,EQ-2951,awaiting_parts,19,10,False
8857,SITE-006,PART-3648,2023-01-06,EQ-6017,deferred,6,16,True
8858,SITE-089,PART-2046,2025-05-06,EQ-2412,in_progress,11,13,False
8859,SITE-055,PART-3030,2026-10-15,EQ-8510,awaiting_parts,17,8,True
8860,SITE-012,PART-3160,2024-09-12,EQ-4676,open,27,25,False
8861,SITE-047,PART-7210,2026-05-23,EQ-9227,in_progress,25,41,False
8862,SITE-096,PART-6023,2026-03-19,EQ-3609,awaiting_parts,5,16,False
8863,SITE-024,PART-5219,2025-04-12,EQ-6303,completed,6,0,False
8864,SITE-046,PART-7914,2024-05-15,EQ-2744,in_progress,13,35,False
8865,SITE-041,PART-2585,2025-05-01,EQ-9692,open,21,24,False
8866,SITE-016,PART-6812,2026-09-28,EQ-5095,open,8,19,False
8867,SITE-059,PART-9211,2024-03-23,EQ-8102,deferred,9,40,False
8868,SITE-081,PART-9320,2024-10-13,EQ-4917,open,1,32,False
8869,SITE-061,PART-9913,2025-12-14,EQ-3595,deferred,4,3,False
8870,SITE-004,PART-6286,2026-09-11,EQ-5456,open,25,3,True
8871,SITE-035,PART-1700,2026-09-06,EQ-5579,completed,10,0,False
8872,SITE-017,PART-9948,2024-01-17,EQ-7250,awaiting_parts,13,38,False
8873,SITE-041,PART-5319,2024-10-11,EQ-2125,deferred,22,41,False
8874,SITE-026,PART-5876,2025-05-02,EQ-5694,in_progress,1,7,False
8875,SITE-077,PART-7020,2025-03-16,EQ-3593,awaiting_parts,21,24,False
8876,SITE-047,PART-7641,2026-04-20,EQ-7279,in_progress,15,4,True
8877,SITE-047,PART-2317,2024-04-08,EQ-6698,awaiting_parts,3,17,False
8878,SITE-082,PART-3193,2023-09-11,EQ-6070,open,4,26,False
8879,SITE-045,PART-5921,2025-12-08,EQ-3854,completed,0,0,False
8880,SITE-083,PART-6122,2025-07-04,EQ-5788,deferred,14,34,False
8881,SITE-071,PART-8986,2025-06-10,EQ-5969,awaiting_parts,5,30,False
8882,SITE-050,PART-6112,2026-01-15,EQ-1101,in_progress,29,30,False
8883,SITE-008,PART-9589,2025-10-07,EQ-8789,open,2,30,False
8884,SITE-021,PART-6412,2025-01-13,EQ-5169,deferred,6,4,False
8885,SITE-077,PART-8003,2026-05-16,EQ-8797,completed,3,0,False
8886,SITE-081,PART-5875,2026-04-04,EQ-4930,awaiting_parts,7,41,False
8887,SITE-044,PART-5813,2024-01-25,EQ-5502,in_progress,10,22,False
8888,SITE-086,PART-4774,2024-02-22,EQ-8153,open,1,17,False
8889,SITE-096,PART-1228,2023-03-11,EQ-7813,deferred,9,18,False
8890,SITE-034,PART-6803,2025-08-08,EQ-5433,awaiting_parts,11,2,False
8891,SITE-079,PART-4906,2023-08-26,EQ-5041,in_progress,23,7,False
8892,SITE-033,PART-5200,2023-03-03,EQ-6823,in_progress,12,14,False
8893,SITE-091,PART-8474,2026-08-15,EQ-6130,in_progress,18,40,False
8894,SITE-084,PART-4297,2025-07-25,EQ-9174,deferred,14,29,False
8895,SITE-085,PART-2116,2026-03-11,EQ-9501,awaiting_parts,17,16,True
8896,SITE-081,PART-9564,2024-12-13,EQ-1672,awaiting_parts,4,37,False
8897,SITE-082,PART-1591,2024-05-04,EQ-1823,in_progress,8,38,False
8898,SITE-097,PART-8959,2026-05-27,EQ-3694,awaiting_parts,11,7,False
8899,SITE-063,PART-5921,2023-11-14,EQ-2113,in_progress,4,39,False
8900,SITE-038,PART-8768,2025-06-27,EQ-9018,open,3,22,False
8901,SITE-078,PART-3822,2026-11-12,EQ-8691,open,18,15,False
8902,SITE-004,PART-8714,2026-04-13,EQ-4644,deferred,19,41,True
8903,SITE-022,PART-6122,2026-10-09,EQ-1233,awaiting_parts,9,10,False
8904,SITE-026,PART-3531,2026-07-09,EQ-4463,deferred,30,34,False
8905,SITE-070,PART-2665,2026-04-06,EQ-3447,deferred,20,27,False
8906,SITE-010,PART-9528,2025-01-22,EQ-4979,open,21,11,False
8907,SITE-088,PART-7949,2025-04-21,EQ-6947,in_progress,9,40,True
8908,SITE-065,PART-3254,2024-10-10,EQ-2732,completed,8,0,False
8909,SITE-032,PART-9097,2026-04-19,EQ-1569,in_progress,26,13,True
8910,SITE-063,PART-2404,2025-01-27,EQ-8098,in_progress,29,18,False
8911,SITE-033,PART-9363,2025-05-13,EQ-6987,in_progress,27,40,False
8912,SITE-079,PART-4303,2025-06-13,EQ-7977,awaiting_parts,26,3,False
8913,SITE-070,PART-9288,2025-08-05,EQ-3169,deferred,23,25,False
8914,SITE-055,PART-1557,2023-12-26,EQ-6641,open,11,42,False
8915,SITE-014,PART-6430,2023-08-27,EQ-8565,completed,3,0,False
8916,SITE-012,PART-3657,2023-01-13,EQ-1373,open,2,31,False
8917,SITE-024,PART-5661,2023-12-26,EQ-2451,awaiting_parts,29,31,False
8918,SITE-074,PART-8535,2023-04-05,EQ-3713,completed,1,0,True
8919,SITE-023,PART-2036,2023-04-03,EQ-9062,open,1,37,False
8920,SITE-001,PART-2927,2023-12-05,EQ-3870,awaiting_parts,9,10,False
8921,SITE-054,PART-2994,2023-06-21,EQ-2599,deferred,24,21,False
8922,SITE-023,PART-9165,2024-12-14,EQ-9546,completed,9,0,False
8923,SITE-097,PART-2733,2024-06-06,EQ-2696,deferred,19,15,False
8924,SITE-016,PART-1363,2024-04-22,EQ-2053,completed,3,0,False
8925,SITE-014,PART-3162,2024-04-10,EQ-4964,open,19,13,False
8926,SITE-094,PART-5442,2026-01-20,EQ-5054,completed,1,0,False
8927,SITE-010,PART-7314,2023-08-27,EQ-8522,open,19,16,False
8928,SITE-021,PART-3133,2024-08-12,EQ-7767,awaiting_parts,1,34,True
8929,SITE-070,PART-7584,2025-11-14,EQ-3280,deferred,9,23,True
8930,SITE-015,PART-2733,2026-04-05,EQ-3924,awaiting_parts,23,31,True
8931,SITE-093,PART-6628,2024-07-10,EQ-2255,open,14,37,False
8932,SITE-041,PART-6766,2024-01-11,EQ-7001,open,23,16,False
8933,SITE-043,PART-1358,2023-08-19,EQ-2076,deferred,25,2,False
8934,SITE-017,PART-5011,2026-09-22,EQ-3604,open,8,17,False
8935,SITE-074,PART-7722,2024-04-06,EQ-5538,deferred,17,3,False
8936,SITE-026,PART-9118,2024-02-15,EQ-9940,in_progress,12,1,False
8937,SITE-068,PART-5358,2024-05-20,EQ-4678,awaiting_parts,11,3,False
8938,SITE-008,PART-4055,2023-09-15,EQ-6872,open,26,33,True
8939,SITE-005,PART-6183,2024-12-13,EQ-5930,completed,2,0,False
8940,SITE-062,PART-1733,2023-03-11,EQ-4295,in_progress,5,4,True
8941,SITE-035,PART-2213,2023-06-20,EQ-3643,in_progress,27,22,False
8942,SITE-090,PART-1783,2024-04-14,EQ-7043,awaiting_parts,30,3,False
8943,SITE-005,PART-2075,2026-09-05,EQ-1399,deferred,10,5,False
8944,SITE-088,PART-3133,2026-12-26,EQ-6402,open,26,18,True
8945,SITE-091,PART-9512,2023-09-11,EQ-3237,completed,2,0,False
8946,SITE-034,PART-2246,2026-04-28,EQ-1730,deferred,10,25,False
8947,SITE-096,PART-5534,2023-04-12,EQ-4817,deferred,4,30,True
8948,SITE-026,PART-5936,2026-05-25,EQ-7361,deferred,30,23,True
8949,SITE-035,PART-4995,2025-06-14,EQ-3088,deferred,26,23,False
8950,SITE-024,PART-9272,2026-03-15,EQ-5289,in_progress,1,26,False
8951,SITE-012,PART-4804,2024-03-12,EQ-5482,open,19,36,False
8952,SITE-081,PART-6574,2025-10-09,EQ-4721,awaiting_parts,25,42,False
8953,SITE-044,PART-1768,2026-07-06,EQ-1813,open,21,45,False
8954,SITE-085,PART-1402,2025-01-22,EQ-7269,completed,1,0,False
8955,SITE-091,PART-7237,2024-02-04,EQ-4219,open,2,14,False
8956,SITE-087,PART-5543,2024-03-27,EQ-3756,deferred,7,16,False
8957,SITE-068,PART-1219,2024-06-22,EQ-7612,in_progress,29,38,True
8958,SITE-016,PART-3160,2026-04-06,EQ-3285,in_progress,6,24,False
8959,SITE-065,PART-7135,2023-02-28,EQ-7442,awaiting_parts,1,44,False
8960,SITE-083,PART-1124,2023-08-04,EQ-9753,open,9,14,False
8961,SITE-046,PART-2122,2026-12-22,EQ-7216,open,5,24,False
8962,SITE-002,PART-2281,2025-01-19,EQ-4152,open,25,43,False
8963,SITE-088,PART-6975,2025-07-01,EQ-7160,completed,8,0,False
8964,SITE-016,PART-3340,2023-06-04,EQ-7070,in_progress,6,43,False
8965,SITE-072,PART-7358,2023-06-13,EQ-1355,awaiting_parts,20,25,False
8966,SITE-026,PART-4404,2026-07-20,EQ-8976,deferred,10,28,False
8967,SITE-039,PART-1142,2026-03-18,EQ-9254,awaiting_parts,23,35,True
8968,SITE-093,PART-7008,2025-04-27,EQ-7072,completed,8,0,False
8969,SITE-046,PART-2683,2024-02-20,EQ-6673,completed,10,0,False
8970,SITE-090,PART-4680,2024-05-09,EQ-6768,open,20,29,True
8971,SITE-064,PART-6330,2024-06-10,EQ-7791,deferred,29,19,False
8972,SITE-033,PART-6983,2025-05-07,EQ-4076,in_progress,29,33,False
8973,SITE-077,PART-2739,2023-04-23,EQ-5256,completed,7,0,False
8974,SITE-047,PART-3276,2024-03-23,EQ-6732,in_progress,22,21,False
8975,SITE-081,PART-7486,2023-05-04,EQ-3253,in_progress,28,43,False
8976,SITE-073,PART-1759,2026-08-28,EQ-2375,deferred,23,13,False
8977,SITE-047,PART-7358,2026-10-19,EQ-5452,open,20,12,False
8978,SITE-033,PART-2970,2026-09-15,EQ-8273,completed,1,0,True
8979,SITE-079,PART-2116,2023-05-09,EQ-3250,in_progress,26,31,False
8980,SITE-046,PART-7641,2026-09-16,EQ-7019,open,8,3,False
8981,SITE-070,PART-2106,2023-12-06,EQ-1569,deferred,28,20,False
8982,SITE-044,PART-6719,2026-10-11,EQ-5655,deferred,21,45,True
8983,SITE-088,PART-1696,2023-07-17,EQ-3080,completed,5,0,False
8984,SITE-060,PART-7431,2024-09-02,EQ-3133,open,10,28,False
8985,SITE-081,PART-5936,2024-06-03,EQ-1275,in_progress,12,11,False
8986,SITE-081,PART-3553,2026-08-11,EQ-9683,in_progress,17,6,True
8987,SITE-087,PART-4370,2026-12-18,EQ-7134,awaiting_parts,12,39,False
8988,SITE-050,PART-7189,2026-01-01,EQ-7215,awaiting_parts,1,22,True
8989,SITE-077,PART-3715,2025-01-13,EQ-2423,in_progress,25,2,True
8990,SITE-032,PART-1816,2023-04-20,EQ-5883,open,12,17,False
8991,SITE-082,PART-2140,2023-09-23,EQ-4096,awaiting_parts,16,5,False
8992,SITE-058,PART-9114,2024-03-23,EQ-2706,in_progress,26,26,False
8993,SITE-095,PART-8423,2023-11-01,EQ-1070,awaiting_parts,10,16,False
8994,SITE-017,PART-5031,2026-01-25,EQ-5775,deferred,23,35,False
8995,SITE-072,PART-1684,2026-06-16,EQ-1743,open,28,37,False
8996,SITE-096,PART-4886,2023-04-25,EQ-1001,deferred,16,31,True
8997,SITE-027,PART-4184,2024-12-27,EQ-6948,completed,6,0,True
8998,SITE-074,PART-7935,2024-02-07,EQ-4586,in_progress,3,30,False
8999,SITE-037,PART-9340,2023-06-20,EQ-4445,deferred,21,12,False
9000,SITE-034,PART-1402,2025-02-06,EQ-9666,deferred,14,1,False
9001,SITE-025,PART-9208,2026-09-06,EQ-7189,open,21,36,False
9002,SITE-097,PART-1937,2025-11-23,EQ-9699,completed,9,0,False
9003,SITE-059,PART-4280,2025-08-09,EQ-2379,in_progress,6,3,False
9004,SITE-047,PART-1147,2025-09-06,EQ-4970,open,12,30,False
9005,SITE-026,PART-2773,2025-05-19,EQ-4091,completed,2,0,False
9006,SITE-025,PART-2516,2024-08-04,EQ-3815,awaiting_parts,21,9,False
9007,SITE-091,PART-3915,2023-01-19,EQ-1289,in_progress,6,33,False
9008,SITE-072,PART-1744,2023-03-03,EQ-2063,completed,3,0,False
9009,SITE-018,PART-2974,2024-07-13,EQ-4276,awaiting_parts,13,2,False
9010,SITE-016,PART-6768,2025-12-23,EQ-9749,deferred,25,36,False
9011,SITE-051,PART-2521,2023-03-05,EQ-4000,in_progress,4,1,False
9012,SITE-046,PART-6888,2025-05-28,EQ-6692,open,19,36,False
9013,SITE-067,PART-6522,2024-09-05,EQ-3511,open,8,18,False
9014,SITE-082,PART-9432,2024-04-19,EQ-8030,deferred,12,2,False
9015,SITE-009,PART-6586,2023-08-08,EQ-2534,deferred,24,31,False
9016,SITE-081,PART-2959,2025-03-24,EQ-7827,completed,0,0,False
9017,SITE-033,PART-9119,2024-02-23,EQ-4225,awaiting_parts,21,19,False
9018,SITE-005,PART-4320,2026-12-03,EQ-9121,in_progress,14,12,False
9019,SITE-044,PART-2485,2025-02-21,EQ-7539,open,20,42,False
9020,SITE-002,PART-9377,2023-05-01,EQ-2198,deferred,23,23,False
9021,SITE-038,PART-6013,2025-04-05,EQ-2892,in_progress,30,34,False
9022,SITE-028,PART-8062,2025-11-10,EQ-7195,open,1,33,False
9023,SITE-025,PART-4572,2023-02-25,EQ-6795,deferred,2,18,False
9024,SITE-014,PART-9213,2025-04-20,EQ-7270,deferred,4,29,False
9025,SITE-044,PART-2007,2025-04-27,EQ-4282,in_progress,5,8,False
9026,SITE-063,PART-3799,2026-02-05,EQ-6764,in_progress,21,37,False
9027,SITE-077,PART-7140,2024-05-16,EQ-2794,deferred,17,32,False
9028,SITE-099,PART-9549,2025-11-02,EQ-2858,completed,2,0,False
9029,SITE-069,PART-6442,2024-06-02,EQ-4937,awaiting_parts,13,17,False
9030,SITE-051,PART-3224,2023-05-06,EQ-8977,completed,1,0,False
9031,SITE-033,PART-9165,2026-05-28,EQ-9309,awaiting_parts,25,21,False
9032,SITE-049,PART-1456,2023-02-28,EQ-9462,in_progress,11,33,False
9033,SITE-094,PART-1715,2026-05-10,EQ-6010,deferred,29,10,False
9034,SITE-023,PART-5368,2026-04-09,EQ-8788,open,4,29,False
9035,SITE-029,PART-7578,2026-12-02,EQ-2602,open,12,40,False
9036,SITE-059,PART-8565,2025-04-20,EQ-2263,in_progress,4,22,False
9037,SITE-020,PART-7746,2023-04-13,EQ-9790,in_progress,9,31,False
9038,SITE-092,PART-4128,2026-08-23,EQ-8097,awaiting_parts,23,40,False
9039,SITE-013,PART-9037,2025-12-05,EQ-8094,completed,7,0,False
9040,SITE-057,PART-3257,2024-05-26,EQ-1983,deferred,7,20,False
9041,SITE-009,PART-5762,2024-02-13,EQ-5035,completed,2,0,False
9042,SITE-001,PART-5682,2023-03-08,EQ-8082,in_progress,6,41,False
9043,SITE-069,PART-1124,2024-09-03,EQ-4656,in_progress,9,38,False
9044,SITE-032,PART-8361,2023-01-08,EQ-5027,completed,2,0,False
9045,SITE-069,PART-3030,2024-12-13,EQ-8984,in_progress,6,15,False
9046,SITE-074,PART-1194,2023-04-28,EQ-4877,awaiting_parts,25,19,False
9047,SITE-036,PART-6286,2026-03-17,EQ-8994,completed,10,0,False
9048,SITE-032,PART-7960,2023-04-04,EQ-1470,in_progress,21,15,False
9049,SITE-091,PART-8676,2025-10-25,EQ-7260,completed,5,0,True
9050,SITE-064,PART-5004,2024-05-04,EQ-2357,in_progress,23,41,True
9051,SITE-044,PART-5432,2025-12-28,EQ-5805,deferred,3,4,False
9052,SITE-089,PART-3030,2026-12-12,EQ-2830,deferred,22,40,False
9053,SITE-043,PART-8529,2025-12-09,EQ-6103,deferred,19,28,False
9054,SITE-043,PART-3435,2025-09-25,EQ-9002,in_progress,3,29,False
9055,SITE-030,PART-1534,2026-07-28,EQ-2957,open,11,20,False
9056,SITE-062,PART-8529,2026-05-16,EQ-6069,deferred,9,15,False
9057,SITE-023,PART-9511,2023-03-14,EQ-4629,completed,10,0,False
9058,SITE-018,PART-3781,2025-08-03,EQ-8811,awaiting_parts,17,22,False
9059,SITE-067,PART-8200,2025-09-27,EQ-1178,open,3,44,True
9060,SITE-078,PART-8896,2025-11-05,EQ-6095,in_progress,6,4,False
9061,SITE-089,PART-5368,2023-07-10,EQ-7555,completed,3,0,False
9062,SITE-020,PART-6176,2024-07-18,EQ-9086,completed,1,0,False
9063,SITE-070,PART-1783,2026-03-15,EQ-5298,deferred,10,33,False
9064,SITE-015,PART-2140,2025-02-18,EQ-8832,awaiting_parts,1,3,False
9065,SITE-057,PART-1124,2025-07-02,EQ-3597,in_progress,26,39,False
9066,SITE-080,PART-3822,2026-10-10,EQ-2458,deferred,25,20,True
9067,SITE-015,PART-9758,2026-04-09,EQ-4641,completed,4,0,False
9068,SITE-094,PART-2477,2023-01-18,EQ-3086,open,3,41,False
9069,SITE-072,PART-9994,2025-03-10,EQ-1191,in_progress,26,4,False
9070,SITE-091,PART-9288,2026-04-17,EQ-9895,completed,4,0,False
9071,SITE-017,PART-4078,2025-11-06,EQ-2407,in_progress,11,6,False
9072,SITE-065,PART-2974,2026-01-22,EQ-2042,open,5,13,False
9073,SITE-054,PART-1017,2023-01-27,EQ-3137,awaiting_parts,4,5,False
9074,SITE-020,PART-7488,2025-06-09,EQ-5533,completed,0,0,False
9075,SITE-038,PART-4181,2024-01-24,EQ-3619,completed,2,0,False
9076,SITE-008,PART-2036,2025-02-22,EQ-3788,awaiting_parts,13,27,False
9077,SITE-049,PART-7488,2025-01-05,EQ-6145,awaiting_parts,25,44,False
9078,SITE-082,PART-9613,2026-12-19,EQ-7438,open,22,24,False
9079,SITE-051,PART-6101,2023-08-13,EQ-2838,in_progress,15,42,False
9080,SITE-020,PART-3995,2023-07-23,EQ-3764,in_progress,19,7,False
9081,SITE-066,PART-1852,2023-03-17,EQ-4917,in_progress,11,23,False
9082,SITE-039,PART-4582,2026-02-12,EQ-5216,open,11,43,False
9083,SITE-028,PART-7104,2026-08-13,EQ-6717,open,16,39,False
9084,SITE-025,PART-9165,2025-07-06,EQ-1124,deferred,9,18,False
9085,SITE-068,PART-4662,2025-04-15,EQ-9655,deferred,19,39,True
9086,SITE-069,PART-2973,2025-05-13,EQ-6810,in_progress,17,4,False
9087,SITE-065,PART-9377,2023-12-22,EQ-8342,completed,4,0,False
9088,SITE-010,PART-3684,2025-06-05,EQ-1111,awaiting_parts,11,12,False
9089,SITE-066,PART-9118,2026-01-24,EQ-1082,awaiting_parts,25,26,False
9090,SITE-013,PART-7183,2025-09-17,EQ-8188,deferred,7,26,False
9091,SITE-020,PART-3285,2023-05-22,EQ-6733,deferred,27,14,False
9092,SITE-009,PART-5982,2023-04-10,EQ-6227,open,19,31,False
9093,SITE-088,PART-2396,2024-12-16,EQ-2366,in_progress,28,28,False
9094,SITE-054,PART-7138,2025-08-23,EQ-3361,deferred,19,22,False
9095,SITE-031,PART-9629,2025-01-19,EQ-6594,open,27,4,False
9096,SITE-083,PART-3112,2024-05-24,EQ-9367,in_progress,15,6,True
9097,SITE-021,PART-3415,2025-03-07,EQ-3192,deferred,18,34,True
9098,SITE-079,PART-3799,2023-12-05,EQ-1291,completed,3,0,False
9099,SITE-017,PART-1291,2023-07-22,EQ-8364,awaiting_parts,16,32,False
9100,SITE-087,PART-4354,2026-04-02,EQ-3014,in_progress,21,39,False
9101,SITE-029,PART-6766,2025-12-01,EQ-4264,completed,7,0,True
9102,SITE-024,PART-4538,2023-06-19,EQ-5445,deferred,15,18,False
9103,SITE-025,PART-6922,2023-01-18,EQ-2389,completed,6,0,True
9104,SITE-072,PART-6286,2024-10-05,EQ-6212,in_progress,8,22,False
9105,SITE-015,PART-6572,2026-12-14,EQ-9202,awaiting_parts,1,6,False
9106,SITE-044,PART-6819,2024-08-11,EQ-6634,open,6,4,False
9107,SITE-075,PART-5445,2026-02-10,EQ-3805,open,8,13,True
9108,SITE-090,PART-6628,2023-09-09,EQ-6212,completed,2,0,False
9109,SITE-055,PART-4311,2024-03-23,EQ-8819,in_progress,8,28,False
9110,SITE-088,PART-6812,2023-01-07,EQ-9120,awaiting_parts,23,15,False
9111,SITE-063,PART-9948,2024-01-20,EQ-6747,deferred,26,14,False
9112,SITE-074,PART-2075,2023-06-08,EQ-5450,awaiting_parts,18,6,True
9113,SITE-100,PART-7259,2023-03-22,EQ-1065,awaiting_parts,15,40,False
9114,SITE-100,PART-7263,2025-09-16,EQ-6551,open,16,27,False
9115,SITE-010,PART-8861,2023-10-03,EQ-4080,completed,7,0,False
9116,SITE-040,PART-1684,2026-03-20,EQ-8793,in_progress,5,41,False
9117,SITE-040,PART-6951,2026-06-24,EQ-8187,deferred,2,35,False
9118,SITE-083,PART-2036,2024-07-11,EQ-9316,in_progress,4,19,False
9119,SITE-072,PART-5771,2026-09-26,EQ-6586,open,5,34,False
9120,SITE-048,PART-4856,2023-05-07,EQ-3057,awaiting_parts,26,11,False
9121,SITE-097,PART-9337,2026-01-16,EQ-9128,open,4,14,True
9122,SITE-094,PART-1911,2025-07-22,EQ-6567,open,9,37,False
9123,SITE-007,PART-7505,2023-08-11,EQ-9584,deferred,28,42,False
9124,SITE-005,PART-6013,2026-03-11,EQ-6867,awaiting_parts,29,22,False
9125,SITE-035,PART-3858,2023-07-15,EQ-3491,awaiting_parts,25,23,False
9126,SITE-040,PART-9297,2023-08-19,EQ-5010,completed,6,0,False
9127,SITE-081,PART-4055,2023-06-06,EQ-1052,awaiting_parts,13,37,False
9128,SITE-074,PART-7684,2025-08-15,EQ-4381,deferred,16,30,False
9129,SITE-047,PART-1987,2025-08-03,EQ-5855,open,8,36,False
9130,SITE-079,PART-9511,2026-09-07,EQ-3656,open,12,27,False
9131,SITE-064,PART-7159,2026-07-27,EQ-8951,completed,9,0,False
9132,SITE-029,PART-3646,2024-04-15,EQ-6339,deferred,30,26,True
9133,SITE-087,PART-6236,2026-03-01,EQ-7965,completed,4,0,False
9134,SITE-055,PART-7690,2023-02-14,EQ-1231,completed,10,0,False
9135,SITE-029,PART-7740,2023-03-24,EQ-5829,in_progress,8,3,False
9136,SITE-040,PART-9329,2023-05-06,EQ-1755,open,16,32,False
9137,SITE-094,PART-1405,2026-03-08,EQ-4120,completed,5,0,False
9138,SITE-027,PART-4112,2024-01-18,EQ-9596,awaiting_parts,20,38,False
9139,SITE-065,PART-7144,2023-12-16,EQ-7918,deferred,22,29,False
9140,SITE-057,PART-7067,2025-08-09,EQ-3057,in_progress,3,43,False
9141,SITE-073,PART-1700,2025-09-01,EQ-3271,completed,2,0,False
9142,SITE-089,PART-9390,2025-01-12,EQ-4520,open,18,1,False
9143,SITE-077,PART-1696,2024-07-21,EQ-2157,deferred,20,37,False
9144,SITE-062,PART-4277,2023-06-17,EQ-6163,deferred,6,20,True
9145,SITE-050,PART-6327,2026-10-02,EQ-4382,deferred,30,35,False
9146,SITE-030,PART-3009,2023-03-21,EQ-5133,completed,2,0,False
9147,SITE-091,PART-9106,2026-08-05,EQ-8831,in_progress,27,43,False
9148,SITE-051,PART-4215,2024-09-09,EQ-7326,awaiting_parts,16,28,False
9149,SITE-070,PART-3995,2023-07-15,EQ-5648,open,10,44,True
9150,SITE-019,PART-8779,2026-08-02,EQ-8994,deferred,26,26,False
9151,SITE-095,PART-2739,2024-02-19,EQ-7197,awaiting_parts,12,1,False
9152,SITE-019,PART-7144,2024-10-08,EQ-4022,completed,4,0,False
9153,SITE-050,PART-3715,2025-12-18,EQ-2026,deferred,30,30,False
9154,SITE-047,PART-5570,2025-04-25,EQ-5317,deferred,29,24,False
9155,SITE-046,PART-7056,2026-07-03,EQ-9542,in_progress,17,8,False
9156,SITE-086,PART-8156,2026-03-12,EQ-9682,in_progress,14,3,False
9157,SITE-036,PART-9007,2025-04-14,EQ-9719,awaiting_parts,8,6,True
9158,SITE-031,PART-3435,2023-05-17,EQ-5778,completed,8,0,False
9159,SITE-018,PART-7269,2025-12-01,EQ-4562,open,14,19,False
9160,SITE-041,PART-2773,2026-05-20,EQ-1940,awaiting_parts,13,31,False
9161,SITE-073,PART-8127,2024-04-21,EQ-3664,deferred,4,5,False
9162,SITE-098,PART-1238,2024-01-08,EQ-2257,deferred,25,44,False
9163,SITE-077,PART-9216,2025-02-16,EQ-7273,in_progress,13,23,False
9164,SITE-075,PART-7321,2026-09-21,EQ-5464,in_progress,21,33,False
9165,SITE-068,PART-1945,2025-06-28,EQ-9943,awaiting_parts,7,25,False
9166,SITE-099,PART-2487,2024-07-28,EQ-3857,completed,1,0,False
9167,SITE-019,PART-4762,2025-02-21,EQ-7729,awaiting_parts,25,23,False
9168,SITE-034,PART-3602,2023-01-17,EQ-1993,deferred,30,36,False
9169,SITE-022,PART-9374,2023-12-15,EQ-4392,open,22,22,False
9170,SITE-088,PART-7202,2026-08-03,EQ-3450,deferred,13,2,False
9171,SITE-085,PART-7505,2024-01-09,EQ-1858,in_progress,7,11,False
9172,SITE-028,PART-8762,2026-04-02,EQ-1186,in_progress,3,44,False
9173,SITE-089,PART-7366,2026-07-18,EQ-7879,deferred,27,29,False
9174,SITE-076,PART-4880,2024-03-14,EQ-5266,deferred,20,34,False
9175,SITE-051,PART-5050,2024-07-07,EQ-9525,open,16,1,True
9176,SITE-041,PART-3869,2023-08-07,EQ-8379,deferred,25,32,False
9177,SITE-058,PART-8928,2025-09-26,EQ-7998,completed,7,0,True
9178,SITE-007,PART-3121,2024-11-05,EQ-1142,in_progress,8,30,False
9179,SITE-033,PART-1327,2026-10-08,EQ-6949,completed,7,0,False
9180,SITE-066,PART-4836,2023-10-16,EQ-8726,deferred,26,2,False
9181,SITE-050,PART-4771,2023-06-13,EQ-7668,open,1,1,False
9182,SITE-008,PART-7977,2024-08-22,EQ-1868,open,1,28,False
9183,SITE-061,PART-4365,2024-04-03,EQ-9157,open,1,18,False
9184,SITE-027,PART-5180,2026-01-05,EQ-9157,deferred,26,43,False
9185,SITE-072,PART-8758,2026-09-04,EQ-3904,deferred,16,44,False
9186,SITE-009,PART-2526,2024-06-25,EQ-1690,completed,5,0,False
9187,SITE-060,PART-2779,2026-04-15,EQ-3870,completed,7,0,False
9188,SITE-045,PART-8200,2026-07-04,EQ-3345,awaiting_parts,15,41,False
9189,SITE-067,PART-3415,2023-07-03,EQ-3978,open,12,14,False
9190,SITE-010,PART-2356,2025-05-11,EQ-8708,completed,4,0,True
9191,SITE-021,PART-7468,2024-12-07,EQ-8130,awaiting_parts,5,45,False
9192,SITE-089,PART-5150,2025-06-06,EQ-8441,open,20,11,False
9193,SITE-011,PART-1414,2025-08-08,EQ-7013,completed,10,0,False
9194,SITE-039,PART-3896,2023-07-10,EQ-5643,deferred,7,34,False
9195,SITE-042,PART-8261,2024-08-16,EQ-3914,awaiting_parts,29,31,False
9196,SITE-004,PART-7200,2025-07-20,EQ-1514,in_progress,21,35,False
9197,SITE-049,PART-9933,2023-03-25,EQ-9400,open,18,36,False
9198,SITE-051,PART-4804,2023-12-11,EQ-5205,in_progress,15,2,True
9199,SITE-066,PART-9913,2026-12-23,EQ-4233,in_progress,3,45,True
9200,SITE-063,PART-5198,2024-05-18,EQ-5657,in_progress,12,27,False
9201,SITE-034,PART-7563,2023-07-19,EQ-3352,open,5,2,False
9202,SITE-010,PART-1470,2024-03-10,EQ-2195,completed,1,0,True
9203,SITE-025,PART-4897,2024-03-11,EQ-6742,deferred,30,36,False
9204,SITE-093,PART-8361,2023-10-28,EQ-1725,in_progress,15,8,False
9205,SITE-094,PART-7559,2023-05-27,EQ-6203,deferred,20,19,True
9206,SITE-057,PART-7298,2023-09-07,EQ-4643,open,3,40,False
9207,SITE-018,PART-3822,2025-12-19,EQ-4270,awaiting_parts,25,21,False
9208,SITE-091,PART-1934,2025-05-23,EQ-7096,open,7,29,False
9209,SITE-062,PART-8316,2026-04-04,EQ-9750,deferred,21,9,True
9210,SITE-003,PART-2784,2023-02-09,EQ-2814,open,3,22,False
9211,SITE-050,PART-5121,2024-10-08,EQ-9466,in_progress,28,38,False
9212,SITE-031,PART-7121,2026-07-08,EQ-7718,awaiting_parts,9,29,False
9213,SITE-028,PART-9768,2026-06-07,EQ-4689,deferred,18,1,False
9214,SITE-016,PART-7761,2024-01-03,EQ-5878,in_progress,7,3,False
9215,SITE-098,PART-6330,2023-05-12,EQ-6150,in_progress,28,13,False
9216,SITE-029,PART-1032,2026-03-09,EQ-8802,in_progress,23,34,False
9217,SITE-079,PART-7586,2026-07-02,EQ-2541,open,12,8,False
9218,SITE-058,PART-3548,2023-07-04,EQ-9897,open,12,42,False
9219,SITE-030,PART-2039,2025-10-17,EQ-9620,in_progress,26,9,False
9220,SITE-069,PART-3182,2024-01-08,EQ-3968,completed,5,0,False
9221,SITE-017,PART-1116,2024-10-27,EQ-8175,completed,0,0,False
9222,SITE-055,PART-2443,2024-08-01,EQ-4094,open,30,21,False
9223,SITE-096,PART-8635,2025-03-03,EQ-4405,completed,5,0,False
9224,SITE-032,PART-1173,2025-03-15,EQ-7895,completed,6,0,False
9225,SITE-047,PART-9077,2026-05-22,EQ-8004,awaiting_parts,25,41,True
9226,SITE-047,PART-8316,2023-09-22,EQ-8073,open,1,40,False
9227,SITE-083,PART-2283,2026-12-12,EQ-8161,deferred,30,25,False
9228,SITE-100,PART-8384,2025-01-05,EQ-5398,awaiting_parts,28,26,False
9229,SITE-098,PART-1724,2024-01-26,EQ-6028,open,29,33,False
9230,SITE-039,PART-6924,2023-07-25,EQ-9153,deferred,23,15,False
9231,SITE-030,PART-7971,2025-12-21,EQ-1810,in_progress,14,44,False
9232,SITE-078,PART-2958,2023-06-09,EQ-8422,deferred,18,7,False
9233,SITE-056,PART-7468,2025-03-18,EQ-8455,awaiting_parts,19,13,False
9234,SITE-051,PART-9099,2026-06-13,EQ-7358,awaiting_parts,21,18,False
9235,SITE-034,PART-7746,2023-03-04,EQ-4336,open,14,39,False
9236,SITE-094,PART-8723,2024-12-19,EQ-5964,completed,3,0,False
9237,SITE-086,PART-1402,2024-07-07,EQ-5020,open,20,6,False
9238,SITE-064,PART-4449,2023-04-22,EQ-7647,awaiting_parts,23,21,False
9239,SITE-024,PART-3109,2023-04-16,EQ-2942,deferred,16,28,False
9240,SITE-019,PART-1816,2025-08-10,EQ-4536,awaiting_parts,14,32,False
9241,SITE-088,PART-1816,2025-09-10,EQ-1982,in_progress,20,34,False
9242,SITE-090,PART-8635,2024-09-04,EQ-5383,open,22,30,False
9243,SITE-042,PART-1816,2024-01-03,EQ-6932,open,3,12,True
9244,SITE-086,PART-7144,2023-03-04,EQ-4103,completed,3,0,False
9245,SITE-080,PART-1147,2024-03-21,EQ-5425,open,6,45,False
9246,SITE-023,PART-4538,2023-05-20,EQ-4493,deferred,25,7,False
9247,SITE-010,PART-3452,2025-10-27,EQ-1534,completed,5,0,False
9248,SITE-081,PART-1547,2026-01-05,EQ-2436,open,6,10,True
9249,SITE-071,PART-1832,2023-11-05,EQ-2906,completed,3,0,False
9250,SITE-002,PART-5200,2025-10-20,EQ-9925,in_progress,20,41,False
9251,SITE-009,PART-2100,2025-05-08,EQ-7607,open,4,13,False
9252,SITE-085,PART-7820,2025-11-04,EQ-6107,open,9,1,True
9253,SITE-064,PART-4311,2026-07-27,EQ-9870,deferred,16,7,False
9254,SITE-015,PART-7082,2024-05-20,EQ-2128,open,15,14,False
9255,SITE-015,PART-1225,2025-08-07,EQ-3895,open,7,39,False
9256,SITE-047,PART-6805,2025-03-24,EQ-6601,in_progress,23,29,False
9257,SITE-081,PART-6108,2025-11-12,EQ-4845,open,15,32,False
9258,SITE-072,PART-3388,2025-12-21,EQ-4981,deferred,7,23,False
9259,SITE-053,PART-9564,2024-04-03,EQ-3732,awaiting_parts,21,31,False
9260,SITE-047,PART-8279,2023-07-05,EQ-3333,in_progress,27,25,False
9261,SITE-002,PART-3504,2024-05-13,EQ-8231,in_progress,2,21,False
9262,SITE-030,PART-3291,2026-05-28,EQ-9850,open,18,11,False
9263,SITE-028,PART-9097,2025-04-23,EQ-5927,deferred,3,6,True
9264,SITE-098,PART-2331,2023-11-20,EQ-6430,awaiting_parts,15,28,False
9265,SITE-045,PART-3781,2025-07-20,EQ-9502,open,14,27,True
9266,SITE-008,PART-2590,2024-12-26,EQ-9578,deferred,10,1,False
9267,SITE-054,PART-5813,2023-05-23,EQ-5273,awaiting_parts,16,22,False
9268,SITE-013,PART-4055,2025-01-23,EQ-7142,awaiting_parts,4,37,False
9269,SITE-073,PART-4392,2023-06-22,EQ-5760,deferred,3,39,False
9270,SITE-099,PART-4942,2024-12-22,EQ-8308,deferred,14,32,False
9271,SITE-060,PART-8163,2023-04-19,EQ-7103,in_progress,3,24,False
9272,SITE-100,PART-9309,2024-11-21,EQ-7240,open,12,2,False
9273,SITE-057,PART-7053,2026-01-04,EQ-8963,completed,10,0,False
9274,SITE-071,PART-7785,2026-05-07,EQ-7392,deferred,14,13,False
9275,SITE-011,PART-2970,2025-05-12,EQ-1640,completed,8,0,False
9276,SITE-056,PART-3781,2023-09-10,EQ-7263,awaiting_parts,4,29,False
9277,SITE-099,PART-4365,2023-11-12,EQ-4714,awaiting_parts,26,42,False
9278,SITE-098,PART-7792,2026-01-01,EQ-8307,in_progress,25,25,False
9279,SITE-078,PART-3793,2026-05-21,EQ-1342,completed,4,0,False
9280,SITE-074,PART-2430,2025-02-08,EQ-3533,completed,2,0,False
9281,SITE-098,PART-6768,2026-04-05,EQ-6530,open,17,26,False
9282,SITE-092,PART-9775,2025-05-01,EQ-8013,in_progress,12,8,False
9283,SITE-059,PART-1715,2026-06-22,EQ-9043,deferred,29,28,False
9284,SITE-056,PART-9114,2026-08-27,EQ-8474,open,25,41,False
9285,SITE-043,PART-4680,2026-02-26,EQ-3327,open,4,34,False
9286,SITE-016,PART-7935,2025-06-15,EQ-3421,deferred,26,2,True
9287,SITE-040,PART-3121,2025-02-21,EQ-4592,completed,9,0,False
9288,SITE-084,PART-2140,2025-05-12,EQ-7480,awaiting_parts,10,34,True
9289,SITE-053,PART-7984,2024-10-13,EQ-3438,deferred,15,1,False
9290,SITE-089,PART-1744,2024-07-15,EQ-2367,completed,10,0,False
9291,SITE-054,PART-7537,2026-03-28,EQ-2583,deferred,14,43,False
9292,SITE-004,PART-5193,2025-10-02,EQ-3134,awaiting_parts,19,27,False
9293,SITE-007,PART-8500,2023-05-06,EQ-5052,deferred,22,40,False
9294,SITE-020,PART-6286,2025-03-11,EQ-1240,completed,7,0,False
9295,SITE-062,PART-5696,2023-07-22,EQ-9806,open,16,22,False
9296,SITE-068,PART-9329,2025-03-10,EQ-4159,awaiting_parts,27,20,True
9297,SITE-001,PART-6797,2025-05-20,EQ-2312,awaiting_parts,10,12,True
9298,SITE-010,PART-3959,2024-07-07,EQ-7567,in_progress,12,44,False
9299,SITE-014,PART-4072,2026-05-27,EQ-4094,deferred,28,1,False
9300,SITE-082,PART-7269,2023-04-02,EQ-1223,in_progress,29,11,False
9301,SITE-094,PART-9994,2024-07-27,EQ-2835,deferred,21,3,False
9302,SITE-069,PART-8695,2023-02-19,EQ-2462,awaiting_parts,3,2,False
9303,SITE-046,PART-3344,2025-01-26,EQ-4586,in_progress,20,35,False
9304,SITE-054,PART-9292,2026-05-22,EQ-2073,awaiting_parts,27,29,False
9305,SITE-013,PART-5543,2023-04-11,EQ-5678,in_progress,5,34,False
9306,SITE-091,PART-7416,2025-01-19,EQ-2739,awaiting_parts,24,29,False
9307,SITE-100,PART-8062,2024-05-03,EQ-3411,in_progress,24,12,False
9308,SITE-051,PART-3109,2024-09-18,EQ-1139,awaiting_parts,17,31,False
9309,SITE-017,PART-6089,2023-10-04,EQ-3112,open,7,37,False
9310,SITE-048,PART-5539,2023-08-21,EQ-7091,open,21,6,False
9311,SITE-067,PART-4035,2024-08-09,EQ-4031,deferred,5,14,False
9312,SITE-068,PART-5988,2026-04-18,EQ-6709,open,12,19,False
9313,SITE-037,PART-1744,2023-08-01,EQ-2046,deferred,7,18,False
9314,SITE-051,PART-5696,2023-03-27,EQ-1822,in_progress,12,41,True
9315,SITE-066,PART-7634,2023-01-10,EQ-5500,completed,9,0,False
9316,SITE-066,PART-2653,2026-07-08,EQ-8173,completed,10,0,False
9317,SITE-064,PART-8219,2026-02-06,EQ-5771,open,8,8,False
9318,SITE-025,PART-7563,2023-08-11,EQ-7391,completed,4,0,False
9319,SITE-097,PART-5496,2023-09-10,EQ-5148,in_progress,5,28,True
9320,SITE-035,PART-5350,2023-09-21,EQ-2104,deferred,7,22,False
9321,SITE-026,PART-5709,2023-11-28,EQ-5200,deferred,30,11,False
9322,SITE-055,PART-9165,2023-03-01,EQ-5871,open,24,42,False
9323,SITE-025,PART-2189,2023-12-14,EQ-5252,awaiting_parts,10,13,False
9324,SITE-078,PART-8261,2024-07-05,EQ-6569,completed,5,0,False
9325,SITE-050,PART-1700,2024-09-16,EQ-6491,in_progress,10,38,False
9326,SITE-051,PART-5401,2026-02-14,EQ-5947,awaiting_parts,5,19,False
9327,SITE-045,PART-4297,2023-07-02,EQ-2847,open,18,39,True
9328,SITE-055,PART-5503,2025-10-09,EQ-4073,completed,0,0,False
9329,SITE-077,PART-4505,2023-02-16,EQ-5792,deferred,12,3,True
9330,SITE-031,PART-6797,2024-06-07,EQ-3397,in_progress,25,34,False
9331,SITE-043,PART-4886,2025-08-22,EQ-1450,open,7,38,False
9332,SITE-007,PART-9492,2023-10-19,EQ-6317,deferred,22,22,False
9333,SITE-055,PART-1456,2025-07-22,EQ-2632,open,19,1,False
9334,SITE-003,PART-5664,2026-06-02,EQ-9944,open,9,44,False
9335,SITE-002,PART-5907,2024-03-23,EQ-5855,open,11,15,False
9336,SITE-083,PART-3549,2024-11-07,EQ-8953,awaiting_parts,1,42,False
9337,SITE-069,PART-5846,2024-09-10,EQ-2059,in_progress,21,31,True
9338,SITE-026,PART-6013,2025-07-24,EQ-1998,awaiting_parts,7,33,False
9339,SITE-072,PART-3257,2026-08-07,EQ-9341,awaiting_parts,12,9,False
9340,SITE-100,PART-7641,2026-04-25,EQ-7667,awaiting_parts,26,2,True
9341,SITE-067,PART-3915,2025-03-19,EQ-6907,in_progress,18,4,True
9342,SITE-046,PART-5873,2023-12-11,EQ-5716,awaiting_parts,17,40,False
9343,SITE-038,PART-3819,2026-11-06,EQ-1294,open,3,7,False
9344,SITE-047,PART-5661,2026-01-21,EQ-5248,deferred,12,19,False
9345,SITE-096,PART-8974,2025-04-11,EQ-9613,in_progress,24,32,False
9346,SITE-071,PART-2784,2024-12-12,EQ-1889,open,18,14,False
9347,SITE-082,PART-5354,2024-02-26,EQ-1144,deferred,18,11,False
9348,SITE-067,PART-9077,2023-09-08,EQ-7107,completed,6,0,False
9349,SITE-051,PART-4370,2025-08-01,EQ-1932,deferred,28,29,False
9350,SITE-003,PART-7159,2024-02-10,EQ-3311,completed,5,0,True
9351,SITE-055,PART-7684,2023-07-24,EQ-9644,open,17,1,True
9352,SITE-011,PART-7314,2024-05-10,EQ-1496,open,10,32,False
9353,SITE-006,PART-5961,2023-08-09,EQ-1792,open,27,43,False
9354,SITE-061,PART-5321,2026-01-04,EQ-7283,awaiting_parts,18,31,False
9355,SITE-017,PART-4219,2025-10-15,EQ-2675,awaiting_parts,16,15,False
9356,SITE-100,PART-5539,2025-03-01,EQ-4653,open,1,1,False
9357,SITE-093,PART-9165,2024-10-07,EQ-2523,in_progress,20,22,False
9358,SITE-011,PART-6371,2024-07-19,EQ-3479,deferred,6,16,False
9359,SITE-037,PART-1249,2025-01-23,EQ-2262,awaiting_parts,6,33,False
9360,SITE-026,PART-3418,2025-06-15,EQ-9712,awaiting_parts,3,11,False
9361,SITE-028,PART-3592,2024-10-27,EQ-3213,awaiting_parts,17,6,False
9362,SITE-002,PART-6797,2025-06-17,EQ-1249,in_progress,25,5,False
9363,SITE-009,PART-4918,2025-01-25,EQ-6696,deferred,19,12,False
9364,SITE-025,PART-7156,2024-01-08,EQ-7880,awaiting_parts,26,41,False
9365,SITE-070,PART-9648,2023-03-09,EQ-3879,deferred,12,14,False
9366,SITE-049,PART-8714,2024-05-11,EQ-2436,in_progress,7,24,True
9367,SITE-013,PART-9512,2026-10-06,EQ-9003,open,15,24,False
9368,SITE-067,PART-8003,2024-08-10,EQ-9244,deferred,24,15,False
9369,SITE-012,PART-3531,2023-04-11,EQ-7919,deferred,11,22,False
9370,SITE-048,PART-7156,2025-08-18,EQ-3380,open,11,15,False
9371,SITE-054,PART-6227,2025-12-14,EQ-9869,awaiting_parts,6,32,False
9372,SITE-096,PART-3531,2023-09-04,EQ-8615,in_progress,10,15,True
9373,SITE-090,PART-7384,2023-09-15,EQ-3208,deferred,27,40,False
9374,SITE-064,PART-1134,2026-05-17,EQ-6729,awaiting_parts,29,8,False
9375,SITE-032,PART-1771,2024-09-01,EQ-9818,completed,6,0,True
9376,SITE-029,PART-7416,2023-05-01,EQ-9609,open,6,18,False
9377,SITE-007,PART-3258,2025-12-05,EQ-1947,completed,4,0,False
9378,SITE-060,PART-1474,2024-07-19,EQ-3222,completed,4,0,False
9379,SITE-098,PART-2052,2025-05-05,EQ-9489,open,3,14,False
9380,SITE-049,PART-2963,2026-08-13,EQ-6925,in_progress,12,15,False
9381,SITE-001,PART-4080,2026-02-18,EQ-7425,in_progress,11,8,False
9382,SITE-056,PART-3201,2024-02-10,EQ-1340,completed,3,0,False
9383,SITE-012,PART-5238,2026-03-02,EQ-1444,awaiting_parts,24,8,False
9384,SITE-029,PART-2443,2025-03-01,EQ-9643,open,1,8,False
9385,SITE-027,PART-3274,2026-02-25,EQ-7744,open,27,39,False
9386,SITE-055,PART-7298,2026-04-27,EQ-4785,in_progress,27,14,False
9387,SITE-048,PART-3257,2025-05-16,EQ-6537,completed,9,0,False
9388,SITE-046,PART-1768,2024-12-19,EQ-3591,in_progress,13,28,False
9389,SITE-083,PART-4694,2026-03-10,EQ-7320,completed,10,0,False
9390,SITE-094,PART-7967,2026-01-20,EQ-2867,awaiting_parts,8,43,False
9391,SITE-008,PART-1506,2026-07-11,EQ-3040,open,21,27,False
9392,SITE-035,PART-4297,2023-03-27,EQ-7701,open,27,36,False
9393,SITE-021,PART-4802,2023-05-02,EQ-7693,deferred,13,30,False
9394,SITE-055,PART-5648,2024-11-20,EQ-4949,in_progress,10,16,False
9395,SITE-019,PART-7498,2025-03-22,EQ-6746,open,6,37,False
9396,SITE-055,PART-5961,2026-02-11,EQ-6061,in_progress,25,32,False
9397,SITE-038,PART-8156,2024-10-05,EQ-4121,completed,2,0,False
9398,SITE-020,PART-3896,2025-06-16,EQ-1892,completed,5,0,False
9399,SITE-093,PART-7345,2025-02-17,EQ-7705,awaiting_parts,9,45,False
9400,SITE-095,PART-7672,2025-08-03,EQ-3499,deferred,24,44,False
9401,SITE-046,PART-8675,2024-02-19,EQ-1883,awaiting_parts,15,40,False
9402,SITE-060,PART-9090,2026-07-01,EQ-3848,open,12,45,False
9403,SITE-076,PART-7159,2026-04-17,EQ-6846,open,15,40,False
9404,SITE-077,PART-6176,2023-07-25,EQ-4949,awaiting_parts,17,27,True
9405,SITE-034,PART-5588,2025-04-22,EQ-4237,completed,3,0,True
9406,SITE-073,PART-8273,2024-02-05,EQ-8722,in_progress,30,33,False
9407,SITE-072,PART-5442,2025-03-27,EQ-2360,awaiting_parts,10,16,False
9408,SITE-072,PART-4694,2023-12-05,EQ-6760,awaiting_parts,19,42,False
9409,SITE-055,PART-6140,2025-05-07,EQ-5414,open,29,19,False
9410,SITE-062,PART-5543,2025-03-10,EQ-5927,completed,6,0,True
9411,SITE-064,PART-4582,2025-03-21,EQ-7891,open,8,3,False
9412,SITE-046,PART-5674,2024-05-04,EQ-1171,awaiting_parts,10,7,False
9413,SITE-040,PART-8762,2024-07-06,EQ-6495,awaiting_parts,9,30,False
9414,SITE-098,PART-3793,2026-06-06,EQ-3730,completed,6,0,False
9415,SITE-029,PART-2052,2025-12-13,EQ-1663,deferred,11,1,False
9416,SITE-031,PART-8974,2026-03-09,EQ-6165,deferred,10,33,False
9417,SITE-097,PART-9272,2023-08-02,EQ-8672,awaiting_parts,17,26,False
9418,SITE-016,PART-1733,2025-04-13,EQ-7527,in_progress,29,31,False
9419,SITE-043,PART-1591,2024-03-19,EQ-2759,completed,1,0,False
9420,SITE-081,PART-7563,2025-02-23,EQ-3775,completed,1,0,False
9421,SITE-010,PART-1470,2025-03-21,EQ-7111,deferred,15,8,False
9422,SITE-044,PART-2590,2025-04-28,EQ-5638,in_progress,6,35,False
9423,SITE-055,PART-1402,2026-04-25,EQ-4604,open,4,33,False
9424,SITE-061,PART-1496,2023-04-13,EQ-7593,deferred,6,16,False
9425,SITE-036,PART-5982,2024-04-19,EQ-8172,completed,10,0,True
9426,SITE-092,PART-1684,2025-09-14,EQ-6492,open,24,13,False
9427,SITE-051,PART-2135,2023-09-05,EQ-8726,deferred,16,30,False
9428,SITE-080,PART-6805,2026-08-25,EQ-3895,in_progress,7,24,False
9429,SITE-088,PART-2317,2023-04-14,EQ-9984,completed,3,0,False
9430,SITE-056,PART-4655,2025-03-23,EQ-3717,awaiting_parts,28,12,False
9431,SITE-025,PART-1547,2025-04-26,EQ-6910,deferred,4,33,False
9432,SITE-091,PART-7488,2026-08-06,EQ-3172,in_progress,5,17,False
9433,SITE-022,PART-4655,2026-02-07,EQ-7446,completed,1,0,False
9434,SITE-020,PART-5193,2026-10-04,EQ-9430,in_progress,20,12,False
9435,SITE-045,PART-7902,2023-12-17,EQ-8519,in_progress,29,9,False
9436,SITE-046,PART-3798,2024-08-05,EQ-2947,awaiting_parts,12,34,True
9437,SITE-075,PART-7232,2023-06-08,EQ-2013,deferred,18,1,False
9438,SITE-057,PART-2218,2023-01-17,EQ-2592,deferred,9,43,False
9439,SITE-095,PART-7366,2025-01-10,EQ-2406,completed,8,0,False
9440,SITE-023,PART-9467,2026-05-02,EQ-2646,awaiting_parts,29,38,False
9441,SITE-011,PART-6668,2023-09-08,EQ-1009,in_progress,2,36,False
9442,SITE-036,PART-8986,2024-09-07,EQ-8751,deferred,23,15,False
9443,SITE-085,PART-1225,2023-03-15,EQ-2978,awaiting_parts,18,45,False
9444,SITE-060,PART-2516,2026-03-14,EQ-6937,in_progress,8,38,False
9445,SITE-043,PART-4206,2025-07-15,EQ-4700,awaiting_parts,25,30,False
9446,SITE-044,PART-8199,2024-09-08,EQ-1289,in_progress,24,42,False
9447,SITE-008,PART-1081,2026-05-16,EQ-6355,deferred,2,25,False
9448,SITE-004,PART-5415,2023-04-12,EQ-6336,open,25,29,False
9449,SITE-008,PART-3340,2024-03-11,EQ-4420,in_progress,19,22,False
9450,SITE-025,PART-7960,2025-04-21,EQ-4085,awaiting_parts,7,21,False
9451,SITE-064,PART-9913,2023-11-17,EQ-9969,awaiting_parts,15,2,False
9452,SITE-062,PART-4538,2026-06-19,EQ-9253,open,27,33,False
9453,SITE-039,PART-9856,2025-07-27,EQ-9399,awaiting_parts,10,28,False
9454,SITE-040,PART-7083,2023-12-14,EQ-5324,deferred,23,29,False
9455,SITE-033,PART-3549,2025-06-26,EQ-9854,awaiting_parts,12,2,False
9456,SITE-061,PART-1591,2026-09-16,EQ-7871,deferred,25,34,True
9457,SITE-011,PART-1660,2025-05-05,EQ-4269,completed,2,0,True
9458,SITE-094,PART-1547,2024-06-03,EQ-3339,open,22,42,False
9459,SITE-087,PART-2773,2024-08-26,EQ-9708,open,3,35,False
9460,SITE-083,PART-3109,2026-01-13,EQ-4040,awaiting_parts,13,36,False
9461,SITE-020,PART-5127,2024-08-07,EQ-7448,completed,4,0,False
9462,SITE-037,PART-5100,2024-12-23,EQ-7914,deferred,16,18,False
9463,SITE-090,PART-8384,2026-03-07,EQ-3277,in_progress,22,36,False
9464,SITE-006,PART-1116,2026-11-16,EQ-4970,completed,2,0,True
9465,SITE-051,PART-3504,2023-02-23,EQ-4127,open,25,6,False
9466,SITE-082,PART-1129,2026-09-03,EQ-9984,awaiting_parts,19,14,False
9467,SITE-028,PART-9795,2024-03-28,EQ-8504,open,6,8,False
9468,SITE-031,PART-1710,2025-03-19,EQ-6458,completed,10,0,False
9469,SITE-050,PART-2485,2026-10-10,EQ-8189,awaiting_parts,24,41,False
9470,SITE-068,PART-8420,2024-04-16,EQ-5674,open,2,2,True
9471,SITE-057,PART-5401,2025-10-09,EQ-6930,completed,5,0,False
9472,SITE-034,PART-4999,2024-07-07,EQ-7509,in_progress,4,7,False
9473,SITE-090,PART-4752,2023-08-18,EQ-6176,deferred,26,42,False
9474,SITE-012,PART-6417,2024-07-22,EQ-8617,open,9,23,False
9475,SITE-004,PART-6944,2023-08-21,EQ-5765,awaiting_parts,2,39,False
9476,SITE-057,PART-5921,2023-07-25,EQ-4310,deferred,30,44,False
9477,SITE-095,PART-7282,2024-07-19,EQ-5734,awaiting_parts,4,40,False
9478,SITE-097,PART-2356,2025-02-21,EQ-9664,completed,3,0,False
9479,SITE-100,PART-4092,2026-11-26,EQ-6744,in_progress,23,27,False
9480,SITE-009,PART-8780,2024-12-13,EQ-3546,open,10,33,False
9481,SITE-045,PART-5238,2025-11-16,EQ-8537,completed,8,0,False
9482,SITE-061,PART-4663,2026-08-18,EQ-9462,deferred,12,21,False
9483,SITE-077,PART-9913,2025-02-18,EQ-7799,awaiting_parts,11,4,False
9484,SITE-080,PART-6884,2026-03-02,EQ-2561,open,17,25,False
9485,SITE-003,PART-9255,2025-12-02,EQ-4863,completed,9,0,False
9486,SITE-022,PART-9679,2023-06-20,EQ-9821,open,22,15,False
9487,SITE-062,PART-5319,2026-09-01,EQ-9116,completed,6,0,False
9488,SITE-077,PART-5219,2025-06-13,EQ-5013,completed,7,0,False
9489,SITE-079,PART-5496,2025-07-09,EQ-2577,open,2,7,False
9490,SITE-066,PART-5664,2025-10-28,EQ-3523,deferred,25,30,False
9491,SITE-038,PART-9558,2025-06-25,EQ-3447,open,11,17,False
9492,SITE-082,PART-6991,2023-09-02,EQ-6763,deferred,8,34,False
9493,SITE-084,PART-8806,2026-12-14,EQ-8870,in_progress,15,28,False
9494,SITE-065,PART-8780,2026-07-24,EQ-3354,awaiting_parts,24,22,False
9495,SITE-067,PART-9128,2026-03-09,EQ-1554,deferred,24,42,False
9496,SITE-039,PART-1647,2026-03-26,EQ-9700,open,12,31,False
9497,SITE-080,PART-2406,2023-02-08,EQ-3236,completed,3,0,False
9498,SITE-026,PART-9795,2025-03-18,EQ-3200,completed,3,0,False
9499,SITE-092,PART-1363,2025-04-11,EQ-6744,in_progress,11,15,False
9500,SITE-034,PART-2213,2023-02-14,EQ-8104,awaiting_parts,28,43,False
9501,SITE-020,PART-7428,2025-04-09,EQ-4933,in_progress,23,2,False
9502,SITE-027,PART-2100,2024-09-13,EQ-8493,in_progress,24,14,False
9503,SITE-010,PART-4582,2023-10-06,EQ-8652,deferred,10,5,False
9504,SITE-057,PART-1061,2025-04-01,EQ-3884,deferred,28,11,False
9505,SITE-077,PART-7211,2023-08-20,EQ-1834,awaiting_parts,9,39,False
9506,SITE-059,PART-6709,2025-10-24,EQ-6997,deferred,25,42,False
9507,SITE-013,PART-8202,2024-02-26,EQ-3771,deferred,19,2,False
9508,SITE-007,PART-2896,2023-05-17,EQ-1257,completed,2,0,False
9509,SITE-100,PART-7897,2023-09-01,EQ-1999,deferred,30,34,False
9510,SITE-035,PART-1366,2023-01-25,EQ-8331,deferred,25,10,True
9511,SITE-088,PART-7056,2023-01-08,EQ-1940,completed,3,0,False
9512,SITE-039,PART-1228,2026-10-02,EQ-3982,completed,10,0,False
9513,SITE-018,PART-3360,2023-01-05,EQ-2852,awaiting_parts,25,10,True
9514,SITE-043,PART-1214,2025-04-09,EQ-4634,open,13,33,False
9515,SITE-055,PART-7498,2024-09-21,EQ-9732,awaiting_parts,9,41,False
9516,SITE-095,PART-2036,2023-09-15,EQ-5939,deferred,20,2,True
9517,SITE-088,PART-7486,2025-07-10,EQ-4436,awaiting_parts,27,35,False
9518,SITE-043,PART-3290,2024-09-26,EQ-3413,open,16,29,False
9519,SITE-079,PART-7384,2023-06-11,EQ-5447,awaiting_parts,3,21,True
9520,SITE-022,PART-8876,2023-05-24,EQ-7818,in_progress,18,16,False
9521,SITE-019,PART-6324,2023-03-02,EQ-5496,awaiting_parts,4,34,True
9522,SITE-058,PART-9492,2023-10-15,EQ-3388,deferred,16,31,False
9523,SITE-007,PART-6926,2024-02-24,EQ-9968,in_progress,27,18,False
9524,SITE-040,PART-4582,2026-03-11,EQ-2598,deferred,28,4,False
9525,SITE-018,PART-9948,2026-09-11,EQ-2706,completed,8,0,False
9526,SITE-055,PART-1682,2024-07-06,EQ-4047,open,26,32,True
9527,SITE-053,PART-5919,2025-10-16,EQ-6904,in_progress,4,8,False
9528,SITE-006,PART-4280,2023-03-23,EQ-8526,awaiting_parts,1,5,False
9529,SITE-021,PART-4501,2026-05-22,EQ-8881,deferred,30,22,False
9530,SITE-032,PART-1194,2026-09-27,EQ-3469,in_progress,17,30,False
9531,SITE-052,PART-7960,2024-10-02,EQ-7811,completed,4,0,False
9532,SITE-044,PART-8537,2025-04-10,EQ-9732,awaiting_parts,29,29,False
9533,SITE-012,PART-4055,2024-01-20,EQ-4512,open,20,40,False
9534,SITE-006,PART-8910,2026-06-13,EQ-7541,open,5,23,False
9535,SITE-030,PART-4450,2023-09-09,EQ-4989,open,3,32,False
9536,SITE-005,PART-6778,2023-07-04,EQ-6664,open,28,10,False
9537,SITE-073,PART-5200,2024-03-11,EQ-2671,deferred,27,16,False
9538,SITE-098,PART-2218,2023-03-25,EQ-3646,deferred,10,34,False
9539,SITE-025,PART-7590,2025-02-25,EQ-6144,deferred,17,25,False
9540,SITE-026,PART-4844,2026-01-22,EQ-8708,completed,4,0,False
9541,SITE-094,PART-9856,2025-09-09,EQ-3148,deferred,29,16,False
9542,SITE-082,PART-1816,2024-01-10,EQ-7133,completed,7,0,False
9543,SITE-082,PART-3257,2023-03-13,EQ-2669,open,25,20,True
9544,SITE-055,PART-1363,2025-05-14,EQ-4155,in_progress,20,15,False
9545,SITE-086,PART-6513,2025-11-07,EQ-9442,completed,5,0,False
9546,SITE-088,PART-8523,2023-09-01,EQ-5232,in_progress,28,41,False
9547,SITE-085,PART-6972,2025-03-21,EQ-7194,open,12,44,False
9548,SITE-071,PART-4238,2024-09-20,EQ-5143,completed,8,0,False
9549,SITE-051,PART-9634,2026-04-18,EQ-9374,awaiting_parts,28,4,False
9550,SITE-075,PART-5503,2023-12-04,EQ-8497,open,1,15,False
9551,SITE-090,PART-2973,2024-11-04,EQ-4352,open,10,24,False
9552,SITE-064,PART-2046,2026-08-04,EQ-8040,open,24,11,False
9553,SITE-092,PART-3347,2026-04-12,EQ-5095,open,22,42,False
9554,SITE-053,PART-2735,2023-02-14,EQ-2049,in_progress,24,21,True
9555,SITE-029,PART-9993,2026-08-15,EQ-3646,awaiting_parts,24,10,False
9556,SITE-068,PART-8505,2025-08-03,EQ-5650,open,11,21,True
9557,SITE-079,PART-5950,2024-10-03,EQ-3974,awaiting_parts,20,12,False
9558,SITE-012,PART-1376,2026-10-13,EQ-6178,in_progress,28,29,False
9559,SITE-081,PART-1074,2026-06-20,EQ-3193,completed,3,0,False
9560,SITE-081,PART-6330,2025-11-03,EQ-3787,deferred,13,12,False
9561,SITE-046,PART-8783,2023-07-10,EQ-6901,completed,7,0,False
9562,SITE-084,PART-3917,2023-03-17,EQ-1645,in_progress,1,15,True
9563,SITE-048,PART-5961,2026-08-27,EQ-5245,in_progress,19,28,False
9564,SITE-077,PART-2794,2026-06-23,EQ-5370,open,16,34,False
9565,SITE-051,PART-9893,2023-11-17,EQ-5096,completed,7,0,False
9566,SITE-004,PART-9114,2025-07-18,EQ-8037,open,21,42,True
9567,SITE-047,PART-7203,2024-04-20,EQ-2213,awaiting_parts,15,12,False
9568,SITE-011,PART-8807,2024-08-10,EQ-9115,open,4,1,False
9569,SITE-042,PART-5762,2025-05-12,EQ-3959,open,7,42,False
9570,SITE-008,PART-2422,2026-06-15,EQ-1413,deferred,4,10,False
9571,SITE-009,PART-3290,2023-04-05,EQ-6750,in_progress,16,24,False
9572,SITE-054,PART-2148,2023-07-02,EQ-9816,in_progress,5,7,False
9573,SITE-048,PART-1496,2024-03-27,EQ-4868,open,11,7,False
9574,SITE-031,PART-8384,2023-09-22,EQ-6649,in_progress,2,4,False
9575,SITE-071,PART-5321,2023-05-09,EQ-5566,open,11,27,True
9576,SITE-015,PART-9374,2025-01-20,EQ-1369,awaiting_parts,15,11,False
9577,SITE-031,PART-2404,2025-02-28,EQ-1890,deferred,15,12,False
9578,SITE-064,PART-3392,2023-08-27,EQ-5276,deferred,29,33,False
9579,SITE-003,PART-1225,2025-11-17,EQ-6567,completed,7,0,True
9580,SITE-083,PART-4501,2023-07-27,EQ-3711,awaiting_parts,1,12,False
9581,SITE-098,PART-5875,2025-07-25,EQ-9078,awaiting_parts,25,38,False
9582,SITE-087,PART-7588,2026-04-24,EQ-6586,deferred,30,42,False
9583,SITE-086,PART-7820,2025-01-24,EQ-9036,awaiting_parts,7,32,False
9584,SITE-095,PART-3549,2026-09-08,EQ-5288,open,24,35,False
9585,SITE-020,PART-6355,2023-05-06,EQ-1169,completed,4,0,False
9586,SITE-022,PART-8909,2023-08-08,EQ-1190,open,16,13,False
9587,SITE-041,PART-1873,2023-03-15,EQ-2843,in_progress,20,18,False
9588,SITE-068,PART-6903,2023-11-17,EQ-6746,open,4,34,False
9589,SITE-037,PART-5496,2024-10-16,EQ-2766,awaiting_parts,21,34,False
9590,SITE-098,PART-2826,2024-10-24,EQ-8482,deferred,28,12,False
9591,SITE-082,PART-5771,2024-04-16,EQ-2192,deferred,21,5,False
9592,SITE-072,PART-2276,2026-08-05,EQ-1815,open,4,8,False
9593,SITE-027,PART-2179,2025-07-23,EQ-4369,open,15,7,False
9594,SITE-044,PART-4908,2024-02-02,EQ-7735,open,4,22,False
9595,SITE-059,PART-3735,2024-08-27,EQ-7121,open,21,45,False
9596,SITE-001,PART-3109,2024-08-23,EQ-7613,deferred,1,24,False
9597,SITE-028,PART-6107,2023-10-21,EQ-3151,completed,5,0,False
9598,SITE-013,PART-3388,2026-02-11,EQ-1047,deferred,9,40,False
9599,SITE-076,PART-1872,2023-09-04,EQ-6672,open,5,33,False
9600,SITE-027,PART-4713,2023-05-28,EQ-7368,open,16,27,True
9601,SITE-071,PART-9128,2023-05-16,EQ-5043,deferred,27,45,False
9602,SITE-008,PART-6983,2026-12-10,EQ-6837,completed,0,0,False
9603,SITE-081,PART-7520,2026-08-10,EQ-5725,deferred,12,21,False
9604,SITE-079,PART-1564,2024-09-27,EQ-8912,deferred,20,25,False
9605,SITE-015,PART-9586,2023-04-12,EQ-2751,awaiting_parts,18,33,False
9606,SITE-097,PART-7135,2023-01-11,EQ-6638,open,28,26,False
9607,SITE-008,PART-9377,2023-11-18,EQ-7503,awaiting_parts,4,35,True
9608,SITE-056,PART-4311,2025-03-21,EQ-8954,awaiting_parts,27,15,False
9609,SITE-055,PART-6811,2026-02-03,EQ-6443,deferred,22,24,False
9610,SITE-092,PART-8488,2024-01-04,EQ-5730,completed,4,0,False
9611,SITE-093,PART-5411,2024-11-19,EQ-3834,deferred,14,13,True
9612,SITE-022,PART-5898,2026-09-01,EQ-8591,awaiting_parts,27,16,False
9613,SITE-028,PART-3162,2024-06-17,EQ-2522,open,9,27,True
9614,SITE-023,PART-7758,2024-04-02,EQ-6210,in_progress,11,15,False
9615,SITE-019,PART-9292,2025-05-15,EQ-3546,open,29,38,False
9616,SITE-088,PART-6975,2025-10-12,EQ-2919,in_progress,12,19,False
9617,SITE-021,PART-3286,2023-03-01,EQ-5686,awaiting_parts,11,26,False
9618,SITE-073,PART-6778,2026-05-13,EQ-5118,open,9,1,False
9619,SITE-074,PART-2897,2026-07-15,EQ-5479,deferred,26,44,False
9620,SITE-002,PART-1366,2025-05-21,EQ-3384,awaiting_parts,9,41,False
9621,SITE-035,PART-8361,2024-02-20,EQ-9436,open,12,39,False
9622,SITE-044,PART-5094,2023-06-05,EQ-6264,completed,1,0,False
9623,SITE-068,PART-4370,2023-10-28,EQ-6224,completed,0,0,False
9624,SITE-071,PART-5225,2023-01-26,EQ-2190,completed,5,0,False
9625,SITE-083,PART-6299,2026-10-28,EQ-1213,open,14,5,False
9626,SITE-029,PART-6778,2023-07-10,EQ-6064,awaiting_parts,3,20,True
9627,SITE-031,PART-8261,2026-12-21,EQ-9451,in_progress,25,41,False
9628,SITE-072,PART-1564,2026-04-23,EQ-5358,awaiting_parts,2,10,False
9629,SITE-039,PART-1832,2026-08-26,EQ-6729,open,2,36,False
9630,SITE-050,PART-4518,2025-09-08,EQ-8160,in_progress,24,41,True
9631,SITE-095,PART-5539,2026-02-10,EQ-6250,deferred,11,16,False
9632,SITE-062,PART-8768,2025-01-27,EQ-4302,in_progress,15,40,False
9633,SITE-031,PART-5148,2026-08-05,EQ-8218,in_progress,8,39,False
9634,SITE-073,PART-1650,2026-09-01,EQ-9549,deferred,16,31,False
9635,SITE-049,PART-8195,2026-03-14,EQ-5592,awaiting_parts,2,14,True
9636,SITE-021,PART-2396,2025-08-11,EQ-5373,completed,4,0,False
9637,SITE-092,PART-3182,2024-10-18,EQ-2500,in_progress,1,34,False
9638,SITE-088,PART-3602,2024-10-22,EQ-5289,awaiting_parts,21,27,False
9639,SITE-086,PART-4311,2026-10-20,EQ-2433,in_progress,5,20,False
9640,SITE-031,PART-3201,2023-09-18,EQ-8499,awaiting_parts,11,41,False
9641,SITE-096,PART-7495,2024-11-16,EQ-8130,open,22,18,True
9642,SITE-034,PART-3347,2025-11-10,EQ-5874,in_progress,22,43,False
9643,SITE-040,PART-9370,2025-01-23,EQ-2143,in_progress,13,34,False
9644,SITE-007,PART-6926,2026-09-05,EQ-2464,in_progress,28,18,True
9645,SITE-018,PART-8974,2023-10-27,EQ-3462,deferred,8,38,False
9646,SITE-041,PART-1210,2023-03-16,EQ-7084,deferred,27,20,False
9647,SITE-064,PART-5072,2023-07-07,EQ-1162,deferred,9,22,True
9648,SITE-067,PART-7563,2024-08-18,EQ-4009,awaiting_parts,20,24,False
9649,SITE-079,PART-7209,2023-10-23,EQ-5538,deferred,1,25,False
9650,SITE-009,PART-6227,2023-01-23,EQ-4375,open,14,19,False
9651,SITE-093,PART-6089,2026-05-06,EQ-6706,completed,3,0,False
9652,SITE-031,PART-6101,2024-04-05,EQ-9778,awaiting_parts,12,10,False
9653,SITE-050,PART-2773,2024-12-16,EQ-8795,in_progress,10,42,False
9654,SITE-049,PART-2140,2024-09-06,EQ-7161,completed,7,0,True
9655,SITE-095,PART-3349,2026-09-24,EQ-4587,in_progress,1,5,False
9656,SITE-013,PART-4762,2023-10-26,EQ-9675,open,29,36,False
9657,SITE-090,PART-9255,2026-04-03,EQ-6331,open,26,41,False
9658,SITE-021,PART-8279,2026-08-24,EQ-4419,awaiting_parts,14,24,False
9659,SITE-011,PART-4880,2026-07-27,EQ-2779,in_progress,29,30,False
9660,SITE-063,PART-6854,2026-05-09,EQ-1935,deferred,25,26,False
9661,SITE-054,PART-6797,2023-02-25,EQ-7701,deferred,1,30,False
9662,SITE-023,PART-3030,2025-08-06,EQ-2330,completed,3,0,True
9663,SITE-078,PART-5999,2025-12-12,EQ-8792,open,21,3,False
9664,SITE-051,PART-9167,2025-08-18,EQ-2532,deferred,30,11,False
9665,SITE-087,PART-5698,2023-03-11,EQ-9702,completed,10,0,False
9666,SITE-073,PART-5225,2026-04-04,EQ-3548,in_progress,26,34,False
9667,SITE-075,PART-2422,2026-01-15,EQ-9078,deferred,5,19,False
9668,SITE-094,PART-9843,2023-11-03,EQ-1128,awaiting_parts,3,38,False
9669,SITE-021,PART-4320,2023-12-07,EQ-3257,open,27,20,False
9670,SITE-098,PART-6778,2024-02-09,EQ-7312,deferred,7,40,True
9671,SITE-055,PART-7203,2026-01-17,EQ-4802,open,17,23,True
9672,SITE-051,PART-1700,2023-10-19,EQ-5736,completed,9,0,False
9673,SITE-015,PART-1124,2026-01-07,EQ-8679,open,13,7,False
9674,SITE-018,PART-4184,2023-10-14,EQ-6415,deferred,1,41,False
9675,SITE-026,PART-6628,2026-03-10,EQ-7940,awaiting_parts,7,22,False
9676,SITE-069,PART-5011,2023-07-04,EQ-9358,open,28,24,True
9677,SITE-071,PART-1503,2026-08-13,EQ-4050,awaiting_parts,7,13,False
9678,SITE-006,PART-9106,2026-06-22,EQ-2659,awaiting_parts,4,4,False
9679,SITE-022,PART-5133,2023-03-20,EQ-9637,in_progress,23,30,False
9680,SITE-009,PART-1474,2024-02-05,EQ-9107,completed,9,0,False
9681,SITE-080,PART-3274,2025-06-20,EQ-8656,deferred,18,22,False
9682,SITE-041,PART-8488,2025-01-13,EQ-5133,deferred,28,36,False
9683,SITE-052,PART-8505,2025-02-12,EQ-9060,open,26,32,False
9684,SITE-098,PART-9856,2024-06-17,EQ-6807,completed,8,0,False
9685,SITE-020,PART-8505,2025-06-10,EQ-1418,completed,2,0,False
9686,SITE-012,PART-1506,2026-05-08,EQ-2999,in_progress,17,38,False
9687,SITE-088,PART-9589,2023-11-07,EQ-6000,in_progress,4,34,False
9688,SITE-041,PART-8254,2026-12-06,EQ-4716,awaiting_parts,11,19,False
9689,SITE-025,PART-5668,2025-05-20,EQ-5363,deferred,30,9,False
9690,SITE-038,PART-1798,2023-10-03,EQ-7742,open,26,2,False
9691,SITE-063,PART-4137,2026-12-15,EQ-2020,open,15,38,True
9692,SITE-007,PART-1684,2024-06-19,EQ-2307,open,19,36,False
9693,SITE-081,PART-1376,2026-05-28,EQ-8025,deferred,4,31,False
9694,SITE-032,PART-2516,2024-05-27,EQ-2373,deferred,15,44,False
9695,SITE-024,PART-8156,2026-04-21,EQ-5908,awaiting_parts,28,36,False
9696,SITE-051,PART-8523,2026-12-13,EQ-4474,awaiting_parts,30,8,False
9697,SITE-095,PART-7971,2023-05-03,EQ-6348,completed,9,0,False
9698,SITE-091,PART-7991,2024-06-19,EQ-9754,open,4,33,False
9699,SITE-084,PART-2394,2024-11-02,EQ-4150,completed,10,0,True
9700,SITE-008,PART-1926,2026-05-12,EQ-7005,deferred,26,42,False
9701,SITE-006,PART-3105,2023-09-20,EQ-2694,in_progress,10,31,True
9702,SITE-013,PART-4505,2023-07-07,EQ-5451,in_progress,15,28,False
9703,SITE-006,PART-9458,2024-03-19,EQ-5612,awaiting_parts,4,44,False
9704,SITE-077,PART-7563,2025-09-18,EQ-3288,awaiting_parts,3,14,False
9705,SITE-006,PART-5664,2023-01-10,EQ-2704,deferred,11,4,False
9706,SITE-067,PART-5704,2026-06-04,EQ-3148,awaiting_parts,18,37,False
9707,SITE-002,PART-6803,2023-02-22,EQ-4090,open,20,30,False
9708,SITE-070,PART-2019,2024-03-21,EQ-3360,deferred,30,27,False
9709,SITE-072,PART-4219,2025-02-08,EQ-7134,awaiting_parts,22,28,False
9710,SITE-099,PART-3201,2025-10-23,EQ-9999,awaiting_parts,30,8,False
9711,SITE-070,PART-6209,2026-08-28,EQ-7649,deferred,12,34,False
9712,SITE-002,PART-3290,2026-01-11,EQ-3507,deferred,8,30,False
9713,SITE-031,PART-8355,2026-11-12,EQ-7656,in_progress,15,35,False
9714,SITE-062,PART-3392,2025-03-27,EQ-8822,completed,9,0,False
9715,SITE-032,PART-7722,2023-12-13,EQ-7954,open,19,42,True
9716,SITE-062,PART-7385,2024-07-06,EQ-6381,in_progress,26,17,False
9717,SITE-025,PART-6391,2026-12-07,EQ-3241,deferred,25,41,False
9718,SITE-039,PART-2590,2024-05-19,EQ-3710,awaiting_parts,27,40,False
9719,SITE-024,PART-2276,2023-04-10,EQ-1566,in_progress,25,17,False
9720,SITE-003,PART-1376,2023-08-08,EQ-7238,open,3,39,False
9721,SITE-025,PART-5660,2026-09-05,EQ-9944,awaiting_parts,7,19,False
9722,SITE-043,PART-4802,2025-10-20,EQ-6756,awaiting_parts,17,36,True
9723,SITE-078,PART-6107,2023-02-21,EQ-7142,awaiting_parts,30,11,False
9724,SITE-097,PART-1129,2026-04-09,EQ-4251,open,22,43,False
9725,SITE-069,PART-3793,2023-02-04,EQ-9616,awaiting_parts,16,45,False
9726,SITE-049,PART-1911,2024-11-03,EQ-9809,completed,0,0,False
9727,SITE-077,PART-9795,2023-03-06,EQ-4986,in_progress,21,29,False
9728,SITE-039,PART-4382,2026-05-26,EQ-1811,completed,4,0,False
9729,SITE-092,PART-2451,2024-08-19,EQ-3525,open,14,17,False
9730,SITE-055,PART-6522,2024-06-27,EQ-4036,deferred,25,19,False
9731,SITE-051,PART-4918,2026-02-11,EQ-7141,in_progress,5,44,False
9732,SITE-054,PART-2973,2025-03-17,EQ-9837,in_progress,5,15,False
9733,SITE-053,PART-3329,2025-03-21,EQ-3121,in_progress,27,39,False
9734,SITE-049,PART-1897,2026-06-27,EQ-2443,completed,0,0,False
9735,SITE-015,PART-7971,2025-11-26,EQ-9288,in_progress,2,6,True
9736,SITE-029,PART-2852,2025-05-21,EQ-9404,open,18,24,False
9737,SITE-030,PART-1656,2024-01-17,EQ-3127,deferred,30,1,False
9738,SITE-092,PART-7590,2025-12-12,EQ-6614,completed,4,0,False
9739,SITE-032,PART-6615,2024-01-23,EQ-2221,completed,3,0,False
9740,SITE-009,PART-9512,2024-02-03,EQ-7296,deferred,29,36,False
9741,SITE-093,PART-3781,2025-06-10,EQ-5163,open,10,30,False
9742,SITE-069,PART-2341,2025-04-28,EQ-7335,in_progress,24,28,False
9743,SITE-075,PART-8261,2025-02-05,EQ-1169,open,26,26,False
9744,SITE-006,PART-3030,2024-01-11,EQ-7100,in_progress,26,22,True
9745,SITE-091,PART-6209,2023-10-16,EQ-8770,in_progress,8,3,False
9746,SITE-093,PART-2036,2023-02-21,EQ-7833,deferred,24,9,False
9747,SITE-053,PART-1105,2024-05-20,EQ-7940,deferred,24,45,False
9748,SITE-037,PART-7189,2024-11-18,EQ-2466,awaiting_parts,14,43,False
9749,SITE-045,PART-8529,2023-06-19,EQ-8459,completed,7,0,False
9750,SITE-047,PART-5805,2023-10-22,EQ-5202,open,15,1,False
9751,SITE-052,PART-4538,2026-06-10,EQ-5748,deferred,6,14,False
9752,SITE-097,PART-3543,2023-01-06,EQ-1333,completed,2,0,False
9753,SITE-043,PART-2852,2023-06-28,EQ-1991,completed,10,0,False
9754,SITE-057,PART-9704,2024-08-13,EQ-2675,completed,7,0,False
9755,SITE-008,PART-2790,2024-05-28,EQ-4202,deferred,28,25,True
9756,SITE-007,PART-6805,2024-05-14,EQ-9101,deferred,6,9,False
9757,SITE-019,PART-5921,2023-07-09,EQ-4036,awaiting_parts,14,7,True
9758,SITE-098,PART-3015,2023-01-07,EQ-3715,in_progress,6,15,False
9759,SITE-032,PART-6299,2026-10-25,EQ-4125,awaiting_parts,18,10,False
9760,SITE-067,PART-3257,2025-05-10,EQ-8559,completed,1,0,False
9761,SITE-057,PART-1656,2026-12-03,EQ-5734,awaiting_parts,13,2,False
9762,SITE-058,PART-9167,2026-02-25,EQ-4123,awaiting_parts,3,30,False
9763,SITE-044,PART-2416,2023-03-06,EQ-4785,completed,5,0,False
9764,SITE-019,PART-5121,2026-04-20,EQ-9636,deferred,13,10,False
9765,SITE-056,PART-2131,2026-03-23,EQ-6064,open,15,42,False
9766,SITE-034,PART-5046,2024-01-04,EQ-4416,open,4,7,False
9767,SITE-076,PART-4543,2025-11-13,EQ-2304,deferred,15,28,False
9768,SITE-082,PART-3231,2024-01-18,EQ-5542,open,30,37,False
9769,SITE-099,PART-4228,2026-12-22,EQ-5277,completed,2,0,False
9770,SITE-075,PART-7045,2024-02-19,EQ-2839,open,28,43,False
9771,SITE-073,PART-2516,2024-08-09,EQ-8716,completed,7,0,False
9772,SITE-052,PART-2098,2024-05-10,EQ-7362,awaiting_parts,2,9,False
9773,SITE-017,PART-3109,2025-10-06,EQ-5917,completed,1,0,False
9774,SITE-097,PART-5133,2024-07-22,EQ-8981,deferred,22,13,False
9775,SITE-017,PART-8779,2026-02-10,EQ-5802,completed,1,0,False
9776,SITE-005,PART-5646,2023-05-17,EQ-6257,in_progress,19,19,False
9777,SITE-046,PART-2790,2026-08-17,EQ-4998,deferred,29,16,False
9778,SITE-085,PART-1335,2025-03-01,EQ-8714,open,26,2,False
9779,SITE-084,PART-1335,2024-02-18,EQ-6697,completed,1,0,False
9780,SITE-015,PART-7935,2026-12-27,EQ-5866,awaiting_parts,21,4,False
9781,SITE-088,PART-6572,2026-12-03,EQ-9678,open,10,20,False
9782,SITE-060,PART-8518,2024-12-05,EQ-6820,deferred,30,3,True
9783,SITE-031,PART-1656,2025-04-13,EQ-2762,awaiting_parts,4,13,False
9784,SITE-092,PART-9038,2023-07-12,EQ-7683,completed,2,0,False
9785,SITE-066,PART-5031,2024-07-08,EQ-1571,awaiting_parts,19,32,False
9786,SITE-019,PART-2276,2024-07-27,EQ-1566,in_progress,8,26,False
9787,SITE-037,PART-7298,2024-09-28,EQ-6624,deferred,22,45,False
9788,SITE-071,PART-3531,2026-03-15,EQ-6776,in_progress,5,43,False
9789,SITE-045,PART-9948,2026-08-27,EQ-1375,deferred,6,5,False
9790,SITE-016,PART-5646,2025-07-26,EQ-9557,deferred,24,31,False
9791,SITE-087,PART-8361,2024-07-10,EQ-5367,completed,4,0,False
9792,SITE-003,PART-7016,2026-05-02,EQ-5009,awaiting_parts,14,23,False
9793,SITE-016,PART-2526,2026-03-12,EQ-1588,open,22,6,False
9794,SITE-038,PART-2075,2026-11-09,EQ-2496,in_progress,13,19,False
9795,SITE-081,PART-2106,2026-02-27,EQ-6989,open,24,30,False
9796,SITE-062,PART-6903,2023-11-04,EQ-3891,deferred,25,37,False
9797,SITE-092,PART-1405,2025-06-18,EQ-1233,in_progress,21,42,False
9798,SITE-070,PART-7960,2024-08-11,EQ-1628,deferred,18,10,False
9799,SITE-002,PART-6574,2025-09-03,EQ-9257,deferred,3,38,False
9800,SITE-012,PART-2039,2024-07-08,EQ-8739,in_progress,29,5,False
9801,SITE-065,PART-3388,2024-09-23,EQ-7890,awaiting_parts,3,31,False
9802,SITE-078,PART-2852,2025-11-23,EQ-7990,open,21,45,False
9803,SITE-059,PART-1934,2023-11-28,EQ-5236,awaiting_parts,14,20,False
9804,SITE-100,PART-9204,2025-04-01,EQ-5713,deferred,3,34,False
9805,SITE-045,PART-2698,2024-05-01,EQ-8871,awaiting_parts,14,43,False
9806,SITE-034,PART-2739,2023-02-21,EQ-1053,completed,9,0,False
9807,SITE-014,PART-7056,2023-02-27,EQ-3120,open,9,17,True
9808,SITE-042,PART-3574,2024-01-16,EQ-7443,open,15,16,True
9809,SITE-013,PART-1416,2024-05-22,EQ-7857,open,5,3,False
9810,SITE-006,PART-4058,2026-04-16,EQ-3478,in_progress,7,7,False
9811,SITE-048,PART-9119,2024-06-07,EQ-1854,in_progress,11,32,False
9812,SITE-045,PART-6951,2024-03-14,EQ-2160,completed,4,0,False
9813,SITE-010,PART-4802,2026-04-28,EQ-8286,open,6,14,True
9814,SITE-063,PART-3937,2024-09-17,EQ-1434,completed,6,0,False
9815,SITE-091,PART-7144,2024-09-09,EQ-2977,deferred,30,32,False
9816,SITE-028,PART-2445,2023-12-26,EQ-3354,open,14,13,False
9817,SITE-061,PART-2896,2026-11-24,EQ-4242,deferred,23,8,False
9818,SITE-051,PART-1911,2024-08-22,EQ-6913,open,23,36,False
9819,SITE-006,PART-8254,2024-10-14,EQ-6484,deferred,8,19,False
9820,SITE-071,PART-8762,2024-06-11,EQ-2346,completed,1,0,False
9821,SITE-062,PART-6908,2024-03-25,EQ-4836,in_progress,24,36,False
9822,SITE-063,PART-4280,2025-01-23,EQ-6466,in_progress,7,44,True
9823,SITE-028,PART-3663,2026-09-25,EQ-9023,open,25,7,True
9824,SITE-090,PART-7138,2025-09-18,EQ-8281,awaiting_parts,26,7,False
9825,SITE-007,PART-8823,2026-10-24,EQ-2434,open,29,37,False
9826,SITE-067,PART-6108,2026-02-06,EQ-2382,open,1,36,False
9827,SITE-009,PART-7584,2026-03-16,EQ-3760,awaiting_parts,16,14,False
9828,SITE-050,PART-2135,2026-10-10,EQ-9601,deferred,13,42,False
9829,SITE-097,PART-3602,2026-01-08,EQ-8752,deferred,10,9,False
9830,SITE-065,PART-4181,2025-03-01,EQ-8670,open,8,1,False
9831,SITE-020,PART-1710,2023-12-06,EQ-4000,open,3,10,False
9832,SITE-013,PART-1236,2026-07-02,EQ-4488,deferred,26,15,False
9833,SITE-028,PART-5907,2025-03-18,EQ-3218,completed,9,0,False
9834,SITE-100,PART-7794,2026-08-25,EQ-7480,deferred,12,9,False
9835,SITE-017,PART-1456,2026-10-16,EQ-5265,in_progress,13,29,False
9836,SITE-074,PART-9119,2023-01-18,EQ-5760,awaiting_parts,26,10,False
9837,SITE-001,PART-8675,2026-02-28,EQ-5843,in_progress,14,27,False
9838,SITE-011,PART-6894,2023-02-06,EQ-4083,completed,0,0,False
9839,SITE-050,PART-5121,2024-01-06,EQ-4269,completed,8,0,True
9840,SITE-059,PART-3289,2024-07-04,EQ-2243,completed,3,0,True
9841,SITE-008,PART-1218,2025-04-19,EQ-8898,in_progress,8,44,True
9842,SITE-010,PART-2959,2024-05-28,EQ-9951,deferred,26,43,False
9843,SITE-007,PART-5037,2026-02-08,EQ-3721,open,24,1,True
9844,SITE-041,PART-5445,2024-12-27,EQ-1232,in_progress,21,29,False
9845,SITE-009,PART-9883,2023-10-06,EQ-6082,completed,2,0,False
9846,SITE-021,PART-7634,2026-05-23,EQ-8963,deferred,3,31,False
9847,SITE-094,PART-3819,2025-08-04,EQ-4706,awaiting_parts,6,41,False
9848,SITE-093,PART-5950,2024-04-26,EQ-3750,open,11,9,False
9849,SITE-070,PART-7250,2023-09-15,EQ-3083,in_progress,28,19,False
9850,SITE-031,PART-7156,2025-09-08,EQ-6166,completed,8,0,False
9851,SITE-094,PART-1225,2025-12-11,EQ-8391,deferred,10,2,False
9852,SITE-067,PART-1872,2023-05-10,EQ-5339,completed,1,0,False
9853,SITE-098,PART-6586,2024-02-02,EQ-8141,completed,10,0,False
9854,SITE-087,PART-1327,2024-10-02,EQ-8810,open,11,19,False
9855,SITE-030,PART-7590,2023-09-06,EQ-3121,awaiting_parts,30,33,True
9856,SITE-015,PART-7213,2023-02-11,EQ-3193,open,15,8,False
9857,SITE-048,PART-3739,2024-07-24,EQ-8204,completed,9,0,False
9858,SITE-035,PART-6787,2024-03-19,EQ-3457,in_progress,3,36,False
9859,SITE-012,PART-8625,2026-11-27,EQ-6969,in_progress,27,38,False
9860,SITE-055,PART-3109,2024-10-06,EQ-5275,deferred,22,12,True
9861,SITE-064,PART-4748,2024-05-23,EQ-9488,deferred,29,7,False
9862,SITE-014,PART-3103,2025-05-06,EQ-8314,completed,1,0,False
9863,SITE-028,PART-3258,2023-05-17,EQ-6930,deferred,5,24,False
9864,SITE-086,PART-2122,2024-01-09,EQ-6213,open,10,3,False
9865,SITE-032,PART-7672,2024-09-03,EQ-8882,completed,5,0,False
9866,SITE-052,PART-5225,2023-01-26,EQ-3351,open,11,38,False
9867,SITE-074,PART-4655,2026-12-12,EQ-8329,in_progress,24,7,False
9868,SITE-030,PART-9388,2025-01-24,EQ-4342,awaiting_parts,25,26,False
9869,SITE-097,PART-4238,2024-11-15,EQ-8106,open,30,20,False
9870,SITE-062,PART-4450,2023-03-25,EQ-1145,deferred,11,29,False
9871,SITE-064,PART-3130,2024-04-02,EQ-4806,awaiting_parts,7,4,False
9872,SITE-052,PART-9856,2026-11-11,EQ-9193,awaiting_parts,21,7,False
9873,SITE-020,PART-3246,2025-09-17,EQ-7891,open,8,2,False
9874,SITE-066,PART-1872,2023-03-10,EQ-2724,awaiting_parts,27,14,False
9875,SITE-099,PART-7183,2024-06-25,EQ-1734,deferred,23,34,False
9876,SITE-088,PART-1061,2025-04-16,EQ-2679,in_progress,9,12,False
9877,SITE-091,PART-1236,2026-09-28,EQ-6770,awaiting_parts,1,3,False
9878,SITE-007,PART-3349,2026-08-12,EQ-2786,in_progress,23,40,True
9879,SITE-073,PART-3869,2025-04-17,EQ-5099,awaiting_parts,23,10,False
9880,SITE-016,PART-1891,2024-11-07,EQ-9595,awaiting_parts,16,13,False
9881,SITE-099,PART-3291,2025-01-17,EQ-4110,open,20,12,False
9882,SITE-032,PART-4781,2024-04-22,EQ-2122,awaiting_parts,21,29,True
9883,SITE-063,PART-2116,2026-01-03,EQ-1223,in_progress,29,30,False
9884,SITE-003,PART-2046,2025-03-13,EQ-1215,open,1,18,False
9885,SITE-011,PART-2464,2025-12-04,EQ-3092,completed,2,0,True
9886,SITE-037,PART-8007,2023-05-01,EQ-4091,awaiting_parts,3,4,False
9887,SITE-033,PART-5999,2024-02-01,EQ-9663,open,25,40,False
9888,SITE-009,PART-7345,2023-11-25,EQ-2171,open,21,30,False
9889,SITE-074,PART-6153,2023-11-13,EQ-5157,completed,7,0,False
9890,SITE-067,PART-8959,2026-08-07,EQ-6897,completed,7,0,True
9891,SITE-081,PART-4802,2024-11-06,EQ-8852,completed,1,0,False
9892,SITE-067,PART-3182,2025-07-20,EQ-9408,open,21,27,False
9893,SITE-048,PART-1937,2025-02-01,EQ-9419,in_progress,2,29,False
9894,SITE-033,PART-3808,2025-05-04,EQ-5610,deferred,18,1,False
9895,SITE-015,PART-8025,2026-03-22,EQ-1593,awaiting_parts,23,42,False
9896,SITE-049,PART-8874,2024-07-24,EQ-2362,deferred,10,21,False
9897,SITE-044,PART-9921,2023-12-16,EQ-2447,in_progress,12,2,False
9898,SITE-069,PART-1768,2025-05-12,EQ-1497,deferred,4,43,False
9899,SITE-090,PART-5127,2026-05-08,EQ-1110,completed,0,0,False
9900,SITE-091,PART-4335,2024-04-28,EQ-3625,deferred,27,34,False
9901,SITE-056,PART-1737,2026-12-07,EQ-3316,completed,1,0,False
9902,SITE-006,PART-5646,2023-04-08,EQ-9408,open,12,16,False
9903,SITE-016,PART-1759,2025-10-27,EQ-2893,in_progress,6,34,False
9904,SITE-077,PART-8488,2025-02-15,EQ-7731,in_progress,20,4,False
9905,SITE-035,PART-9292,2023-05-04,EQ-6624,completed,9,0,False
9906,SITE-093,PART-1759,2023-04-07,EQ-2172,open,13,7,False
9907,SITE-075,PART-3548,2025-02-13,EQ-4978,in_progress,13,38,False
9908,SITE-014,PART-4582,2023-12-16,EQ-2114,in_progress,9,35,False
9909,SITE-055,PART-7606,2024-07-11,EQ-7198,completed,9,0,False
9910,SITE-071,PART-6371,2024-02-24,EQ-5021,deferred,25,22,False
9911,SITE-031,PART-8084,2026-09-26,EQ-1554,deferred,27,26,False
9912,SITE-010,PART-6586,2023-06-20,EQ-4033,in_progress,9,25,False
9913,SITE-009,PART-2213,2023-02-06,EQ-4341,open,15,29,False
9914,SITE-043,PART-4277,2024-04-12,EQ-9887,in_progress,26,5,False
9915,SITE-048,PART-7578,2024-02-24,EQ-2718,awaiting_parts,10,13,False
9916,SITE-039,PART-6286,2025-10-14,EQ-2751,awaiting_parts,6,1,True
9917,SITE-056,PART-8690,2026-01-21,EQ-9594,awaiting_parts,8,24,False
9918,SITE-002,PART-7290,2024-07-11,EQ-4474,open,22,26,False
9919,SITE-045,PART-2068,2024-08-28,EQ-4966,in_progress,24,36,True
9920,SITE-088,PART-4128,2026-02-24,EQ-5990,in_progress,5,1,False
9921,SITE-098,PART-1816,2024-07-08,EQ-3056,awaiting_parts,17,26,False
9922,SITE-015,PART-6913,2023-02-12,EQ-2617,open,1,38,False
9923,SITE-037,PART-7488,2023-02-11,EQ-3041,completed,3,0,False
9924,SITE-009,PART-5668,2026-03-13,EQ-2462,deferred,10,29,False
9925,SITE-060,PART-4297,2025-05-06,EQ-6370,completed,2,0,False
9926,SITE-090,PART-8841,2025-02-10,EQ-2873,awaiting_parts,3,1,True
9927,SITE-007,PART-9297,2026-09-02,EQ-9506,open,25,45,False
9928,SITE-068,PART-2295,2024-03-24,EQ-4479,open,29,23,False
9929,SITE-068,PART-3781,2023-02-18,EQ-7246,completed,1,0,False
9930,SITE-045,PART-2127,2024-10-16,EQ-5542,in_progress,26,22,False
9931,SITE-059,PART-4908,2026-02-13,EQ-8541,open,30,33,False
9932,SITE-087,PART-8427,2025-07-20,EQ-8809,completed,3,0,False
9933,SITE-071,PART-2699,2024-01-26,EQ-9165,deferred,9,26,False
9934,SITE-037,PART-9758,2024-06-08,EQ-1435,open,15,3,False
9935,SITE-096,PART-7745,2023-01-25,EQ-5008,in_progress,21,8,False
9936,SITE-006,PART-9128,2024-10-08,EQ-2961,completed,4,0,False
9937,SITE-021,PART-9216,2024-11-25,EQ-8781,open,15,27,False
9938,SITE-024,PART-4297,2025-10-22,EQ-6325,completed,3,0,False
9939,SITE-023,PART-8555,2024-03-23,EQ-5870,awaiting_parts,11,30,False
9940,SITE-100,PART-5749,2025-06-21,EQ-4168,deferred,4,21,False
9941,SITE-031,PART-3257,2026-02-07,EQ-8383,open,6,43,False
9942,SITE-083,PART-1852,2023-01-16,EQ-7916,awaiting_parts,23,20,False
9943,SITE-002,PART-7121,2023-08-04,EQ-7027,deferred,5,26,False
9944,SITE-097,PART-5298,2023-05-18,EQ-3287,open,30,41,False
9945,SITE-063,PART-4247,2024-07-03,EQ-8328,in_progress,7,44,False
9946,SITE-079,PART-1124,2026-07-07,EQ-2750,open,11,34,False
9947,SITE-048,PART-2487,2026-04-24,EQ-6700,completed,10,0,False
9948,SITE-050,PART-1945,2024-01-02,EQ-3601,open,5,28,False
9949,SITE-059,PART-2451,2023-12-27,EQ-5819,completed,3,0,False
9950,SITE-100,PART-8199,2024-12-24,EQ-7237,completed,8,0,False
9951,SITE-085,PART-6355,2024-12-07,EQ-9642,open,16,43,False
9952,SITE-098,PART-7823,2024-06-15,EQ-2563,deferred,28,38,False
9953,SITE-066,PART-8727,2023-05-08,EQ-1396,open,24,1,False
9954,SITE-015,PART-9292,2023-03-28,EQ-8532,deferred,3,28,False
9955,SITE-035,PART-2341,2026-08-11,EQ-6139,in_progress,5,24,False
9956,SITE-024,PART-4997,2024-05-24,EQ-4048,in_progress,25,36,False
9957,SITE-064,PART-6586,2023-05-06,EQ-9552,awaiting_parts,11,22,False
9958,SITE-046,PART-7203,2024-03-22,EQ-4233,open,21,10,False
9959,SITE-009,PART-7578,2025-11-25,EQ-8050,open,11,41,False
9960,SITE-091,PART-9121,2024-01-03,EQ-5300,completed,2,0,False
9961,SITE-048,PART-3867,2026-04-08,EQ-7998,in_progress,18,2,False
9962,SITE-058,PART-3655,2023-03-19,EQ-4416,deferred,3,44,False
9963,SITE-079,PART-8420,2026-07-16,EQ-6108,in_progress,17,4,False
9964,SITE-064,PART-1496,2023-03-23,EQ-6104,deferred,9,38,False
9965,SITE-040,PART-3070,2024-10-14,EQ-3205,completed,9,0,False
9966,SITE-003,PART-8874,2023-06-28,EQ-4808,open,29,26,True
9967,SITE-002,PART-7442,2024-08-20,EQ-4837,awaiting_parts,7,10,True
9968,SITE-090,PART-1496,2023-07-05,EQ-5360,deferred,25,39,False
9969,SITE-067,PART-4694,2026-08-22,EQ-5123,completed,2,0,False
9970,SITE-002,PART-4206,2024-01-04,EQ-6425,awaiting_parts,25,30,False
9971,SITE-033,PART-9334,2025-02-09,EQ-6070,completed,9,0,False
9972,SITE-023,PART-1049,2023-08-27,EQ-6334,open,22,17,False
9973,SITE-097,PART-6330,2023-07-22,EQ-3788,deferred,9,11,False
9974,SITE-006,PART-2035,2025-05-19,EQ-7219,deferred,1,7,True
9975,SITE-037,PART-5121,2025-12-07,EQ-6287,awaiting_parts,11,6,False
9976,SITE-074,PART-8199,2024-02-22,EQ-9659,awaiting_parts,17,20,False
9977,SITE-088,PART-4219,2024-06-26,EQ-1733,deferred,15,33,True
9978,SITE-054,PART-5180,2024-07-09,EQ-6252,in_progress,25,36,False
9979,SITE-099,PART-1945,2024-10-06,EQ-3925,deferred,13,42,False
9980,SITE-086,PART-6236,2024-03-05,EQ-5398,open,14,44,False
9981,SITE-026,PART-6069,2024-09-23,EQ-1005,deferred,21,28,False
9982,SITE-066,PART-6209,2023-12-17,EQ-8430,awaiting_parts,2,14,False
9983,SITE-031,PART-8355,2023-07-06,EQ-7608,deferred,18,28,False
9984,SITE-016,PART-2189,2024-05-08,EQ-8407,awaiting_parts,1,6,True
9985,SITE-006,PART-5661,2023-10-13,EQ-8863,completed,4,0,False
9986,SITE-091,PART-2416,2024-08-09,EQ-4881,in_progress,22,31,False
9987,SITE-089,PART-9564,2025-02-01,EQ-9678,in_progress,27,17,False
9988,SITE-059,PART-1456,2025-07-26,EQ-9559,deferred,14,45,False
9989,SITE-031,PART-3731,2026-04-19,EQ-4072,in_progress,15,18,False
9990,SITE-004,PART-8916,2024-02-14,EQ-9987,in_progress,9,10,False
9991,SITE-070,PART-8008,2023-11-26,EQ-5655,open,22,34,False
9992,SITE-034,PART-5321,2024-07-21,EQ-5935,open,10,20,False
9993,SITE-050,PART-9993,2026-01-19,EQ-5083,in_progress,6,35,False
9994,SITE-076,PART-4762,2023-01-19,EQ-5335,open,14,29,False
9995,SITE-060,PART-8916,2023-07-10,EQ-1995,deferred,6,25,False
9996,SITE-032,PART-1660,2024-09-12,EQ-3202,completed,7,0,False
9997,SITE-089,PART-7563,2023-02-07,EQ-4081,deferred,19,7,True
9998,SITE-032,PART-2434,2026-08-17,EQ-7948,open,28,32,True
9999,SITE-031,PART-1496,2026-10-14,EQ-6212,awaiting_parts,7,15,False
10000,SITE-072,PART-5696,2026-03-11,EQ-7379,in_progress,25,28,False
