shipment_id,site_id,part_id,ship_date,expected_delivery_date,actual_delivery_date,quantity_shipped,shipment_status,delayed_flag,delay_days
1,SITE-032,PART-8488,2026-10-06,2026-10-13,2026-10-13,711,shipped,False,0
2,SITE-094,PART-4844,2026-05-11,2026-05-21,2026-05-26,298,pending,True,5
3,SITE-006,PART-3798,2026-01-27,2026-02-04,2026-02-04,873,shipped,False,0
4,SITE-058,PART-7746,2026-12-04,2026-12-10,2026-12-25,481,pending,True,15
5,SITE-036,PART-3392,2026-11-16,2026-11-23,2026-11-22,648,pending,False,0
6,SITE-042,PART-2434,2025-11-18,2025-11-21,2025-11-28,704,shipped,True,7
7,SITE-050,PART-1873,2025-03-21,2025-03-30,2025-03-30,10,shipped,False,0
8,SITE-086,PART-1214,2026-05-25,2026-06-02,2026-06-01,728,delivered,False,0
9,SITE-072,PART-6355,2025-06-20,2025-06-27,2025-06-25,738,delivered,False,0
10,SITE-037,PART-2445,2025-01-26,2025-01-31,2025-01-31,401,shipped,False,0
11,SITE-087,PART-1376,2026-08-26,2026-09-03,2026-09-02,529,delivered,False,0
12,SITE-075,PART-1402,2026-08-20,2026-08-26,2026-08-24,950,shipped,False,0
13,SITE-094,PART-7388,2025-03-27,2025-04-02,2025-03-31,597,delivered,False,0
14,SITE-017,PART-4137,2026-04-22,2026-04-30,2026-04-30,966,pending,False,0
15,SITE-001,PART-9271,2025-09-08,2025-09-18,2025-09-17,645,shipped,False,0
16,SITE-013,PART-3130,2025-06-10,2025-06-16,2025-06-16,594,pending,False,0
17,SITE-060,PART-1783,2026-03-05,2026-03-10,2026-03-09,991,pending,False,0
18,SITE-028,PART-3030,2026-08-14,2026-08-23,2026-08-22,680,shipped,False,0
19,SITE-088,PART-4545,2025-01-03,2025-01-06,2025-01-04,136,shipped,False,0
20,SITE-048,PART-1225,2025-01-15,2025-01-23,2025-01-21,380,delivered,False,0
21,SITE-049,PART-3655,2025-10-07,2025-10-11,2025-10-24,171,shipped,True,13
22,SITE-088,PART-2213,2026-01-03,2026-01-10,2026-01-14,150,pending,True,4
23,SITE-032,PART-6628,2025-03-23,2025-04-01,2025-04-01,5,delivered,False,0
24,SITE-006,PART-3323,2025-03-06,2025-03-09,2025-03-08,112,delivered,False,0
25,SITE-075,PART-8181,2026-12-27,2026-12-31,2026-12-29,150,shipped,False,0
26,SITE-044,PART-5743,2026-04-23,2026-05-03,2026-05-03,74,pending,False,0
27,SITE-058,PART-3103,2025-08-12,2025-08-16,2025-08-14,615,delivered,False,0
28,SITE-081,PART-4829,2025-02-06,2025-02-14,2025-02-13,245,pending,False,0
29,SITE-060,PART-1474,2025-08-14,2025-08-18,2025-08-28,73,shipped,True,10
30,SITE-052,PART-7792,2026-04-26,2026-05-02,2026-05-02,568,delivered,False,0
31,SITE-004,PART-3655,2026-11-10,2026-11-19,2026-11-19,938,shipped,False,0
32,SITE-045,PART-1744,2026-10-02,2026-10-08,2026-10-07,572,shipped,False,0
33,SITE-036,PART-8762,2025-08-04,2025-08-13,2025-08-13,61,pending,False,0
34,SITE-006,PART-1088,2025-06-03,2025-06-08,2025-06-08,778,shipped,False,0
35,SITE-070,PART-5648,2025-07-15,2025-07-24,2025-07-23,735,pending,False,0
36,SITE-012,PART-6412,2026-04-26,2026-05-02,2026-05-01,479,delivered,False,0
37,SITE-020,PART-4694,2026-01-09,2026-01-19,2026-01-18,855,pending,False,0
38,SITE-096,PART-1524,2026-02-09,2026-02-17,2026-02-15,103,delivered,False,0
39,SITE-072,PART-7413,2026-05-16,2026-05-19,2026-05-17,35,delivered,False,0
40,SITE-098,PART-4382,2025-05-25,2025-05-31,2025-05-30,321,delivered,False,0
41,SITE-011,PART-5193,2025-12-24,2025-12-31,2025-12-30,99,delivered,False,0
42,SITE-055,PART-8384,2026-08-15,2026-08-25,2026-08-24,322,shipped,False,0
43,SITE-089,PART-3549,2026-11-23,2026-11-30,2026-11-29,213,shipped,False,0
44,SITE-084,PART-3504,2025-04-15,2025-04-20,2025-05-02,475,delivered,True,12
45,SITE-013,PART-8219,2026-09-07,2026-09-14,2026-09-21,98,pending,True,7
46,SITE-097,PART-2003,2025-06-02,2025-06-06,2025-06-06,380,pending,False,0
47,SITE-019,PART-7211,2026-10-22,2026-10-28,2026-10-26,760,pending,False,0
48,SITE-075,PART-2699,2025-04-11,2025-04-18,2025-04-16,253,pending,False,0
49,SITE-079,PART-2099,2026-09-09,2026-09-16,2026-09-16,561,delivered,False,0
50,SITE-065,PART-3896,2026-05-01,2026-05-07,2026-05-06,220,delivered,False,0
51,SITE-061,PART-2380,2026-08-08,2026-08-14,2026-08-12,662,delivered,False,0
52,SITE-040,PART-1575,2026-12-15,2026-12-22,2027-01-03,854,delivered,True,12
53,SITE-083,PART-3663,2026-07-23,2026-07-30,2026-07-29,18,pending,False,0
54,SITE-073,PART-9994,2026-07-28,2026-08-07,2026-08-06,674,shipped,False,0
55,SITE-060,PART-4505,2025-08-28,2025-09-02,2025-09-02,7,delivered,False,0
56,SITE-076,PART-1061,2025-07-18,2025-07-24,2025-07-24,926,delivered,False,0
57,SITE-031,PART-5172,2026-03-01,2026-03-08,2026-03-08,747,pending,False,0
58,SITE-097,PART-3704,2025-03-25,2025-04-01,2025-04-01,989,delivered,False,0
59,SITE-087,PART-5354,2025-09-27,2025-10-04,2025-10-03,574,shipped,False,0
60,SITE-098,PART-7991,2026-02-05,2026-02-13,2026-02-13,219,delivered,False,0
61,SITE-080,PART-3280,2026-08-22,2026-08-28,2026-08-26,595,pending,False,0
62,SITE-052,PART-9077,2026-02-17,2026-02-22,2026-02-22,459,pending,False,0
63,SITE-099,PART-4713,2025-10-14,2025-10-24,2025-10-24,119,shipped,False,0
64,SITE-032,PART-1506,2025-10-25,2025-11-02,2025-11-05,142,delivered,True,3
65,SITE-033,PART-2283,2025-02-23,2025-03-04,2025-03-03,650,shipped,False,0
66,SITE-010,PART-6112,2026-11-20,2026-11-23,2026-11-23,596,shipped,False,0
67,SITE-034,PART-1534,2026-05-19,2026-05-25,2026-05-25,247,delivered,False,0
68,SITE-042,PART-5133,2025-04-28,2025-05-02,2025-04-30,30,shipped,False,0
69,SITE-047,PART-3917,2026-06-01,2026-06-10,2026-06-09,200,pending,False,0
70,SITE-033,PART-1987,2025-12-26,2026-01-03,2026-01-03,547,delivered,False,0
71,SITE-040,PART-3251,2025-08-21,2025-08-29,2025-08-29,809,shipped,False,0
72,SITE-098,PART-1710,2026-03-18,2026-03-25,2026-03-23,290,delivered,False,0
73,SITE-074,PART-5004,2025-11-07,2025-11-13,2025-11-21,390,pending,True,8
74,SITE-024,PART-6784,2026-10-26,2026-10-29,2026-10-28,736,delivered,False,0
75,SITE-084,PART-8199,2025-07-17,2025-07-21,2025-07-20,367,delivered,False,0
76,SITE-050,PART-2946,2025-03-28,2025-04-04,2025-04-02,63,pending,False,0
77,SITE-071,PART-4335,2025-11-21,2025-11-29,2025-11-27,915,pending,False,0
78,SITE-004,PART-7782,2026-02-10,2026-02-13,2026-02-12,827,pending,False,0
79,SITE-042,PART-6183,2025-11-10,2025-11-20,2025-11-20,725,delivered,False,0
80,SITE-019,PART-5664,2026-12-15,2026-12-21,2026-12-20,207,pending,False,0
81,SITE-009,PART-7237,2026-08-16,2026-08-21,2026-08-19,420,pending,False,0
82,SITE-071,PART-2331,2025-04-28,2025-05-05,2025-05-03,717,pending,False,0
83,SITE-045,PART-3553,2025-09-28,2025-10-02,2025-09-30,419,shipped,False,0
84,SITE-022,PART-4238,2026-04-22,2026-04-28,2026-04-26,77,delivered,False,0
85,SITE-092,PART-2131,2026-12-02,2026-12-05,2026-12-05,321,delivered,False,0
86,SITE-042,PART-6819,2026-11-27,2026-11-30,2026-11-30,220,delivered,False,0
87,SITE-007,PART-1376,2025-09-13,2025-09-16,2025-09-14,517,shipped,False,0
88,SITE-040,PART-2766,2025-07-14,2025-07-18,2025-07-17,920,delivered,False,0
89,SITE-040,PART-1816,2025-03-10,2025-03-19,2025-03-18,503,shipped,False,0
90,SITE-009,PART-6122,2025-03-14,2025-03-22,2025-03-21,822,pending,False,0
91,SITE-036,PART-2317,2025-05-01,2025-05-09,2025-05-11,636,delivered,True,2
92,SITE-041,PART-9564,2025-12-08,2025-12-11,2025-12-09,721,pending,False,0
93,SITE-045,PART-9329,2026-02-19,2026-02-26,2026-03-08,317,delivered,True,10
94,SITE-047,PART-2698,2026-10-12,2026-10-19,2026-10-19,34,delivered,False,0
95,SITE-087,PART-7159,2026-02-10,2026-02-16,2026-02-14,377,delivered,False,0
96,SITE-059,PART-2779,2025-07-07,2025-07-14,2025-07-14,269,shipped,False,0
97,SITE-095,PART-5070,2025-10-04,2025-10-10,2025-10-19,207,pending,True,9
98,SITE-048,PART-9337,2025-03-06,2025-03-11,2025-03-11,951,delivered,False,0
99,SITE-049,PART-3867,2026-02-09,2026-02-15,2026-02-14,840,shipped,False,0
100,SITE-095,PART-1647,2026-08-24,2026-09-02,2026-09-01,857,shipped,False,0
101,SITE-064,PART-3531,2026-06-25,2026-06-28,2026-06-28,552,pending,False,0
102,SITE-028,PART-5652,2025-07-10,2025-07-17,2025-07-17,753,delivered,False,0
103,SITE-037,PART-4216,2025-04-10,2025-04-15,2025-04-27,429,delivered,True,12
104,SITE-091,PART-5011,2025-05-01,2025-05-06,2025-05-06,663,delivered,False,0
105,SITE-090,PART-4309,2026-01-04,2026-01-10,2026-01-10,572,pending,False,0
106,SITE-003,PART-1347,2025-02-14,2025-02-18,2025-02-17,318,shipped,False,0
107,SITE-069,PART-7735,2025-08-25,2025-09-03,2025-09-01,708,delivered,False,0
108,SITE-091,PART-6762,2026-04-03,2026-04-09,2026-04-09,485,shipped,False,0
109,SITE-086,PART-1032,2025-03-14,2025-03-21,2025-03-19,219,pending,False,0
110,SITE-037,PART-5238,2025-10-06,2025-10-15,2025-10-13,714,delivered,False,0
111,SITE-043,PART-2430,2026-07-24,2026-07-30,2026-07-28,31,shipped,False,0
112,SITE-070,PART-6349,2026-08-26,2026-09-05,2026-09-04,241,delivered,False,0
113,SITE-055,PART-5193,2026-11-21,2026-11-29,2026-11-28,526,delivered,False,0
114,SITE-072,PART-1366,2026-07-13,2026-07-18,2026-07-17,529,shipped,False,0
115,SITE-085,PART-8695,2025-12-10,2025-12-17,2025-12-17,606,delivered,False,0
116,SITE-054,PART-6829,2025-11-24,2025-12-02,2025-12-01,985,delivered,False,0
117,SITE-072,PART-6371,2026-07-14,2026-07-17,2026-07-15,416,delivered,False,0
118,SITE-031,PART-7121,2026-11-05,2026-11-14,2026-11-13,601,shipped,False,0
119,SITE-058,PART-9679,2026-06-24,2026-07-02,2026-06-30,628,shipped,False,0
120,SITE-033,PART-4092,2026-08-01,2026-08-09,2026-08-08,813,delivered,False,0
121,SITE-013,PART-8355,2026-05-22,2026-05-28,2026-05-26,865,pending,False,0
122,SITE-059,PART-4942,2025-07-02,2025-07-05,2025-07-04,827,delivered,False,0
123,SITE-076,PART-8163,2026-09-28,2026-10-02,2026-10-01,751,pending,False,0
124,SITE-055,PART-8537,2026-11-25,2026-12-05,2026-12-04,921,pending,False,0
125,SITE-065,PART-9739,2026-09-11,2026-09-15,2026-09-15,251,pending,False,0
126,SITE-056,PART-4918,2025-02-09,2025-02-14,2025-02-12,177,pending,False,0
127,SITE-096,PART-8994,2026-06-07,2026-06-15,2026-06-14,605,shipped,False,0
128,SITE-008,PART-4014,2026-12-22,2026-12-25,2026-12-25,343,pending,False,0
129,SITE-025,PART-1366,2026-07-08,2026-07-12,2026-07-10,228,delivered,False,0
130,SITE-029,PART-6975,2026-02-01,2026-02-10,2026-02-09,891,shipped,False,0
131,SITE-089,PART-4228,2026-10-01,2026-10-08,2026-10-08,370,shipped,False,0
132,SITE-025,PART-1632,2025-05-28,2025-06-03,2025-06-01,315,pending,False,0
133,SITE-014,PART-7578,2026-01-21,2026-01-26,2026-01-29,620,pending,True,3
134,SITE-017,PART-8758,2025-03-12,2025-03-17,2025-03-15,806,pending,False,0
135,SITE-012,PART-4277,2026-02-24,2026-03-03,2026-03-03,917,pending,False,0
136,SITE-099,PART-7213,2026-07-12,2026-07-17,2026-07-15,956,pending,False,0
137,SITE-009,PART-6829,2026-03-12,2026-03-21,2026-03-19,781,delivered,False,0
138,SITE-001,PART-5543,2025-09-11,2025-09-16,2025-09-14,529,delivered,False,0
139,SITE-005,PART-8202,2025-03-15,2025-03-21,2025-03-21,508,shipped,False,0
140,SITE-062,PART-6944,2026-02-25,2026-03-04,2026-03-04,541,pending,False,0
141,SITE-063,PART-2739,2025-10-27,2025-11-04,2025-11-03,149,delivered,False,0
142,SITE-062,PART-2802,2025-01-10,2025-01-18,2025-01-16,435,shipped,False,0
143,SITE-080,PART-5543,2026-05-23,2026-05-31,2026-06-13,637,shipped,True,13
144,SITE-022,PART-7578,2026-05-15,2026-05-18,2026-05-16,981,delivered,False,0
145,SITE-086,PART-6709,2026-02-10,2026-02-18,2026-02-16,83,pending,False,0
146,SITE-088,PART-9679,2025-08-16,2025-08-22,2025-08-21,128,shipped,False,0
147,SITE-033,PART-5186,2025-04-20,2025-04-28,2025-04-26,916,delivered,False,0
148,SITE-017,PART-2213,2025-05-24,2025-06-03,2025-06-01,932,delivered,False,0
149,SITE-094,PART-2100,2025-11-25,2025-12-05,2025-12-04,839,shipped,False,0
150,SITE-060,PART-2867,2026-05-20,2026-05-29,2026-05-28,301,pending,False,0
151,SITE-036,PART-2994,2025-09-12,2025-09-15,2025-09-15,428,delivered,False,0
152,SITE-051,PART-5873,2026-01-07,2026-01-12,2026-01-21,244,shipped,True,9
153,SITE-044,PART-7211,2025-08-13,2025-08-16,2025-08-14,778,pending,False,0
154,SITE-092,PART-6944,2025-10-19,2025-10-27,2025-10-31,285,delivered,True,4
155,SITE-036,PART-1061,2025-09-21,2025-09-26,2025-09-24,319,pending,False,0
156,SITE-081,PART-2003,2026-02-27,2026-03-09,2026-03-07,301,shipped,False,0
157,SITE-041,PART-5646,2025-11-20,2025-11-23,2025-11-23,273,delivered,False,0
158,SITE-077,PART-9211,2025-12-24,2026-01-03,2026-01-01,945,shipped,False,0
159,SITE-028,PART-6293,2026-05-20,2026-05-29,2026-05-28,743,delivered,False,0
160,SITE-072,PART-2802,2025-12-05,2025-12-08,2025-12-07,476,shipped,False,0
161,SITE-037,PART-6854,2025-10-20,2025-10-26,2025-10-25,805,pending,False,0
162,SITE-014,PART-1817,2025-08-17,2025-08-24,2025-08-24,187,pending,False,0
163,SITE-051,PART-4543,2026-04-05,2026-04-08,2026-04-06,86,pending,False,0
164,SITE-003,PART-6324,2026-02-24,2026-02-28,2026-02-26,505,shipped,False,0
165,SITE-025,PART-4829,2026-08-23,2026-08-31,2026-09-10,565,shipped,True,10
166,SITE-090,PART-6153,2025-09-13,2025-09-21,2025-09-19,976,delivered,False,0
167,SITE-100,PART-3392,2026-09-27,2026-10-04,2026-10-03,53,delivered,False,0
168,SITE-005,PART-4836,2026-07-14,2026-07-24,2026-08-06,878,delivered,True,13
169,SITE-068,PART-2499,2026-03-19,2026-03-25,2026-03-24,583,delivered,False,0
170,SITE-063,PART-3819,2025-06-17,2025-06-26,2025-06-29,427,shipped,True,3
171,SITE-045,PART-8780,2025-12-09,2025-12-16,2025-12-16,882,shipped,False,0
172,SITE-044,PART-9775,2025-09-05,2025-09-10,2025-09-10,358,pending,False,0
173,SITE-096,PART-6023,2026-05-14,2026-05-22,2026-05-27,309,shipped,True,5
174,SITE-057,PART-8423,2025-12-26,2026-01-02,2026-01-02,462,delivered,False,0
175,SITE-037,PART-5219,2026-12-20,2026-12-23,2026-12-22,755,delivered,False,0
176,SITE-011,PART-4694,2025-04-01,2025-04-10,2025-04-10,871,pending,False,0
177,SITE-090,PART-7042,2025-11-15,2025-11-22,2025-11-22,333,delivered,False,0
178,SITE-041,PART-9623,2025-06-22,2025-06-30,2025-06-29,998,shipped,False,0
179,SITE-077,PART-9371,2026-02-26,2026-03-01,2026-02-27,44,pending,False,0
180,SITE-053,PART-8723,2025-04-06,2025-04-09,2025-04-07,65,delivered,False,0
181,SITE-010,PART-6768,2025-11-26,2025-12-03,2025-12-03,856,pending,False,0
182,SITE-090,PART-7366,2025-02-21,2025-02-26,2025-02-24,246,shipped,False,0
183,SITE-083,PART-5073,2025-12-17,2025-12-21,2025-12-19,138,shipped,False,0
184,SITE-058,PART-5648,2026-10-08,2026-10-12,2026-10-18,654,delivered,True,6
185,SITE-078,PART-5961,2025-05-09,2025-05-14,2025-05-12,858,shipped,False,0
186,SITE-096,PART-4062,2025-04-21,2025-04-25,2025-04-25,233,shipped,False,0
187,SITE-100,PART-9432,2026-12-15,2026-12-22,2026-12-21,394,shipped,False,0
188,SITE-017,PART-3808,2025-01-08,2025-01-13,2025-01-11,653,pending,False,0
189,SITE-078,PART-2052,2025-05-25,2025-06-01,2025-05-31,868,delivered,False,0
190,SITE-037,PART-1921,2026-11-12,2026-11-21,2026-11-20,170,shipped,False,0
191,SITE-067,PART-5183,2026-09-03,2026-09-11,2026-09-09,235,pending,False,0
192,SITE-040,PART-7935,2025-06-05,2025-06-15,2025-06-13,657,shipped,False,0
193,SITE-057,PART-4062,2025-08-18,2025-08-24,2025-08-24,607,shipped,False,0
194,SITE-070,PART-4260,2025-05-19,2025-05-25,2025-05-25,642,delivered,False,0
195,SITE-073,PART-3323,2025-03-15,2025-03-20,2025-03-20,178,shipped,False,0
196,SITE-030,PART-6031,2026-11-18,2026-11-26,2026-11-26,676,pending,False,0
197,SITE-067,PART-6797,2025-03-09,2025-03-17,2025-03-15,952,pending,False,0
198,SITE-015,PART-2946,2025-02-28,2025-03-07,2025-03-06,778,shipped,False,0
199,SITE-001,PART-2946,2025-01-28,2025-02-02,2025-01-31,668,pending,False,0
200,SITE-054,PART-8219,2026-02-21,2026-03-01,2026-02-28,321,delivered,False,0
201,SITE-043,PART-4181,2026-07-10,2026-07-17,2026-07-17,762,shipped,False,0
202,SITE-081,PART-1632,2025-03-27,2025-03-30,2025-03-28,748,shipped,False,0
203,SITE-060,PART-4802,2025-01-14,2025-01-24,2025-01-24,787,shipped,False,0
204,SITE-012,PART-3030,2026-12-08,2026-12-17,2026-12-17,443,shipped,False,0
205,SITE-050,PART-7384,2025-06-04,2025-06-09,2025-06-08,388,delivered,False,0
206,SITE-041,PART-7366,2026-09-05,2026-09-15,2026-09-13,681,delivered,False,0
207,SITE-005,PART-7138,2025-10-25,2025-10-28,2025-10-28,626,delivered,False,0
208,SITE-063,PART-6719,2026-05-15,2026-05-23,2026-05-21,55,shipped,False,0
209,SITE-014,PART-3822,2026-06-10,2026-06-15,2026-06-13,696,shipped,False,0
210,SITE-023,PART-2131,2026-08-01,2026-08-05,2026-08-03,522,delivered,False,0
211,SITE-029,PART-7156,2025-04-06,2025-04-09,2025-04-09,155,delivered,False,0
212,SITE-009,PART-6991,2026-04-21,2026-05-01,2026-04-30,262,pending,False,0
213,SITE-073,PART-3030,2026-06-06,2026-06-10,2026-06-17,590,shipped,True,7
214,SITE-100,PART-6412,2026-03-20,2026-03-24,2026-03-24,328,shipped,False,0
215,SITE-084,PART-7971,2026-06-15,2026-06-18,2026-06-16,605,pending,False,0
216,SITE-023,PART-9933,2025-12-28,2026-01-07,2026-01-06,76,shipped,False,0
217,SITE-066,PART-3995,2025-10-28,2025-11-03,2025-11-01,331,pending,False,0
218,SITE-074,PART-7634,2026-10-19,2026-10-25,2026-10-25,746,pending,False,0
219,SITE-030,PART-8986,2026-08-19,2026-08-26,2026-08-26,33,shipped,False,0
220,SITE-088,PART-1147,2025-05-18,2025-05-22,2025-05-20,298,delivered,False,0
221,SITE-052,PART-2653,2026-04-21,2026-04-29,2026-04-29,878,shipped,False,0
222,SITE-004,PART-1264,2025-04-14,2025-04-18,2025-04-17,799,shipped,False,0
223,SITE-044,PART-4198,2025-03-01,2025-03-07,2025-03-05,716,delivered,False,0
224,SITE-081,PART-7739,2025-05-21,2025-05-28,2025-05-26,126,pending,False,0
225,SITE-047,PART-9458,2025-01-23,2025-02-02,2025-02-01,985,delivered,False,0
226,SITE-001,PART-4906,2025-01-22,2025-01-30,2025-01-29,219,delivered,False,0
227,SITE-029,PART-7625,2025-12-20,2025-12-29,2025-12-28,400,shipped,False,0
228,SITE-056,PART-7042,2025-02-25,2025-03-07,2025-03-07,465,shipped,False,0
229,SITE-098,PART-5846,2025-04-14,2025-04-22,2025-04-22,885,pending,False,0
230,SITE-065,PART-2099,2026-08-03,2026-08-13,2026-08-12,976,delivered,False,0
231,SITE-014,PART-8959,2025-01-21,2025-01-24,2025-01-24,628,shipped,False,0
232,SITE-081,PART-3257,2026-02-25,2026-02-28,2026-02-28,961,delivered,False,0
233,SITE-016,PART-8537,2025-05-15,2025-05-19,2025-05-19,57,pending,False,0
234,SITE-066,PART-5415,2026-08-03,2026-08-11,2026-08-10,4,delivered,False,0
235,SITE-040,PART-4280,2026-02-01,2026-02-06,2026-02-05,870,delivered,False,0
236,SITE-095,PART-4112,2025-01-08,2025-01-13,2025-01-12,436,delivered,False,0
237,SITE-066,PART-7942,2026-02-02,2026-02-11,2026-02-09,117,shipped,False,0
238,SITE-078,PART-1347,2026-04-19,2026-04-23,2026-04-21,29,pending,False,0
239,SITE-094,PART-2135,2026-09-20,2026-09-29,2026-10-04,64,shipped,True,5
240,SITE-090,PART-9165,2025-12-02,2025-12-06,2025-12-12,5,shipped,True,6
241,SITE-079,PART-7563,2026-09-17,2026-09-25,2026-09-29,721,delivered,True,4
242,SITE-018,PART-3289,2025-06-16,2025-06-24,2025-06-23,22,delivered,False,0
243,SITE-067,PART-1926,2025-09-02,2025-09-11,2025-09-10,423,pending,False,0
244,SITE-030,PART-9833,2026-04-03,2026-04-12,2026-04-12,406,pending,False,0
245,SITE-008,PART-3732,2025-12-23,2026-01-01,2025-12-31,893,pending,False,0
246,SITE-045,PART-2526,2025-06-13,2025-06-22,2025-06-20,909,delivered,False,0
247,SITE-097,PART-1214,2025-06-10,2025-06-18,2025-06-18,220,shipped,False,0
248,SITE-062,PART-4055,2026-10-16,2026-10-20,2026-10-19,197,delivered,False,0
249,SITE-009,PART-7269,2026-09-09,2026-09-19,2026-09-19,995,shipped,False,0
250,SITE-089,PART-6286,2025-03-15,2025-03-20,2025-03-19,96,shipped,False,0
251,SITE-090,PART-5652,2025-08-17,2025-08-23,2025-08-23,80,pending,False,0
252,SITE-027,PART-6209,2026-06-16,2026-06-21,2026-06-19,577,pending,False,0
253,SITE-023,PART-8714,2025-02-18,2025-02-22,2025-02-25,73,pending,True,3
254,SITE-035,PART-2422,2026-12-05,2026-12-14,2026-12-14,152,shipped,False,0
255,SITE-082,PART-8195,2025-04-14,2025-04-18,2025-04-17,276,pending,False,0
256,SITE-064,PART-7232,2025-11-23,2025-12-02,2025-12-01,209,delivered,False,0
257,SITE-011,PART-1684,2026-10-22,2026-10-29,2026-10-27,921,pending,False,0
258,SITE-030,PART-7199,2026-01-26,2026-02-03,2026-02-01,459,shipped,False,0
259,SITE-066,PART-8762,2025-09-10,2025-09-20,2025-10-04,931,shipped,True,14
260,SITE-078,PART-4206,2025-11-02,2025-11-11,2025-11-22,200,delivered,True,11
261,SITE-008,PART-3799,2026-12-20,2026-12-23,2026-12-23,490,delivered,False,0
262,SITE-087,PART-3917,2025-08-08,2025-08-16,2025-08-16,405,delivered,False,0
263,SITE-024,PART-9994,2025-09-20,2025-09-26,2025-09-26,747,pending,False,0
264,SITE-083,PART-6349,2025-08-16,2025-08-19,2025-08-24,137,shipped,True,5
265,SITE-042,PART-6108,2026-11-21,2026-11-29,2026-12-14,12,pending,True,15
266,SITE-093,PART-1456,2025-08-03,2025-08-10,2025-08-10,86,delivered,False,0
267,SITE-054,PART-5100,2026-11-05,2026-11-09,2026-11-08,366,pending,False,0
268,SITE-047,PART-3819,2026-10-01,2026-10-04,2026-10-04,66,delivered,False,0
269,SITE-003,PART-3995,2026-05-09,2026-05-12,2026-05-11,856,pending,False,0
270,SITE-039,PART-1124,2025-12-26,2026-01-02,2026-01-02,81,shipped,False,0
271,SITE-003,PART-2970,2025-04-16,2025-04-24,2025-04-22,797,shipped,False,0
272,SITE-067,PART-4260,2026-01-12,2026-01-21,2026-01-28,114,delivered,True,7
273,SITE-014,PART-1210,2025-02-22,2025-02-28,2025-03-07,739,delivered,True,7
274,SITE-052,PART-4062,2026-07-19,2026-07-23,2026-07-22,958,shipped,False,0
275,SITE-081,PART-9511,2026-06-17,2026-06-22,2026-06-22,308,pending,False,0
276,SITE-096,PART-3201,2026-12-09,2026-12-15,2026-12-13,800,pending,False,0
277,SITE-064,PART-7584,2025-04-20,2025-04-23,2025-04-23,349,shipped,False,0
278,SITE-008,PART-1759,2026-11-10,2026-11-19,2026-11-18,207,pending,False,0
279,SITE-016,PART-8163,2026-02-11,2026-02-18,2026-02-25,207,delivered,True,7
280,SITE-008,PART-6567,2025-02-22,2025-02-28,2025-02-27,667,shipped,False,0
281,SITE-085,PART-8896,2025-04-07,2025-04-12,2025-04-12,162,pending,False,0
282,SITE-093,PART-8496,2026-08-24,2026-08-27,2026-08-27,124,shipped,False,0
283,SITE-059,PART-4382,2025-06-13,2025-06-22,2025-07-04,201,shipped,True,12
284,SITE-074,PART-3602,2026-12-24,2026-12-27,2026-12-26,447,delivered,False,0
285,SITE-086,PART-8746,2025-01-20,2025-01-23,2025-01-23,878,pending,False,0
286,SITE-015,PART-7560,2026-01-17,2026-01-23,2026-01-23,126,pending,False,0
287,SITE-050,PART-7672,2025-07-24,2025-08-03,2025-08-03,437,pending,False,0
288,SITE-051,PART-1240,2025-05-18,2025-05-23,2025-05-22,791,delivered,False,0
289,SITE-059,PART-8156,2025-09-15,2025-09-20,2025-09-18,806,delivered,False,0
290,SITE-033,PART-3201,2026-07-17,2026-07-27,2026-07-26,308,pending,False,0
291,SITE-051,PART-6227,2025-01-27,2025-02-03,2025-02-02,589,pending,False,0
292,SITE-006,PART-9754,2025-03-10,2025-03-17,2025-03-16,746,shipped,False,0
293,SITE-033,PART-9329,2025-02-03,2025-02-06,2025-02-11,120,shipped,True,5
294,SITE-015,PART-3344,2026-07-28,2026-08-03,2026-08-03,543,shipped,False,0
295,SITE-044,PART-3808,2026-06-21,2026-06-30,2026-07-11,15,pending,True,11
296,SITE-027,PART-2896,2026-07-26,2026-08-04,2026-08-03,759,delivered,False,0
297,SITE-018,PART-3574,2026-03-28,2026-04-02,2026-03-31,271,shipped,False,0
298,SITE-091,PART-1099,2025-08-13,2025-08-22,2025-08-21,979,delivered,False,0
299,SITE-050,PART-1249,2025-06-21,2025-06-29,2025-06-28,767,pending,False,0
300,SITE-061,PART-3280,2026-01-27,2026-02-01,2026-01-30,263,shipped,False,0
301,SITE-092,PART-9795,2026-05-09,2026-05-14,2026-05-13,126,delivered,False,0
302,SITE-061,PART-2790,2025-07-05,2025-07-13,2025-07-12,37,shipped,False,0
303,SITE-011,PART-7914,2026-02-04,2026-02-07,2026-02-06,624,pending,False,0
304,SITE-005,PART-3291,2026-07-11,2026-07-19,2026-07-18,837,shipped,False,0
305,SITE-046,PART-9204,2025-01-23,2025-02-02,2025-02-02,792,pending,False,0
306,SITE-076,PART-7045,2026-02-16,2026-02-20,2026-02-20,32,shipped,False,0
307,SITE-033,PART-7056,2026-05-13,2026-05-17,2026-05-16,471,delivered,False,0
308,SITE-007,PART-1660,2025-11-17,2025-11-26,2025-12-06,80,pending,True,10
309,SITE-002,PART-7684,2025-09-04,2025-09-13,2025-09-12,97,pending,False,0
310,SITE-032,PART-5749,2025-02-06,2025-02-13,2025-02-12,835,shipped,False,0
311,SITE-001,PART-2036,2026-01-25,2026-01-30,2026-01-30,469,shipped,False,0
312,SITE-050,PART-6221,2025-10-10,2025-10-19,2025-10-18,217,delivered,False,0
313,SITE-043,PART-6327,2025-06-05,2025-06-09,2025-06-10,332,pending,True,1
314,SITE-088,PART-8273,2026-11-22,2026-11-26,2026-11-25,348,shipped,False,0
315,SITE-046,PART-3793,2025-03-18,2025-03-26,2025-03-25,715,shipped,False,0
316,SITE-025,PART-7419,2025-09-27,2025-10-01,2025-09-30,64,pending,False,0
317,SITE-097,PART-4080,2026-07-09,2026-07-14,2026-07-13,780,delivered,False,0
318,SITE-097,PART-3648,2026-03-16,2026-03-25,2026-03-23,315,shipped,False,0
319,SITE-050,PART-1416,2025-09-03,2025-09-06,2025-09-17,71,pending,True,11
320,SITE-004,PART-2122,2025-05-22,2025-06-01,2025-05-30,215,pending,False,0
321,SITE-052,PART-1414,2026-07-03,2026-07-12,2026-07-11,498,shipped,False,0
322,SITE-056,PART-1335,2026-06-15,2026-06-21,2026-06-19,901,delivered,False,0
323,SITE-055,PART-8876,2026-12-12,2026-12-18,2027-01-04,986,pending,True,17
324,SITE-016,PART-8261,2025-07-27,2025-08-01,2025-07-30,664,shipped,False,0
325,SITE-089,PART-4538,2025-02-23,2025-02-27,2025-02-26,701,delivered,False,0
326,SITE-086,PART-7385,2026-12-08,2026-12-14,2026-12-14,163,shipped,False,0
327,SITE-093,PART-4829,2025-05-24,2025-05-27,2025-05-27,17,pending,False,0
328,SITE-079,PART-9623,2026-01-21,2026-01-29,2026-01-29,810,shipped,False,0
329,SITE-089,PART-1710,2026-10-21,2026-10-30,2026-10-29,550,shipped,False,0
330,SITE-044,PART-2748,2025-08-09,2025-08-15,2025-08-15,862,shipped,False,0
331,SITE-009,PART-6908,2026-10-24,2026-10-27,2026-10-26,741,pending,False,0
332,SITE-057,PART-7591,2026-03-24,2026-03-28,2026-03-26,517,shipped,False,0
333,SITE-100,PART-6122,2026-06-14,2026-06-22,2026-06-21,567,delivered,False,0
334,SITE-032,PART-4752,2025-10-02,2025-10-05,2025-10-05,790,pending,False,0
335,SITE-026,PART-2148,2026-09-11,2026-09-20,2026-09-18,471,shipped,False,0
336,SITE-053,PART-8199,2025-10-22,2025-10-30,2025-11-05,671,pending,True,6
337,SITE-022,PART-1134,2025-11-03,2025-11-07,2025-11-05,528,delivered,False,0
338,SITE-083,PART-1911,2025-07-25,2025-07-31,2025-07-30,652,shipped,False,0
339,SITE-006,PART-7087,2025-07-16,2025-07-23,2025-07-23,891,pending,False,0
340,SITE-098,PART-1945,2026-04-04,2026-04-13,2026-04-11,105,delivered,False,0
341,SITE-060,PART-4677,2025-06-02,2025-06-09,2025-06-14,457,delivered,True,5
342,SITE-012,PART-6913,2025-01-09,2025-01-14,2025-01-14,708,pending,False,0
343,SITE-038,PART-7104,2026-08-12,2026-08-15,2026-08-14,369,shipped,False,0
344,SITE-080,PART-3887,2025-05-19,2025-05-27,2025-05-26,915,shipped,False,0
345,SITE-058,PART-3915,2026-09-27,2026-10-04,2026-10-03,365,delivered,False,0
346,SITE-064,PART-4215,2026-11-03,2026-11-08,2026-11-07,968,delivered,False,0
347,SITE-063,PART-1777,2026-12-03,2026-12-08,2026-12-07,5,shipped,False,0
348,SITE-065,PART-4311,2026-09-09,2026-09-17,2026-09-15,240,shipped,False,0
349,SITE-098,PART-5354,2025-07-13,2025-07-22,2025-07-21,545,pending,False,0
350,SITE-064,PART-7259,2026-10-13,2026-10-20,2026-10-19,543,shipped,False,0
351,SITE-030,PART-5050,2026-02-22,2026-03-02,2026-03-01,157,shipped,False,0
352,SITE-077,PART-5411,2026-03-14,2026-03-20,2026-03-19,805,shipped,False,0
353,SITE-090,PART-7269,2025-09-01,2025-09-06,2025-09-05,665,delivered,False,0
354,SITE-022,PART-2007,2025-01-14,2025-01-24,2025-01-23,805,delivered,False,0
355,SITE-074,PART-8779,2025-08-25,2025-08-29,2025-08-28,274,pending,False,0
356,SITE-075,PART-3869,2025-09-06,2025-09-16,2025-09-14,999,delivered,False,0
357,SITE-059,PART-7104,2025-05-25,2025-05-31,2025-05-30,374,pending,False,0
358,SITE-010,PART-3655,2026-09-12,2026-09-19,2026-09-19,713,delivered,False,0
359,SITE-037,PART-1873,2025-04-21,2025-04-27,2025-04-25,107,pending,False,0
360,SITE-070,PART-5543,2025-08-12,2025-08-21,2025-08-19,870,pending,False,0
361,SITE-047,PART-9834,2026-06-18,2026-06-27,2026-06-26,374,shipped,False,0
362,SITE-082,PART-2897,2026-05-28,2026-06-04,2026-06-03,57,pending,False,0
363,SITE-012,PART-5198,2026-12-05,2026-12-13,2026-12-12,921,pending,False,0
364,SITE-062,PART-6183,2025-07-18,2025-07-26,2025-07-24,373,pending,False,0
365,SITE-031,PART-2235,2025-12-24,2025-12-31,2025-12-31,122,pending,False,0
366,SITE-022,PART-2317,2026-10-16,2026-10-23,2026-10-22,215,shipped,False,0
367,SITE-067,PART-2506,2026-11-28,2026-12-04,2026-12-03,867,shipped,False,0
368,SITE-080,PART-7486,2025-08-28,2025-08-31,2025-08-30,295,delivered,False,0
369,SITE-006,PART-6349,2025-11-16,2025-11-20,2025-11-18,844,shipped,False,0
370,SITE-038,PART-9194,2026-06-12,2026-06-21,2026-06-20,683,shipped,False,0
371,SITE-024,PART-8523,2025-05-12,2025-05-20,2025-05-23,621,pending,True,3
372,SITE-078,PART-2927,2025-03-06,2025-03-13,2025-03-11,488,shipped,False,0
373,SITE-020,PART-4662,2026-04-10,2026-04-18,2026-04-18,111,pending,False,0
374,SITE-015,PART-5011,2025-09-13,2025-09-23,2025-09-23,293,shipped,False,0
375,SITE-030,PART-7424,2025-10-02,2025-10-10,2025-10-09,801,delivered,False,0
376,SITE-081,PART-5115,2025-01-03,2025-01-12,2025-01-12,904,pending,False,0
377,SITE-027,PART-2927,2025-05-09,2025-05-17,2025-05-15,331,delivered,False,0
378,SITE-044,PART-9329,2025-05-23,2025-05-28,2025-05-26,897,delivered,False,0
379,SITE-035,PART-6183,2025-09-10,2025-09-13,2025-09-11,126,delivered,False,0
380,SITE-005,PART-3822,2025-02-13,2025-02-16,2025-02-15,424,pending,False,0
381,SITE-024,PART-3781,2026-08-23,2026-08-27,2026-08-25,478,shipped,False,0
382,SITE-029,PART-3392,2025-09-13,2025-09-23,2025-09-23,834,pending,False,0
383,SITE-097,PART-8254,2026-01-14,2026-01-21,2026-01-20,249,shipped,False,0
384,SITE-089,PART-8163,2026-05-10,2026-05-13,2026-05-12,232,delivered,False,0
385,SITE-016,PART-3162,2026-09-12,2026-09-15,2026-09-13,647,pending,False,0
386,SITE-080,PART-8714,2025-12-23,2025-12-31,2025-12-30,312,pending,False,0
387,SITE-081,PART-9629,2026-08-03,2026-08-07,2026-08-06,740,delivered,False,0
388,SITE-097,PART-8279,2026-12-09,2026-12-17,2026-12-15,410,pending,False,0
389,SITE-040,PART-8163,2026-08-20,2026-08-27,2026-08-25,80,delivered,False,0
390,SITE-100,PART-2683,2025-07-07,2025-07-12,2025-07-11,132,pending,False,0
391,SITE-052,PART-9129,2025-06-18,2025-06-26,2025-06-26,335,pending,False,0
392,SITE-044,PART-3199,2026-12-21,2026-12-31,2026-12-29,505,shipped,False,0
393,SITE-053,PART-8690,2026-03-10,2026-03-13,2026-03-12,804,pending,False,0
394,SITE-067,PART-6618,2025-05-13,2025-05-21,2025-05-21,119,pending,False,0
395,SITE-044,PART-3548,2026-09-19,2026-09-27,2026-09-27,371,shipped,False,0
396,SITE-088,PART-7942,2026-06-12,2026-06-16,2026-06-14,937,delivered,False,0
397,SITE-010,PART-8202,2026-07-23,2026-08-02,2026-08-02,899,shipped,False,0
398,SITE-044,PART-7159,2025-07-12,2025-07-19,2025-07-18,881,pending,False,0
399,SITE-096,PART-5133,2026-08-02,2026-08-10,2026-08-10,280,delivered,False,0
400,SITE-060,PART-3064,2025-11-09,2025-11-13,2025-11-21,408,shipped,True,8
401,SITE-069,PART-2036,2025-01-08,2025-01-18,2025-01-18,735,delivered,False,0
402,SITE-067,PART-4422,2026-03-21,2026-03-31,2026-03-30,6,delivered,False,0
403,SITE-087,PART-3646,2026-11-23,2026-11-28,2026-11-26,659,shipped,False,0
404,SITE-094,PART-8676,2026-08-17,2026-08-26,2026-08-24,787,delivered,False,0
405,SITE-051,PART-7792,2026-05-08,2026-05-17,2026-05-15,953,shipped,False,0
406,SITE-026,PART-1249,2025-12-09,2025-12-15,2025-12-15,791,delivered,False,0
407,SITE-006,PART-2590,2026-04-18,2026-04-27,2026-04-26,773,shipped,False,0
408,SITE-015,PART-5982,2026-04-25,2026-05-01,2026-04-30,104,pending,False,0
409,SITE-055,PART-5018,2026-09-27,2026-10-06,2026-10-06,527,pending,False,0
410,SITE-051,PART-3799,2026-08-13,2026-08-23,2026-08-21,924,pending,False,0
411,SITE-092,PART-1470,2026-08-05,2026-08-10,2026-08-09,499,pending,False,0
412,SITE-069,PART-1240,2025-08-01,2025-08-05,2025-08-18,391,delivered,True,13
413,SITE-054,PART-8474,2026-02-01,2026-02-09,2026-02-07,99,delivered,False,0
414,SITE-011,PART-1474,2025-05-01,2025-05-07,2025-05-06,176,shipped,False,0
415,SITE-084,PART-7577,2026-10-19,2026-10-25,2026-10-24,962,shipped,False,0
416,SITE-053,PART-7345,2025-11-02,2025-11-06,2025-11-04,621,pending,False,0
417,SITE-078,PART-9114,2026-03-09,2026-03-12,2026-03-12,903,delivered,False,0
418,SITE-043,PART-2505,2026-10-02,2026-10-05,2026-10-04,761,pending,False,0
419,SITE-033,PART-7210,2026-01-01,2026-01-05,2026-01-03,810,pending,False,0
420,SITE-069,PART-5648,2025-11-22,2025-11-29,2025-12-05,16,shipped,True,6
421,SITE-003,PART-5704,2026-11-17,2026-11-20,2026-11-18,407,delivered,False,0
422,SITE-019,PART-6442,2026-11-13,2026-11-16,2026-11-14,452,shipped,False,0
423,SITE-012,PART-1897,2025-12-16,2025-12-23,2025-12-23,575,shipped,False,0
424,SITE-079,PART-3799,2025-06-02,2025-06-05,2025-06-03,929,shipped,False,0
425,SITE-082,PART-9921,2026-06-01,2026-06-04,2026-06-03,805,delivered,False,0
426,SITE-006,PART-6588,2025-02-09,2025-02-14,2025-02-14,332,delivered,False,0
427,SITE-017,PART-7444,2025-02-26,2025-03-01,2025-02-28,787,shipped,False,0
428,SITE-008,PART-9679,2026-11-11,2026-11-19,2026-11-18,689,delivered,False,0
429,SITE-080,PART-7944,2026-06-28,2026-07-05,2026-07-21,401,pending,True,16
430,SITE-098,PART-6567,2026-03-11,2026-03-18,2026-03-16,637,delivered,False,0
431,SITE-100,PART-6572,2025-04-10,2025-04-20,2025-04-18,437,pending,False,0
432,SITE-095,PART-6417,2026-09-13,2026-09-16,2026-09-14,621,pending,False,0
433,SITE-046,PART-2036,2026-06-22,2026-06-29,2026-06-27,246,shipped,False,0
434,SITE-072,PART-4062,2025-02-08,2025-02-16,2025-02-19,94,shipped,True,3
435,SITE-031,PART-8555,2026-06-16,2026-06-20,2026-06-18,900,delivered,False,0
436,SITE-012,PART-7577,2025-01-09,2025-01-18,2025-01-18,733,delivered,False,0
437,SITE-052,PART-7020,2026-01-20,2026-01-25,2026-01-24,233,delivered,False,0
438,SITE-027,PART-5148,2025-08-12,2025-08-22,2025-08-28,755,pending,True,6
439,SITE-035,PART-4662,2026-09-14,2026-09-18,2026-09-22,691,pending,True,4
440,SITE-061,PART-9406,2026-12-19,2026-12-22,2026-12-22,30,delivered,False,0
441,SITE-068,PART-6568,2025-10-23,2025-11-02,2025-10-31,344,shipped,False,0
442,SITE-007,PART-6430,2026-12-18,2026-12-25,2026-12-25,589,shipped,False,0
443,SITE-062,PART-7290,2026-09-10,2026-09-17,2026-09-17,37,shipped,False,0
444,SITE-065,PART-8505,2026-12-23,2026-12-28,2026-12-27,844,pending,False,0
445,SITE-093,PART-3103,2026-04-16,2026-04-23,2026-04-22,501,shipped,False,0
446,SITE-068,PART-7949,2026-06-06,2026-06-15,2026-06-14,219,shipped,False,0
447,SITE-067,PART-1456,2026-10-28,2026-10-31,2026-10-31,1000,shipped,False,0
448,SITE-075,PART-8523,2026-07-08,2026-07-13,2026-07-13,259,shipped,False,0
449,SITE-044,PART-3285,2025-03-09,2025-03-16,2025-03-15,588,shipped,False,0
450,SITE-088,PART-8727,2026-12-26,2026-12-29,2026-12-28,330,delivered,False,0
451,SITE-010,PART-4640,2025-11-19,2025-11-22,2025-11-22,75,shipped,False,0
452,SITE-068,PART-8534,2025-06-26,2025-07-05,2025-07-03,9,pending,False,0
453,SITE-091,PART-7135,2026-05-15,2026-05-25,2026-05-28,657,pending,True,3
454,SITE-051,PART-2003,2025-07-02,2025-07-12,2025-07-10,217,pending,False,0
455,SITE-022,PART-2698,2026-02-16,2026-02-22,2026-02-22,276,delivered,False,0
456,SITE-022,PART-6122,2025-09-05,2025-09-15,2025-09-13,906,shipped,False,0
457,SITE-065,PART-2179,2026-08-14,2026-08-19,2026-08-18,816,shipped,False,0
458,SITE-058,PART-2958,2026-01-19,2026-01-29,2026-01-27,360,delivered,False,0
459,SITE-021,PART-5704,2025-12-06,2025-12-12,2025-12-11,125,shipped,False,0
460,SITE-097,PART-1032,2025-01-14,2025-01-19,2025-01-17,739,shipped,False,0
461,SITE-040,PART-8361,2026-03-18,2026-03-27,2026-03-27,708,pending,False,0
462,SITE-003,PART-3188,2025-03-01,2025-03-09,2025-03-08,522,shipped,False,0
463,SITE-044,PART-6236,2026-03-04,2026-03-09,2026-03-09,664,shipped,False,0
464,SITE-071,PART-7942,2025-11-04,2025-11-08,2025-11-06,151,delivered,False,0
465,SITE-062,PART-8896,2026-10-01,2026-10-08,2026-10-08,425,pending,False,0
466,SITE-004,PART-4829,2025-03-28,2025-04-07,2025-04-17,546,pending,True,10
467,SITE-027,PART-1695,2026-03-22,2026-04-01,2026-03-31,883,pending,False,0
468,SITE-092,PART-8483,2025-03-23,2025-03-27,2025-03-25,173,pending,False,0
469,SITE-067,PART-4680,2026-07-24,2026-07-31,2026-07-31,89,shipped,False,0
470,SITE-093,PART-5921,2025-02-13,2025-02-22,2025-02-21,3,pending,False,0
471,SITE-076,PART-7358,2025-09-04,2025-09-13,2025-09-13,358,delivered,False,0
472,SITE-047,PART-8807,2025-05-22,2025-05-27,2025-05-26,980,pending,False,0
473,SITE-067,PART-6627,2025-10-13,2025-10-18,2025-10-17,730,pending,False,0
474,SITE-075,PART-8959,2025-01-23,2025-01-27,2025-01-25,825,pending,False,0
475,SITE-080,PART-5186,2026-08-19,2026-08-23,2026-08-22,370,pending,False,0
476,SITE-082,PART-1872,2026-07-07,2026-07-16,2026-07-16,437,delivered,False,0
477,SITE-079,PART-3435,2025-02-25,2025-03-06,2025-03-04,587,shipped,False,0
478,SITE-007,PART-7016,2025-04-24,2025-04-27,2025-04-25,356,delivered,False,0
479,SITE-091,PART-4680,2026-01-12,2026-01-22,2026-01-20,262,pending,False,0
480,SITE-097,PART-4771,2026-08-21,2026-08-29,2026-08-29,373,delivered,False,0
481,SITE-095,PART-9634,2025-11-18,2025-11-27,2025-11-25,430,delivered,False,0
482,SITE-018,PART-7121,2026-12-02,2026-12-09,2026-12-09,580,delivered,False,0
483,SITE-046,PART-2035,2026-12-07,2026-12-13,2026-12-13,341,shipped,False,0
484,SITE-094,PART-2994,2025-07-15,2025-07-25,2025-07-25,900,pending,False,0
485,SITE-031,PART-1744,2026-11-04,2026-11-14,2026-11-19,665,shipped,True,5
486,SITE-024,PART-6922,2025-01-28,2025-02-05,2025-02-04,467,delivered,False,0
487,SITE-072,PART-5546,2025-09-04,2025-09-13,2025-09-13,129,delivered,False,0
488,SITE-084,PART-8959,2025-09-07,2025-09-17,2025-09-15,528,delivered,False,0
489,SITE-069,PART-6588,2026-07-14,2026-07-17,2026-07-15,246,delivered,False,0
490,SITE-061,PART-6355,2025-07-18,2025-07-24,2025-07-24,790,delivered,False,0
491,SITE-083,PART-2404,2026-06-28,2026-07-01,2026-06-29,586,delivered,False,0
492,SITE-005,PART-4309,2025-12-08,2025-12-15,2025-12-14,743,pending,False,0
493,SITE-074,PART-6951,2025-04-14,2025-04-24,2025-04-22,48,shipped,False,0
494,SITE-094,PART-7020,2026-05-18,2026-05-25,2026-05-25,269,pending,False,0
495,SITE-016,PART-8723,2025-11-12,2025-11-15,2025-11-13,985,delivered,False,0
496,SITE-029,PART-8518,2025-03-01,2025-03-08,2025-03-07,575,pending,False,0
497,SITE-093,PART-2317,2026-02-01,2026-02-11,2026-02-11,727,pending,False,0
498,SITE-039,PART-6627,2026-02-08,2026-02-18,2026-02-17,321,shipped,False,0
499,SITE-022,PART-2952,2026-11-17,2026-11-24,2026-11-23,671,pending,False,0
500,SITE-082,PART-2106,2026-02-23,2026-03-05,2026-03-03,232,shipped,False,0
501,SITE-023,PART-6983,2026-07-18,2026-07-23,2026-07-22,140,delivered,False,0
502,SITE-082,PART-2963,2025-07-22,2025-07-30,2025-07-30,345,pending,False,0
503,SITE-069,PART-6903,2026-10-25,2026-11-02,2026-11-02,874,pending,False,0
504,SITE-068,PART-2516,2026-08-02,2026-08-05,2026-08-05,342,shipped,False,0
505,SITE-001,PART-8163,2025-02-04,2025-02-11,2025-02-23,111,pending,True,12
506,SITE-064,PART-3995,2025-05-26,2025-05-29,2025-05-28,183,pending,False,0
507,SITE-082,PART-3504,2026-10-09,2026-10-17,2026-10-25,597,delivered,True,8
508,SITE-008,PART-6023,2026-10-11,2026-10-16,2026-10-16,639,shipped,False,0
509,SITE-095,PART-3917,2026-02-02,2026-02-10,2026-02-10,653,pending,False,0
510,SITE-026,PART-3070,2026-02-26,2026-03-03,2026-03-01,296,shipped,False,0
511,SITE-037,PART-9634,2026-01-07,2026-01-13,2026-01-12,407,pending,False,0
512,SITE-061,PART-1591,2026-04-11,2026-04-17,2026-04-16,129,delivered,False,0
513,SITE-057,PART-4370,2026-06-13,2026-06-19,2026-06-17,481,pending,False,0
514,SITE-061,PART-4392,2025-06-01,2025-06-10,2025-06-09,172,delivered,False,0
515,SITE-068,PART-1142,2025-01-16,2025-01-25,2025-02-03,96,pending,True,9
516,SITE-007,PART-1236,2026-08-28,2026-09-06,2026-09-06,112,pending,False,0
517,SITE-087,PART-1055,2026-11-26,2026-12-06,2026-12-16,857,delivered,True,10
518,SITE-088,PART-2127,2026-06-01,2026-06-04,2026-06-03,243,shipped,False,0
519,SITE-036,PART-3657,2026-09-13,2026-09-16,2026-09-16,433,delivered,False,0
520,SITE-072,PART-5442,2025-03-14,2025-03-24,2025-03-22,175,shipped,False,0
521,SITE-001,PART-4014,2025-12-11,2025-12-17,2025-12-16,873,shipped,False,0
522,SITE-004,PART-1930,2026-01-22,2026-01-30,2026-01-28,656,delivered,False,0
523,SITE-043,PART-9263,2025-10-27,2025-11-04,2025-11-03,677,delivered,False,0
524,SITE-062,PART-1695,2025-03-02,2025-03-11,2025-03-30,26,shipped,True,19
525,SITE-080,PART-9613,2025-04-23,2025-05-01,2025-04-30,878,pending,False,0
526,SITE-044,PART-4058,2026-06-22,2026-06-30,2026-06-29,433,shipped,False,0
527,SITE-046,PART-1547,2026-07-11,2026-07-17,2026-07-15,226,delivered,False,0
528,SITE-051,PART-9528,2026-08-25,2026-08-29,2026-08-29,853,pending,False,0
529,SITE-072,PART-8910,2025-11-28,2025-12-07,2025-12-06,840,shipped,False,0
530,SITE-064,PART-8127,2025-11-26,2025-12-05,2025-12-05,30,delivered,False,0
531,SITE-081,PART-9329,2025-10-11,2025-10-17,2025-10-15,6,shipped,False,0
532,SITE-043,PART-3009,2025-01-28,2025-02-03,2025-02-02,506,delivered,False,0
533,SITE-006,PART-7413,2026-07-17,2026-07-23,2026-07-23,569,delivered,False,0
534,SITE-089,PART-3286,2025-09-13,2025-09-19,2025-09-19,360,pending,False,0
535,SITE-034,PART-1892,2026-10-13,2026-10-21,2026-10-21,283,shipped,False,0
536,SITE-014,PART-7056,2026-09-09,2026-09-18,2026-09-23,625,delivered,True,5
537,SITE-091,PART-7045,2026-04-19,2026-04-24,2026-04-22,593,shipped,False,0
538,SITE-049,PART-4662,2025-06-10,2025-06-19,2025-06-18,554,shipped,False,0
539,SITE-061,PART-4309,2026-06-03,2026-06-11,2026-06-10,475,delivered,False,0
540,SITE-100,PART-1266,2026-03-09,2026-03-15,2026-03-25,940,pending,True,10
541,SITE-026,PART-9754,2025-05-17,2025-05-25,2025-05-25,266,shipped,False,0
542,SITE-022,PART-9987,2026-09-05,2026-09-08,2026-09-07,14,shipped,False,0
543,SITE-070,PART-6113,2025-04-09,2025-04-19,2025-04-18,357,pending,False,0
544,SITE-008,PART-3201,2026-11-06,2026-11-14,2026-11-13,953,delivered,False,0
545,SITE-082,PART-3347,2025-05-05,2025-05-14,2025-05-12,734,pending,False,0
546,SITE-043,PART-7240,2025-11-26,2025-12-05,2025-12-05,738,shipped,False,0
547,SITE-005,PART-3162,2026-04-02,2026-04-05,2026-04-04,265,pending,False,0
548,SITE-054,PART-2505,2025-09-15,2025-09-25,2025-10-04,763,pending,True,9
549,SITE-046,PART-2952,2026-05-19,2026-05-26,2026-05-26,721,shipped,False,0
550,SITE-046,PART-4662,2025-09-15,2025-09-18,2025-09-16,644,shipped,False,0
551,SITE-084,PART-3274,2026-05-09,2026-05-14,2026-05-14,227,pending,False,0
552,SITE-034,PART-3858,2025-03-01,2025-03-07,2025-03-07,462,shipped,False,0
553,SITE-098,PART-1930,2026-07-07,2026-07-13,2026-07-11,669,shipped,False,0
554,SITE-057,PART-1049,2026-01-13,2026-01-21,2026-01-19,238,pending,False,0
555,SITE-014,PART-8194,2026-02-01,2026-02-06,2026-02-11,480,shipped,True,5
556,SITE-030,PART-3009,2026-02-21,2026-02-27,2026-02-25,421,shipped,False,0
557,SITE-067,PART-1219,2026-12-04,2026-12-11,2026-12-09,101,delivered,False,0
558,SITE-039,PART-9805,2025-04-05,2025-04-09,2025-04-07,158,delivered,False,0
559,SITE-001,PART-9128,2026-04-17,2026-04-23,2026-04-23,419,shipped,False,0
560,SITE-055,PART-8143,2025-06-03,2025-06-07,2025-06-12,17,delivered,True,5
561,SITE-032,PART-1724,2025-07-27,2025-08-04,2025-08-03,494,pending,False,0
562,SITE-049,PART-1402,2025-05-05,2025-05-11,2025-05-09,914,shipped,False,0
563,SITE-074,PART-4422,2026-11-07,2026-11-13,2026-11-13,571,shipped,False,0
564,SITE-073,PART-9213,2026-09-06,2026-09-16,2026-09-16,580,pending,False,0
565,SITE-074,PART-5696,2025-06-20,2025-06-28,2025-07-04,834,delivered,True,6
566,SITE-042,PART-8690,2026-09-20,2026-09-27,2026-09-26,846,pending,False,0
567,SITE-037,PART-1358,2025-02-13,2025-02-23,2025-02-22,193,shipped,False,0
568,SITE-029,PART-6709,2025-04-16,2025-04-25,2025-04-25,196,pending,False,0
569,SITE-078,PART-9558,2025-12-04,2025-12-11,2025-12-11,996,pending,False,0
570,SITE-004,PART-2125,2026-09-15,2026-09-25,2026-09-23,491,pending,False,0
571,SITE-059,PART-6913,2026-03-22,2026-04-01,2026-03-30,157,shipped,False,0
572,SITE-058,PART-8768,2026-12-28,2026-12-31,2026-12-29,29,pending,False,0
573,SITE-054,PART-7577,2025-07-11,2025-07-17,2025-07-15,793,delivered,False,0
574,SITE-100,PART-3781,2025-09-01,2025-09-11,2025-09-09,404,shipped,False,0
575,SITE-022,PART-9467,2026-07-05,2026-07-15,2026-07-15,493,shipped,False,0
576,SITE-040,PART-7625,2025-02-07,2025-02-10,2025-02-08,356,pending,False,0
577,SITE-076,PART-1891,2025-08-22,2025-08-26,2025-08-25,332,delivered,False,0
578,SITE-013,PART-7641,2026-06-28,2026-07-06,2026-07-18,862,shipped,True,12
579,SITE-074,PART-7263,2025-02-25,2025-03-06,2025-03-05,663,pending,False,0
580,SITE-017,PART-7588,2026-07-12,2026-07-21,2026-07-20,585,shipped,False,0
581,SITE-043,PART-7211,2026-12-15,2026-12-24,2026-12-31,296,pending,True,7
582,SITE-021,PART-7823,2025-06-28,2025-07-07,2025-07-07,785,pending,False,0
583,SITE-009,PART-3130,2026-08-18,2026-08-22,2026-08-20,22,pending,False,0
584,SITE-063,PART-5432,2025-10-05,2025-10-14,2025-10-14,382,pending,False,0
585,SITE-062,PART-7535,2025-03-11,2025-03-16,2025-03-16,494,shipped,False,0
586,SITE-004,PART-6947,2025-09-13,2025-09-16,2025-09-15,330,shipped,False,0
587,SITE-034,PART-4908,2026-07-28,2026-08-06,2026-08-05,486,shipped,False,0
588,SITE-094,PART-5073,2026-09-20,2026-09-26,2026-09-25,702,shipped,False,0
589,SITE-016,PART-1575,2025-08-24,2025-09-02,2025-09-02,600,pending,False,0
590,SITE-071,PART-5648,2026-11-20,2026-11-24,2026-11-22,862,delivered,False,0
591,SITE-005,PART-2131,2025-10-27,2025-10-31,2025-10-30,783,delivered,False,0
592,SITE-077,PART-5214,2026-07-03,2026-07-09,2026-07-09,938,pending,False,0
593,SITE-001,PART-9129,2025-05-07,2025-05-10,2025-05-09,288,pending,False,0
594,SITE-071,PART-6951,2026-07-06,2026-07-16,2026-07-16,423,delivered,False,0
595,SITE-058,PART-2036,2026-03-16,2026-03-22,2026-03-22,739,delivered,False,0
596,SITE-067,PART-7209,2025-09-21,2025-09-29,2025-09-29,292,delivered,False,0
597,SITE-012,PART-7008,2025-07-21,2025-07-25,2025-07-24,561,delivered,False,0
598,SITE-004,PART-5186,2026-12-06,2026-12-12,2026-12-12,264,delivered,False,0
599,SITE-062,PART-7066,2026-02-01,2026-02-05,2026-02-03,586,shipped,False,0
600,SITE-039,PART-3808,2026-11-20,2026-11-28,2026-11-27,915,shipped,False,0
601,SITE-096,PART-9564,2025-07-20,2025-07-28,2025-08-03,661,shipped,True,6
602,SITE-014,PART-7672,2025-09-15,2025-09-19,2025-09-29,614,shipped,True,10
603,SITE-083,PART-2116,2025-12-26,2025-12-30,2025-12-28,198,delivered,False,0
604,SITE-049,PART-6787,2026-01-10,2026-01-20,2026-01-18,612,delivered,False,0
605,SITE-012,PART-6814,2026-04-16,2026-04-20,2026-04-22,241,pending,True,2
606,SITE-008,PART-3592,2026-08-06,2026-08-15,2026-08-16,253,pending,True,1
607,SITE-037,PART-7468,2025-02-18,2025-02-21,2025-02-21,603,shipped,False,0
608,SITE-054,PART-8420,2025-12-03,2025-12-10,2025-12-09,487,delivered,False,0
609,SITE-025,PART-3574,2025-12-24,2026-01-02,2025-12-31,26,delivered,False,0
610,SITE-028,PART-7591,2025-12-26,2025-12-30,2025-12-30,370,delivered,False,0
611,SITE-057,PART-8163,2025-07-15,2025-07-18,2025-07-18,876,shipped,False,0
612,SITE-067,PART-6327,2025-07-26,2025-07-29,2025-07-28,669,shipped,False,0
613,SITE-009,PART-7203,2026-05-03,2026-05-12,2026-05-12,301,delivered,False,0
614,SITE-019,PART-2735,2025-07-02,2025-07-11,2025-07-10,443,delivered,False,0
615,SITE-100,PART-6330,2026-05-23,2026-06-01,2026-06-09,732,pending,True,8
616,SITE-050,PART-4640,2025-08-23,2025-08-29,2025-08-27,124,pending,False,0
617,SITE-062,PART-5762,2025-03-10,2025-03-15,2025-03-13,518,pending,False,0
618,SITE-072,PART-1564,2026-05-17,2026-05-26,2026-05-26,450,shipped,False,0
619,SITE-078,PART-8254,2025-11-02,2025-11-08,2025-11-07,884,pending,False,0
620,SITE-058,PART-8806,2026-03-22,2026-04-01,2026-03-30,75,shipped,False,0
621,SITE-093,PART-8523,2025-12-21,2025-12-31,2025-12-29,157,shipped,False,0
622,SITE-004,PART-9297,2025-02-12,2025-02-22,2025-02-21,874,pending,False,0
623,SITE-098,PART-4280,2025-12-08,2025-12-15,2025-12-15,280,shipped,False,0
624,SITE-047,PART-8322,2026-09-27,2026-10-01,2026-09-29,719,shipped,False,0
625,SITE-070,PART-7505,2025-08-25,2025-08-29,2025-08-27,184,shipped,False,0
626,SITE-008,PART-8675,2026-04-20,2026-04-30,2026-04-29,102,shipped,False,0
627,SITE-046,PART-3887,2026-06-04,2026-06-10,2026-06-09,737,shipped,False,0
628,SITE-093,PART-8396,2026-07-19,2026-07-29,2026-08-12,914,delivered,True,14
629,SITE-005,PART-1147,2025-12-06,2025-12-15,2025-12-15,755,delivered,False,0
630,SITE-089,PART-1088,2025-02-02,2025-02-05,2025-02-03,476,shipped,False,0
631,SITE-036,PART-7486,2025-02-09,2025-02-17,2025-02-15,41,delivered,False,0
632,SITE-069,PART-8199,2026-02-08,2026-02-16,2026-02-14,226,shipped,False,0
633,SITE-093,PART-1198,2025-01-20,2025-01-30,2025-01-28,938,pending,False,0
634,SITE-039,PART-2585,2025-05-28,2025-06-05,2025-06-05,440,shipped,False,0
635,SITE-038,PART-8163,2026-08-07,2026-08-16,2026-08-14,706,shipped,False,0
636,SITE-019,PART-4181,2026-09-23,2026-10-03,2026-10-08,540,pending,True,5
637,SITE-010,PART-2165,2026-03-12,2026-03-19,2026-03-19,717,delivered,False,0
638,SITE-091,PART-9167,2025-10-10,2025-10-19,2025-10-18,991,shipped,False,0
639,SITE-002,PART-1724,2025-11-22,2025-11-28,2025-11-28,32,pending,False,0
640,SITE-067,PART-4215,2026-10-16,2026-10-26,2026-10-24,238,delivered,False,0
641,SITE-031,PART-1225,2026-08-10,2026-08-16,2026-08-15,111,shipped,False,0
642,SITE-027,PART-4422,2026-10-22,2026-10-30,2026-10-28,277,shipped,False,0
643,SITE-084,PART-2673,2026-04-24,2026-05-02,2026-05-02,412,pending,False,0
644,SITE-088,PART-3799,2026-03-05,2026-03-13,2026-03-12,610,delivered,False,0
645,SITE-014,PART-6829,2025-05-20,2025-05-23,2025-05-27,43,shipped,True,4
646,SITE-083,PART-2179,2026-03-22,2026-03-30,2026-03-29,332,shipped,False,0
647,SITE-045,PART-1173,2025-03-14,2025-03-22,2025-03-22,90,shipped,False,0
648,SITE-045,PART-3887,2026-03-19,2026-03-24,2026-03-24,321,delivered,False,0
649,SITE-010,PART-6768,2026-10-26,2026-11-02,2026-11-01,185,shipped,False,0
650,SITE-054,PART-9037,2026-12-05,2026-12-11,2026-12-11,867,pending,False,0
651,SITE-006,PART-6975,2025-10-20,2025-10-25,2025-10-25,857,shipped,False,0
652,SITE-054,PART-2735,2025-12-11,2025-12-19,2025-12-19,387,delivered,False,0
653,SITE-002,PART-6355,2025-04-19,2025-04-29,2025-04-28,939,shipped,False,0
654,SITE-004,PART-9605,2025-12-25,2026-01-01,2025-12-30,268,delivered,False,0
655,SITE-030,PART-6542,2025-12-18,2025-12-25,2025-12-23,590,delivered,False,0
656,SITE-039,PART-2397,2026-12-23,2026-12-27,2026-12-25,277,pending,False,0
657,SITE-073,PART-5781,2026-01-04,2026-01-10,2026-01-10,480,pending,False,0
658,SITE-079,PART-3009,2025-01-01,2025-01-08,2025-01-07,871,delivered,False,0
659,SITE-038,PART-8451,2025-07-02,2025-07-05,2025-07-17,658,delivered,True,12
660,SITE-056,PART-2622,2026-11-18,2026-11-26,2026-11-26,525,shipped,False,0
661,SITE-086,PART-2356,2025-05-13,2025-05-17,2025-05-17,726,delivered,False,0
662,SITE-031,PART-6299,2026-12-24,2027-01-03,2027-01-03,171,delivered,False,0
663,SITE-072,PART-2099,2026-06-20,2026-06-29,2026-06-29,154,delivered,False,0
664,SITE-015,PART-3592,2026-10-22,2026-10-29,2026-10-28,279,pending,False,0
665,SITE-038,PART-9213,2025-12-12,2025-12-20,2025-12-25,640,shipped,True,5
666,SITE-032,PART-8505,2026-10-21,2026-10-29,2026-10-27,822,pending,False,0
667,SITE-017,PART-5664,2026-08-19,2026-08-26,2026-08-24,454,delivered,False,0
668,SITE-046,PART-9184,2026-10-13,2026-10-16,2026-10-16,171,delivered,False,0
669,SITE-023,PART-2331,2025-08-24,2025-08-28,2025-08-27,737,pending,False,0
670,SITE-021,PART-8003,2025-03-06,2025-03-10,2025-03-09,308,shipped,False,0
671,SITE-008,PART-9933,2025-09-13,2025-09-20,2025-09-19,107,pending,False,0
672,SITE-056,PART-5664,2026-08-25,2026-08-31,2026-08-29,440,delivered,False,0
673,SITE-005,PART-6766,2026-01-23,2026-01-26,2026-02-04,552,shipped,True,9
674,SITE-043,PART-7591,2026-06-10,2026-06-17,2026-06-17,490,shipped,False,0
675,SITE-089,PART-5442,2025-05-06,2025-05-12,2025-05-11,617,shipped,False,0
676,SITE-072,PART-9432,2025-05-28,2025-06-01,2025-06-01,789,delivered,False,0
677,SITE-035,PART-5050,2026-04-10,2026-04-17,2026-04-16,659,delivered,False,0
678,SITE-053,PART-9613,2026-03-23,2026-04-02,2026-04-01,447,shipped,False,0
679,SITE-038,PART-2973,2025-04-15,2025-04-19,2025-04-18,22,pending,False,0
680,SITE-021,PART-8126,2026-06-18,2026-06-27,2026-06-27,323,delivered,False,0
681,SITE-090,PART-1470,2025-02-01,2025-02-08,2025-02-07,420,shipped,False,0
682,SITE-049,PART-8042,2026-04-14,2026-04-19,2026-04-18,40,delivered,False,0
683,SITE-047,PART-7136,2025-10-11,2025-10-19,2025-10-17,415,delivered,False,0
684,SITE-008,PART-3228,2026-01-13,2026-01-20,2026-01-20,864,pending,False,0
685,SITE-008,PART-1210,2025-10-07,2025-10-13,2025-10-11,380,pending,False,0
686,SITE-003,PART-9119,2025-03-11,2025-03-18,2025-03-18,205,delivered,False,0
687,SITE-089,PART-8861,2025-07-17,2025-07-25,2025-07-23,377,delivered,False,0
688,SITE-038,PART-3030,2025-06-05,2025-06-15,2025-06-21,239,shipped,True,6
689,SITE-017,PART-2896,2025-08-12,2025-08-16,2025-08-16,861,delivered,False,0
690,SITE-077,PART-3602,2025-05-23,2025-05-29,2025-05-27,801,delivered,False,0
691,SITE-025,PART-5588,2025-06-20,2025-06-23,2025-06-22,165,delivered,False,0
692,SITE-030,PART-3291,2025-03-17,2025-03-24,2025-03-24,734,delivered,False,0
693,SITE-031,PART-3917,2026-07-20,2026-07-24,2026-07-24,934,pending,False,0
694,SITE-026,PART-4582,2026-03-26,2026-04-05,2026-04-04,301,delivered,False,0
695,SITE-054,PART-9511,2025-05-02,2025-05-08,2025-05-08,912,shipped,False,0
696,SITE-037,PART-7277,2026-02-06,2026-02-10,2026-02-19,533,delivered,True,9
697,SITE-052,PART-3360,2025-11-16,2025-11-22,2025-11-20,652,delivered,False,0
698,SITE-063,PART-7577,2026-06-03,2026-06-12,2026-06-10,593,pending,False,0
699,SITE-036,PART-7690,2025-02-23,2025-03-01,2025-03-01,363,shipped,False,0
700,SITE-096,PART-5350,2025-09-14,2025-09-21,2025-09-20,536,pending,False,0
701,SITE-052,PART-9921,2025-07-04,2025-07-08,2025-07-08,809,delivered,False,0
702,SITE-096,PART-5950,2026-11-23,2026-11-28,2026-11-28,571,delivered,False,0
703,SITE-055,PART-3953,2025-10-01,2025-10-06,2025-10-06,476,shipped,False,0
704,SITE-024,PART-9666,2026-06-22,2026-06-29,2026-06-27,592,delivered,False,0
705,SITE-098,PART-3343,2026-03-21,2026-03-24,2026-03-23,256,delivered,False,0
706,SITE-028,PART-2007,2025-11-26,2025-11-29,2025-11-28,795,shipped,False,0
707,SITE-006,PART-7135,2026-03-10,2026-03-17,2026-03-16,582,shipped,False,0
708,SITE-057,PART-7903,2026-04-08,2026-04-11,2026-04-10,548,shipped,False,0
709,SITE-058,PART-3109,2026-10-03,2026-10-06,2026-10-04,769,pending,False,0
710,SITE-072,PART-4206,2025-10-13,2025-10-19,2025-10-17,6,delivered,False,0
711,SITE-035,PART-7634,2026-10-11,2026-10-15,2026-10-15,533,delivered,False,0
712,SITE-067,PART-2106,2026-06-08,2026-06-13,2026-06-11,583,delivered,False,0
713,SITE-087,PART-1055,2025-10-18,2025-10-23,2025-10-22,13,delivered,False,0
714,SITE-042,PART-9320,2025-05-11,2025-05-20,2025-05-19,46,shipped,False,0
715,SITE-045,PART-7388,2026-07-25,2026-07-28,2026-07-26,347,pending,False,0
716,SITE-047,PART-2098,2026-05-24,2026-06-02,2026-06-01,91,delivered,False,0
717,SITE-048,PART-5445,2025-03-16,2025-03-21,2025-03-21,174,delivered,False,0
718,SITE-077,PART-6922,2026-02-22,2026-02-27,2026-02-26,803,pending,False,0
719,SITE-081,PART-3285,2025-05-27,2025-06-04,2025-06-04,758,shipped,False,0
720,SITE-091,PART-2477,2026-02-14,2026-02-23,2026-03-08,338,pending,True,13
721,SITE-098,PART-8714,2026-08-17,2026-08-26,2026-08-26,791,shipped,False,0
722,SITE-044,PART-4748,2026-08-26,2026-08-29,2026-09-09,270,delivered,True,11
723,SITE-025,PART-3655,2026-12-07,2026-12-13,2026-12-11,748,pending,False,0
724,SITE-082,PART-1647,2025-05-22,2025-05-25,2025-05-25,515,pending,False,0
725,SITE-080,PART-5784,2025-09-26,2025-10-02,2025-10-01,265,delivered,False,0
726,SITE-097,PART-8714,2026-11-20,2026-11-27,2026-11-25,140,pending,False,0
727,SITE-061,PART-6683,2025-04-26,2025-05-06,2025-05-04,177,shipped,False,0
728,SITE-033,PART-1777,2026-02-18,2026-02-24,2026-02-22,849,pending,False,0
729,SITE-065,PART-7087,2025-06-14,2025-06-23,2025-06-21,499,shipped,False,0
730,SITE-075,PART-8565,2026-04-11,2026-04-17,2026-04-17,115,pending,False,0
731,SITE-019,PART-7056,2025-04-01,2025-04-07,2025-04-05,602,shipped,False,0
732,SITE-014,PART-9451,2026-06-27,2026-07-03,2026-07-01,423,delivered,False,0
733,SITE-003,PART-3343,2025-07-10,2025-07-18,2025-07-17,208,delivered,False,0
734,SITE-055,PART-8928,2025-04-05,2025-04-08,2025-04-06,1,delivered,False,0
735,SITE-063,PART-6108,2026-10-25,2026-10-30,2026-10-29,902,shipped,False,0
736,SITE-009,PART-3915,2026-10-12,2026-10-16,2026-10-16,410,pending,False,0
737,SITE-003,PART-6762,2026-02-20,2026-02-25,2026-02-25,148,pending,False,0
738,SITE-024,PART-5401,2026-10-06,2026-10-15,2026-10-14,820,pending,False,0
739,SITE-057,PART-8896,2026-10-13,2026-10-18,2026-10-16,654,pending,False,0
740,SITE-033,PART-7468,2025-10-14,2025-10-23,2025-10-23,661,delivered,False,0
741,SITE-076,PART-1124,2025-01-25,2025-02-01,2025-01-30,579,delivered,False,0
742,SITE-003,PART-1366,2026-04-18,2026-04-25,2026-04-25,305,pending,False,0
743,SITE-069,PART-1832,2025-04-12,2025-04-21,2025-04-19,310,pending,False,0
744,SITE-018,PART-6349,2026-05-13,2026-05-21,2026-05-20,411,pending,False,0
745,SITE-025,PART-8896,2025-05-06,2025-05-12,2025-05-10,892,pending,False,0
746,SITE-027,PART-6947,2025-02-13,2025-02-17,2025-02-16,394,shipped,False,0
747,SITE-035,PART-6417,2025-10-23,2025-10-29,2025-10-29,187,pending,False,0
748,SITE-100,PART-5813,2026-09-12,2026-09-16,2026-09-16,81,shipped,False,0
749,SITE-031,PART-8727,2026-08-23,2026-09-01,2026-09-01,204,shipped,False,0
750,SITE-032,PART-6854,2026-03-26,2026-04-04,2026-04-02,326,shipped,False,0
751,SITE-049,PART-7135,2026-10-11,2026-10-18,2026-10-27,450,shipped,True,9
752,SITE-005,PART-3592,2026-02-22,2026-02-26,2026-02-25,125,delivered,False,0
753,SITE-034,PART-5749,2025-04-24,2025-04-30,2025-05-12,90,delivered,True,12
754,SITE-072,PART-4309,2025-05-25,2025-05-29,2025-05-28,676,shipped,False,0
755,SITE-091,PART-1474,2025-09-12,2025-09-16,2025-09-15,135,delivered,False,0
756,SITE-010,PART-2036,2025-05-24,2025-05-27,2025-05-28,851,pending,True,1
757,SITE-074,PART-1670,2025-05-21,2025-05-30,2025-05-29,690,pending,False,0
758,SITE-041,PART-3799,2026-07-05,2026-07-09,2026-07-07,327,shipped,False,0
759,SITE-025,PART-3839,2025-07-17,2025-07-22,2025-07-21,924,shipped,False,0
760,SITE-027,PART-2035,2026-08-27,2026-09-03,2026-09-03,398,shipped,False,0
761,SITE-008,PART-7535,2025-02-02,2025-02-06,2025-02-06,60,pending,False,0
762,SITE-093,PART-3109,2025-11-22,2025-11-27,2025-11-26,526,delivered,False,0
763,SITE-012,PART-5919,2026-11-20,2026-11-28,2026-11-26,786,pending,False,0
764,SITE-005,PART-8675,2025-01-15,2025-01-25,2025-01-23,576,shipped,False,0
765,SITE-088,PART-7385,2025-02-14,2025-02-21,2025-02-21,681,delivered,False,0
766,SITE-065,PART-5121,2025-04-15,2025-04-23,2025-04-22,709,shipped,False,0
767,SITE-076,PART-2235,2025-03-11,2025-03-19,2025-03-17,533,shipped,False,0
768,SITE-025,PART-4303,2025-09-14,2025-09-21,2025-09-20,452,shipped,False,0
769,SITE-025,PART-5990,2025-09-15,2025-09-24,2025-09-22,861,delivered,False,0
770,SITE-072,PART-3231,2026-08-08,2026-08-12,2026-08-12,759,delivered,False,0
771,SITE-003,PART-3101,2025-07-21,2025-07-29,2025-07-28,274,pending,False,0
772,SITE-090,PART-2217,2025-05-15,2025-05-18,2025-05-18,813,delivered,False,0
773,SITE-056,PART-1214,2025-08-14,2025-08-21,2025-08-20,947,delivered,False,0
774,SITE-079,PART-2526,2026-02-06,2026-02-13,2026-02-11,697,pending,False,0
775,SITE-082,PART-5127,2025-12-18,2025-12-23,2025-12-23,99,shipped,False,0
776,SITE-076,PART-9833,2026-06-07,2026-06-10,2026-06-08,642,delivered,False,0
777,SITE-081,PART-1129,2025-08-15,2025-08-18,2025-08-18,905,delivered,False,0
778,SITE-024,PART-7385,2025-03-13,2025-03-19,2025-03-17,53,shipped,False,0
779,SITE-067,PART-8214,2026-10-01,2026-10-07,2026-10-16,435,pending,True,9
780,SITE-013,PART-2356,2026-11-13,2026-11-23,2026-11-23,716,shipped,False,0
781,SITE-011,PART-7991,2026-09-21,2026-09-26,2026-09-25,618,pending,False,0
782,SITE-066,PART-3452,2026-09-06,2026-09-16,2026-09-26,946,shipped,True,10
783,SITE-064,PART-3340,2026-07-22,2026-07-25,2026-07-25,900,shipped,False,0
784,SITE-090,PART-2946,2026-12-03,2026-12-10,2026-12-08,681,delivered,False,0
785,SITE-095,PART-3392,2026-05-12,2026-05-22,2026-05-22,88,pending,False,0
786,SITE-013,PART-5193,2025-04-08,2025-04-18,2025-04-16,968,pending,False,0
787,SITE-076,PART-3209,2025-03-07,2025-03-15,2025-03-14,548,shipped,False,0
788,SITE-013,PART-1225,2026-09-25,2026-09-30,2026-09-30,738,pending,False,0
789,SITE-067,PART-1214,2026-09-19,2026-09-29,2026-10-11,859,shipped,True,12
790,SITE-014,PART-3732,2026-01-21,2026-01-30,2026-01-28,437,delivered,False,0
791,SITE-037,PART-9106,2025-10-19,2025-10-25,2025-10-25,160,pending,False,0
792,SITE-077,PART-2973,2025-08-16,2025-08-23,2025-08-22,632,shipped,False,0
793,SITE-088,PART-6442,2026-06-08,2026-06-16,2026-06-15,400,pending,False,0
794,SITE-021,PART-5214,2025-05-08,2025-05-17,2025-05-17,547,shipped,False,0
795,SITE-028,PART-5496,2026-06-27,2026-07-02,2026-07-01,913,delivered,False,0
796,SITE-008,PART-6805,2026-10-05,2026-10-08,2026-10-08,890,shipped,False,0
797,SITE-052,PART-3887,2026-03-11,2026-03-15,2026-03-13,998,pending,False,0
798,SITE-076,PART-8537,2026-05-23,2026-05-27,2026-05-25,708,pending,False,0
799,SITE-068,PART-9340,2026-08-08,2026-08-14,2026-08-13,162,delivered,False,0
800,SITE-056,PART-8199,2025-08-22,2025-08-30,2025-08-28,592,pending,False,0
801,SITE-079,PART-8668,2025-12-26,2026-01-02,2026-01-18,400,pending,True,16
802,SITE-075,PART-7537,2026-09-24,2026-09-30,2026-09-30,436,shipped,False,0
803,SITE-062,PART-9097,2025-08-27,2025-09-02,2025-09-02,442,pending,False,0
804,SITE-094,PART-1124,2026-09-17,2026-09-22,2026-09-21,364,pending,False,0
805,SITE-023,PART-2773,2026-08-19,2026-08-24,2026-08-22,303,pending,False,0
806,SITE-029,PART-2927,2025-10-23,2025-11-01,2025-11-09,31,delivered,True,8
807,SITE-014,PART-8355,2026-11-13,2026-11-20,2026-11-18,412,shipped,False,0
808,SITE-085,PART-5198,2026-04-24,2026-04-30,2026-04-29,504,pending,False,0
809,SITE-051,PART-2516,2025-09-24,2025-09-28,2025-09-26,452,pending,False,0
810,SITE-078,PART-7944,2026-05-25,2026-06-01,2026-06-13,603,shipped,True,12
811,SITE-062,PART-3715,2026-12-27,2026-12-30,2026-12-29,917,shipped,False,0
812,SITE-048,PART-4148,2025-06-21,2025-06-24,2025-06-24,55,pending,False,0
813,SITE-090,PART-7559,2026-03-09,2026-03-12,2026-03-10,986,pending,False,0
814,SITE-059,PART-1105,2025-07-05,2025-07-08,2025-07-08,652,shipped,False,0
815,SITE-097,PART-5031,2025-01-27,2025-02-05,2025-02-04,764,pending,False,0
816,SITE-080,PART-5094,2025-07-20,2025-07-28,2025-07-27,500,shipped,False,0
817,SITE-063,PART-1575,2025-02-02,2025-02-08,2025-02-07,822,pending,False,0
818,SITE-061,PART-8330,2025-06-26,2025-07-01,2025-06-29,691,delivered,False,0
819,SITE-076,PART-9679,2025-11-18,2025-11-26,2025-11-24,581,shipped,False,0
820,SITE-100,PART-9613,2026-02-17,2026-02-25,2026-02-23,860,pending,False,0
821,SITE-099,PART-5936,2026-04-05,2026-04-13,2026-04-23,283,pending,True,10
822,SITE-046,PART-3360,2025-09-12,2025-09-20,2025-09-19,318,pending,False,0
823,SITE-044,PART-7250,2026-05-07,2026-05-17,2026-05-15,259,pending,False,0
824,SITE-026,PART-3201,2025-05-04,2025-05-07,2025-05-05,282,delivered,False,0
825,SITE-075,PART-7121,2026-07-04,2026-07-08,2026-07-06,653,shipped,False,0
826,SITE-080,PART-9309,2026-07-02,2026-07-09,2026-07-09,815,delivered,False,0
827,SITE-085,PART-2036,2025-11-27,2025-12-04,2025-12-02,930,delivered,False,0
828,SITE-016,PART-4206,2025-06-19,2025-06-25,2025-06-23,836,pending,False,0
829,SITE-004,PART-9337,2025-10-17,2025-10-27,2025-10-26,686,pending,False,0
830,SITE-047,PART-2102,2025-06-08,2025-06-11,2025-06-09,751,pending,False,0
831,SITE-077,PART-8807,2025-02-07,2025-02-17,2025-02-17,856,shipped,False,0
832,SITE-022,PART-2779,2026-11-23,2026-12-03,2026-12-03,757,shipped,False,0
833,SITE-091,PART-6013,2025-05-02,2025-05-12,2025-05-11,529,delivered,False,0
834,SITE-042,PART-4032,2026-12-24,2026-12-30,2026-12-28,960,delivered,False,0
835,SITE-011,PART-5198,2026-11-22,2026-11-30,2026-11-28,3,pending,False,0
836,SITE-008,PART-9288,2025-02-16,2025-02-23,2025-02-23,555,pending,False,0
837,SITE-074,PART-7020,2026-10-02,2026-10-12,2026-10-11,777,delivered,False,0
838,SITE-024,PART-1470,2026-01-09,2026-01-14,2026-01-12,477,pending,False,0
839,SITE-026,PART-8316,2026-11-05,2026-11-15,2026-11-13,448,shipped,False,0
840,SITE-088,PART-5588,2025-12-09,2025-12-16,2025-12-14,709,pending,False,0
841,SITE-080,PART-1249,2025-02-05,2025-02-14,2025-02-12,506,pending,False,0
842,SITE-023,PART-2897,2025-07-13,2025-07-18,2025-08-02,65,delivered,True,15
843,SITE-098,PART-1249,2026-02-20,2026-02-28,2026-02-27,794,delivered,False,0
844,SITE-077,PART-3188,2025-05-25,2025-05-31,2025-05-30,625,pending,False,0
845,SITE-010,PART-8505,2025-02-17,2025-02-22,2025-02-20,679,pending,False,0
846,SITE-036,PART-6072,2025-06-10,2025-06-17,2025-06-15,906,pending,False,0
847,SITE-098,PART-5659,2025-02-16,2025-02-19,2025-02-19,234,shipped,False,0
848,SITE-022,PART-1613,2025-02-22,2025-02-27,2025-02-25,329,pending,False,0
849,SITE-042,PART-3731,2026-11-11,2026-11-19,2026-11-18,721,delivered,False,0
850,SITE-010,PART-1358,2025-12-03,2025-12-06,2025-12-25,382,shipped,True,19
851,SITE-057,PART-3415,2025-11-04,2025-11-12,2025-11-29,607,delivered,True,17
852,SITE-009,PART-1225,2026-06-02,2026-06-05,2026-06-03,188,pending,False,0
853,SITE-093,PART-3657,2025-11-15,2025-11-23,2025-11-21,252,pending,False,0
854,SITE-071,PART-3109,2025-07-21,2025-07-28,2025-07-27,677,pending,False,0
855,SITE-055,PART-2213,2026-01-16,2026-01-19,2026-01-18,530,shipped,False,0
856,SITE-074,PART-4908,2025-01-12,2025-01-21,2025-01-19,751,shipped,False,0
857,SITE-013,PART-2035,2025-03-22,2025-03-26,2025-03-25,351,delivered,False,0
858,SITE-060,PART-9377,2026-05-07,2026-05-15,2026-05-13,824,delivered,False,0
859,SITE-079,PART-7250,2025-12-03,2025-12-12,2025-12-11,779,shipped,False,0
860,SITE-088,PART-9293,2025-06-05,2025-06-13,2025-06-21,189,pending,True,8
861,SITE-062,PART-2735,2026-06-19,2026-06-27,2026-06-27,42,shipped,False,0
862,SITE-092,PART-9255,2025-02-14,2025-02-19,2025-02-18,856,pending,False,0
863,SITE-065,PART-7416,2025-10-03,2025-10-06,2025-10-10,336,shipped,True,4
864,SITE-074,PART-4247,2026-07-25,2026-07-30,2026-07-30,843,pending,False,0
865,SITE-067,PART-4382,2025-09-04,2025-09-12,2025-09-10,452,shipped,False,0
866,SITE-079,PART-2516,2025-10-23,2025-10-31,2025-10-31,432,shipped,False,0
867,SITE-015,PART-6176,2026-02-15,2026-02-18,2026-02-16,657,delivered,False,0
868,SITE-013,PART-8302,2026-10-04,2026-10-12,2026-10-10,941,delivered,False,0
869,SITE-062,PART-2165,2025-09-14,2025-09-21,2025-09-30,512,pending,True,9
870,SITE-066,PART-3360,2025-03-23,2025-03-27,2025-03-25,359,shipped,False,0
871,SITE-006,PART-4880,2026-10-28,2026-11-07,2026-11-06,781,shipped,False,0
872,SITE-054,PART-8474,2025-10-21,2025-10-25,2025-10-25,793,pending,False,0
873,SITE-066,PART-1081,2025-02-28,2025-03-03,2025-03-03,373,delivered,False,0
874,SITE-090,PART-7823,2026-09-04,2026-09-13,2026-09-11,616,shipped,False,0
875,SITE-057,PART-8488,2025-10-06,2025-10-15,2025-10-15,168,shipped,False,0
876,SITE-025,PART-7433,2025-11-04,2025-11-07,2025-11-06,486,delivered,False,0
877,SITE-026,PART-1116,2025-06-23,2025-07-01,2025-06-29,949,shipped,False,0
878,SITE-032,PART-3915,2026-05-17,2026-05-24,2026-05-22,213,pending,False,0
879,SITE-089,PART-7135,2026-09-24,2026-09-30,2026-09-30,223,pending,False,0
880,SITE-004,PART-1934,2026-08-05,2026-08-09,2026-08-19,328,pending,True,10
881,SITE-004,PART-6417,2026-06-05,2026-06-12,2026-06-12,936,pending,False,0
882,SITE-028,PART-5050,2026-09-15,2026-09-20,2026-09-19,665,delivered,False,0
883,SITE-056,PART-4662,2026-07-21,2026-07-27,2026-07-31,301,pending,True,4
884,SITE-012,PART-3224,2025-07-11,2025-07-18,2025-07-30,27,pending,True,12
885,SITE-085,PART-3808,2025-10-01,2025-10-10,2025-10-19,906,pending,True,9
886,SITE-017,PART-1892,2026-07-06,2026-07-12,2026-07-10,294,shipped,False,0
887,SITE-058,PART-4450,2026-11-23,2026-11-28,2026-12-04,432,shipped,True,6
888,SITE-067,PART-5460,2025-02-28,2025-03-06,2025-03-04,114,delivered,False,0
889,SITE-015,PART-2003,2026-12-17,2026-12-21,2026-12-20,120,shipped,False,0
890,SITE-011,PART-4072,2026-11-04,2026-11-08,2026-11-08,909,delivered,False,0
891,SITE-028,PART-5961,2026-01-05,2026-01-13,2026-01-13,445,shipped,False,0
892,SITE-082,PART-3739,2025-06-10,2025-06-18,2025-06-16,146,shipped,False,0
893,SITE-071,PART-5661,2025-01-27,2025-02-02,2025-02-02,592,shipped,False,0
894,SITE-022,PART-1534,2026-04-11,2026-04-20,2026-04-20,885,pending,False,0
895,SITE-016,PART-2430,2025-07-18,2025-07-22,2025-07-21,111,pending,False,0
896,SITE-084,PART-6947,2025-05-06,2025-05-15,2025-05-31,499,pending,True,16
897,SITE-023,PART-6522,2026-03-19,2026-03-25,2026-03-24,644,shipped,False,0
898,SITE-064,PART-5659,2026-09-11,2026-09-16,2026-09-16,432,shipped,False,0
899,SITE-065,PART-2106,2025-02-24,2025-03-06,2025-03-06,178,pending,False,0
900,SITE-046,PART-7606,2025-04-11,2025-04-18,2025-04-17,839,delivered,False,0
901,SITE-049,PART-1198,2026-07-23,2026-08-02,2026-08-02,579,delivered,False,0
902,SITE-096,PART-8254,2025-10-20,2025-10-27,2025-10-26,474,pending,False,0
903,SITE-064,PART-3684,2025-10-18,2025-10-21,2025-10-20,92,delivered,False,0
904,SITE-095,PART-7250,2026-11-23,2026-12-03,2026-12-03,314,shipped,False,0
905,SITE-051,PART-9634,2025-08-04,2025-08-08,2025-08-08,31,pending,False,0
906,SITE-058,PART-4886,2025-03-04,2025-03-13,2025-03-11,95,pending,False,0
907,SITE-062,PART-1798,2026-01-12,2026-01-19,2026-01-18,766,shipped,False,0
908,SITE-021,PART-6567,2025-02-22,2025-02-27,2025-02-26,600,shipped,False,0
909,SITE-065,PART-5813,2026-06-09,2026-06-17,2026-06-15,290,delivered,False,0
910,SITE-034,PART-3392,2025-01-03,2025-01-12,2025-01-11,768,shipped,False,0
911,SITE-096,PART-7135,2026-01-24,2026-01-27,2026-01-27,17,shipped,False,0
912,SITE-046,PART-2148,2025-06-23,2025-07-03,2025-07-01,725,delivered,False,0
913,SITE-049,PART-1210,2026-12-09,2026-12-13,2026-12-13,860,shipped,False,0
914,SITE-044,PART-8025,2025-03-16,2025-03-24,2025-04-09,644,pending,True,16
915,SITE-074,PART-7431,2026-04-11,2026-04-21,2026-04-21,291,pending,False,0
916,SITE-054,PART-4572,2026-06-12,2026-06-18,2026-06-16,291,pending,False,0
917,SITE-070,PART-7433,2026-02-12,2026-02-19,2026-02-25,944,delivered,True,6
918,SITE-074,PART-4219,2026-07-27,2026-07-30,2026-08-06,311,shipped,True,7
919,SITE-063,PART-4638,2026-01-08,2026-01-15,2026-01-23,937,pending,True,8
920,SITE-056,PART-5784,2025-02-23,2025-02-28,2025-02-28,416,pending,False,0
921,SITE-011,PART-5950,2025-12-28,2026-01-01,2025-12-31,620,shipped,False,0
922,SITE-006,PART-7967,2025-03-02,2025-03-07,2025-03-06,353,delivered,False,0
923,SITE-045,PART-9754,2025-03-06,2025-03-13,2025-03-11,708,pending,False,0
924,SITE-007,PART-9121,2026-08-27,2026-09-03,2026-09-03,769,pending,False,0
925,SITE-098,PART-2035,2026-12-05,2026-12-09,2026-12-17,309,pending,True,8
926,SITE-073,PART-7560,2025-11-28,2025-12-06,2025-12-05,692,pending,False,0
927,SITE-073,PART-5660,2025-01-17,2025-01-23,2025-02-09,3,delivered,True,17
928,SITE-080,PART-4290,2026-03-14,2026-03-24,2026-03-23,97,shipped,False,0
929,SITE-019,PART-1783,2025-09-06,2025-09-14,2025-09-13,345,pending,False,0
930,SITE-040,PART-8558,2025-03-24,2025-03-30,2025-03-29,956,pending,False,0
931,SITE-032,PART-2356,2025-05-03,2025-05-11,2025-05-10,487,pending,False,0
932,SITE-088,PART-7345,2025-11-24,2025-11-28,2025-12-03,373,shipped,True,5
933,SITE-014,PART-2802,2026-12-22,2026-12-27,2026-12-27,918,pending,False,0
934,SITE-093,PART-8420,2025-08-28,2025-09-05,2025-09-03,200,pending,False,0
935,SITE-075,PART-8163,2025-10-11,2025-10-18,2025-10-18,849,pending,False,0
936,SITE-005,PART-1926,2025-07-12,2025-07-17,2025-07-29,40,shipped,True,12
937,SITE-051,PART-1291,2025-03-25,2025-04-03,2025-04-02,909,delivered,False,0
938,SITE-015,PART-9613,2025-04-13,2025-04-18,2025-04-16,699,delivered,False,0
939,SITE-033,PART-3657,2025-05-22,2025-05-31,2025-05-30,660,pending,False,0
940,SITE-044,PART-4880,2026-01-04,2026-01-07,2026-01-06,886,shipped,False,0
941,SITE-053,PART-5198,2026-11-17,2026-11-22,2026-11-21,365,pending,False,0
942,SITE-026,PART-3646,2026-07-16,2026-07-24,2026-07-24,687,shipped,False,0
943,SITE-058,PART-4058,2025-09-08,2025-09-16,2025-09-15,203,shipped,False,0
944,SITE-002,PART-7177,2025-02-28,2025-03-08,2025-03-07,51,delivered,False,0
945,SITE-002,PART-1737,2026-06-16,2026-06-19,2026-06-18,179,shipped,False,0
946,SITE-043,PART-6113,2025-09-04,2025-09-08,2025-09-06,304,delivered,False,0
947,SITE-090,PART-7104,2025-08-02,2025-08-05,2025-08-05,701,shipped,False,0
948,SITE-061,PART-1259,2026-11-16,2026-11-19,2026-11-18,242,delivered,False,0
949,SITE-060,PART-3869,2025-09-26,2025-10-02,2025-10-02,687,pending,False,0
950,SITE-097,PART-3819,2026-06-16,2026-06-20,2026-06-27,305,delivered,True,7
951,SITE-089,PART-7189,2025-05-07,2025-05-16,2025-05-14,667,pending,False,0
952,SITE-057,PART-3452,2026-10-16,2026-10-22,2026-10-21,538,pending,False,0
953,SITE-087,PART-5876,2025-02-17,2025-02-20,2025-02-18,975,pending,False,0
954,SITE-083,PART-9337,2026-09-21,2026-09-25,2026-09-24,235,shipped,False,0
955,SITE-034,PART-7384,2025-11-23,2025-11-29,2025-11-28,198,shipped,False,0
956,SITE-010,PART-7792,2026-03-02,2026-03-09,2026-03-07,247,delivered,False,0
957,SITE-043,PART-3937,2025-09-21,2025-09-29,2025-09-28,404,pending,False,0
958,SITE-094,PART-1945,2025-07-04,2025-07-11,2025-07-09,195,delivered,False,0
959,SITE-028,PART-8625,2026-09-01,2026-09-05,2026-09-04,185,pending,False,0
960,SITE-092,PART-1496,2026-09-12,2026-09-15,2026-09-15,483,shipped,False,0
961,SITE-071,PART-4995,2026-11-20,2026-11-30,2026-12-07,589,pending,True,7
962,SITE-080,PART-4084,2026-01-10,2026-01-18,2026-01-18,87,pending,False,0
963,SITE-032,PART-6013,2026-02-22,2026-03-03,2026-03-07,586,shipped,True,4
964,SITE-068,PART-7599,2026-04-23,2026-04-29,2026-04-28,700,pending,False,0
965,SITE-002,PART-7767,2026-10-12,2026-10-17,2026-10-17,814,delivered,False,0
966,SITE-039,PART-2735,2025-09-07,2025-09-17,2025-09-15,555,delivered,False,0
967,SITE-006,PART-7560,2025-03-02,2025-03-08,2025-03-07,82,pending,False,0
968,SITE-089,PART-5875,2025-01-03,2025-01-12,2025-01-12,132,pending,False,0
969,SITE-098,PART-2665,2026-07-17,2026-07-25,2026-07-24,322,delivered,False,0
970,SITE-072,PART-8330,2025-10-16,2025-10-21,2025-10-20,209,delivered,False,0
971,SITE-007,PART-8916,2026-11-19,2026-11-27,2026-11-25,612,delivered,False,0
972,SITE-024,PART-7209,2026-03-27,2026-04-04,2026-04-03,814,pending,False,0
973,SITE-030,PART-3646,2026-01-26,2026-01-31,2026-01-30,764,pending,False,0
974,SITE-028,PART-5961,2026-01-02,2026-01-08,2026-01-06,658,delivered,False,0
975,SITE-054,PART-2699,2026-05-28,2026-06-03,2026-06-01,744,delivered,False,0
976,SITE-071,PART-9038,2025-11-09,2025-11-18,2025-11-17,293,delivered,False,0
977,SITE-038,PART-5354,2026-02-03,2026-02-11,2026-02-09,148,delivered,False,0
978,SITE-006,PART-9288,2026-10-08,2026-10-11,2026-10-10,713,pending,False,0
979,SITE-071,PART-4713,2026-09-08,2026-09-18,2026-09-16,50,shipped,False,0
980,SITE-014,PART-6944,2025-03-27,2025-04-01,2025-03-31,441,shipped,False,0
981,SITE-099,PART-1817,2025-09-01,2025-09-07,2025-09-05,690,delivered,False,0
982,SITE-071,PART-7020,2025-08-04,2025-08-13,2025-08-13,21,shipped,False,0
983,SITE-082,PART-8779,2025-04-28,2025-05-01,2025-04-30,6,delivered,False,0
984,SITE-024,PART-3663,2026-03-09,2026-03-17,2026-03-16,92,shipped,False,0
985,SITE-091,PART-7563,2025-12-26,2026-01-01,2025-12-30,148,shipped,False,0
986,SITE-038,PART-2283,2026-05-18,2026-05-28,2026-05-27,490,shipped,False,0
987,SITE-045,PART-1343,2025-01-06,2025-01-11,2025-01-10,664,pending,False,0
988,SITE-030,PART-4181,2025-12-16,2025-12-21,2025-12-20,768,delivered,False,0
989,SITE-052,PART-1017,2025-05-19,2025-05-25,2025-05-25,21,pending,False,0
990,SITE-012,PART-3896,2026-03-04,2026-03-12,2026-03-10,315,pending,False,0
991,SITE-036,PART-6140,2026-05-09,2026-05-19,2026-05-18,949,delivered,False,0
992,SITE-038,PART-7087,2026-05-27,2026-06-04,2026-06-04,374,delivered,False,0
993,SITE-098,PART-7914,2026-07-27,2026-08-03,2026-08-01,271,delivered,False,0
994,SITE-099,PART-1710,2025-06-06,2025-06-13,2025-06-12,625,pending,False,0
995,SITE-097,PART-9704,2026-11-17,2026-11-21,2026-11-19,414,delivered,False,0
996,SITE-022,PART-5219,2025-05-27,2025-06-05,2025-06-03,147,delivered,False,0
997,SITE-034,PART-2794,2025-08-10,2025-08-16,2025-08-15,230,delivered,False,0
998,SITE-095,PART-7912,2025-12-25,2026-01-04,2026-01-04,719,shipped,False,0
999,SITE-005,PART-5072,2025-06-14,2025-06-19,2025-06-17,378,delivered,False,0
1000,SITE-089,PART-4335,2026-03-22,2026-03-26,2026-03-25,444,shipped,False,0
1001,SITE-020,PART-7785,2026-11-17,2026-11-24,2026-12-09,44,shipped,True,15
1002,SITE-014,PART-4303,2025-11-05,2025-11-11,2025-11-10,547,pending,False,0
1003,SITE-074,PART-8211,2026-04-25,2026-04-28,2026-04-27,545,delivered,False,0
1004,SITE-044,PART-1503,2025-12-27,2026-01-03,2026-01-03,968,pending,False,0
1005,SITE-038,PART-8488,2026-01-17,2026-01-24,2026-01-26,721,delivered,True,2
1006,SITE-043,PART-3653,2026-07-14,2026-07-19,2026-07-18,808,delivered,False,0
1007,SITE-048,PART-8496,2025-03-18,2025-03-26,2025-03-24,862,shipped,False,0
1008,SITE-016,PART-3343,2025-08-01,2025-08-05,2025-08-03,993,pending,False,0
1009,SITE-049,PART-2317,2026-06-28,2026-07-03,2026-07-11,916,shipped,True,8
1010,SITE-097,PART-8535,2026-08-07,2026-08-14,2026-08-27,634,delivered,True,13
1011,SITE-074,PART-5121,2026-10-20,2026-10-25,2026-10-25,850,delivered,False,0
1012,SITE-073,PART-9634,2026-09-17,2026-09-25,2026-09-25,989,delivered,False,0
1013,SITE-073,PART-7903,2025-01-11,2025-01-21,2025-01-19,522,pending,False,0
1014,SITE-019,PART-4844,2026-09-18,2026-09-28,2026-09-26,458,shipped,False,0
1015,SITE-097,PART-3472,2026-07-24,2026-07-31,2026-07-30,651,delivered,False,0
1016,SITE-022,PART-2830,2026-10-26,2026-10-31,2026-10-31,322,pending,False,0
1017,SITE-071,PART-4303,2025-04-02,2025-04-06,2025-04-10,428,delivered,True,4
1018,SITE-046,PART-3839,2026-08-25,2026-08-28,2026-09-08,158,pending,True,11
1019,SITE-034,PART-1496,2025-07-02,2025-07-06,2025-07-06,793,delivered,False,0
1020,SITE-020,PART-3822,2026-04-27,2026-05-07,2026-05-05,278,shipped,False,0
1021,SITE-077,PART-3285,2026-05-24,2026-05-28,2026-05-26,20,pending,False,0
1022,SITE-020,PART-1081,2026-04-21,2026-04-29,2026-04-28,405,delivered,False,0
1023,SITE-006,PART-3349,2025-01-05,2025-01-09,2025-01-08,791,pending,False,0
1024,SITE-043,PART-7181,2026-04-09,2026-04-18,2026-04-17,586,pending,False,0
1025,SITE-025,PART-6542,2026-05-04,2026-05-08,2026-05-08,117,delivered,False,0
1026,SITE-001,PART-8723,2026-03-03,2026-03-13,2026-03-13,921,delivered,False,0
1027,SITE-069,PART-4638,2026-03-12,2026-03-22,2026-03-22,288,pending,False,0
1028,SITE-092,PART-1710,2025-11-07,2025-11-17,2025-11-17,566,pending,False,0
1029,SITE-012,PART-7486,2026-08-08,2026-08-16,2026-08-15,542,shipped,False,0
1030,SITE-064,PART-6787,2026-11-12,2026-11-17,2026-11-17,837,delivered,False,0
1031,SITE-004,PART-2396,2026-12-16,2026-12-23,2026-12-21,914,shipped,False,0
1032,SITE-023,PART-2098,2026-10-11,2026-10-19,2026-10-17,475,shipped,False,0
1033,SITE-014,PART-4137,2026-04-22,2026-05-02,2026-05-11,980,delivered,True,9
1034,SITE-028,PART-2283,2025-08-15,2025-08-22,2025-08-21,389,shipped,False,0
1035,SITE-048,PART-7416,2026-07-11,2026-07-16,2026-07-15,284,pending,False,0
1036,SITE-092,PART-5018,2026-07-04,2026-07-09,2026-07-07,797,shipped,False,0
1037,SITE-059,PART-3953,2026-04-27,2026-05-04,2026-05-03,987,pending,False,0
1038,SITE-100,PART-7886,2025-03-08,2025-03-18,2025-03-17,698,pending,False,0
1039,SITE-090,PART-8355,2026-11-19,2026-11-27,2026-11-26,127,delivered,False,0
1040,SITE-057,PART-8581,2025-07-04,2025-07-11,2025-07-10,809,delivered,False,0
1041,SITE-086,PART-9165,2026-06-25,2026-06-30,2026-06-29,763,delivered,False,0
1042,SITE-094,PART-5543,2025-09-28,2025-10-03,2025-10-01,887,pending,False,0
1043,SITE-075,PART-6588,2025-11-05,2025-11-13,2025-11-11,435,pending,False,0
1044,SITE-090,PART-7960,2025-03-28,2025-04-04,2025-04-02,334,delivered,False,0
1045,SITE-049,PART-3543,2025-09-13,2025-09-20,2025-09-19,824,delivered,False,0
1046,SITE-080,PART-7282,2026-08-10,2026-08-19,2026-08-18,117,shipped,False,0
1047,SITE-054,PART-5127,2025-09-26,2025-10-06,2025-10-21,611,pending,True,15
1048,SITE-083,PART-8163,2026-03-28,2026-04-01,2026-03-31,906,shipped,False,0
1049,SITE-094,PART-6628,2026-06-25,2026-06-29,2026-06-27,593,pending,False,0
1050,SITE-035,PART-3340,2026-12-19,2026-12-24,2026-12-24,103,pending,False,0
1051,SITE-084,PART-5183,2025-11-28,2025-12-03,2025-12-03,664,pending,False,0
1052,SITE-044,PART-9432,2026-04-08,2026-04-18,2026-04-18,902,pending,False,0
1053,SITE-062,PART-1892,2026-02-18,2026-02-27,2026-02-26,962,pending,False,0
1054,SITE-019,PART-8496,2025-08-19,2025-08-25,2025-08-25,296,shipped,False,0
1055,SITE-005,PART-6430,2025-11-16,2025-11-19,2025-12-02,402,pending,True,13
1056,SITE-038,PART-5846,2026-06-04,2026-06-09,2026-06-09,85,shipped,False,0
1057,SITE-007,PART-7761,2026-10-12,2026-10-21,2026-10-20,11,pending,False,0
1058,SITE-056,PART-8202,2025-09-05,2025-09-09,2025-09-08,747,shipped,False,0
1059,SITE-056,PART-4309,2026-08-22,2026-08-30,2026-08-29,594,pending,False,0
1060,SITE-022,PART-7385,2025-05-11,2025-05-18,2025-05-16,39,delivered,False,0
1061,SITE-075,PART-8555,2025-12-16,2025-12-21,2025-12-21,756,pending,False,0
1062,SITE-076,PART-8084,2025-05-12,2025-05-17,2025-05-17,225,shipped,False,0
1063,SITE-040,PART-8143,2025-01-13,2025-01-23,2025-01-21,958,delivered,False,0
1064,SITE-025,PART-6983,2025-08-27,2025-09-01,2025-09-01,738,pending,False,0
1065,SITE-078,PART-4365,2025-06-15,2025-06-18,2025-06-18,933,delivered,False,0
1066,SITE-071,PART-5150,2025-03-26,2025-03-30,2025-03-29,875,delivered,False,0
1067,SITE-049,PART-5368,2026-05-19,2026-05-27,2026-05-25,573,shipped,False,0
1068,SITE-080,PART-1524,2026-02-03,2026-02-10,2026-02-08,847,delivered,False,0
1069,SITE-008,PART-2269,2025-05-07,2025-05-15,2025-05-14,399,delivered,False,0
1070,SITE-014,PART-1926,2025-07-01,2025-07-05,2025-07-03,291,shipped,False,0
1071,SITE-036,PART-5625,2025-04-16,2025-04-22,2025-04-22,764,pending,False,0
1072,SITE-061,PART-5319,2025-04-06,2025-04-13,2025-04-12,634,pending,False,0
1073,SITE-038,PART-4001,2026-07-05,2026-07-13,2026-07-13,99,pending,False,0
1074,SITE-062,PART-2125,2025-11-13,2025-11-19,2025-11-17,38,pending,False,0
1075,SITE-088,PART-6113,2025-04-20,2025-04-24,2025-04-23,2,pending,False,0
1076,SITE-042,PART-9913,2025-04-16,2025-04-26,2025-04-26,297,shipped,False,0
1077,SITE-044,PART-8783,2026-06-24,2026-06-27,2026-06-26,279,delivered,False,0
1078,SITE-053,PART-2269,2025-11-16,2025-11-24,2025-11-22,524,shipped,False,0
1079,SITE-021,PART-8163,2025-10-07,2025-10-15,2025-10-14,112,pending,False,0
1080,SITE-007,PART-2779,2025-09-22,2025-09-30,2025-09-28,344,shipped,False,0
1081,SITE-008,PART-5150,2026-05-05,2026-05-08,2026-05-16,61,delivered,True,8
1082,SITE-005,PART-5319,2025-06-18,2025-06-25,2025-06-25,259,shipped,False,0
1083,SITE-023,PART-2963,2026-01-13,2026-01-19,2026-01-18,802,pending,False,0
1084,SITE-075,PART-9374,2025-09-05,2025-09-08,2025-09-06,573,delivered,False,0
1085,SITE-079,PART-4072,2026-02-28,2026-03-08,2026-03-19,827,shipped,True,11
1086,SITE-067,PART-3070,2026-09-19,2026-09-25,2026-09-24,848,shipped,False,0
1087,SITE-093,PART-7419,2026-08-07,2026-08-13,2026-08-12,769,delivered,False,0
1088,SITE-062,PART-1416,2026-08-27,2026-09-04,2026-09-04,742,shipped,False,0
1089,SITE-056,PART-8943,2025-01-26,2025-02-02,2025-01-31,377,shipped,False,0
1090,SITE-001,PART-4449,2025-11-21,2025-11-25,2025-12-01,810,delivered,True,6
1091,SITE-075,PART-4014,2025-12-27,2026-01-02,2025-12-31,783,delivered,False,0
1092,SITE-017,PART-9340,2026-12-04,2026-12-11,2026-12-14,661,delivered,True,3
1093,SITE-025,PART-5011,2026-10-25,2026-10-30,2026-10-28,738,pending,False,0
1094,SITE-021,PART-6601,2025-01-14,2025-01-21,2025-01-20,309,pending,False,0
1095,SITE-052,PART-7495,2026-04-13,2026-04-19,2026-04-19,97,shipped,False,0
1096,SITE-062,PART-8876,2026-05-13,2026-05-17,2026-05-15,828,pending,False,0
1097,SITE-029,PART-8322,2025-07-11,2025-07-14,2025-07-13,119,pending,False,0
1098,SITE-020,PART-7745,2026-11-21,2026-11-26,2026-11-26,958,delivered,False,0
1099,SITE-052,PART-5646,2025-12-07,2025-12-14,2025-12-13,159,shipped,False,0
1100,SITE-008,PART-8214,2026-06-06,2026-06-13,2026-06-11,147,pending,False,0
1101,SITE-086,PART-5659,2025-11-21,2025-12-01,2025-12-01,709,pending,False,0
1102,SITE-064,PART-1682,2026-04-17,2026-04-24,2026-04-24,29,delivered,False,0
1103,SITE-085,PART-7053,2026-07-17,2026-07-22,2026-07-20,9,delivered,False,0
1104,SITE-025,PART-3291,2025-09-24,2025-10-04,2025-10-02,201,shipped,False,0
1105,SITE-040,PART-5401,2026-07-18,2026-07-22,2026-07-21,612,shipped,False,0
1106,SITE-097,PART-2331,2025-08-08,2025-08-18,2025-08-17,2,shipped,False,0
1107,SITE-100,PART-3531,2025-12-17,2025-12-20,2025-12-20,497,pending,False,0
1108,SITE-096,PART-4238,2026-05-28,2026-06-07,2026-06-06,721,delivered,False,0
1109,SITE-023,PART-8127,2026-10-16,2026-10-26,2026-10-24,633,delivered,False,0
1110,SITE-006,PART-7505,2025-03-21,2025-03-28,2025-03-26,21,delivered,False,0
1111,SITE-012,PART-7277,2026-10-05,2026-10-12,2026-10-11,995,delivered,False,0
1112,SITE-029,PART-9467,2025-08-20,2025-08-23,2025-08-23,479,delivered,False,0
1113,SITE-012,PART-6031,2026-01-28,2026-02-07,2026-02-06,301,shipped,False,0
1114,SITE-093,PART-1557,2025-10-12,2025-10-18,2025-10-23,580,delivered,True,5
1115,SITE-039,PART-2217,2025-02-09,2025-02-12,2025-02-11,573,delivered,False,0
1116,SITE-033,PART-2217,2025-11-12,2025-11-20,2025-11-19,401,delivered,False,0
1117,SITE-053,PART-8896,2025-03-25,2025-04-01,2025-03-30,174,shipped,False,0
1118,SITE-009,PART-4055,2026-01-01,2026-01-09,2026-01-09,904,shipped,False,0
1119,SITE-022,PART-7321,2025-03-08,2025-03-14,2025-03-13,15,pending,False,0
1120,SITE-053,PART-6842,2025-10-21,2025-10-30,2025-10-29,505,shipped,False,0
1121,SITE-003,PART-5936,2025-10-01,2025-10-09,2025-10-08,17,shipped,False,0
1122,SITE-027,PART-1496,2026-07-02,2026-07-08,2026-07-07,296,delivered,False,0
1123,SITE-009,PART-6601,2026-01-08,2026-01-18,2026-01-16,389,pending,False,0
1124,SITE-063,PART-1744,2025-02-12,2025-02-17,2025-02-17,626,pending,False,0
1125,SITE-020,PART-5219,2025-06-08,2025-06-12,2025-06-12,596,delivered,False,0
1126,SITE-048,PART-7599,2025-07-14,2025-07-22,2025-07-20,547,pending,False,0
1127,SITE-013,PART-3199,2025-01-04,2025-01-08,2025-01-06,8,pending,False,0
1128,SITE-024,PART-1416,2026-06-04,2026-06-07,2026-06-06,821,delivered,False,0
1129,SITE-096,PART-8007,2026-03-03,2026-03-08,2026-03-11,589,shipped,True,3
1130,SITE-002,PART-1798,2025-02-08,2025-02-17,2025-02-17,280,delivered,False,0
1131,SITE-039,PART-3653,2025-08-01,2025-08-07,2025-08-05,549,pending,False,0
1132,SITE-031,PART-7495,2025-01-05,2025-01-10,2025-01-09,512,pending,False,0
1133,SITE-052,PART-5298,2026-04-08,2026-04-18,2026-04-18,214,pending,False,0
1134,SITE-081,PART-2974,2026-02-11,2026-02-19,2026-02-17,794,pending,False,0
1135,SITE-088,PART-8593,2025-07-03,2025-07-07,2025-07-06,83,pending,False,0
1136,SITE-077,PART-2735,2026-04-16,2026-04-19,2026-04-19,244,pending,False,0
1137,SITE-002,PART-7277,2025-07-28,2025-08-01,2025-07-31,913,shipped,False,0
1138,SITE-084,PART-7290,2026-03-14,2026-03-21,2026-03-19,472,delivered,False,0
1139,SITE-047,PART-3729,2026-09-11,2026-09-19,2026-09-19,319,shipped,False,0
1140,SITE-096,PART-5664,2025-05-07,2025-05-15,2025-05-14,347,pending,False,0
1141,SITE-087,PART-6013,2026-01-16,2026-01-20,2026-01-20,351,shipped,False,0
1142,SITE-078,PART-9549,2025-02-17,2025-02-21,2025-02-20,307,delivered,False,0
1143,SITE-098,PART-8474,2026-03-25,2026-03-30,2026-03-28,796,delivered,False,0
1144,SITE-094,PART-1891,2026-09-09,2026-09-19,2026-09-18,861,delivered,False,0
1145,SITE-050,PART-6391,2025-04-27,2025-05-04,2025-05-04,152,shipped,False,0
1146,SITE-088,PART-6628,2026-06-14,2026-06-17,2026-06-16,145,pending,False,0
1147,SITE-070,PART-8593,2026-04-22,2026-04-29,2026-04-29,487,shipped,False,0
1148,SITE-015,PART-1463,2025-09-04,2025-09-14,2025-09-12,381,shipped,False,0
1149,SITE-091,PART-1402,2025-03-23,2025-03-27,2025-03-27,295,shipped,False,0
1150,SITE-040,PART-5298,2026-12-07,2026-12-15,2026-12-15,621,delivered,False,0
1151,SITE-003,PART-4228,2025-01-13,2025-01-20,2025-01-19,943,pending,False,0
1152,SITE-073,PART-6683,2026-03-15,2026-03-23,2026-03-23,918,delivered,False,0
1153,SITE-035,PART-3199,2025-12-24,2025-12-29,2025-12-28,951,pending,False,0
1154,SITE-063,PART-1670,2025-10-19,2025-10-24,2025-10-23,412,delivered,False,0
1155,SITE-041,PART-2317,2026-10-11,2026-10-16,2026-10-16,170,delivered,False,0
1156,SITE-076,PART-3182,2025-02-24,2025-02-27,2025-02-26,922,pending,False,0
1157,SITE-086,PART-4450,2025-02-06,2025-02-15,2025-02-20,496,pending,True,5
1158,SITE-040,PART-3360,2026-01-02,2026-01-12,2026-01-11,439,delivered,False,0
1159,SITE-003,PART-6926,2025-07-01,2025-07-09,2025-07-07,430,delivered,False,0
1160,SITE-057,PART-2331,2025-11-13,2025-11-18,2025-11-16,90,pending,False,0
1161,SITE-049,PART-9406,2025-02-08,2025-02-16,2025-02-16,308,shipped,False,0
1162,SITE-032,PART-9406,2025-03-22,2025-04-01,2025-04-01,9,delivered,False,0
1163,SITE-007,PART-6023,2026-08-22,2026-08-27,2026-08-26,851,pending,False,0
1164,SITE-061,PART-4032,2025-01-28,2025-02-01,2025-02-08,109,shipped,True,7
1165,SITE-020,PART-8084,2025-08-26,2025-09-01,2025-08-31,784,delivered,False,0
1166,SITE-016,PART-6072,2025-01-26,2025-02-04,2025-02-04,546,delivered,False,0
1167,SITE-051,PART-8396,2025-09-02,2025-09-09,2025-09-07,356,shipped,False,0
1168,SITE-005,PART-7608,2025-03-05,2025-03-10,2025-03-09,374,delivered,False,0
1169,SITE-022,PART-6013,2025-01-25,2025-01-31,2025-01-30,576,delivered,False,0
1170,SITE-096,PART-3798,2025-06-01,2025-06-07,2025-06-06,148,pending,False,0
1171,SITE-083,PART-2394,2026-02-13,2026-02-21,2026-02-21,611,delivered,False,0
1172,SITE-064,PART-6829,2025-01-13,2025-01-20,2025-01-18,398,pending,False,0
1173,SITE-013,PART-1074,2026-03-20,2026-03-29,2026-04-13,137,pending,True,15
1174,SITE-087,PART-1474,2026-10-24,2026-11-01,2026-10-31,565,delivered,False,0
1175,SITE-084,PART-7560,2026-07-23,2026-08-02,2026-08-06,957,pending,True,4
1176,SITE-005,PART-4303,2025-05-07,2025-05-16,2025-05-15,186,delivered,False,0
1177,SITE-014,PART-8779,2026-12-10,2026-12-15,2026-12-15,699,pending,False,0
1178,SITE-055,PART-2590,2026-12-12,2026-12-16,2026-12-16,251,shipped,False,0
1179,SITE-070,PART-3289,2026-09-10,2026-09-15,2026-09-14,325,delivered,False,0
1180,SITE-083,PART-5415,2025-11-07,2025-11-16,2025-11-20,32,shipped,True,4
1181,SITE-052,PART-3531,2026-01-15,2026-01-19,2026-01-19,558,shipped,False,0
1182,SITE-098,PART-6854,2026-06-24,2026-07-04,2026-07-03,18,shipped,False,0
1183,SITE-056,PART-4181,2026-06-16,2026-06-26,2026-06-26,356,shipped,False,0
1184,SITE-045,PART-6778,2025-11-28,2025-12-08,2025-12-08,204,shipped,False,0
1185,SITE-065,PART-6153,2025-08-03,2025-08-07,2025-08-05,236,delivered,False,0
1186,SITE-054,PART-5298,2025-03-10,2025-03-15,2025-03-30,962,pending,True,15
1187,SITE-093,PART-8668,2026-09-13,2026-09-21,2026-09-21,111,pending,False,0
1188,SITE-089,PART-1470,2025-10-09,2025-10-15,2025-10-14,122,pending,False,0
1189,SITE-008,PART-5046,2026-09-18,2026-09-21,2026-09-19,849,pending,False,0
1190,SITE-061,PART-9632,2026-01-05,2026-01-09,2026-01-07,698,delivered,False,0
1191,SITE-028,PART-6013,2025-01-09,2025-01-15,2025-01-15,257,pending,False,0
1192,SITE-063,PART-4206,2025-06-02,2025-06-11,2025-06-09,363,delivered,False,0
1193,SITE-006,PART-7419,2025-08-26,2025-08-31,2025-08-30,376,delivered,False,0
1194,SITE-055,PART-7045,2026-11-10,2026-11-13,2026-11-12,502,pending,False,0
1195,SITE-074,PART-3648,2025-05-28,2025-06-05,2025-06-05,76,shipped,False,0
1196,SITE-018,PART-4897,2025-09-15,2025-09-20,2025-09-18,575,shipped,False,0
1197,SITE-079,PART-6293,2025-10-02,2025-10-06,2025-10-20,486,pending,True,14
1198,SITE-073,PART-6762,2026-01-18,2026-01-24,2026-01-24,43,pending,False,0
1199,SITE-025,PART-8505,2026-09-11,2026-09-14,2026-09-12,426,shipped,False,0
1200,SITE-028,PART-3839,2026-06-23,2026-06-27,2026-06-26,760,shipped,False,0
1201,SITE-078,PART-7016,2026-02-23,2026-03-02,2026-03-02,126,delivered,False,0
1202,SITE-013,PART-2434,2025-06-06,2025-06-16,2025-06-15,489,pending,False,0
1203,SITE-082,PART-4547,2026-04-06,2026-04-12,2026-04-12,822,delivered,False,0
1204,SITE-037,PART-6972,2026-02-10,2026-02-19,2026-02-17,995,pending,False,0
1205,SITE-004,PART-6072,2025-01-03,2025-01-08,2025-01-08,10,pending,False,0
1206,SITE-089,PART-1670,2025-01-28,2025-02-01,2025-01-30,796,shipped,False,0
1207,SITE-071,PART-3246,2025-11-15,2025-11-19,2025-11-17,29,pending,False,0
1208,SITE-071,PART-1670,2026-11-23,2026-11-27,2026-12-09,556,pending,True,12
1209,SITE-074,PART-7416,2025-11-24,2025-12-04,2025-12-02,886,pending,False,0
1210,SITE-092,PART-7498,2026-08-19,2026-08-29,2026-09-01,412,pending,True,3
1211,SITE-058,PART-8199,2026-11-11,2026-11-18,2026-11-17,578,pending,False,0
1212,SITE-083,PART-7520,2025-01-02,2025-01-08,2025-01-08,459,delivered,False,0
1213,SITE-076,PART-4320,2025-07-11,2025-07-20,2025-07-25,882,shipped,True,5
1214,SITE-060,PART-5781,2026-08-15,2026-08-21,2026-08-19,8,pending,False,0
1215,SITE-063,PART-1926,2025-12-08,2025-12-18,2025-12-16,756,shipped,False,0
1216,SITE-022,PART-1291,2025-04-19,2025-04-25,2025-04-23,748,pending,False,0
1217,SITE-012,PART-6924,2026-01-12,2026-01-18,2026-01-17,148,shipped,False,0
1218,SITE-070,PART-5709,2026-08-24,2026-09-01,2026-08-30,416,shipped,False,0
1219,SITE-037,PART-8181,2025-07-20,2025-07-27,2025-07-27,636,delivered,False,0
1220,SITE-094,PART-2068,2025-05-04,2025-05-07,2025-05-05,8,shipped,False,0
1221,SITE-004,PART-6107,2025-08-16,2025-08-20,2025-08-18,161,pending,False,0
1222,SITE-063,PART-5652,2026-10-19,2026-10-22,2026-10-20,990,shipped,False,0
1223,SITE-090,PART-1416,2025-09-11,2025-09-20,2025-09-20,321,shipped,False,0
1224,SITE-028,PART-8518,2026-04-22,2026-04-25,2026-04-24,818,delivered,False,0
1225,SITE-072,PART-9883,2025-11-20,2025-11-29,2025-12-12,1000,pending,True,13
1226,SITE-080,PART-6183,2026-04-06,2026-04-09,2026-04-09,888,pending,False,0
1227,SITE-047,PART-4404,2026-04-16,2026-04-24,2026-04-23,863,pending,False,0
1228,SITE-029,PART-3781,2026-10-16,2026-10-22,2026-10-21,88,delivered,False,0
1229,SITE-077,PART-6013,2026-03-07,2026-03-14,2026-03-14,38,shipped,False,0
1230,SITE-020,PART-6101,2025-09-28,2025-10-03,2025-10-03,980,delivered,False,0
1231,SITE-100,PART-5919,2026-01-16,2026-01-19,2026-01-19,70,pending,False,0
1232,SITE-043,PART-9297,2026-09-28,2026-10-04,2026-10-02,165,delivered,False,0
1233,SITE-045,PART-2246,2025-10-15,2025-10-19,2025-10-17,353,pending,False,0
1234,SITE-013,PART-2487,2026-03-10,2026-03-13,2026-03-11,446,shipped,False,0
1235,SITE-050,PART-1376,2025-08-18,2025-08-21,2025-08-21,466,shipped,False,0
1236,SITE-082,PART-4311,2025-05-08,2025-05-13,2025-05-11,34,delivered,False,0
1237,SITE-031,PART-7486,2026-05-26,2026-06-02,2026-05-31,269,pending,False,0
1238,SITE-040,PART-3937,2026-03-07,2026-03-12,2026-03-22,662,delivered,True,10
1239,SITE-063,PART-3231,2025-05-26,2025-06-02,2025-05-31,306,shipped,False,0
1240,SITE-048,PART-7903,2026-07-04,2026-07-12,2026-07-11,19,shipped,False,0
1241,SITE-005,PART-3819,2025-05-22,2025-06-01,2025-05-30,384,pending,False,0
1242,SITE-057,PART-5646,2025-01-20,2025-01-27,2025-01-27,821,pending,False,0
1243,SITE-050,PART-7269,2026-11-14,2026-11-24,2026-11-22,702,shipped,False,0
1244,SITE-095,PART-5050,2026-11-15,2026-11-19,2026-11-18,835,delivered,False,0
1245,SITE-019,PART-2297,2026-06-07,2026-06-14,2026-06-12,924,pending,False,0
1246,SITE-087,PART-8042,2025-03-18,2025-03-21,2025-03-21,560,shipped,False,0
1247,SITE-013,PART-1591,2025-06-12,2025-06-21,2025-06-21,697,pending,False,0
1248,SITE-069,PART-1926,2026-02-02,2026-02-09,2026-02-09,136,shipped,False,0
1249,SITE-028,PART-9263,2026-07-06,2026-07-14,2026-07-13,684,shipped,False,0
1250,SITE-023,PART-8474,2026-10-02,2026-10-11,2026-10-09,447,delivered,False,0
1251,SITE-060,PART-8200,2026-11-21,2026-11-28,2026-11-26,683,pending,False,0
1252,SITE-044,PART-8668,2026-08-20,2026-08-25,2026-08-23,273,delivered,False,0
1253,SITE-099,PART-7209,2025-11-03,2025-11-08,2025-11-08,108,delivered,False,0
1254,SITE-016,PART-7559,2026-07-22,2026-07-27,2026-07-25,987,shipped,False,0
1255,SITE-059,PART-3344,2026-05-03,2026-05-07,2026-05-06,665,shipped,False,0
1256,SITE-002,PART-7345,2025-06-27,2025-07-04,2025-07-02,211,pending,False,0
1257,SITE-053,PART-5646,2026-01-22,2026-01-29,2026-01-27,132,shipped,False,0
1258,SITE-054,PART-5664,2025-08-06,2025-08-11,2025-08-22,375,shipped,True,11
1259,SITE-085,PART-4942,2025-11-18,2025-11-24,2025-11-22,186,delivered,False,0
1260,SITE-050,PART-8593,2025-06-24,2025-07-03,2025-07-03,602,shipped,False,0
1261,SITE-068,PART-1463,2026-04-13,2026-04-23,2026-04-23,288,delivered,False,0
1262,SITE-016,PART-1700,2026-05-08,2026-05-16,2026-05-14,525,shipped,False,0
1263,SITE-068,PART-9666,2026-07-27,2026-08-05,2026-08-03,375,delivered,False,0
1264,SITE-085,PART-1852,2025-05-02,2025-05-11,2025-05-09,271,delivered,False,0
1265,SITE-084,PART-3937,2025-04-13,2025-04-22,2025-04-21,622,pending,False,0
1266,SITE-070,PART-4382,2026-02-01,2026-02-07,2026-02-05,167,delivered,False,0
1267,SITE-061,PART-8126,2026-09-17,2026-09-20,2026-09-19,597,pending,False,0
1268,SITE-006,PART-6709,2025-10-28,2025-11-06,2025-11-04,635,pending,False,0
1269,SITE-070,PART-9883,2025-12-05,2025-12-08,2025-12-08,788,delivered,False,0
1270,SITE-041,PART-1506,2025-09-22,2025-09-29,2025-09-27,317,shipped,False,0
1271,SITE-051,PART-7277,2026-08-20,2026-08-24,2026-08-24,834,pending,False,0
1272,SITE-003,PART-4547,2025-02-06,2025-02-12,2025-02-10,87,delivered,False,0
1273,SITE-039,PART-7388,2025-08-01,2025-08-10,2025-08-10,798,pending,False,0
1274,SITE-095,PART-2394,2026-01-15,2026-01-22,2026-01-20,406,shipped,False,0
1275,SITE-091,PART-3109,2025-04-11,2025-04-18,2025-04-20,453,pending,True,2
1276,SITE-029,PART-9336,2026-07-28,2026-07-31,2026-07-29,309,delivered,False,0
1277,SITE-059,PART-2396,2025-10-23,2025-11-01,2025-11-01,172,delivered,False,0
1278,SITE-069,PART-4062,2026-12-16,2026-12-20,2026-12-19,10,shipped,False,0
1279,SITE-049,PART-2122,2025-09-05,2025-09-15,2025-09-15,835,pending,False,0
1280,SITE-068,PART-2802,2025-09-09,2025-09-17,2025-09-16,444,pending,False,0
1281,SITE-008,PART-7590,2026-06-10,2026-06-14,2026-06-13,62,delivered,False,0
1282,SITE-079,PART-3895,2025-09-27,2025-10-05,2025-10-05,904,pending,False,0
1283,SITE-001,PART-6768,2026-05-17,2026-05-23,2026-05-21,635,delivered,False,0
1284,SITE-087,PART-9458,2025-02-19,2025-02-22,2025-02-20,410,delivered,False,0
1285,SITE-010,PART-3121,2026-10-18,2026-10-23,2026-10-21,249,pending,False,0
1286,SITE-048,PART-1218,2025-10-14,2025-10-18,2025-10-16,2,shipped,False,0
1287,SITE-036,PART-4906,2026-11-14,2026-11-21,2026-11-21,235,shipped,False,0
1288,SITE-045,PART-7488,2025-08-03,2025-08-13,2025-08-12,829,pending,False,0
1289,SITE-005,PART-9340,2025-07-20,2025-07-30,2025-07-30,234,pending,False,0
1290,SITE-017,PART-2125,2025-05-08,2025-05-16,2025-05-14,742,delivered,False,0
1291,SITE-069,PART-2276,2025-12-02,2025-12-05,2025-12-04,417,delivered,False,0
1292,SITE-061,PART-5186,2025-12-28,2026-01-06,2026-01-05,595,delivered,False,0
1293,SITE-062,PART-7735,2025-05-05,2025-05-12,2025-05-12,314,pending,False,0
1294,SITE-015,PART-8987,2025-09-05,2025-09-09,2025-09-07,293,delivered,False,0
1295,SITE-078,PART-8505,2026-06-09,2026-06-15,2026-06-15,390,shipped,False,0
1296,SITE-020,PART-9987,2026-06-26,2026-07-04,2026-07-08,887,pending,True,4
1297,SITE-017,PART-7165,2026-10-09,2026-10-16,2026-10-16,312,shipped,False,0
1298,SITE-028,PART-3276,2025-02-17,2025-02-22,2025-02-21,131,shipped,False,0
1299,SITE-080,PART-7672,2025-02-21,2025-02-28,2025-02-26,369,shipped,False,0
1300,SITE-088,PART-6628,2025-02-10,2025-02-18,2025-02-17,399,delivered,False,0
1301,SITE-074,PART-2276,2026-11-07,2026-11-14,2026-11-14,3,shipped,False,0
1302,SITE-073,PART-3781,2025-04-05,2025-04-11,2025-04-09,435,pending,False,0
1303,SITE-081,PART-7008,2025-01-16,2025-01-23,2025-01-23,829,pending,False,0
1304,SITE-011,PART-9374,2026-01-12,2026-01-20,2026-01-18,298,delivered,False,0
1305,SITE-018,PART-5674,2025-11-27,2025-12-03,2025-12-02,936,delivered,False,0
1306,SITE-054,PART-7599,2025-08-28,2025-09-03,2025-09-02,67,pending,False,0
1307,SITE-076,PART-9678,2025-11-07,2025-11-14,2025-11-12,769,pending,False,0
1308,SITE-044,PART-7495,2025-02-17,2025-02-24,2025-02-23,918,pending,False,0
1309,SITE-055,PART-5401,2026-04-14,2026-04-17,2026-04-17,109,delivered,False,0
1310,SITE-025,PART-2135,2026-11-04,2026-11-12,2026-11-10,71,shipped,False,0
1311,SITE-007,PART-8537,2025-04-20,2025-04-24,2025-04-22,27,delivered,False,0
1312,SITE-060,PART-7441,2025-03-11,2025-03-14,2025-03-13,844,pending,False,0
1313,SITE-057,PART-4370,2026-02-08,2026-02-17,2026-02-23,692,pending,True,6
1314,SITE-036,PART-4184,2026-01-03,2026-01-09,2026-01-07,960,shipped,False,0
1315,SITE-097,PART-4404,2025-05-21,2025-05-25,2025-05-25,751,shipped,False,0
1316,SITE-066,PART-4680,2025-06-10,2025-06-13,2025-06-11,615,delivered,False,0
1317,SITE-013,PART-8084,2026-12-22,2026-12-27,2026-12-25,483,delivered,False,0
1318,SITE-092,PART-2896,2025-08-09,2025-08-16,2025-08-18,673,delivered,True,2
1319,SITE-071,PART-9994,2026-12-23,2026-12-27,2027-01-04,900,pending,True,8
1320,SITE-094,PART-2098,2025-01-02,2025-01-09,2025-01-08,37,pending,False,0
1321,SITE-049,PART-9090,2026-03-06,2026-03-13,2026-03-11,145,shipped,False,0
1322,SITE-022,PART-5319,2026-05-01,2026-05-06,2026-05-05,11,delivered,False,0
1323,SITE-014,PART-1228,2025-12-17,2025-12-27,2025-12-25,220,delivered,False,0
1324,SITE-046,PART-4303,2025-10-26,2025-10-31,2025-10-31,258,shipped,False,0
1325,SITE-028,PART-8690,2025-06-09,2025-06-17,2025-06-15,155,delivered,False,0
1326,SITE-005,PART-1817,2026-03-15,2026-03-23,2026-03-21,239,pending,False,0
1327,SITE-055,PART-3193,2026-10-16,2026-10-23,2026-10-22,53,delivered,False,0
1328,SITE-017,PART-9114,2025-10-12,2025-10-22,2025-10-20,600,pending,False,0
1329,SITE-089,PART-3825,2026-03-02,2026-03-08,2026-03-06,591,pending,False,0
1330,SITE-091,PART-6567,2026-02-20,2026-03-02,2026-03-02,232,delivered,False,0
1331,SITE-027,PART-4078,2026-12-01,2026-12-09,2026-12-20,494,delivered,True,11
1332,SITE-065,PART-3231,2026-06-11,2026-06-19,2026-06-18,102,pending,False,0
1333,SITE-083,PART-1934,2025-08-22,2025-09-01,2025-08-31,696,pending,False,0
1334,SITE-046,PART-6236,2026-10-24,2026-10-30,2026-10-29,256,shipped,False,0
1335,SITE-077,PART-8200,2026-06-14,2026-06-18,2026-06-17,855,delivered,False,0
1336,SITE-002,PART-7042,2026-02-03,2026-02-06,2026-02-05,56,pending,False,0
1337,SITE-084,PART-3392,2026-05-14,2026-05-24,2026-05-24,653,shipped,False,0
1338,SITE-041,PART-8690,2026-03-06,2026-03-14,2026-03-21,297,pending,True,7
1339,SITE-056,PART-3549,2025-03-21,2025-03-30,2025-03-28,801,delivered,False,0
1340,SITE-023,PART-1673,2025-01-28,2025-02-01,2025-01-31,417,delivered,False,0
1341,SITE-013,PART-5445,2025-11-06,2025-11-14,2025-11-27,124,delivered,True,13
1342,SITE-051,PART-7758,2026-04-21,2026-04-26,2026-04-25,78,shipped,False,0
1343,SITE-063,PART-9099,2026-09-04,2026-09-09,2026-09-09,202,pending,False,0
1344,SITE-042,PART-3653,2026-09-25,2026-09-28,2026-09-26,982,delivered,False,0
1345,SITE-015,PART-8211,2026-02-18,2026-02-28,2026-02-27,949,shipped,False,0
1346,SITE-019,PART-7425,2026-08-27,2026-09-01,2026-08-31,227,delivered,False,0
1347,SITE-078,PART-4829,2026-01-09,2026-01-17,2026-01-15,141,shipped,False,0
1348,SITE-060,PART-6784,2026-04-09,2026-04-19,2026-04-18,61,delivered,False,0
1349,SITE-041,PART-8396,2026-11-17,2026-11-26,2026-11-29,330,pending,True,3
1350,SITE-004,PART-6766,2025-12-19,2025-12-26,2025-12-26,622,pending,False,0
1351,SITE-001,PART-7213,2025-08-24,2025-08-30,2025-08-28,348,delivered,False,0
1352,SITE-072,PART-1105,2026-04-05,2026-04-15,2026-04-23,665,shipped,True,8
1353,SITE-034,PART-1116,2026-06-27,2026-07-03,2026-07-02,730,shipped,False,0
1354,SITE-008,PART-7761,2026-05-07,2026-05-13,2026-05-11,464,pending,False,0
1355,SITE-053,PART-5503,2026-03-16,2026-03-23,2026-03-22,799,shipped,False,0
1356,SITE-016,PART-3015,2026-10-19,2026-10-29,2026-10-27,688,delivered,False,0
1357,SITE-060,PART-4290,2026-05-06,2026-05-11,2026-05-10,554,shipped,False,0
1358,SITE-057,PART-7944,2026-05-07,2026-05-17,2026-05-17,854,delivered,False,0
1359,SITE-020,PART-1081,2025-01-19,2025-01-26,2025-01-24,796,delivered,False,0
1360,SITE-007,PART-2464,2026-06-09,2026-06-16,2026-06-16,41,delivered,False,0
1361,SITE-005,PART-9165,2025-12-21,2025-12-30,2025-12-30,80,pending,False,0
1362,SITE-039,PART-7608,2026-05-17,2026-05-27,2026-05-27,926,shipped,False,0
1363,SITE-018,PART-8959,2025-01-21,2025-01-24,2025-01-23,424,delivered,False,0
1364,SITE-067,PART-9451,2026-07-02,2026-07-07,2026-07-05,520,delivered,False,0
1365,SITE-041,PART-2959,2026-09-10,2026-09-19,2026-09-23,788,delivered,True,4
1366,SITE-089,PART-2165,2025-12-02,2025-12-07,2025-12-06,637,shipped,False,0
1367,SITE-030,PART-1225,2025-09-02,2025-09-12,2025-09-18,296,pending,True,6
1368,SITE-022,PART-5321,2026-11-28,2026-12-08,2026-12-06,243,delivered,False,0
1369,SITE-079,PART-7104,2026-03-11,2026-03-18,2026-03-16,188,delivered,False,0
1370,SITE-060,PART-2477,2025-06-16,2025-06-19,2025-06-17,736,pending,False,0
1371,SITE-081,PART-9162,2025-04-21,2025-04-27,2025-04-25,466,delivered,False,0
1372,SITE-034,PART-2766,2026-09-09,2026-09-16,2026-09-14,809,pending,False,0
1373,SITE-092,PART-1061,2025-08-05,2025-08-15,2025-08-15,534,shipped,False,0
1374,SITE-017,PART-5427,2026-09-25,2026-09-28,2026-09-26,928,pending,False,0
1375,SITE-090,PART-9099,2026-04-15,2026-04-21,2026-04-19,607,delivered,False,0
1376,SITE-001,PART-5588,2026-04-28,2026-05-04,2026-05-04,120,shipped,False,0
1377,SITE-017,PART-6236,2025-04-22,2025-04-28,2025-04-26,597,pending,False,0
1378,SITE-042,PART-6209,2025-06-27,2025-06-30,2025-06-30,259,delivered,False,0
1379,SITE-071,PART-4058,2025-02-06,2025-02-14,2025-02-13,479,delivered,False,0
1380,SITE-079,PART-8524,2025-10-11,2025-10-16,2025-10-16,215,pending,False,0
1381,SITE-054,PART-7036,2025-03-12,2025-03-17,2025-03-16,863,delivered,False,0
1382,SITE-027,PART-9340,2025-01-21,2025-01-24,2025-01-24,454,delivered,False,0
1383,SITE-032,PART-1198,2025-10-16,2025-10-19,2025-10-17,537,delivered,False,0
1384,SITE-071,PART-8144,2025-11-12,2025-11-15,2025-11-14,877,shipped,False,0
1385,SITE-038,PART-5368,2025-05-28,2025-06-05,2025-06-05,500,shipped,False,0
1386,SITE-056,PART-8874,2025-09-18,2025-09-23,2025-09-23,557,shipped,False,0
1387,SITE-086,PART-6107,2025-09-19,2025-09-26,2025-09-24,145,delivered,False,0
1388,SITE-016,PART-2698,2026-06-25,2026-06-29,2026-06-29,690,delivered,False,0
1389,SITE-013,PART-5990,2025-01-14,2025-01-20,2025-01-18,152,shipped,False,0
1390,SITE-027,PART-7735,2025-10-11,2025-10-16,2025-10-15,527,delivered,False,0
1391,SITE-019,PART-9758,2025-03-18,2025-03-24,2025-03-23,112,delivered,False,0
1392,SITE-019,PART-3360,2026-11-14,2026-11-21,2026-11-19,973,pending,False,0
1393,SITE-011,PART-1402,2026-11-19,2026-11-25,2026-11-24,26,shipped,False,0
1394,SITE-035,PART-3869,2025-01-08,2025-01-12,2025-01-12,733,shipped,False,0
1395,SITE-041,PART-9272,2026-06-21,2026-06-30,2026-06-29,947,shipped,False,0
1396,SITE-072,PART-1376,2025-01-13,2025-01-16,2025-01-14,84,delivered,False,0
1397,SITE-059,PART-5646,2026-09-14,2026-09-18,2026-09-17,378,pending,False,0
1398,SITE-039,PART-8483,2025-09-03,2025-09-11,2025-09-09,801,pending,False,0
1399,SITE-094,PART-2794,2025-04-22,2025-04-30,2025-04-29,928,pending,False,0
1400,SITE-087,PART-7259,2026-03-25,2026-04-01,2026-03-30,179,shipped,False,0
1401,SITE-071,PART-2039,2025-04-03,2025-04-10,2025-04-10,327,delivered,False,0
1402,SITE-065,PART-4543,2025-02-25,2025-03-05,2025-03-05,433,pending,False,0
1403,SITE-098,PART-6567,2025-10-13,2025-10-21,2025-10-30,968,shipped,True,9
1404,SITE-034,PART-7053,2026-12-19,2026-12-22,2026-12-22,534,pending,False,0
1405,SITE-059,PART-3739,2025-06-08,2025-06-18,2025-06-16,760,pending,False,0
1406,SITE-058,PART-4662,2025-07-08,2025-07-12,2025-07-18,421,pending,True,6
1407,SITE-087,PART-7385,2026-08-26,2026-09-01,2026-08-31,742,shipped,False,0
1408,SITE-019,PART-7345,2025-01-23,2025-01-29,2025-02-15,955,delivered,True,17
1409,SITE-048,PART-7036,2026-09-17,2026-09-25,2026-09-23,282,pending,False,0
1410,SITE-095,PART-6492,2025-04-01,2025-04-09,2025-04-08,770,delivered,False,0
1411,SITE-011,PART-6153,2026-05-25,2026-06-04,2026-06-04,253,delivered,False,0
1412,SITE-034,PART-3276,2025-11-04,2025-11-07,2025-11-05,706,pending,False,0
1413,SITE-041,PART-3799,2026-06-10,2026-06-13,2026-06-13,610,shipped,False,0
1414,SITE-018,PART-4844,2026-01-27,2026-02-01,2026-02-17,528,pending,True,16
1415,SITE-012,PART-8723,2025-09-15,2025-09-24,2025-10-03,329,delivered,True,9
1416,SITE-018,PART-2419,2026-05-21,2026-05-29,2026-05-29,326,delivered,False,0
1417,SITE-063,PART-4543,2026-06-03,2026-06-13,2026-06-12,757,shipped,False,0
1418,SITE-080,PART-8214,2025-10-19,2025-10-26,2025-11-08,297,pending,True,13
1419,SITE-062,PART-2125,2025-08-11,2025-08-16,2025-08-14,416,pending,False,0
1420,SITE-059,PART-3258,2025-10-07,2025-10-17,2025-10-26,356,delivered,True,9
1421,SITE-059,PART-8084,2026-09-20,2026-09-24,2026-09-24,225,shipped,False,0
1422,SITE-030,PART-1142,2025-07-02,2025-07-08,2025-07-08,562,delivered,False,0
1423,SITE-054,PART-5004,2025-11-06,2025-11-15,2025-11-15,717,shipped,False,0
1424,SITE-028,PART-1945,2026-03-04,2026-03-10,2026-03-09,81,delivered,False,0
1425,SITE-008,PART-1194,2025-04-28,2025-05-03,2025-05-11,406,shipped,True,8
1426,SITE-079,PART-1291,2025-09-02,2025-09-10,2025-09-10,949,pending,False,0
1427,SITE-078,PART-6183,2025-02-08,2025-02-13,2025-02-12,300,shipped,False,0
1428,SITE-088,PART-6072,2026-02-16,2026-02-23,2026-02-21,859,shipped,False,0
1429,SITE-017,PART-6615,2025-02-05,2025-02-12,2025-02-12,43,shipped,False,0
1430,SITE-005,PART-9768,2026-09-25,2026-10-03,2026-10-02,864,shipped,False,0
1431,SITE-069,PART-2189,2026-08-07,2026-08-12,2026-08-10,206,delivered,False,0
1432,SITE-020,PART-9623,2025-01-15,2025-01-20,2025-01-19,615,shipped,False,0
1433,SITE-075,PART-6140,2025-11-24,2025-11-28,2025-11-28,876,pending,False,0
1434,SITE-059,PART-3201,2026-11-03,2026-11-06,2026-11-05,560,pending,False,0
1435,SITE-003,PART-7358,2025-06-05,2025-06-13,2025-06-12,219,delivered,False,0
1436,SITE-053,PART-5570,2026-01-25,2026-01-30,2026-01-30,818,delivered,False,0
1437,SITE-076,PART-8505,2026-08-20,2026-08-24,2026-08-22,11,shipped,False,0
1438,SITE-056,PART-6013,2025-08-09,2025-08-18,2025-08-17,531,delivered,False,0
1439,SITE-022,PART-7135,2026-01-15,2026-01-23,2026-01-23,819,delivered,False,0
1440,SITE-081,PART-1817,2025-06-08,2025-06-13,2025-06-24,997,delivered,True,11
1441,SITE-061,PART-8676,2026-12-06,2026-12-12,2026-12-12,731,shipped,False,0
1442,SITE-071,PART-4215,2026-10-05,2026-10-14,2026-10-12,695,delivered,False,0
1443,SITE-013,PART-9451,2026-12-08,2026-12-12,2026-12-10,969,shipped,False,0
1444,SITE-065,PART-7190,2025-11-08,2025-11-17,2025-12-02,316,pending,True,15
1445,SITE-098,PART-3161,2026-09-20,2026-09-25,2026-09-25,673,shipped,False,0
1446,SITE-027,PART-2397,2026-03-03,2026-03-13,2026-03-13,594,shipped,False,0
1447,SITE-029,PART-9097,2026-03-25,2026-03-29,2026-03-28,997,delivered,False,0
1448,SITE-003,PART-3435,2025-09-23,2025-09-27,2025-09-25,789,shipped,False,0
1449,SITE-079,PART-3799,2025-04-02,2025-04-07,2025-04-06,519,delivered,False,0
1450,SITE-054,PART-4062,2026-05-12,2026-05-19,2026-05-18,856,shipped,False,0
1451,SITE-099,PART-2235,2026-02-26,2026-03-03,2026-03-06,305,shipped,True,3
1452,SITE-089,PART-7416,2026-11-24,2026-11-27,2026-11-25,757,delivered,False,0
1453,SITE-057,PART-8529,2025-08-08,2025-08-15,2025-08-14,465,delivered,False,0
1454,SITE-050,PART-9097,2026-06-11,2026-06-14,2026-06-12,896,shipped,False,0
1455,SITE-088,PART-4324,2026-02-12,2026-02-16,2026-02-18,923,delivered,True,2
1456,SITE-093,PART-9306,2026-11-11,2026-11-19,2026-11-26,635,delivered,True,7
1457,SITE-052,PART-4062,2025-01-13,2025-01-23,2025-01-22,851,shipped,False,0
1458,SITE-030,PART-2068,2026-07-04,2026-07-12,2026-07-11,673,shipped,False,0
1459,SITE-083,PART-4713,2025-10-11,2025-10-14,2025-10-12,938,delivered,False,0
1460,SITE-079,PART-4448,2026-11-25,2026-12-01,2026-11-30,111,delivered,False,0
1461,SITE-061,PART-3360,2026-12-05,2026-12-12,2026-12-11,143,pending,False,0
1462,SITE-073,PART-9371,2026-08-08,2026-08-17,2026-08-15,157,shipped,False,0
1463,SITE-063,PART-8200,2025-10-10,2025-10-20,2025-10-19,984,shipped,False,0
1464,SITE-085,PART-8668,2026-12-21,2026-12-29,2026-12-27,234,delivered,False,0
1465,SITE-012,PART-1911,2026-10-01,2026-10-06,2026-10-06,706,shipped,False,0
1466,SITE-082,PART-4771,2025-07-26,2025-08-05,2025-08-14,801,shipped,True,9
1467,SITE-009,PART-8994,2025-07-11,2025-07-21,2025-07-19,113,shipped,False,0
1468,SITE-085,PART-5743,2025-01-22,2025-02-01,2025-02-11,940,pending,True,10
1469,SITE-051,PART-8273,2026-04-18,2026-04-22,2026-04-21,305,pending,False,0
1470,SITE-035,PART-5846,2026-09-26,2026-09-29,2026-09-27,483,pending,False,0
1471,SITE-048,PART-9987,2025-10-08,2025-10-17,2025-10-16,884,pending,False,0
1472,SITE-010,PART-6355,2026-06-18,2026-06-23,2026-06-22,437,pending,False,0
1473,SITE-012,PART-8523,2025-02-18,2025-02-23,2025-02-22,843,pending,False,0
1474,SITE-089,PART-5298,2025-08-15,2025-08-20,2025-08-20,177,delivered,False,0
1475,SITE-065,PART-1343,2026-07-20,2026-07-28,2026-07-26,39,delivered,False,0
1476,SITE-041,PART-1061,2025-04-24,2025-05-03,2025-05-02,716,pending,False,0
1477,SITE-097,PART-8181,2026-09-06,2026-09-13,2026-09-11,228,shipped,False,0
1478,SITE-027,PART-7897,2025-06-24,2025-06-28,2025-06-26,125,delivered,False,0
1479,SITE-036,PART-8505,2025-09-21,2025-09-24,2025-09-22,945,delivered,False,0
1480,SITE-094,PART-9564,2026-01-16,2026-01-19,2026-02-01,322,pending,True,13
1481,SITE-074,PART-8211,2025-11-15,2025-11-25,2025-11-23,863,pending,False,0
1482,SITE-056,PART-3915,2026-09-01,2026-09-07,2026-09-05,240,shipped,False,0
1483,SITE-040,PART-6975,2025-09-02,2025-09-07,2025-09-07,241,delivered,False,0
1484,SITE-021,PART-8524,2025-06-07,2025-06-10,2025-06-09,5,delivered,False,0
1485,SITE-036,PART-4092,2026-07-13,2026-07-19,2026-07-18,282,pending,False,0
1486,SITE-079,PART-4014,2025-01-13,2025-01-18,2025-01-18,669,shipped,False,0
1487,SITE-041,PART-7053,2025-11-18,2025-11-24,2025-11-23,71,pending,False,0
1488,SITE-050,PART-9181,2025-08-16,2025-08-26,2025-08-26,407,shipped,False,0
1489,SITE-061,PART-2331,2026-03-06,2026-03-13,2026-03-13,819,shipped,False,0
1490,SITE-010,PART-8042,2025-02-25,2025-03-04,2025-03-03,247,shipped,False,0
1491,SITE-007,PART-9629,2025-07-21,2025-07-29,2025-07-28,421,shipped,False,0
1492,SITE-070,PART-4897,2026-06-13,2026-06-18,2026-06-17,179,delivered,False,0
1493,SITE-018,PART-4309,2026-11-06,2026-11-14,2026-11-12,237,shipped,False,0
1494,SITE-082,PART-3246,2025-05-03,2025-05-11,2025-05-09,691,shipped,False,0
1495,SITE-074,PART-2974,2026-10-14,2026-10-22,2026-10-21,167,pending,False,0
1496,SITE-096,PART-2974,2025-03-26,2025-03-31,2025-03-30,580,shipped,False,0
1497,SITE-045,PART-7020,2025-04-22,2025-04-25,2025-04-25,372,delivered,False,0
1498,SITE-069,PART-9114,2026-11-14,2026-11-23,2026-11-28,711,shipped,True,5
1499,SITE-076,PART-7486,2025-10-18,2025-10-28,2025-11-01,310,delivered,True,4
1500,SITE-098,PART-8195,2026-06-20,2026-06-25,2026-06-25,659,shipped,False,0
1501,SITE-036,PART-9754,2025-08-05,2025-08-08,2025-08-06,529,pending,False,0
1502,SITE-003,PART-7345,2025-05-27,2025-06-01,2025-06-01,192,delivered,False,0
1503,SITE-065,PART-3172,2025-06-24,2025-06-29,2025-06-28,618,pending,False,0
1504,SITE-093,PART-6778,2025-07-14,2025-07-22,2025-07-22,940,shipped,False,0
1505,SITE-098,PART-9948,2026-11-18,2026-11-26,2026-12-03,33,delivered,True,7
1506,SITE-027,PART-7758,2025-03-18,2025-03-23,2025-03-22,394,delivered,False,0
1507,SITE-059,PART-6588,2026-02-18,2026-02-23,2026-02-21,242,shipped,False,0
1508,SITE-037,PART-1210,2026-08-14,2026-08-24,2026-08-24,711,delivered,False,0
1509,SITE-094,PART-6112,2026-01-18,2026-01-21,2026-01-20,431,delivered,False,0
1510,SITE-089,PART-1335,2025-06-23,2025-06-27,2025-06-27,387,shipped,False,0
1511,SITE-082,PART-2396,2026-07-26,2026-07-31,2026-07-31,979,shipped,False,0
1512,SITE-077,PART-6618,2026-05-07,2026-05-15,2026-05-13,490,pending,False,0
1513,SITE-008,PART-8714,2025-09-20,2025-09-23,2025-09-21,268,delivered,False,0
1514,SITE-013,PART-6513,2025-02-27,2025-03-06,2025-03-06,426,delivered,False,0
1515,SITE-074,PART-6412,2026-12-02,2026-12-07,2026-12-13,772,delivered,True,6
1516,SITE-003,PART-5460,2025-07-07,2025-07-16,2025-07-26,709,delivered,True,10
1517,SITE-091,PART-3340,2025-07-09,2025-07-14,2025-07-12,999,pending,False,0
1518,SITE-061,PART-3276,2026-12-07,2026-12-12,2026-12-10,966,shipped,False,0
1519,SITE-066,PART-2952,2026-07-10,2026-07-19,2026-07-19,525,pending,False,0
1520,SITE-100,PART-3160,2026-05-18,2026-05-26,2026-05-24,761,shipped,False,0
1521,SITE-011,PART-8806,2026-11-15,2026-11-24,2026-11-22,695,pending,False,0
1522,SITE-040,PART-9007,2026-06-01,2026-06-09,2026-06-09,359,delivered,False,0
1523,SITE-096,PART-7761,2025-06-07,2025-06-10,2025-06-08,863,pending,False,0
1524,SITE-080,PART-5646,2026-03-26,2026-04-02,2026-04-01,200,pending,False,0
1525,SITE-079,PART-2098,2026-04-28,2026-05-06,2026-05-04,521,shipped,False,0
1526,SITE-076,PART-6819,2025-01-02,2025-01-08,2025-01-11,548,delivered,True,3
1527,SITE-094,PART-7321,2026-06-21,2026-06-28,2026-06-26,56,delivered,False,0
1528,SITE-052,PART-5354,2026-05-10,2026-05-16,2026-05-15,771,pending,False,0
1529,SITE-051,PART-2394,2025-11-23,2025-12-02,2025-12-13,274,delivered,True,11
1530,SITE-043,PART-6227,2026-04-21,2026-04-28,2026-04-26,871,delivered,False,0
1531,SITE-016,PART-6162,2026-04-16,2026-04-19,2026-04-19,232,shipped,False,0
1532,SITE-070,PART-7210,2025-06-16,2025-06-20,2025-06-19,351,pending,False,0
1533,SITE-026,PART-1416,2026-03-07,2026-03-14,2026-03-13,869,shipped,False,0
1534,SITE-039,PART-3729,2026-12-02,2026-12-07,2026-12-21,71,pending,True,14
1535,SITE-017,PART-2766,2025-11-20,2025-11-23,2025-11-22,440,pending,False,0
1536,SITE-090,PART-7782,2026-07-15,2026-07-18,2026-07-18,616,delivered,False,0
1537,SITE-042,PART-5011,2026-11-03,2026-11-06,2026-11-06,297,pending,False,0
1538,SITE-042,PART-3418,2026-07-02,2026-07-06,2026-07-05,332,pending,False,0
1539,SITE-098,PART-2125,2026-12-14,2026-12-17,2026-12-16,297,pending,False,0
1540,SITE-097,PART-2735,2025-06-24,2025-07-02,2025-07-02,969,delivered,False,0
1541,SITE-011,PART-1147,2026-03-11,2026-03-14,2026-03-18,58,shipped,True,4
1542,SITE-012,PART-1061,2025-06-15,2025-06-18,2025-06-17,922,pending,False,0
1543,SITE-060,PART-6972,2025-08-28,2025-09-02,2025-09-01,346,shipped,False,0
1544,SITE-006,PART-8219,2025-03-21,2025-03-24,2025-03-22,649,pending,False,0
1545,SITE-095,PART-1771,2026-06-28,2026-07-04,2026-07-04,975,pending,False,0
1546,SITE-060,PART-3822,2026-01-26,2026-01-29,2026-01-27,76,pending,False,0
1547,SITE-018,PART-3344,2026-03-08,2026-03-18,2026-03-16,636,shipped,False,0
1548,SITE-079,PART-9795,2026-08-11,2026-08-19,2026-08-17,573,pending,False,0
1549,SITE-054,PART-9648,2025-12-14,2025-12-21,2025-12-21,766,delivered,False,0
1550,SITE-007,PART-2319,2025-07-10,2025-07-18,2025-07-24,742,pending,True,6
1551,SITE-006,PART-8042,2026-04-13,2026-04-23,2026-04-23,788,pending,False,0
1552,SITE-038,PART-6113,2026-07-27,2026-07-30,2026-07-28,207,pending,False,0
1553,SITE-083,PART-5570,2025-12-06,2025-12-09,2025-12-09,737,shipped,False,0
1554,SITE-045,PART-9511,2025-05-20,2025-05-23,2025-05-22,205,delivered,False,0
1555,SITE-060,PART-6330,2025-06-22,2025-06-27,2025-06-26,124,delivered,False,0
1556,SITE-093,PART-5898,2025-03-02,2025-03-09,2025-03-08,594,pending,False,0
1557,SITE-002,PART-4774,2025-09-12,2025-09-19,2025-09-19,405,shipped,False,0
1558,SITE-005,PART-2122,2026-09-19,2026-09-23,2026-09-28,460,delivered,True,5
1559,SITE-063,PART-8194,2025-07-21,2025-07-28,2025-07-27,873,shipped,False,0
1560,SITE-074,PART-7912,2025-06-09,2025-06-18,2025-06-20,388,pending,True,2
1561,SITE-017,PART-4655,2025-03-26,2025-04-02,2025-04-09,854,delivered,True,7
1562,SITE-051,PART-8524,2026-02-01,2026-02-04,2026-02-02,632,pending,False,0
1563,SITE-080,PART-4148,2026-06-15,2026-06-20,2026-06-19,576,shipped,False,0
1564,SITE-011,PART-1198,2026-09-01,2026-09-07,2026-09-05,139,delivered,False,0
1565,SITE-003,PART-7181,2025-08-08,2025-08-12,2025-08-25,183,delivered,True,13
1566,SITE-076,PART-5427,2026-12-06,2026-12-14,2026-12-12,88,shipped,False,0
1567,SITE-046,PART-5401,2025-12-28,2026-01-05,2026-01-05,137,shipped,False,0
1568,SITE-032,PART-3289,2025-12-28,2026-01-01,2026-01-03,838,shipped,True,2
1569,SITE-053,PART-5148,2025-03-04,2025-03-10,2025-03-10,875,shipped,False,0
1570,SITE-029,PART-7559,2025-01-22,2025-02-01,2025-01-30,261,pending,False,0
1571,SITE-080,PART-8727,2026-01-03,2026-01-12,2026-01-10,433,delivered,False,0
1572,SITE-058,PART-6787,2025-03-06,2025-03-13,2025-03-12,899,pending,False,0
1573,SITE-080,PART-2317,2025-06-08,2025-06-11,2025-06-10,95,pending,False,0
1574,SITE-072,PART-1872,2025-11-09,2025-11-14,2025-11-12,503,delivered,False,0
1575,SITE-046,PART-4198,2026-09-13,2026-09-20,2026-09-20,53,pending,False,0
1576,SITE-060,PART-6826,2026-08-12,2026-08-15,2026-08-13,353,shipped,False,0
1577,SITE-036,PART-9337,2026-10-18,2026-10-25,2026-10-25,416,delivered,False,0
1578,SITE-058,PART-7416,2025-01-16,2025-01-22,2025-01-28,423,delivered,True,6
1579,SITE-094,PART-7495,2026-02-25,2026-03-01,2026-02-28,870,shipped,False,0
1580,SITE-022,PART-4335,2025-05-24,2025-06-01,2025-05-31,211,delivered,False,0
1581,SITE-029,PART-9549,2025-06-03,2025-06-10,2025-06-08,344,shipped,False,0
1582,SITE-092,PART-9666,2025-11-21,2025-12-01,2025-11-29,968,delivered,False,0
1583,SITE-070,PART-6236,2025-08-07,2025-08-10,2025-08-18,765,shipped,True,8
1584,SITE-025,PART-6588,2026-04-01,2026-04-06,2026-04-04,320,shipped,False,0
1585,SITE-094,PART-8534,2026-09-04,2026-09-08,2026-09-08,693,shipped,False,0
1586,SITE-071,PART-8635,2026-12-11,2026-12-18,2026-12-17,210,delivered,False,0
1587,SITE-036,PART-7199,2025-04-08,2025-04-16,2025-04-14,2,delivered,False,0
1588,SITE-017,PART-5781,2025-12-22,2025-12-28,2025-12-27,695,delivered,False,0
1589,SITE-014,PART-2794,2025-06-20,2025-06-30,2025-06-30,738,pending,False,0
1590,SITE-053,PART-2422,2025-02-21,2025-02-25,2025-02-23,619,pending,False,0
1591,SITE-066,PART-5427,2026-08-02,2026-08-08,2026-08-08,825,pending,False,0
1592,SITE-093,PART-1061,2025-11-22,2025-11-27,2025-11-27,480,delivered,False,0
1593,SITE-071,PART-8156,2026-08-22,2026-08-27,2026-08-25,46,pending,False,0
1594,SITE-039,PART-8194,2026-06-18,2026-06-26,2026-06-24,581,delivered,False,0
1595,SITE-052,PART-7944,2026-02-17,2026-02-26,2026-02-24,995,delivered,False,0
1596,SITE-007,PART-7210,2026-05-24,2026-05-29,2026-06-11,775,pending,True,13
1597,SITE-052,PART-3657,2025-06-19,2025-06-29,2025-06-27,393,shipped,False,0
1598,SITE-093,PART-1503,2026-11-16,2026-11-24,2026-11-24,825,shipped,False,0
1599,SITE-080,PART-4638,2026-06-28,2026-07-04,2026-07-03,117,pending,False,0
1600,SITE-015,PART-9666,2025-11-03,2025-11-06,2025-11-06,374,delivered,False,0
1601,SITE-039,PART-4035,2026-07-25,2026-07-29,2026-07-27,822,delivered,False,0
1602,SITE-054,PART-7444,2025-07-15,2025-07-20,2025-07-18,1000,delivered,False,0
1603,SITE-028,PART-3257,2025-01-19,2025-01-25,2025-01-25,754,shipped,False,0
1604,SITE-065,PART-4886,2025-05-24,2025-05-30,2025-05-29,71,shipped,False,0
1605,SITE-036,PART-7505,2026-03-21,2026-03-29,2026-03-29,824,pending,False,0
1606,SITE-006,PART-9189,2025-04-03,2025-04-08,2025-04-12,901,delivered,True,4
1607,SITE-100,PART-9374,2025-03-17,2025-03-26,2025-03-25,535,shipped,False,0
1608,SITE-100,PART-6567,2026-01-15,2026-01-20,2026-01-18,101,pending,False,0
1609,SITE-056,PART-7016,2025-06-03,2025-06-11,2025-06-09,681,delivered,False,0
1610,SITE-007,PART-1463,2025-04-14,2025-04-18,2025-04-17,582,pending,False,0
1611,SITE-081,PART-1591,2025-06-05,2025-06-08,2025-06-06,720,shipped,False,0
1612,SITE-082,PART-6299,2025-05-08,2025-05-14,2025-05-13,462,shipped,False,0
1613,SITE-019,PART-1591,2025-10-14,2025-10-23,2025-10-22,132,pending,False,0
1614,SITE-066,PART-8211,2026-02-24,2026-03-01,2026-03-04,101,pending,True,3
1615,SITE-003,PART-4942,2025-02-25,2025-03-03,2025-03-03,95,pending,False,0
1616,SITE-088,PART-5652,2025-04-25,2025-05-03,2025-05-03,529,delivered,False,0
1617,SITE-028,PART-2317,2026-08-08,2026-08-12,2026-08-11,799,shipped,False,0
1618,SITE-015,PART-4846,2026-11-02,2026-11-06,2026-11-06,319,pending,False,0
1619,SITE-012,PART-5321,2025-08-06,2025-08-15,2025-08-13,35,shipped,False,0
1620,SITE-034,PART-1650,2025-07-18,2025-07-23,2025-07-21,111,shipped,False,0
1621,SITE-046,PART-2135,2026-11-04,2026-11-11,2026-11-11,555,delivered,False,0
1622,SITE-008,PART-7277,2025-10-07,2025-10-12,2025-10-12,458,pending,False,0
1623,SITE-016,PART-1225,2026-04-05,2026-04-11,2026-04-11,519,shipped,False,0
1624,SITE-071,PART-2218,2026-10-18,2026-10-24,2026-10-22,369,pending,False,0
1625,SITE-083,PART-5919,2025-12-10,2025-12-14,2025-12-12,145,delivered,False,0
1626,SITE-056,PART-7690,2025-09-27,2025-10-02,2025-10-01,563,pending,False,0
1627,SITE-089,PART-7690,2025-04-23,2025-04-26,2025-04-24,42,delivered,False,0
1628,SITE-041,PART-7735,2026-03-18,2026-03-21,2026-03-21,424,pending,False,0
1629,SITE-078,PART-8500,2026-07-02,2026-07-10,2026-07-23,237,shipped,True,13
1630,SITE-063,PART-5200,2026-02-08,2026-02-14,2026-02-13,375,shipped,False,0
1631,SITE-099,PART-9077,2025-11-22,2025-11-26,2025-11-25,559,shipped,False,0
1632,SITE-043,PART-9216,2026-09-24,2026-09-27,2026-09-27,886,delivered,False,0
1633,SITE-065,PART-3280,2025-04-06,2025-04-12,2025-04-12,438,delivered,False,0
1634,SITE-055,PART-2003,2025-04-26,2025-05-06,2025-05-05,941,delivered,False,0
1635,SITE-029,PART-3224,2025-01-07,2025-01-13,2025-01-11,703,delivered,False,0
1636,SITE-012,PART-1218,2026-12-11,2026-12-16,2026-12-14,371,shipped,False,0
1637,SITE-077,PART-1777,2025-05-08,2025-05-14,2025-05-12,848,shipped,False,0
1638,SITE-092,PART-1456,2026-05-11,2026-05-16,2026-05-14,161,pending,False,0
1639,SITE-005,PART-6013,2025-04-28,2025-05-03,2025-05-03,546,delivered,False,0
1640,SITE-026,PART-2039,2026-07-12,2026-07-16,2026-07-16,401,pending,False,0
1641,SITE-007,PART-5432,2025-06-20,2025-06-26,2025-06-24,578,shipped,False,0
1642,SITE-037,PART-7486,2026-03-20,2026-03-24,2026-03-24,506,delivered,False,0
1643,SITE-055,PART-6349,2025-02-17,2025-02-23,2025-02-21,449,pending,False,0
1644,SITE-065,PART-9883,2025-12-25,2026-01-03,2026-01-01,248,delivered,False,0
1645,SITE-076,PART-7886,2026-03-11,2026-03-14,2026-03-14,717,shipped,False,0
1646,SITE-085,PART-8194,2025-08-22,2025-09-01,2025-08-31,326,delivered,False,0
1647,SITE-089,PART-2356,2026-10-28,2026-11-04,2026-11-03,527,pending,False,0
1648,SITE-089,PART-4404,2025-10-27,2025-11-01,2025-10-30,488,delivered,False,0
1649,SITE-021,PART-7441,2026-05-02,2026-05-12,2026-05-10,944,delivered,False,0
1650,SITE-076,PART-2451,2026-08-25,2026-08-28,2026-08-29,711,shipped,True,1
1651,SITE-071,PART-1416,2026-11-07,2026-11-17,2026-11-15,645,shipped,False,0
1652,SITE-050,PART-9297,2026-07-20,2026-07-24,2026-07-24,998,shipped,False,0
1653,SITE-099,PART-9272,2025-02-14,2025-02-24,2025-02-22,143,pending,False,0
1654,SITE-034,PART-3340,2025-11-13,2025-11-20,2025-11-20,677,shipped,False,0
1655,SITE-004,PART-7444,2026-04-06,2026-04-09,2026-04-09,717,delivered,False,0
1656,SITE-064,PART-9374,2025-12-11,2025-12-21,2025-12-20,242,delivered,False,0
1657,SITE-051,PART-6913,2026-02-19,2026-02-23,2026-02-23,477,delivered,False,0
1658,SITE-009,PART-1210,2025-09-26,2025-10-01,2025-09-29,807,pending,False,0
1659,SITE-005,PART-7977,2026-10-27,2026-10-30,2026-10-30,897,pending,False,0
1660,SITE-086,PART-4677,2026-03-17,2026-03-23,2026-03-31,666,pending,True,8
1661,SITE-047,PART-8496,2026-05-23,2026-05-30,2026-05-29,350,pending,False,0
1662,SITE-007,PART-4999,2025-06-28,2025-07-06,2025-07-05,904,delivered,False,0
1663,SITE-037,PART-1240,2026-07-19,2026-07-23,2026-07-23,539,shipped,False,0
1664,SITE-003,PART-3793,2025-09-12,2025-09-20,2025-09-23,314,pending,True,3
1665,SITE-061,PART-2135,2026-05-15,2026-05-22,2026-05-21,862,pending,False,0
1666,SITE-004,PART-1198,2026-08-27,2026-09-04,2026-09-02,18,delivered,False,0
1667,SITE-050,PART-1696,2025-01-18,2025-01-28,2025-01-27,274,shipped,False,0
1668,SITE-078,PART-5648,2025-12-05,2025-12-12,2025-12-11,140,delivered,False,0
1669,SITE-022,PART-2406,2025-02-16,2025-02-25,2025-03-05,900,pending,True,8
1670,SITE-037,PART-5200,2025-10-17,2025-10-20,2025-10-19,843,delivered,False,0
1671,SITE-033,PART-2189,2026-06-26,2026-06-29,2026-06-28,784,shipped,False,0
1672,SITE-055,PART-8625,2026-11-15,2026-11-21,2026-11-19,176,shipped,False,0
1673,SITE-011,PART-7984,2026-10-27,2026-11-04,2026-11-11,958,pending,True,7
1674,SITE-095,PART-8254,2026-10-15,2026-10-22,2026-10-31,208,delivered,True,9
1675,SITE-033,PART-2577,2026-07-22,2026-07-26,2026-07-24,42,pending,False,0
1676,SITE-001,PART-3333,2026-04-23,2026-05-01,2026-05-01,622,pending,False,0
1677,SITE-097,PART-7745,2025-12-13,2025-12-18,2025-12-17,437,delivered,False,0
1678,SITE-078,PART-9194,2025-07-25,2025-07-29,2025-07-29,199,shipped,False,0
1679,SITE-039,PART-6101,2026-02-27,2026-03-09,2026-03-09,460,delivered,False,0
1680,SITE-096,PART-7902,2025-01-08,2025-01-11,2025-01-11,387,pending,False,0
1681,SITE-073,PART-8254,2025-10-03,2025-10-12,2025-10-11,342,shipped,False,0
1682,SITE-012,PART-4215,2026-07-20,2026-07-28,2026-07-26,342,pending,False,0
1683,SITE-073,PART-7740,2026-06-06,2026-06-14,2026-06-13,944,pending,False,0
1684,SITE-070,PART-9278,2025-01-04,2025-01-13,2025-01-12,455,delivered,False,0
1685,SITE-069,PART-1414,2025-12-03,2025-12-12,2025-12-12,211,delivered,False,0
1686,SITE-031,PART-4181,2026-11-08,2026-11-14,2026-11-12,519,pending,False,0
1687,SITE-053,PART-8625,2025-01-18,2025-01-22,2025-01-20,611,shipped,False,0
1688,SITE-087,PART-3105,2025-03-08,2025-03-17,2025-03-17,824,pending,False,0
1689,SITE-049,PART-7690,2025-02-06,2025-02-12,2025-02-12,879,delivered,False,0
1690,SITE-072,PART-8874,2026-04-28,2026-05-03,2026-05-03,265,shipped,False,0
1691,SITE-051,PART-3161,2026-10-22,2026-10-28,2026-10-26,955,shipped,False,0
1692,SITE-039,PART-9106,2026-02-24,2026-03-03,2026-03-01,412,shipped,False,0
1693,SITE-013,PART-6492,2026-10-05,2026-10-12,2026-10-18,753,pending,True,6
1694,SITE-069,PART-8396,2025-07-24,2025-08-01,2025-07-30,118,delivered,False,0
1695,SITE-091,PART-9184,2025-06-07,2025-06-10,2025-06-12,533,shipped,True,2
1696,SITE-091,PART-9194,2025-07-27,2025-08-06,2025-08-06,512,shipped,False,0
1697,SITE-073,PART-2397,2025-03-14,2025-03-22,2025-03-20,225,delivered,False,0
1698,SITE-081,PART-6709,2025-08-01,2025-08-06,2025-08-15,24,shipped,True,9
1699,SITE-028,PART-6031,2025-12-05,2025-12-13,2025-12-11,171,pending,False,0
1700,SITE-063,PART-7563,2026-01-14,2026-01-24,2026-01-24,341,pending,False,0
1701,SITE-072,PART-4228,2025-01-19,2025-01-29,2025-01-27,383,shipped,False,0
1702,SITE-016,PART-4886,2025-05-12,2025-05-20,2025-05-19,515,shipped,False,0
1703,SITE-037,PART-4184,2025-07-27,2025-08-01,2025-08-01,477,shipped,False,0
1704,SITE-088,PART-4543,2025-10-02,2025-10-12,2025-10-11,186,shipped,False,0
1705,SITE-021,PART-3188,2025-04-12,2025-04-19,2025-04-18,427,delivered,False,0
1706,SITE-043,PART-8451,2025-04-14,2025-04-22,2025-04-21,584,shipped,False,0
1707,SITE-011,PART-6513,2026-02-09,2026-02-16,2026-02-16,303,delivered,False,0
1708,SITE-020,PART-6227,2025-07-21,2025-07-29,2025-07-28,333,shipped,False,0
1709,SITE-056,PART-4450,2025-05-06,2025-05-15,2025-05-24,113,delivered,True,9
1710,SITE-023,PART-7181,2026-05-27,2026-06-06,2026-06-05,542,delivered,False,0
1711,SITE-093,PART-3867,2026-07-28,2026-08-01,2026-08-05,475,pending,True,4
1712,SITE-054,PART-7232,2025-04-02,2025-04-10,2025-04-09,384,shipped,False,0
1713,SITE-014,PART-6778,2025-02-13,2025-02-18,2025-02-16,252,pending,False,0
1714,SITE-021,PART-7767,2025-02-11,2025-02-17,2025-02-15,827,delivered,False,0
1715,SITE-049,PART-4112,2025-08-07,2025-08-10,2025-08-23,172,pending,True,13
1716,SITE-078,PART-2396,2025-07-02,2025-07-06,2025-07-04,962,delivered,False,0
1717,SITE-051,PART-7599,2025-12-21,2025-12-24,2025-12-22,179,delivered,False,0
1718,SITE-085,PART-5907,2025-07-08,2025-07-12,2025-07-12,970,shipped,False,0
1719,SITE-002,PART-7087,2026-10-10,2026-10-13,2026-10-11,628,delivered,False,0
1720,SITE-039,PART-7960,2025-10-22,2025-10-28,2025-10-27,871,pending,False,0
1721,SITE-042,PART-7625,2025-12-03,2025-12-08,2025-12-08,547,delivered,False,0
1722,SITE-032,PART-5225,2025-01-06,2025-01-13,2025-01-12,117,pending,False,0
1723,SITE-054,PART-1930,2025-07-08,2025-07-17,2025-07-15,441,pending,False,0
1724,SITE-009,PART-7468,2026-12-03,2026-12-12,2026-12-12,357,delivered,False,0
1725,SITE-090,PART-8316,2026-06-21,2026-06-24,2026-06-22,188,delivered,False,0
1726,SITE-092,PART-9099,2026-08-02,2026-08-08,2026-08-07,771,delivered,False,0
1727,SITE-020,PART-3105,2025-03-07,2025-03-17,2025-03-16,73,pending,False,0
1728,SITE-054,PART-2396,2025-10-18,2025-10-25,2025-10-24,403,shipped,False,0
1729,SITE-099,PART-2140,2025-06-12,2025-06-15,2025-06-14,712,shipped,False,0
1730,SITE-053,PART-1524,2026-05-17,2026-05-20,2026-05-19,827,delivered,False,0
1731,SITE-085,PART-4404,2026-11-22,2026-12-02,2026-12-02,450,pending,False,0
1732,SITE-016,PART-9921,2026-04-15,2026-04-24,2026-04-24,354,delivered,False,0
1733,SITE-029,PART-6908,2025-07-03,2025-07-11,2025-07-09,723,pending,False,0
1734,SITE-071,PART-7067,2025-05-15,2025-05-23,2025-05-21,765,delivered,False,0
1735,SITE-040,PART-1650,2025-08-28,2025-09-03,2025-09-02,468,shipped,False,0
1736,SITE-020,PART-7066,2026-11-12,2026-11-21,2026-11-21,865,delivered,False,0
1737,SITE-004,PART-6108,2026-09-17,2026-09-25,2026-09-23,415,shipped,False,0
1738,SITE-086,PART-3009,2025-06-04,2025-06-13,2025-06-11,962,shipped,False,0
1739,SITE-016,PART-1264,2026-06-06,2026-06-09,2026-06-07,101,shipped,False,0
1740,SITE-064,PART-7082,2026-01-25,2026-01-28,2026-01-28,164,shipped,False,0
1741,SITE-021,PART-5070,2025-05-28,2025-06-02,2025-06-01,325,shipped,False,0
1742,SITE-069,PART-1456,2026-07-11,2026-07-14,2026-07-13,41,delivered,False,0
1743,SITE-004,PART-7944,2025-10-22,2025-10-25,2025-10-23,246,delivered,False,0
1744,SITE-020,PART-8127,2026-12-02,2026-12-10,2026-12-10,400,shipped,False,0
1745,SITE-027,PART-8723,2026-11-12,2026-11-22,2026-11-22,133,pending,False,0
1746,SITE-007,PART-6183,2026-06-02,2026-06-06,2026-06-04,215,shipped,False,0
1747,SITE-023,PART-3105,2025-05-27,2025-06-01,2025-05-31,329,shipped,False,0
1748,SITE-096,PART-8874,2026-08-10,2026-08-13,2026-08-12,122,pending,False,0
1749,SITE-011,PART-8823,2026-01-03,2026-01-06,2026-01-05,299,pending,False,0
1750,SITE-018,PART-8806,2025-10-04,2025-10-13,2025-10-12,123,pending,False,0
1751,SITE-005,PART-3663,2026-05-06,2026-05-12,2026-05-10,127,pending,False,0
1752,SITE-077,PART-8322,2025-10-01,2025-10-10,2025-10-25,655,shipped,True,15
1753,SITE-041,PART-3799,2026-07-25,2026-07-28,2026-07-27,223,pending,False,0
1754,SITE-097,PART-6975,2025-06-12,2025-06-22,2025-07-09,138,shipped,True,17
1755,SITE-095,PART-6628,2026-09-06,2026-09-12,2026-09-10,170,delivered,False,0
1756,SITE-059,PART-2994,2026-10-05,2026-10-15,2026-10-14,255,delivered,False,0
1757,SITE-018,PART-6903,2026-04-27,2026-05-03,2026-05-04,881,shipped,True,1
1758,SITE-093,PART-2106,2025-07-28,2025-08-04,2025-08-04,595,delivered,False,0
1759,SITE-065,PART-3290,2025-10-16,2025-10-22,2025-10-20,656,delivered,False,0
1760,SITE-051,PART-6811,2025-12-18,2025-12-23,2025-12-23,703,delivered,False,0
1761,SITE-042,PART-1934,2025-10-18,2025-10-26,2025-10-24,21,pending,False,0
1762,SITE-006,PART-4518,2025-01-04,2025-01-11,2025-01-09,878,shipped,False,0
1763,SITE-030,PART-9406,2025-09-23,2025-10-01,2025-10-01,439,delivered,False,0
1764,SITE-095,PART-1696,2026-02-06,2026-02-13,2026-02-13,426,pending,False,0
1765,SITE-042,PART-6107,2025-05-21,2025-05-27,2025-05-27,938,delivered,False,0
1766,SITE-006,PART-1684,2025-05-02,2025-05-08,2025-05-15,675,delivered,True,7
1767,SITE-063,PART-8746,2026-04-07,2026-04-15,2026-04-15,718,delivered,False,0
1768,SITE-084,PART-7190,2026-03-14,2026-03-18,2026-03-18,173,shipped,False,0
1769,SITE-009,PART-7016,2025-11-14,2025-11-17,2025-11-15,133,delivered,False,0
1770,SITE-018,PART-7820,2025-07-14,2025-07-20,2025-07-18,453,delivered,False,0
1771,SITE-010,PART-1456,2026-11-13,2026-11-23,2026-11-23,105,delivered,False,0
1772,SITE-045,PART-7200,2026-05-04,2026-05-10,2026-05-25,230,delivered,True,15
1773,SITE-028,PART-3349,2026-01-07,2026-01-11,2026-01-09,783,delivered,False,0
1774,SITE-015,PART-5898,2026-01-11,2026-01-19,2026-01-17,100,delivered,False,0
1775,SITE-041,PART-7425,2026-11-11,2026-11-21,2026-11-21,341,pending,False,0
1776,SITE-021,PART-9432,2025-12-01,2025-12-05,2025-12-24,164,pending,True,19
1777,SITE-033,PART-2404,2026-05-09,2026-05-12,2026-05-11,860,pending,False,0
1778,SITE-031,PART-9121,2025-02-26,2025-03-03,2025-03-06,90,delivered,True,3
1779,SITE-076,PART-2106,2026-01-14,2026-01-21,2026-01-19,670,delivered,False,0
1780,SITE-052,PART-2451,2026-04-14,2026-04-24,2026-04-24,931,delivered,False,0
1781,SITE-064,PART-6072,2026-02-22,2026-03-01,2026-02-28,429,delivered,False,0
1782,SITE-027,PART-6209,2026-10-21,2026-10-31,2026-10-31,79,shipped,False,0
1783,SITE-051,PART-9451,2025-07-24,2025-07-31,2025-08-11,172,shipped,True,11
1784,SITE-023,PART-4219,2025-06-11,2025-06-19,2025-06-17,137,delivered,False,0
1785,SITE-022,PART-8727,2025-10-18,2025-10-22,2025-10-20,765,pending,False,0
1786,SITE-041,PART-2779,2026-09-19,2026-09-29,2026-09-29,105,pending,False,0
1787,SITE-058,PART-6683,2025-12-06,2025-12-16,2025-12-16,834,delivered,False,0
1788,SITE-007,PART-7586,2025-04-08,2025-04-17,2025-04-15,29,shipped,False,0
1789,SITE-015,PART-3799,2025-11-15,2025-11-23,2025-11-22,775,pending,False,0
1790,SITE-016,PART-3388,2025-09-10,2025-09-16,2025-09-16,928,shipped,False,0
1791,SITE-081,PART-1240,2026-04-10,2026-04-20,2026-04-19,641,pending,False,0
1792,SITE-039,PART-1081,2025-12-25,2025-12-31,2025-12-31,75,shipped,False,0
1793,SITE-028,PART-9993,2025-06-19,2025-06-22,2025-06-20,795,shipped,False,0
1794,SITE-033,PART-7277,2025-12-18,2025-12-23,2025-12-22,464,shipped,False,0
1795,SITE-074,PART-6013,2026-10-19,2026-10-29,2026-10-29,32,pending,False,0
1796,SITE-042,PART-7416,2026-05-15,2026-05-20,2026-05-19,104,shipped,False,0
1797,SITE-017,PART-1647,2026-04-11,2026-04-20,2026-04-18,450,pending,False,0
1798,SITE-031,PART-8823,2026-01-06,2026-01-13,2026-01-13,772,shipped,False,0
1799,SITE-086,PART-9795,2026-07-28,2026-08-04,2026-08-04,691,shipped,False,0
1800,SITE-021,PART-2973,2026-09-02,2026-09-10,2026-09-10,813,delivered,False,0
1801,SITE-015,PART-5543,2026-01-02,2026-01-11,2026-01-09,43,pending,False,0
1802,SITE-093,PART-1524,2025-02-16,2025-02-21,2025-02-21,83,shipped,False,0
1803,SITE-001,PART-8474,2026-12-08,2026-12-15,2026-12-13,593,shipped,False,0
1804,SITE-066,PART-7641,2026-10-19,2026-10-27,2026-10-25,720,shipped,False,0
1805,SITE-076,PART-3343,2026-07-04,2026-07-11,2026-07-28,145,delivered,True,17
1806,SITE-032,PART-2585,2025-02-03,2025-02-12,2025-02-11,20,pending,False,0
1807,SITE-038,PART-9165,2026-10-28,2026-11-04,2026-11-02,859,pending,False,0
1808,SITE-065,PART-4804,2025-10-15,2025-10-24,2025-10-22,652,pending,False,0
1809,SITE-068,PART-9204,2026-09-11,2026-09-21,2026-09-21,571,delivered,False,0
1810,SITE-032,PART-8384,2026-05-28,2026-06-02,2026-06-02,508,delivered,False,0
1811,SITE-010,PART-5415,2026-07-04,2026-07-09,2026-07-07,76,shipped,False,0
1812,SITE-021,PART-9390,2025-06-16,2025-06-25,2025-06-23,502,pending,False,0
1813,SITE-031,PART-7488,2026-08-25,2026-08-29,2026-08-27,626,shipped,False,0
1814,SITE-029,PART-3257,2025-10-03,2025-10-10,2025-10-08,314,shipped,False,0
1815,SITE-012,PART-4392,2026-11-28,2026-12-04,2026-12-03,291,delivered,False,0
1816,SITE-078,PART-6894,2025-05-18,2025-05-21,2025-05-19,260,shipped,False,0
1817,SITE-050,PART-8143,2025-07-27,2025-08-04,2025-08-04,88,shipped,False,0
1818,SITE-024,PART-3798,2025-05-22,2025-05-26,2025-05-25,903,shipped,False,0
1819,SITE-093,PART-7991,2025-05-25,2025-05-30,2025-05-28,741,delivered,False,0
1820,SITE-078,PART-2959,2025-09-19,2025-09-29,2025-09-28,466,shipped,False,0
1821,SITE-090,PART-2165,2025-08-05,2025-08-08,2025-08-06,730,pending,False,0
1822,SITE-040,PART-9077,2025-03-03,2025-03-12,2025-03-21,16,delivered,True,9
1823,SITE-034,PART-7183,2025-02-08,2025-02-16,2025-02-15,730,pending,False,0
1824,SITE-036,PART-1376,2025-02-03,2025-02-12,2025-02-10,423,pending,False,0
1825,SITE-051,PART-1734,2025-12-28,2026-01-04,2026-01-02,945,delivered,False,0
1826,SITE-083,PART-7082,2026-10-05,2026-10-08,2026-10-06,827,delivered,False,0
1827,SITE-088,PART-5100,2025-10-10,2025-10-13,2025-10-12,147,shipped,False,0
1828,SITE-076,PART-4573,2026-06-18,2026-06-22,2026-06-20,580,shipped,False,0
1829,SITE-020,PART-9638,2025-02-11,2025-02-18,2025-02-26,738,delivered,True,8
1830,SITE-053,PART-9758,2025-07-12,2025-07-15,2025-07-15,70,delivered,False,0
1831,SITE-091,PART-7277,2026-12-24,2026-12-31,2026-12-29,907,delivered,False,0
1832,SITE-014,PART-5172,2025-06-04,2025-06-13,2025-06-12,25,delivered,False,0
1833,SITE-067,PART-3188,2026-05-20,2026-05-28,2026-05-26,82,shipped,False,0
1834,SITE-028,PART-9512,2026-02-01,2026-02-05,2026-02-05,724,shipped,False,0
1835,SITE-067,PART-7897,2025-04-13,2025-04-19,2025-04-18,144,delivered,False,0
1836,SITE-024,PART-1733,2025-06-26,2025-07-03,2025-07-03,66,delivered,False,0
1837,SITE-004,PART-7903,2025-08-03,2025-08-13,2025-08-22,889,shipped,True,9
1838,SITE-077,PART-7104,2026-01-14,2026-01-17,2026-01-16,83,pending,False,0
1839,SITE-063,PART-6615,2025-07-12,2025-07-17,2025-07-16,276,pending,False,0
1840,SITE-100,PART-5445,2026-12-07,2026-12-14,2026-12-14,598,delivered,False,0
1841,SITE-084,PART-8581,2025-06-16,2025-06-20,2025-06-18,294,delivered,False,0
1842,SITE-081,PART-3457,2026-06-24,2026-07-03,2026-07-02,238,pending,False,0
1843,SITE-053,PART-3543,2025-05-18,2025-05-23,2025-05-23,965,pending,False,0
1844,SITE-007,PART-4872,2025-07-16,2025-07-20,2025-07-18,819,delivered,False,0
1845,SITE-049,PART-9704,2026-05-24,2026-06-02,2026-06-01,142,delivered,False,0
1846,SITE-009,PART-6567,2026-11-26,2026-12-02,2026-12-02,236,delivered,False,0
1847,SITE-078,PART-9564,2026-07-23,2026-07-27,2026-07-25,688,shipped,False,0
1848,SITE-027,PART-4603,2026-12-21,2026-12-24,2026-12-23,219,shipped,False,0
1849,SITE-071,PART-5186,2026-05-15,2026-05-23,2026-05-21,66,delivered,False,0
1850,SITE-061,PART-3684,2026-11-07,2026-11-16,2026-11-14,643,delivered,False,0
1851,SITE-064,PART-7165,2025-07-03,2025-07-13,2025-07-11,228,delivered,False,0
1852,SITE-008,PART-7534,2026-10-11,2026-10-18,2026-10-16,138,shipped,False,0
1853,SITE-033,PART-2464,2025-08-01,2025-08-06,2025-08-06,155,shipped,False,0
1854,SITE-061,PART-5073,2025-05-25,2025-05-31,2025-05-29,677,delivered,False,0
1855,SITE-023,PART-4781,2025-08-14,2025-08-21,2025-08-20,516,shipped,False,0
1856,SITE-066,PART-8783,2026-06-18,2026-06-27,2026-06-27,811,delivered,False,0
1857,SITE-023,PART-2516,2025-12-12,2025-12-21,2025-12-19,894,pending,False,0
1858,SITE-005,PART-1496,2025-05-09,2025-05-17,2025-05-15,825,delivered,False,0
1859,SITE-010,PART-2068,2025-08-23,2025-08-29,2025-08-29,379,pending,False,0
1860,SITE-056,PART-9037,2025-11-05,2025-11-12,2025-11-12,189,delivered,False,0
1861,SITE-097,PART-1088,2026-04-08,2026-04-15,2026-04-14,953,shipped,False,0
1862,SITE-085,PART-7259,2026-01-12,2026-01-20,2026-01-18,835,delivered,False,0
1863,SITE-017,PART-8113,2025-09-03,2025-09-09,2025-09-08,846,pending,False,0
1864,SITE-067,PART-5180,2026-08-14,2026-08-23,2026-08-21,833,shipped,False,0
1865,SITE-097,PART-1700,2025-03-22,2025-03-31,2025-03-29,310,shipped,False,0
1866,SITE-043,PART-6768,2025-10-21,2025-10-26,2025-10-26,201,delivered,False,0
1867,SITE-032,PART-6913,2026-08-03,2026-08-07,2026-08-07,589,pending,False,0
1868,SITE-099,PART-5873,2025-06-05,2025-06-15,2025-06-14,167,delivered,False,0
1869,SITE-061,PART-5018,2026-03-07,2026-03-13,2026-03-11,772,shipped,False,0
1870,SITE-024,PART-6719,2026-04-03,2026-04-13,2026-04-13,58,delivered,False,0
1871,SITE-016,PART-8593,2025-10-10,2025-10-20,2025-10-18,138,shipped,False,0
1872,SITE-085,PART-7886,2025-09-09,2025-09-19,2025-09-23,482,shipped,True,4
1873,SITE-074,PART-4802,2025-12-24,2025-12-30,2025-12-30,893,delivered,False,0
1874,SITE-007,PART-4538,2026-05-05,2026-05-10,2026-05-08,194,shipped,False,0
1875,SITE-092,PART-7949,2025-08-19,2025-08-24,2025-08-30,578,delivered,True,6
1876,SITE-032,PART-9528,2026-11-25,2026-12-04,2026-12-03,720,shipped,False,0
1877,SITE-065,PART-3553,2025-01-02,2025-01-10,2025-01-09,416,shipped,False,0
1878,SITE-035,PART-2896,2025-04-25,2025-05-01,2025-05-05,539,delivered,True,4
1879,SITE-074,PART-2189,2025-04-01,2025-04-11,2025-04-10,541,delivered,False,0
1880,SITE-088,PART-6588,2026-08-07,2026-08-17,2026-08-15,19,pending,False,0
1881,SITE-004,PART-2897,2026-05-13,2026-05-19,2026-05-18,407,delivered,False,0
1882,SITE-089,PART-9371,2025-12-03,2025-12-07,2025-12-05,416,pending,False,0
1883,SITE-026,PART-8874,2025-10-08,2025-10-17,2025-10-15,986,shipped,False,0
1884,SITE-003,PART-3887,2026-04-16,2026-04-19,2026-04-18,694,delivered,False,0
1885,SITE-083,PART-8779,2025-12-22,2026-01-01,2025-12-30,502,shipped,False,0
1886,SITE-057,PART-8211,2026-03-22,2026-03-27,2026-03-27,27,shipped,False,0
1887,SITE-025,PART-2217,2026-06-03,2026-06-06,2026-06-04,272,pending,False,0
1888,SITE-051,PART-3344,2025-03-28,2025-04-05,2025-04-04,312,pending,False,0
1889,SITE-093,PART-6766,2025-12-18,2025-12-23,2025-12-22,690,shipped,False,0
1890,SITE-064,PART-8500,2026-02-07,2026-02-17,2026-02-17,928,delivered,False,0
1891,SITE-081,PART-6812,2026-11-21,2026-11-28,2026-11-28,735,pending,False,0
1892,SITE-048,PART-9278,2025-11-17,2025-11-27,2025-11-25,16,shipped,False,0
1893,SITE-050,PART-5704,2025-07-09,2025-07-18,2025-07-17,119,pending,False,0
1894,SITE-049,PART-7385,2025-05-08,2025-05-14,2025-05-14,369,shipped,False,0
1895,SITE-059,PART-3257,2026-07-26,2026-07-30,2026-08-01,613,shipped,True,2
1896,SITE-008,PART-1682,2026-11-21,2026-11-27,2026-11-27,160,delivered,False,0
1897,SITE-069,PART-9554,2025-04-25,2025-04-28,2025-04-26,162,shipped,False,0
1898,SITE-031,PART-3648,2025-12-05,2025-12-15,2025-12-14,617,pending,False,0
1899,SITE-060,PART-7591,2026-07-03,2026-07-13,2026-07-11,144,pending,False,0
1900,SITE-049,PART-3009,2026-11-23,2026-11-29,2026-11-29,955,pending,False,0
1901,SITE-044,PART-9558,2026-08-07,2026-08-11,2026-08-10,195,delivered,False,0
1902,SITE-081,PART-6854,2026-06-16,2026-06-23,2026-06-22,2,pending,False,0
1903,SITE-035,PART-4184,2025-05-09,2025-05-17,2025-05-15,276,delivered,False,0
1904,SITE-007,PART-8896,2025-05-21,2025-05-25,2025-05-25,564,shipped,False,0
1905,SITE-099,PART-7794,2026-07-20,2026-07-23,2026-07-22,774,delivered,False,0
1906,SITE-013,PART-6784,2025-08-28,2025-09-01,2025-09-01,244,pending,False,0
1907,SITE-029,PART-4995,2025-12-20,2025-12-28,2025-12-27,243,shipped,False,0
1908,SITE-088,PART-3663,2025-03-10,2025-03-17,2025-03-15,466,pending,False,0
1909,SITE-001,PART-8254,2025-07-27,2025-08-04,2025-08-07,546,shipped,True,3
1910,SITE-006,PART-7606,2026-12-10,2026-12-20,2026-12-19,745,delivered,False,0
1911,SITE-067,PART-6299,2026-05-26,2026-06-01,2026-05-31,193,delivered,False,0
1912,SITE-004,PART-3735,2025-05-11,2025-05-15,2025-05-14,754,pending,False,0
1913,SITE-015,PART-7991,2025-05-18,2025-05-25,2025-05-25,662,shipped,False,0
1914,SITE-094,PART-5401,2025-11-03,2025-11-06,2025-11-05,943,shipped,False,0
1915,SITE-080,PART-6140,2025-10-13,2025-10-18,2025-10-18,58,delivered,False,0
1916,SITE-093,PART-7135,2026-05-10,2026-05-14,2026-05-14,827,pending,False,0
1917,SITE-045,PART-4031,2025-11-22,2025-11-28,2025-11-28,296,pending,False,0
1918,SITE-077,PART-3472,2025-04-06,2025-04-14,2025-04-12,561,delivered,False,0
1919,SITE-080,PART-1696,2025-08-07,2025-08-13,2025-08-13,392,delivered,False,0
1920,SITE-099,PART-1506,2025-06-12,2025-06-21,2025-06-21,337,shipped,False,0
1921,SITE-051,PART-6513,2026-07-19,2026-07-24,2026-07-23,359,pending,False,0
1922,SITE-066,PART-3172,2026-10-24,2026-11-01,2026-11-01,603,delivered,False,0
1923,SITE-004,PART-8806,2026-02-14,2026-02-21,2026-02-19,423,pending,False,0
1924,SITE-033,PART-5238,2026-04-03,2026-04-08,2026-04-06,810,delivered,False,0
1925,SITE-002,PART-4582,2025-03-09,2025-03-19,2025-03-18,879,pending,False,0
1926,SITE-039,PART-7486,2026-05-04,2026-05-11,2026-05-11,143,pending,False,0
1927,SITE-008,PART-7384,2025-03-06,2025-03-11,2025-03-14,694,pending,True,3
1928,SITE-002,PART-2319,2025-01-27,2025-02-05,2025-02-04,670,pending,False,0
1929,SITE-051,PART-8994,2026-07-09,2026-07-15,2026-07-15,661,shipped,False,0
1930,SITE-011,PART-2052,2026-03-02,2026-03-11,2026-03-13,389,shipped,True,2
1931,SITE-021,PART-9288,2026-01-14,2026-01-22,2026-01-29,830,pending,True,7
1932,SITE-043,PART-5073,2025-09-17,2025-09-24,2025-09-24,130,delivered,False,0
1933,SITE-064,PART-1456,2026-07-25,2026-07-28,2026-07-28,496,shipped,False,0
1934,SITE-015,PART-9834,2026-04-09,2026-04-14,2026-04-14,479,pending,False,0
1935,SITE-048,PART-8668,2026-08-15,2026-08-22,2026-08-22,739,delivered,False,0
1936,SITE-025,PART-6236,2025-01-18,2025-01-25,2025-01-23,248,delivered,False,0
1937,SITE-079,PART-4997,2026-05-25,2026-06-03,2026-06-02,924,pending,False,0
1938,SITE-082,PART-7250,2025-08-01,2025-08-05,2025-08-04,376,delivered,False,0
1939,SITE-042,PART-1744,2025-07-12,2025-07-22,2025-07-21,939,pending,False,0
1940,SITE-030,PART-1142,2025-06-02,2025-06-07,2025-06-07,856,pending,False,0
1941,SITE-029,PART-6072,2026-01-28,2026-01-31,2026-01-29,987,shipped,False,0
1942,SITE-003,PART-7590,2025-05-08,2025-05-13,2025-05-11,34,shipped,False,0
1943,SITE-037,PART-1264,2026-04-09,2026-04-17,2026-04-28,679,shipped,True,11
1944,SITE-032,PART-1147,2025-05-13,2025-05-16,2025-05-16,123,pending,False,0
1945,SITE-094,PART-8555,2026-07-24,2026-07-31,2026-07-30,322,delivered,False,0
1946,SITE-071,PART-9309,2026-10-20,2026-10-28,2026-10-26,885,pending,False,0
1947,SITE-051,PART-5186,2025-06-26,2025-07-05,2025-07-03,588,shipped,False,0
1948,SITE-006,PART-1291,2026-04-26,2026-05-03,2026-05-03,772,shipped,False,0
1949,SITE-071,PART-7944,2026-03-14,2026-03-21,2026-03-19,799,shipped,False,0
1950,SITE-029,PART-3457,2025-07-14,2025-07-18,2025-07-18,185,delivered,False,0
1951,SITE-094,PART-4238,2025-04-23,2025-05-03,2025-05-06,113,delivered,True,3
1952,SITE-046,PART-3070,2025-05-06,2025-05-11,2025-05-11,32,delivered,False,0
1953,SITE-002,PART-7189,2026-07-20,2026-07-25,2026-07-24,11,pending,False,0
1954,SITE-078,PART-8355,2026-04-04,2026-04-07,2026-04-05,153,delivered,False,0
1955,SITE-064,PART-2035,2025-04-23,2025-04-30,2025-04-29,939,pending,False,0
1956,SITE-083,PART-3258,2025-10-19,2025-10-23,2025-10-22,869,delivered,False,0
1957,SITE-089,PART-7066,2026-10-14,2026-10-23,2026-10-21,176,pending,False,0
1958,SITE-051,PART-9549,2025-02-13,2025-02-19,2025-02-26,421,pending,True,7
1959,SITE-092,PART-3333,2025-12-06,2025-12-12,2025-12-10,665,shipped,False,0
1960,SITE-091,PART-5726,2026-10-10,2026-10-17,2026-10-17,135,shipped,False,0
1961,SITE-013,PART-7210,2025-12-15,2025-12-24,2025-12-22,496,shipped,False,0
1962,SITE-099,PART-6072,2026-02-24,2026-02-28,2026-02-27,286,pending,False,0
1963,SITE-002,PART-6431,2025-05-11,2025-05-15,2025-05-15,398,delivered,False,0
1964,SITE-003,PART-6108,2026-02-23,2026-02-28,2026-02-26,967,pending,False,0
1965,SITE-087,PART-6031,2026-05-10,2026-05-16,2026-05-21,565,delivered,True,5
1966,SITE-096,PART-1124,2026-12-28,2027-01-07,2027-01-06,561,pending,False,0
1967,SITE-029,PART-6031,2026-09-20,2026-09-23,2026-09-23,751,delivered,False,0
1968,SITE-031,PART-3172,2026-03-11,2026-03-17,2026-03-16,20,pending,False,0
1969,SITE-065,PART-5070,2025-05-08,2025-05-13,2025-05-11,378,shipped,False,0
1970,SITE-062,PART-1376,2026-02-07,2026-02-13,2026-02-13,238,shipped,False,0
1971,SITE-041,PART-6113,2025-11-27,2025-12-03,2025-12-01,846,delivered,False,0
1972,SITE-008,PART-9037,2025-05-11,2025-05-20,2025-05-18,681,shipped,False,0
1973,SITE-030,PART-2396,2026-07-03,2026-07-10,2026-07-10,775,pending,False,0
1974,SITE-086,PART-2019,2026-12-09,2026-12-19,2026-12-18,231,delivered,False,0
1975,SITE-004,PART-4058,2025-10-06,2025-10-12,2025-10-11,465,delivered,False,0
1976,SITE-029,PART-2179,2025-11-26,2025-12-03,2025-12-03,501,delivered,False,0
1977,SITE-015,PART-8807,2025-07-12,2025-07-21,2025-07-19,928,pending,False,0
1978,SITE-003,PART-7960,2026-12-06,2026-12-09,2026-12-16,689,delivered,True,7
1979,SITE-037,PART-2790,2026-04-01,2026-04-04,2026-04-04,713,delivered,False,0
1980,SITE-068,PART-6784,2025-11-24,2025-12-04,2025-12-04,487,shipped,False,0
1981,SITE-077,PART-8355,2026-08-04,2026-08-10,2026-08-08,285,shipped,False,0
1982,SITE-028,PART-4335,2026-11-27,2026-11-30,2026-11-28,137,delivered,False,0
1983,SITE-029,PART-6417,2026-10-23,2026-11-02,2026-10-31,352,pending,False,0
1984,SITE-059,PART-2135,2025-03-26,2025-04-05,2025-04-04,656,pending,False,0
1985,SITE-064,PART-6768,2025-09-17,2025-09-26,2025-09-26,701,pending,False,0
1986,SITE-051,PART-8986,2025-08-10,2025-08-16,2025-08-16,168,shipped,False,0
1987,SITE-051,PART-1470,2026-08-07,2026-08-10,2026-08-09,772,pending,False,0
1988,SITE-030,PART-2838,2026-04-10,2026-04-15,2026-04-14,838,shipped,False,0
1989,SITE-025,PART-4603,2025-03-12,2025-03-21,2025-03-21,658,delivered,False,0
1990,SITE-040,PART-1832,2026-01-15,2026-01-21,2026-01-20,971,delivered,False,0
1991,SITE-033,PART-1684,2025-01-27,2025-02-05,2025-02-04,756,delivered,False,0
1992,SITE-097,PART-1650,2025-02-04,2025-02-11,2025-02-11,295,pending,False,0
1993,SITE-026,PART-9467,2025-03-05,2025-03-11,2025-03-09,436,pending,False,0
1994,SITE-003,PART-1138,2026-01-23,2026-01-26,2026-02-01,27,shipped,True,6
1995,SITE-062,PART-2585,2025-10-24,2025-11-02,2025-11-16,462,delivered,True,14
1996,SITE-066,PART-4206,2025-02-13,2025-02-22,2025-02-22,155,shipped,False,0
1997,SITE-071,PART-6768,2026-11-05,2026-11-08,2026-11-08,74,delivered,False,0
1998,SITE-063,PART-1105,2025-03-28,2025-04-04,2025-04-04,813,pending,False,0
1999,SITE-007,PART-7537,2025-04-08,2025-04-14,2025-04-13,124,delivered,False,0
2000,SITE-084,PART-5936,2025-09-05,2025-09-15,2025-09-14,630,shipped,False,0
2001,SITE-071,PART-8668,2025-12-24,2026-01-02,2026-01-12,346,delivered,True,10
2002,SITE-004,PART-5350,2025-02-16,2025-02-21,2025-02-19,562,shipped,False,0
2003,SITE-050,PART-9913,2025-10-03,2025-10-08,2025-10-06,261,shipped,False,0
2004,SITE-081,PART-6778,2026-07-06,2026-07-09,2026-07-08,577,delivered,False,0
2005,SITE-044,PART-3729,2026-03-23,2026-03-27,2026-03-25,693,delivered,False,0
2006,SITE-051,PART-2396,2025-04-26,2025-05-04,2025-05-14,792,delivered,True,10
2007,SITE-013,PART-6013,2026-04-28,2026-05-03,2026-05-06,346,shipped,True,3
2008,SITE-011,PART-4942,2025-10-01,2025-10-06,2025-10-08,757,delivered,True,2
2009,SITE-018,PART-4677,2026-04-08,2026-04-11,2026-04-10,214,pending,False,0
2010,SITE-081,PART-8916,2026-11-24,2026-11-28,2026-11-26,836,pending,False,0
2011,SITE-084,PART-7269,2026-08-10,2026-08-15,2026-08-13,973,pending,False,0
2012,SITE-058,PART-1918,2026-07-20,2026-07-25,2026-08-02,825,shipped,True,8
2013,SITE-067,PART-6588,2026-12-14,2026-12-18,2026-12-16,607,shipped,False,0
2014,SITE-081,PART-4055,2026-09-03,2026-09-09,2026-09-07,114,pending,False,0
2015,SITE-055,PART-3602,2025-09-19,2025-09-25,2025-09-24,243,delivered,False,0
2016,SITE-047,PART-1335,2026-10-28,2026-10-31,2026-10-29,797,delivered,False,0
2017,SITE-088,PART-2380,2026-03-17,2026-03-27,2026-03-29,652,shipped,True,2
2018,SITE-006,PART-2963,2025-09-12,2025-09-19,2025-09-17,550,pending,False,0
2019,SITE-039,PART-2896,2025-03-22,2025-03-28,2025-03-26,845,shipped,False,0
2020,SITE-041,PART-5876,2026-01-09,2026-01-15,2026-01-14,890,delivered,False,0
2021,SITE-093,PART-4181,2025-12-16,2025-12-19,2025-12-17,86,delivered,False,0
2022,SITE-053,PART-8762,2025-01-23,2025-01-30,2025-01-28,724,delivered,False,0
2023,SITE-026,PART-3915,2026-01-07,2026-01-12,2026-01-12,454,delivered,False,0
2024,SITE-056,PART-9370,2025-01-11,2025-01-20,2025-01-20,471,shipped,False,0
2025,SITE-005,PART-1238,2026-10-03,2026-10-10,2026-10-10,149,delivered,False,0
2026,SITE-063,PART-7739,2025-07-10,2025-07-18,2025-07-17,36,shipped,False,0
2027,SITE-005,PART-6615,2026-11-01,2026-11-11,2026-11-10,579,shipped,False,0
2028,SITE-046,PART-3343,2025-05-02,2025-05-12,2025-05-22,19,shipped,True,10
2029,SITE-038,PART-2748,2026-07-03,2026-07-07,2026-07-14,756,shipped,True,7
2030,SITE-001,PART-2830,2025-10-16,2025-10-22,2025-10-22,909,shipped,False,0
2031,SITE-059,PART-4872,2026-07-01,2026-07-05,2026-07-05,163,delivered,False,0
2032,SITE-007,PART-7495,2026-01-16,2026-01-23,2026-01-23,81,pending,False,0
2033,SITE-026,PART-4001,2025-06-20,2025-06-26,2025-06-29,817,delivered,True,3
2034,SITE-044,PART-2699,2025-05-17,2025-05-24,2025-05-24,442,pending,False,0
2035,SITE-065,PART-8451,2025-04-26,2025-05-04,2025-05-02,265,delivered,False,0
2036,SITE-084,PART-4335,2025-05-16,2025-05-25,2025-05-24,107,pending,False,0
2037,SITE-092,PART-8483,2026-10-22,2026-10-29,2026-10-29,60,shipped,False,0
2038,SITE-018,PART-1032,2025-12-11,2025-12-18,2025-12-16,81,shipped,False,0
2039,SITE-030,PART-1124,2025-03-08,2025-03-16,2025-03-16,50,delivered,False,0
2040,SITE-001,PART-7578,2026-09-24,2026-10-01,2026-09-30,103,shipped,False,0
2041,SITE-054,PART-4247,2026-05-22,2026-05-27,2026-05-27,11,shipped,False,0
2042,SITE-038,PART-8199,2026-11-01,2026-11-07,2026-11-10,632,delivered,True,3
2043,SITE-073,PART-7428,2025-10-18,2025-10-26,2025-10-24,337,delivered,False,0
2044,SITE-044,PART-8581,2025-05-15,2025-05-25,2025-06-02,550,delivered,True,8
2045,SITE-037,PART-2994,2025-05-18,2025-05-21,2025-05-19,425,shipped,False,0
2046,SITE-057,PART-8841,2025-02-02,2025-02-10,2025-02-08,964,shipped,False,0
2047,SITE-051,PART-2165,2026-04-21,2026-04-27,2026-05-05,337,delivered,True,8
2048,SITE-084,PART-9271,2026-10-22,2026-10-28,2026-10-27,196,shipped,False,0
2049,SITE-056,PART-4247,2025-05-28,2025-06-05,2025-06-04,110,delivered,False,0
2050,SITE-046,PART-2331,2025-03-22,2025-03-29,2025-03-28,547,delivered,False,0
2051,SITE-091,PART-4856,2025-12-04,2025-12-07,2025-12-05,403,pending,False,0
2052,SITE-060,PART-4545,2026-03-02,2026-03-08,2026-03-07,359,shipped,False,0
2053,SITE-088,PART-8974,2025-02-04,2025-02-12,2025-02-11,784,shipped,False,0
2054,SITE-003,PART-7524,2025-01-26,2025-02-05,2025-02-03,136,shipped,False,0
2055,SITE-065,PART-8876,2025-05-22,2025-05-27,2025-05-26,106,delivered,False,0
2056,SITE-034,PART-6884,2025-07-19,2025-07-26,2025-07-24,274,shipped,False,0
2057,SITE-065,PART-3793,2026-12-13,2026-12-18,2026-12-17,39,shipped,False,0
2058,SITE-021,PART-3201,2025-08-03,2025-08-10,2025-08-09,98,shipped,False,0
2059,SITE-016,PART-2068,2026-01-11,2026-01-18,2026-01-17,939,pending,False,0
2060,SITE-067,PART-7259,2025-07-20,2025-07-30,2025-08-03,418,delivered,True,4
2061,SITE-098,PART-7232,2025-11-22,2025-11-28,2025-11-27,305,pending,False,0
2062,SITE-040,PART-1892,2026-11-12,2026-11-19,2026-11-17,895,shipped,False,0
2063,SITE-038,PART-4999,2025-02-09,2025-02-13,2025-02-13,885,delivered,False,0
2064,SITE-091,PART-3276,2025-06-11,2025-06-15,2025-06-14,685,pending,False,0
2065,SITE-058,PART-6854,2025-04-27,2025-05-04,2025-05-03,695,shipped,False,0
2066,SITE-090,PART-3344,2026-05-15,2026-05-19,2026-05-18,457,pending,False,0
2067,SITE-003,PART-6586,2025-10-23,2025-11-01,2025-10-30,925,shipped,False,0
2068,SITE-078,PART-4072,2025-10-23,2025-10-31,2025-11-11,703,delivered,True,11
2069,SITE-003,PART-1945,2025-05-26,2025-05-31,2025-06-10,370,pending,True,10
2070,SITE-063,PART-2683,2025-07-10,2025-07-17,2025-07-24,191,shipped,True,7
2071,SITE-077,PART-6778,2026-06-07,2026-06-10,2026-06-09,371,pending,False,0
2072,SITE-007,PART-1670,2025-09-24,2025-10-01,2025-09-29,731,delivered,False,0
2073,SITE-022,PART-8987,2026-04-17,2026-04-20,2026-04-19,519,shipped,False,0
2074,SITE-009,PART-8558,2026-09-02,2026-09-07,2026-09-05,13,delivered,False,0
2075,SITE-057,PART-3798,2026-10-12,2026-10-18,2026-10-17,957,shipped,False,0
2076,SITE-011,PART-3392,2025-12-24,2025-12-31,2025-12-30,159,delivered,False,0
2077,SITE-084,PART-5749,2026-12-13,2026-12-20,2026-12-18,725,shipped,False,0
2078,SITE-016,PART-7690,2026-06-09,2026-06-13,2026-06-12,902,pending,False,0
2079,SITE-064,PART-9038,2026-05-17,2026-05-26,2026-05-24,737,delivered,False,0
2080,SITE-048,PART-1088,2026-10-27,2026-11-05,2026-11-03,362,delivered,False,0
2081,SITE-028,PART-8581,2026-10-08,2026-10-18,2026-10-16,960,shipped,False,0
2082,SITE-048,PART-3274,2025-07-07,2025-07-16,2025-07-15,37,shipped,False,0
2083,SITE-052,PART-4370,2025-12-07,2025-12-13,2025-12-11,345,shipped,False,0
2084,SITE-075,PART-2131,2026-01-12,2026-01-20,2026-01-30,931,shipped,True,10
2085,SITE-099,PART-3457,2026-08-10,2026-08-18,2026-08-16,936,shipped,False,0
2086,SITE-031,PART-7250,2025-07-10,2025-07-18,2025-07-18,227,delivered,False,0
2087,SITE-061,PART-2100,2026-05-05,2026-05-13,2026-05-11,293,delivered,False,0
2088,SITE-077,PART-3549,2026-11-27,2026-12-07,2026-12-05,954,shipped,False,0
2089,SITE-024,PART-2098,2025-04-28,2025-05-04,2025-05-02,200,pending,False,0
2090,SITE-068,PART-7282,2025-03-22,2025-03-29,2025-03-27,926,delivered,False,0
2091,SITE-032,PART-5898,2026-01-23,2026-01-27,2026-01-27,319,delivered,False,0
2092,SITE-073,PART-9390,2025-03-26,2025-03-29,2025-03-29,594,pending,False,0
2093,SITE-067,PART-2106,2025-10-07,2025-10-14,2025-10-13,666,pending,False,0
2094,SITE-083,PART-9834,2025-02-28,2025-03-04,2025-03-04,149,delivered,False,0
2095,SITE-094,PART-9768,2025-08-15,2025-08-24,2025-08-23,856,shipped,False,0
2096,SITE-011,PART-2356,2025-09-28,2025-10-05,2025-10-05,732,shipped,False,0
2097,SITE-091,PART-8806,2026-09-03,2026-09-12,2026-09-12,11,pending,False,0
2098,SITE-083,PART-1376,2026-02-19,2026-02-23,2026-02-23,674,shipped,False,0
2099,SITE-027,PART-7534,2025-08-05,2025-08-14,2025-08-14,250,pending,False,0
2100,SITE-006,PART-6709,2026-02-11,2026-02-19,2026-02-18,767,pending,False,0
2101,SITE-068,PART-4448,2025-11-10,2025-11-14,2025-11-14,589,delivered,False,0
2102,SITE-077,PART-5070,2026-07-04,2026-07-12,2026-07-10,732,pending,False,0
2103,SITE-088,PART-8194,2026-06-16,2026-06-22,2026-06-22,848,pending,False,0
2104,SITE-058,PART-1456,2026-07-16,2026-07-20,2026-07-18,218,pending,False,0
2105,SITE-054,PART-2487,2026-07-15,2026-07-19,2026-07-19,125,delivered,False,0
2106,SITE-080,PART-1768,2026-07-27,2026-07-30,2026-07-30,282,delivered,False,0
2107,SITE-007,PART-1283,2026-01-03,2026-01-09,2026-01-09,775,pending,False,0
2108,SITE-085,PART-7165,2025-06-21,2025-06-24,2025-06-23,306,pending,False,0
2109,SITE-082,PART-4365,2026-08-27,2026-09-05,2026-09-05,598,shipped,False,0
2110,SITE-043,PART-1874,2025-11-26,2025-12-02,2025-12-01,86,shipped,False,0
2111,SITE-078,PART-7746,2025-04-02,2025-04-05,2025-04-03,505,shipped,False,0
2112,SITE-012,PART-9292,2025-07-26,2025-07-29,2025-07-27,605,pending,False,0
2113,SITE-010,PART-5543,2026-05-04,2026-05-11,2026-05-16,48,pending,True,5
2114,SITE-009,PART-2052,2026-09-23,2026-10-03,2026-10-01,870,shipped,False,0
2115,SITE-065,PART-7020,2026-06-24,2026-06-27,2026-06-26,691,delivered,False,0
2116,SITE-077,PART-3257,2025-09-18,2025-09-27,2025-09-25,416,pending,False,0
2117,SITE-046,PART-5214,2025-03-06,2025-03-10,2025-03-09,908,shipped,False,0
2118,SITE-055,PART-8194,2025-02-13,2025-02-21,2025-02-20,992,pending,False,0
2119,SITE-047,PART-8723,2026-08-15,2026-08-24,2026-08-24,664,shipped,False,0
2120,SITE-085,PART-2779,2026-08-19,2026-08-26,2026-08-25,326,shipped,False,0
2121,SITE-026,PART-9129,2026-11-21,2026-11-28,2026-11-26,866,shipped,False,0
2122,SITE-068,PART-1733,2026-11-02,2026-11-08,2026-11-06,468,shipped,False,0
2123,SITE-059,PART-6183,2025-02-17,2025-02-26,2025-02-24,997,pending,False,0
2124,SITE-093,PART-2394,2026-06-24,2026-06-30,2026-06-29,32,shipped,False,0
2125,SITE-073,PART-1591,2026-09-06,2026-09-10,2026-09-10,303,delivered,False,0
2126,SITE-053,PART-4897,2025-03-23,2025-03-31,2025-03-30,34,shipped,False,0
2127,SITE-002,PART-4404,2025-05-24,2025-05-28,2025-05-27,506,delivered,False,0
2128,SITE-046,PART-5411,2025-06-02,2025-06-07,2025-06-05,333,pending,False,0
2129,SITE-026,PART-3718,2026-11-13,2026-11-23,2026-11-22,904,shipped,False,0
2130,SITE-066,PART-8783,2026-03-23,2026-03-31,2026-03-29,269,shipped,False,0
2131,SITE-051,PART-8581,2025-07-13,2025-07-18,2025-07-18,495,shipped,False,0
2132,SITE-018,PART-1547,2026-03-21,2026-03-30,2026-03-28,974,pending,False,0
2133,SITE-022,PART-1138,2025-12-06,2025-12-16,2025-12-16,366,shipped,False,0
2134,SITE-053,PART-6819,2025-11-19,2025-11-28,2025-11-28,927,pending,False,0
2135,SITE-026,PART-1503,2026-08-21,2026-08-25,2026-08-30,567,delivered,True,5
2136,SITE-021,PART-1433,2025-07-23,2025-07-29,2025-07-27,196,pending,False,0
2137,SITE-071,PART-4354,2025-03-13,2025-03-20,2025-03-24,589,pending,True,4
2138,SITE-063,PART-1872,2025-02-08,2025-02-18,2025-02-20,932,pending,True,2
2139,SITE-004,PART-1238,2026-08-22,2026-08-30,2026-08-28,112,delivered,False,0
2140,SITE-072,PART-4872,2026-11-24,2026-11-28,2026-11-26,107,delivered,False,0
2141,SITE-064,PART-7960,2025-11-20,2025-11-23,2025-11-23,980,delivered,False,0
2142,SITE-021,PART-2445,2025-12-17,2025-12-21,2025-12-20,835,delivered,False,0
2143,SITE-060,PART-4748,2026-10-06,2026-10-13,2026-10-11,311,pending,False,0
2144,SITE-034,PART-2897,2026-03-05,2026-03-08,2026-03-07,878,shipped,False,0
2145,SITE-018,PART-8084,2026-01-14,2026-01-24,2026-01-22,294,delivered,False,0
2146,SITE-085,PART-4582,2025-02-07,2025-02-11,2025-03-02,777,pending,True,19
2147,SITE-077,PART-3392,2025-05-21,2025-05-24,2025-05-22,987,pending,False,0
2148,SITE-012,PART-3280,2025-04-21,2025-04-25,2025-04-24,190,delivered,False,0
2149,SITE-046,PART-9108,2025-10-13,2025-10-21,2025-10-19,937,pending,False,0
2150,SITE-070,PART-3691,2025-02-07,2025-02-16,2025-02-14,560,pending,False,0
2151,SITE-072,PART-2419,2026-11-04,2026-11-10,2026-11-10,145,delivered,False,0
2152,SITE-083,PART-4084,2026-12-17,2026-12-22,2026-12-20,430,pending,False,0
2153,SITE-004,PART-4184,2026-04-04,2026-04-13,2026-04-23,39,pending,True,10
2154,SITE-079,PART-9605,2025-06-25,2025-06-29,2025-06-27,137,shipped,False,0
2155,SITE-045,PART-3995,2026-02-18,2026-02-21,2026-02-19,942,pending,False,0
2156,SITE-039,PART-3895,2026-05-23,2026-05-28,2026-05-27,745,shipped,False,0
2157,SITE-073,PART-9921,2025-04-25,2025-05-02,2025-05-02,603,shipped,False,0
2158,SITE-089,PART-2116,2026-08-07,2026-08-10,2026-08-08,4,delivered,False,0
2159,SITE-050,PART-7745,2026-04-03,2026-04-08,2026-04-12,71,pending,True,4
2160,SITE-003,PART-6107,2025-07-01,2025-07-11,2025-07-11,359,shipped,False,0
2161,SITE-091,PART-9913,2025-12-13,2025-12-17,2025-12-15,190,shipped,False,0
2162,SITE-100,PART-4582,2026-04-14,2026-04-21,2026-04-21,128,pending,False,0
2163,SITE-014,PART-1547,2026-01-26,2026-02-02,2026-02-11,340,shipped,True,9
2164,SITE-065,PART-1017,2025-12-08,2025-12-15,2025-12-15,32,shipped,False,0
2165,SITE-018,PART-7534,2025-01-08,2025-01-18,2025-01-17,974,shipped,False,0
2166,SITE-021,PART-3101,2025-07-01,2025-07-07,2025-07-05,36,pending,False,0
2167,SITE-100,PART-5050,2025-07-23,2025-07-31,2025-07-31,546,shipped,False,0
2168,SITE-067,PART-4397,2025-12-16,2025-12-19,2025-12-17,337,pending,False,0
2169,SITE-032,PART-4694,2025-01-22,2025-01-27,2025-01-27,966,delivered,False,0
2170,SITE-088,PART-1259,2025-08-11,2025-08-18,2025-08-17,496,shipped,False,0
2171,SITE-029,PART-2897,2025-08-26,2025-09-03,2025-09-02,935,delivered,False,0
2172,SITE-096,PART-8523,2026-04-28,2026-05-05,2026-05-04,137,shipped,False,0
2173,SITE-020,PART-4238,2026-11-25,2026-12-05,2026-12-05,597,delivered,False,0
2174,SITE-061,PART-4771,2025-04-27,2025-05-06,2025-05-05,958,delivered,False,0
2175,SITE-025,PART-5543,2025-08-11,2025-08-17,2025-08-15,108,delivered,False,0
2176,SITE-015,PART-1363,2026-04-24,2026-05-02,2026-05-01,887,shipped,False,0
2177,SITE-086,PART-6153,2025-09-20,2025-09-27,2025-09-26,219,pending,False,0
2178,SITE-045,PART-7388,2026-09-15,2026-09-21,2026-09-20,699,pending,False,0
2179,SITE-083,PART-2896,2025-01-04,2025-01-12,2025-01-12,115,delivered,False,0
2180,SITE-020,PART-1874,2025-07-02,2025-07-06,2025-07-09,142,pending,True,3
2181,SITE-060,PART-4238,2025-07-23,2025-07-28,2025-07-28,982,shipped,False,0
2182,SITE-091,PART-2165,2025-01-21,2025-01-26,2025-01-24,683,pending,False,0
2183,SITE-005,PART-9458,2025-02-26,2025-03-05,2025-03-03,579,delivered,False,0
2184,SITE-030,PART-1474,2025-09-03,2025-09-13,2025-09-12,314,shipped,False,0
2185,SITE-065,PART-1798,2026-07-14,2026-07-23,2026-07-23,987,delivered,False,0
2186,SITE-014,PART-3274,2026-03-25,2026-03-30,2026-03-28,863,delivered,False,0
2187,SITE-046,PART-1105,2026-01-20,2026-01-25,2026-01-23,203,pending,False,0
2188,SITE-008,PART-6709,2025-05-07,2025-05-10,2025-05-10,644,delivered,False,0
2189,SITE-006,PART-2356,2025-12-12,2025-12-19,2025-12-29,83,pending,True,10
2190,SITE-075,PART-8084,2026-10-09,2026-10-17,2026-10-17,267,delivered,False,0
2191,SITE-086,PART-3015,2026-12-15,2026-12-22,2026-12-21,165,pending,False,0
2192,SITE-062,PART-1291,2025-11-08,2025-11-15,2025-11-22,150,delivered,True,7
2193,SITE-025,PART-1734,2026-04-01,2026-04-06,2026-04-05,337,delivered,False,0
2194,SITE-004,PART-2505,2025-04-21,2025-05-01,2025-04-29,753,delivered,False,0
2195,SITE-036,PART-7433,2026-03-04,2026-03-07,2026-03-07,933,delivered,False,0
2196,SITE-026,PART-5037,2026-02-18,2026-02-21,2026-02-20,879,shipped,False,0
2197,SITE-015,PART-8635,2026-02-27,2026-03-04,2026-03-02,734,shipped,False,0
2198,SITE-018,PART-1660,2026-07-11,2026-07-17,2026-07-17,449,pending,False,0
2199,SITE-089,PART-8322,2026-05-13,2026-05-16,2026-05-14,262,delivered,False,0
2200,SITE-035,PART-1715,2025-12-10,2025-12-17,2025-12-16,159,delivered,False,0
2201,SITE-095,PART-2779,2026-01-20,2026-01-23,2026-01-21,515,shipped,False,0
2202,SITE-059,PART-6627,2025-04-23,2025-05-01,2025-04-29,886,pending,False,0
2203,SITE-084,PART-2653,2025-07-04,2025-07-08,2025-07-07,88,pending,False,0
2204,SITE-068,PART-7935,2025-04-02,2025-04-12,2025-04-11,924,delivered,False,0
2205,SITE-040,PART-6572,2025-08-24,2025-08-29,2025-08-28,721,shipped,False,0
2206,SITE-067,PART-4908,2025-06-10,2025-06-14,2025-06-13,631,shipped,False,0
2207,SITE-063,PART-5321,2026-05-05,2026-05-10,2026-05-08,559,delivered,False,0
2208,SITE-034,PART-8500,2025-01-18,2025-01-24,2025-01-24,876,shipped,False,0
2209,SITE-013,PART-9843,2026-07-19,2026-07-29,2026-07-27,80,delivered,False,0
2210,SITE-011,PART-7914,2025-07-16,2025-07-23,2025-07-22,884,delivered,False,0
2211,SITE-037,PART-8841,2025-08-10,2025-08-13,2025-08-18,792,pending,True,5
2212,SITE-036,PART-1347,2025-12-12,2025-12-15,2025-12-15,47,delivered,False,0
2213,SITE-002,PART-6572,2025-05-28,2025-06-03,2025-06-01,930,shipped,False,0
2214,SITE-068,PART-9679,2025-08-08,2025-08-11,2025-08-21,807,delivered,True,10
2215,SITE-010,PART-7468,2026-12-16,2026-12-21,2026-12-26,902,shipped,True,5
2216,SITE-052,PART-8451,2025-11-07,2025-11-13,2025-11-12,486,pending,False,0
2217,SITE-038,PART-8361,2025-05-21,2025-05-29,2025-06-15,608,pending,True,17
2218,SITE-083,PART-9739,2025-11-06,2025-11-10,2025-11-08,679,delivered,False,0
2219,SITE-093,PART-4573,2025-12-02,2025-12-05,2025-12-04,310,delivered,False,0
2220,SITE-075,PART-2317,2025-05-07,2025-05-16,2025-05-15,306,pending,False,0
2221,SITE-096,PART-9309,2025-04-13,2025-04-18,2025-04-16,205,delivered,False,0
2222,SITE-021,PART-8779,2026-04-21,2026-04-30,2026-04-30,110,delivered,False,0
2223,SITE-004,PART-8758,2026-12-02,2026-12-11,2026-12-11,339,delivered,False,0
2224,SITE-046,PART-5961,2026-03-25,2026-03-30,2026-03-28,784,delivered,False,0
2225,SITE-057,PART-1737,2025-10-11,2025-10-20,2025-10-20,972,delivered,False,0
2226,SITE-005,PART-7366,2026-07-06,2026-07-09,2026-07-08,45,delivered,False,0
2227,SITE-060,PART-1228,2025-02-26,2025-03-05,2025-03-04,903,shipped,False,0
2228,SITE-025,PART-8874,2026-11-03,2026-11-11,2026-11-11,494,delivered,False,0
2229,SITE-043,PART-4836,2026-12-25,2027-01-03,2027-01-02,503,delivered,False,0
2230,SITE-083,PART-8807,2026-08-05,2026-08-09,2026-08-20,253,delivered,True,11
2231,SITE-034,PART-5050,2025-11-20,2025-11-29,2025-11-28,117,pending,False,0
2232,SITE-083,PART-8695,2026-03-11,2026-03-17,2026-03-21,716,shipped,True,4
2233,SITE-066,PART-1945,2026-09-09,2026-09-17,2026-09-16,718,delivered,False,0
2234,SITE-092,PART-5298,2025-05-14,2025-05-23,2025-05-23,751,delivered,False,0
2235,SITE-088,PART-2179,2026-08-01,2026-08-08,2026-08-08,850,delivered,False,0
2236,SITE-027,PART-5358,2026-11-06,2026-11-12,2026-11-12,699,pending,False,0
2237,SITE-059,PART-2356,2025-04-05,2025-04-10,2025-04-10,319,shipped,False,0
2238,SITE-074,PART-6683,2025-10-26,2025-11-03,2025-11-02,543,pending,False,0
2239,SITE-096,PART-4092,2025-05-05,2025-05-12,2025-05-31,591,delivered,True,19
2240,SITE-068,PART-7419,2025-04-09,2025-04-15,2025-04-15,874,shipped,False,0
2241,SITE-047,PART-2075,2025-10-28,2025-11-07,2025-11-20,867,shipped,True,13
2242,SITE-092,PART-2218,2026-12-26,2026-12-29,2026-12-29,890,delivered,False,0
2243,SITE-009,PART-1684,2026-07-13,2026-07-20,2026-07-19,646,pending,False,0
2244,SITE-092,PART-8668,2026-04-08,2026-04-12,2026-04-10,627,pending,False,0
2245,SITE-071,PART-5961,2025-02-26,2025-03-06,2025-03-22,224,delivered,True,16
2246,SITE-020,PART-1715,2026-06-19,2026-06-26,2026-06-26,556,shipped,False,0
2247,SITE-065,PART-1214,2026-04-16,2026-04-19,2026-05-03,51,delivered,True,14
2248,SITE-068,PART-9883,2025-08-07,2025-08-11,2025-08-11,482,pending,False,0
2249,SITE-072,PART-7082,2025-01-10,2025-01-14,2025-01-14,178,shipped,False,0
2250,SITE-057,PART-6568,2026-10-22,2026-10-25,2026-10-23,522,delivered,False,0
2251,SITE-082,PART-6391,2026-12-07,2026-12-13,2026-12-12,5,delivered,False,0
2252,SITE-051,PART-1768,2026-03-11,2026-03-19,2026-03-17,112,shipped,False,0
2253,SITE-033,PART-7785,2026-02-08,2026-02-11,2026-03-01,368,shipped,True,18
2254,SITE-004,PART-3781,2025-11-09,2025-11-14,2025-11-13,427,shipped,False,0
2255,SITE-046,PART-5100,2026-07-04,2026-07-14,2026-07-14,531,pending,False,0
2256,SITE-075,PART-4748,2026-07-27,2026-08-06,2026-08-04,861,shipped,False,0
2257,SITE-017,PART-1647,2025-08-13,2025-08-17,2025-08-15,24,pending,False,0
2258,SITE-099,PART-3869,2026-02-17,2026-02-27,2026-02-27,225,pending,False,0
2259,SITE-056,PART-8496,2026-09-16,2026-09-24,2026-09-24,292,shipped,False,0
2260,SITE-014,PART-5543,2025-07-27,2025-08-05,2025-08-05,813,pending,False,0
2261,SITE-035,PART-2896,2025-10-25,2025-11-02,2025-10-31,875,shipped,False,0
2262,SITE-042,PART-9271,2026-04-04,2026-04-10,2026-04-21,414,shipped,True,11
2263,SITE-051,PART-6888,2025-12-21,2025-12-30,2025-12-29,649,delivered,False,0
2264,SITE-022,PART-7144,2025-05-15,2025-05-24,2025-05-22,361,pending,False,0
2265,SITE-002,PART-1116,2026-10-09,2026-10-15,2026-10-26,630,pending,True,11
2266,SITE-096,PART-1557,2026-04-16,2026-04-24,2026-04-23,805,shipped,False,0
2267,SITE-069,PART-7949,2026-07-08,2026-07-11,2026-07-13,903,delivered,True,2
2268,SITE-089,PART-1138,2025-07-08,2025-07-14,2025-07-13,631,shipped,False,0
2269,SITE-084,PART-8195,2026-03-17,2026-03-22,2026-03-20,875,shipped,False,0
2270,SITE-015,PART-8113,2025-09-17,2025-09-25,2025-09-23,592,pending,False,0
2271,SITE-059,PART-7944,2026-05-26,2026-06-04,2026-06-02,737,delivered,False,0
2272,SITE-054,PART-2434,2026-02-20,2026-02-25,2026-02-25,230,shipped,False,0
2273,SITE-046,PART-6908,2025-02-20,2025-02-28,2025-03-07,125,pending,True,7
2274,SITE-018,PART-1695,2026-12-28,2027-01-01,2026-12-30,347,pending,False,0
2275,SITE-041,PART-5543,2026-02-09,2026-02-18,2026-02-18,182,pending,False,0
2276,SITE-058,PART-7586,2026-08-23,2026-08-31,2026-09-04,578,pending,True,4
2277,SITE-019,PART-6293,2025-08-27,2025-09-03,2025-09-01,925,shipped,False,0
2278,SITE-014,PART-6903,2026-11-12,2026-11-18,2026-11-16,400,shipped,False,0
2279,SITE-047,PART-4505,2025-07-18,2025-07-24,2025-07-23,558,delivered,False,0
2280,SITE-057,PART-5570,2025-11-12,2025-11-22,2025-11-21,160,shipped,False,0
2281,SITE-076,PART-8084,2025-02-13,2025-02-20,2025-02-19,498,delivered,False,0
2282,SITE-042,PART-2585,2025-03-01,2025-03-04,2025-03-03,919,delivered,False,0
2283,SITE-051,PART-7263,2025-02-15,2025-02-19,2025-02-17,481,shipped,False,0
2284,SITE-080,PART-1564,2025-04-18,2025-04-27,2025-04-27,573,delivered,False,0
2285,SITE-058,PART-5183,2025-01-10,2025-01-14,2025-01-17,540,pending,True,3
2286,SITE-074,PART-2585,2025-11-27,2025-12-06,2025-12-04,688,pending,False,0
2287,SITE-076,PART-7388,2025-08-06,2025-08-15,2025-08-14,25,shipped,False,0
2288,SITE-093,PART-7563,2026-01-13,2026-01-20,2026-01-18,619,shipped,False,0
2289,SITE-060,PART-6766,2025-10-11,2025-10-20,2025-10-19,309,shipped,False,0
2290,SITE-087,PART-1942,2025-07-22,2025-07-31,2025-07-31,362,shipped,False,0
2291,SITE-068,PART-2506,2026-02-07,2026-02-16,2026-02-16,789,pending,False,0
2292,SITE-035,PART-7833,2025-02-01,2025-02-04,2025-02-04,9,shipped,False,0
2293,SITE-030,PART-5496,2026-11-01,2026-11-09,2026-11-07,182,delivered,False,0
2294,SITE-046,PART-7067,2025-03-15,2025-03-24,2025-03-22,584,delivered,False,0
2295,SITE-094,PART-4856,2026-04-02,2026-04-05,2026-04-21,367,delivered,True,16
2296,SITE-022,PART-2419,2026-06-26,2026-06-29,2026-06-28,504,shipped,False,0
2297,SITE-059,PART-6766,2026-03-26,2026-04-03,2026-04-02,135,pending,False,0
2298,SITE-039,PART-2506,2025-11-18,2025-11-28,2025-11-28,225,pending,False,0
2299,SITE-020,PART-8496,2026-01-26,2026-02-02,2026-02-02,198,delivered,False,0
2300,SITE-096,PART-4277,2026-09-25,2026-10-01,2026-10-01,375,pending,False,0
2301,SITE-005,PART-8896,2026-09-06,2026-09-15,2026-09-15,947,delivered,False,0
2302,SITE-037,PART-8488,2025-02-19,2025-02-26,2025-02-26,351,delivered,False,0
2303,SITE-075,PART-7240,2026-02-03,2026-02-11,2026-02-10,347,delivered,False,0
2304,SITE-052,PART-1682,2025-11-16,2025-11-26,2025-11-25,530,delivered,False,0
2305,SITE-023,PART-6324,2026-08-06,2026-08-15,2026-08-28,831,shipped,True,13
2306,SITE-062,PART-3781,2025-09-18,2025-09-26,2025-09-24,512,shipped,False,0
2307,SITE-047,PART-4354,2025-04-15,2025-04-19,2025-04-18,68,delivered,False,0
2308,SITE-087,PART-1744,2026-08-15,2026-08-25,2026-08-23,525,delivered,False,0
2309,SITE-059,PART-9037,2026-02-14,2026-02-19,2026-02-19,231,pending,False,0
2310,SITE-009,PART-4078,2026-10-01,2026-10-11,2026-10-11,221,pending,False,0
2311,SITE-014,PART-8163,2025-09-02,2025-09-10,2025-09-10,240,pending,False,0
2312,SITE-081,PART-7020,2025-04-26,2025-04-29,2025-04-29,432,shipped,False,0
2313,SITE-091,PART-1474,2026-10-05,2026-10-15,2026-10-18,872,shipped,True,3
2314,SITE-087,PART-1911,2026-08-07,2026-08-11,2026-08-20,178,shipped,True,9
2315,SITE-066,PART-6140,2025-03-04,2025-03-13,2025-03-12,952,shipped,False,0
2316,SITE-001,PART-1238,2025-11-03,2025-11-08,2025-11-08,743,delivered,False,0
2317,SITE-093,PART-2464,2025-09-03,2025-09-08,2025-09-08,161,delivered,False,0
2318,SITE-010,PART-6888,2025-05-12,2025-05-16,2025-05-15,197,shipped,False,0
2319,SITE-096,PART-4078,2026-12-13,2026-12-18,2026-12-17,936,shipped,False,0
2320,SITE-014,PART-2499,2026-11-25,2026-12-04,2026-12-03,526,pending,False,0
2321,SITE-020,PART-1695,2026-09-26,2026-10-02,2026-10-02,326,pending,False,0
2322,SITE-062,PART-7468,2026-05-02,2026-05-11,2026-05-09,435,pending,False,0
2323,SITE-071,PART-6430,2026-10-17,2026-10-22,2026-10-22,22,delivered,False,0
2324,SITE-016,PART-8199,2025-11-05,2025-11-14,2025-11-14,849,delivered,False,0
2325,SITE-039,PART-8746,2026-01-06,2026-01-09,2026-01-07,739,delivered,False,0
2326,SITE-063,PART-2790,2026-07-04,2026-07-10,2026-07-08,906,delivered,False,0
2327,SITE-068,PART-2779,2025-12-12,2025-12-15,2025-12-14,837,delivered,False,0
2328,SITE-039,PART-5037,2025-07-27,2025-08-04,2025-08-03,85,delivered,False,0
2329,SITE-100,PART-2430,2026-12-19,2026-12-29,2026-12-28,410,pending,False,0
2330,SITE-003,PART-6784,2025-05-19,2025-05-29,2025-05-29,353,pending,False,0
2331,SITE-015,PART-7200,2025-07-26,2025-07-30,2025-07-30,403,shipped,False,0
2332,SITE-042,PART-2487,2026-04-11,2026-04-21,2026-04-19,480,pending,False,0
2333,SITE-096,PART-2039,2025-12-03,2025-12-06,2025-12-04,176,delivered,False,0
2334,SITE-021,PART-2100,2026-05-03,2026-05-09,2026-05-07,470,delivered,False,0
2335,SITE-010,PART-9374,2025-09-05,2025-09-11,2025-09-10,88,pending,False,0
2336,SITE-001,PART-5652,2025-11-13,2025-11-18,2025-11-18,521,pending,False,0
2337,SITE-035,PART-8535,2026-08-24,2026-08-27,2026-08-25,113,shipped,False,0
2338,SITE-058,PART-8635,2025-10-19,2025-10-28,2025-10-26,773,delivered,False,0
2339,SITE-040,PART-4908,2026-01-27,2026-01-31,2026-01-30,958,pending,False,0
2340,SITE-094,PART-2046,2026-04-02,2026-04-05,2026-04-04,347,delivered,False,0
2341,SITE-002,PART-6031,2026-05-02,2026-05-12,2026-05-11,327,pending,False,0
2342,SITE-076,PART-1416,2025-10-03,2025-10-12,2025-10-10,187,shipped,False,0
2343,SITE-061,PART-6913,2026-08-07,2026-08-16,2026-08-25,186,shipped,True,9
2344,SITE-031,PART-7722,2026-11-26,2026-11-30,2026-11-28,124,delivered,False,0
2345,SITE-010,PART-4748,2025-04-27,2025-05-06,2025-05-04,603,pending,False,0
2346,SITE-098,PART-9768,2025-10-27,2025-11-05,2025-11-05,677,pending,False,0
2347,SITE-070,PART-3105,2025-03-06,2025-03-14,2025-03-12,342,shipped,False,0
2348,SITE-001,PART-4752,2025-10-08,2025-10-17,2025-10-16,406,pending,False,0
2349,SITE-026,PART-8758,2026-08-23,2026-08-31,2026-08-30,515,delivered,False,0
2350,SITE-019,PART-7237,2025-02-06,2025-02-11,2025-02-10,68,delivered,False,0
2351,SITE-054,PART-1700,2025-07-26,2025-07-31,2025-07-30,54,pending,False,0
2352,SITE-055,PART-3418,2025-07-05,2025-07-13,2025-07-11,465,shipped,False,0
2353,SITE-019,PART-6803,2026-08-28,2026-09-05,2026-09-04,685,shipped,False,0
2354,SITE-014,PART-5652,2025-11-19,2025-11-29,2025-11-29,684,delivered,False,0
2355,SITE-061,PART-3543,2025-07-19,2025-07-29,2025-07-29,759,delivered,False,0
2356,SITE-063,PART-2122,2026-01-18,2026-01-26,2026-02-04,511,shipped,True,9
2357,SITE-090,PART-8084,2026-07-21,2026-07-30,2026-07-28,937,shipped,False,0
2358,SITE-096,PART-2790,2025-12-04,2025-12-09,2025-12-07,748,shipped,False,0
2359,SITE-072,PART-3392,2025-10-10,2025-10-14,2025-10-30,811,pending,True,16
2360,SITE-095,PART-1817,2026-11-02,2026-11-08,2026-11-17,296,shipped,True,9
2361,SITE-088,PART-2451,2025-05-02,2025-05-05,2025-05-05,4,delivered,False,0
2362,SITE-032,PART-3472,2026-09-01,2026-09-10,2026-09-10,421,pending,False,0
2363,SITE-057,PART-7559,2026-04-04,2026-04-08,2026-04-07,405,pending,False,0
2364,SITE-017,PART-3663,2026-01-16,2026-01-22,2026-01-22,931,pending,False,0
2365,SITE-016,PART-9768,2025-12-16,2025-12-24,2025-12-23,401,shipped,False,0
2366,SITE-013,PART-6709,2025-11-04,2025-11-07,2025-11-20,14,pending,True,13
2367,SITE-016,PART-1506,2026-12-24,2026-12-30,2026-12-28,208,shipped,False,0
2368,SITE-001,PART-4058,2026-03-06,2026-03-09,2026-03-07,64,delivered,False,0
2369,SITE-067,PART-5646,2026-03-27,2026-04-02,2026-04-01,169,pending,False,0
2370,SITE-058,PART-8330,2025-12-22,2026-01-01,2026-01-01,822,delivered,False,0
2371,SITE-039,PART-9893,2025-02-06,2025-02-15,2025-02-14,367,pending,False,0
2372,SITE-022,PART-7135,2026-09-24,2026-10-02,2026-10-01,689,shipped,False,0
2373,SITE-034,PART-4886,2025-06-16,2025-06-21,2025-06-20,764,shipped,False,0
2374,SITE-055,PART-4906,2025-08-16,2025-08-19,2025-08-18,506,delivered,False,0
2375,SITE-023,PART-8420,2026-09-06,2026-09-16,2026-09-23,762,pending,True,7
2376,SITE-033,PART-2246,2025-11-27,2025-12-07,2025-12-05,801,delivered,False,0
2377,SITE-072,PART-9987,2025-06-05,2025-06-15,2025-06-21,665,delivered,True,6
2378,SITE-075,PART-7358,2025-03-17,2025-03-20,2025-03-18,801,pending,False,0
2379,SITE-042,PART-9297,2026-04-08,2026-04-17,2026-04-15,453,delivered,False,0
2380,SITE-022,PART-7199,2026-07-07,2026-07-15,2026-07-15,812,delivered,False,0
2381,SITE-035,PART-8723,2026-01-10,2026-01-18,2026-01-18,761,shipped,False,0
2382,SITE-004,PART-1564,2026-02-04,2026-02-12,2026-02-11,583,pending,False,0
2383,SITE-059,PART-4062,2026-01-18,2026-01-23,2026-01-23,770,shipped,False,0
2384,SITE-055,PART-3392,2026-06-02,2026-06-10,2026-06-10,756,pending,False,0
2385,SITE-022,PART-8214,2026-10-22,2026-10-28,2026-10-27,240,delivered,False,0
2386,SITE-061,PART-7625,2026-01-05,2026-01-08,2026-01-08,586,shipped,False,0
2387,SITE-059,PART-7767,2025-04-22,2025-04-26,2025-04-25,998,pending,False,0
2388,SITE-028,PART-6330,2025-12-08,2025-12-18,2025-12-16,183,pending,False,0
2389,SITE-020,PART-8581,2026-10-18,2026-10-23,2026-10-22,497,pending,False,0
2390,SITE-039,PART-6227,2026-01-14,2026-01-22,2026-01-20,523,shipped,False,0
2391,SITE-013,PART-2135,2026-02-27,2026-03-05,2026-03-05,894,delivered,False,0
2392,SITE-046,PART-2958,2026-09-17,2026-09-27,2026-09-26,276,delivered,False,0
2393,SITE-054,PART-3349,2025-02-15,2025-02-22,2025-02-21,850,shipped,False,0
2394,SITE-053,PART-8780,2025-02-26,2025-03-04,2025-03-02,926,shipped,False,0
2395,SITE-007,PART-3715,2025-07-11,2025-07-20,2025-07-19,745,shipped,False,0
2396,SITE-066,PART-8261,2026-03-22,2026-03-30,2026-04-03,608,pending,True,4
2397,SITE-037,PART-4880,2026-05-23,2026-05-30,2026-05-30,513,pending,False,0
2398,SITE-024,PART-2331,2026-11-02,2026-11-06,2026-11-05,105,pending,False,0
2399,SITE-035,PART-9632,2025-08-26,2025-09-05,2025-09-05,694,delivered,False,0
2400,SITE-042,PART-7486,2025-06-19,2025-06-24,2025-06-22,465,pending,False,0
2401,SITE-042,PART-3798,2025-09-25,2025-10-04,2025-10-04,701,delivered,False,0
2402,SITE-057,PART-1470,2025-05-01,2025-05-09,2025-05-08,727,shipped,False,0
2403,SITE-062,PART-3133,2025-10-03,2025-10-11,2025-10-09,176,shipped,False,0
2404,SITE-020,PART-5726,2025-07-25,2025-08-02,2025-08-02,935,delivered,False,0
2405,SITE-026,PART-7672,2026-04-15,2026-04-20,2026-04-19,936,delivered,False,0
2406,SITE-042,PART-2396,2026-09-09,2026-09-13,2026-09-12,432,shipped,False,0
2407,SITE-007,PART-3648,2025-05-26,2025-05-30,2025-06-03,482,pending,True,4
2408,SITE-014,PART-8254,2026-07-20,2026-07-30,2026-07-28,499,delivered,False,0
2409,SITE-005,PART-8163,2025-05-13,2025-05-18,2025-05-17,562,pending,False,0
2410,SITE-059,PART-3684,2025-02-17,2025-02-27,2025-02-27,950,pending,False,0
2411,SITE-058,PART-3064,2025-10-06,2025-10-10,2025-10-10,115,shipped,False,0
2412,SITE-018,PART-2394,2026-11-08,2026-11-12,2026-11-12,163,pending,False,0
2413,SITE-097,PART-8675,2025-10-08,2025-10-15,2025-10-14,814,delivered,False,0
2414,SITE-007,PART-9278,2026-04-13,2026-04-22,2026-04-20,281,pending,False,0
2415,SITE-036,PART-2297,2026-10-19,2026-10-22,2026-10-22,51,delivered,False,0
2416,SITE-003,PART-7159,2025-12-10,2025-12-13,2025-12-12,356,shipped,False,0
2417,SITE-096,PART-9077,2026-10-23,2026-10-31,2026-10-31,902,shipped,False,0
2418,SITE-084,PART-7199,2026-11-28,2026-12-03,2026-12-01,333,shipped,False,0
2419,SITE-078,PART-2485,2025-01-01,2025-01-06,2025-01-05,492,delivered,False,0
2420,SITE-072,PART-4829,2025-11-27,2025-12-04,2025-12-03,286,pending,False,0
2421,SITE-035,PART-9007,2026-07-26,2026-08-02,2026-08-02,580,pending,False,0
2422,SITE-038,PART-5846,2026-03-27,2026-04-03,2026-04-02,460,pending,False,0
2423,SITE-042,PART-2127,2025-02-01,2025-02-06,2025-02-18,895,delivered,True,12
2424,SITE-017,PART-7425,2025-07-21,2025-07-25,2025-07-24,496,shipped,False,0
2425,SITE-047,PART-7082,2026-06-21,2026-06-24,2026-06-24,223,delivered,False,0
2426,SITE-007,PART-7020,2025-03-13,2025-03-20,2025-03-20,123,pending,False,0
2427,SITE-061,PART-3199,2025-02-23,2025-03-05,2025-03-03,318,pending,False,0
2428,SITE-026,PART-4713,2026-11-05,2026-11-15,2026-11-13,175,shipped,False,0
2429,SITE-010,PART-4872,2025-01-07,2025-01-17,2025-01-17,518,shipped,False,0
2430,SITE-027,PART-6908,2025-05-11,2025-05-17,2025-05-15,35,shipped,False,0
2431,SITE-011,PART-2283,2026-11-23,2026-12-02,2026-11-30,318,shipped,False,0
2432,SITE-100,PART-4324,2025-09-02,2025-09-06,2025-09-06,647,pending,False,0
2433,SITE-027,PART-5401,2026-06-12,2026-06-21,2026-06-21,238,pending,False,0
2434,SITE-027,PART-2035,2025-10-20,2025-10-28,2025-10-27,424,shipped,False,0
2435,SITE-083,PART-3285,2025-06-09,2025-06-13,2025-06-12,786,pending,False,0
2436,SITE-062,PART-1414,2026-09-02,2026-09-10,2026-09-10,373,shipped,False,0
2437,SITE-075,PART-6107,2026-04-18,2026-04-25,2026-04-24,702,pending,False,0
2438,SITE-040,PART-4836,2025-10-28,2025-11-01,2025-10-30,409,shipped,False,0
2439,SITE-057,PART-6601,2025-10-03,2025-10-10,2025-10-10,255,pending,False,0
2440,SITE-009,PART-9090,2026-05-03,2026-05-09,2026-05-08,317,pending,False,0
2441,SITE-047,PART-8500,2026-02-01,2026-02-09,2026-02-07,823,shipped,False,0
2442,SITE-049,PART-4802,2026-11-24,2026-12-03,2026-12-02,341,shipped,False,0
2443,SITE-044,PART-7468,2026-06-12,2026-06-19,2026-06-18,916,delivered,False,0
2444,SITE-094,PART-9097,2026-12-02,2026-12-11,2026-12-10,255,pending,False,0
2445,SITE-001,PART-9432,2025-09-28,2025-10-07,2025-10-07,291,pending,False,0
2446,SITE-020,PART-6031,2026-09-15,2026-09-19,2026-09-17,77,pending,False,0
2447,SITE-010,PART-9211,2026-08-15,2026-08-21,2026-08-19,7,delivered,False,0
2448,SITE-064,PART-3228,2025-05-08,2025-05-11,2025-05-09,828,shipped,False,0
2449,SITE-063,PART-1081,2026-09-19,2026-09-24,2026-09-28,44,delivered,True,4
2450,SITE-003,PART-5873,2026-09-27,2026-09-30,2026-09-29,169,delivered,False,0
2451,SITE-038,PART-6431,2025-12-15,2025-12-25,2025-12-23,140,pending,False,0
2452,SITE-006,PART-6854,2025-01-06,2025-01-14,2025-01-16,856,pending,True,2
2453,SITE-051,PART-4872,2026-05-20,2026-05-30,2026-05-30,123,shipped,False,0
2454,SITE-020,PART-3199,2026-08-25,2026-08-31,2026-08-29,716,shipped,False,0
2455,SITE-059,PART-8202,2026-10-22,2026-10-25,2026-10-24,975,shipped,False,0
2456,SITE-060,PART-2331,2026-06-27,2026-07-06,2026-07-05,324,pending,False,0
2457,SITE-041,PART-4238,2026-02-15,2026-02-21,2026-02-21,725,pending,False,0
2458,SITE-027,PART-3822,2026-09-23,2026-09-26,2026-09-24,791,pending,False,0
2459,SITE-003,PART-4422,2025-11-17,2025-11-25,2025-11-24,187,pending,False,0
2460,SITE-092,PART-9288,2025-06-27,2025-07-04,2025-07-02,965,shipped,False,0
2461,SITE-010,PART-5011,2026-08-04,2026-08-08,2026-08-07,127,pending,False,0
2462,SITE-066,PART-3251,2026-02-14,2026-02-21,2026-02-21,733,pending,False,0
2463,SITE-078,PART-9512,2026-04-05,2026-04-14,2026-04-12,320,shipped,False,0
2464,SITE-074,PART-9377,2026-08-11,2026-08-14,2026-08-13,329,shipped,False,0
2465,SITE-084,PART-5198,2025-04-10,2025-04-19,2025-04-19,453,delivered,False,0
2466,SITE-040,PART-5539,2025-11-19,2025-11-24,2025-11-24,639,delivered,False,0
2467,SITE-006,PART-1987,2025-11-28,2025-12-02,2025-11-30,561,shipped,False,0
2468,SITE-056,PART-7240,2026-12-26,2027-01-01,2026-12-30,579,shipped,False,0
2469,SITE-025,PART-5411,2025-06-03,2025-06-07,2025-06-05,577,shipped,False,0
2470,SITE-072,PART-1503,2026-07-12,2026-07-18,2026-07-18,221,shipped,False,0
2471,SITE-041,PART-7121,2025-05-03,2025-05-07,2025-05-07,149,shipped,False,0
2472,SITE-007,PART-2125,2026-10-03,2026-10-06,2026-10-06,269,delivered,False,0
2473,SITE-074,PART-8254,2026-01-02,2026-01-12,2026-01-11,972,shipped,False,0
2474,SITE-008,PART-1547,2026-12-17,2026-12-23,2026-12-21,169,pending,False,0
2475,SITE-020,PART-2802,2025-08-24,2025-08-29,2025-08-29,439,delivered,False,0
2476,SITE-039,PART-7093,2025-02-04,2025-02-09,2025-02-07,222,delivered,False,0
2477,SITE-004,PART-1564,2026-08-01,2026-08-07,2026-08-17,405,delivered,True,10
2478,SITE-051,PART-4573,2025-01-14,2025-01-19,2025-01-17,91,delivered,False,0
2479,SITE-076,PART-5696,2025-01-16,2025-01-21,2025-01-19,831,pending,False,0
2480,SITE-010,PART-9363,2026-11-26,2026-12-06,2026-12-04,991,shipped,False,0
2481,SITE-027,PART-2830,2026-02-12,2026-02-20,2026-02-19,998,delivered,False,0
2482,SITE-066,PART-2397,2025-02-13,2025-02-18,2025-02-23,702,pending,True,5
2483,SITE-033,PART-6107,2026-02-16,2026-02-25,2026-02-23,359,delivered,False,0
2484,SITE-076,PART-9037,2025-05-02,2025-05-05,2025-05-05,695,delivered,False,0
2485,SITE-024,PART-7082,2026-03-20,2026-03-28,2026-03-28,60,pending,False,0
2486,SITE-042,PART-4450,2026-04-11,2026-04-19,2026-04-17,725,delivered,False,0
2487,SITE-094,PART-1138,2026-11-25,2026-12-04,2026-12-02,650,delivered,False,0
2488,SITE-084,PART-1832,2026-12-19,2026-12-25,2026-12-23,231,pending,False,0
2489,SITE-068,PART-3109,2026-10-11,2026-10-21,2026-10-20,73,shipped,False,0
2490,SITE-084,PART-6975,2026-06-13,2026-06-17,2026-06-17,193,delivered,False,0
2491,SITE-092,PART-2927,2026-04-14,2026-04-17,2026-04-17,85,pending,False,0
2492,SITE-078,PART-7036,2026-08-05,2026-08-13,2026-08-29,780,pending,True,16
2493,SITE-073,PART-4370,2025-11-14,2025-11-22,2025-11-22,799,shipped,False,0
2494,SITE-029,PART-8746,2025-05-04,2025-05-13,2025-05-13,236,shipped,False,0
2495,SITE-015,PART-3162,2026-04-16,2026-04-26,2026-04-26,697,delivered,False,0
2496,SITE-032,PART-3280,2026-09-14,2026-09-17,2026-09-16,457,pending,False,0
2497,SITE-037,PART-6601,2026-05-19,2026-05-22,2026-05-27,401,pending,True,5
2498,SITE-065,PART-8420,2026-07-18,2026-07-23,2026-07-22,916,shipped,False,0
2499,SITE-083,PART-7944,2026-01-23,2026-01-28,2026-01-26,675,shipped,False,0
2500,SITE-023,PART-5961,2025-11-17,2025-11-25,2025-11-24,687,shipped,False,0
2501,SITE-047,PART-9181,2025-06-17,2025-06-20,2025-06-23,633,delivered,True,3
2502,SITE-020,PART-8806,2025-01-07,2025-01-13,2025-01-13,460,shipped,False,0
2503,SITE-039,PART-7211,2026-08-03,2026-08-06,2026-08-05,973,pending,False,0
2504,SITE-088,PART-1547,2025-03-10,2025-03-15,2025-03-20,809,delivered,True,5
2505,SITE-094,PART-6951,2026-03-13,2026-03-19,2026-03-17,69,delivered,False,0
2506,SITE-018,PART-8635,2026-06-25,2026-07-05,2026-07-04,290,pending,False,0
2507,SITE-046,PART-9037,2026-12-25,2026-12-28,2026-12-28,51,pending,False,0
2508,SITE-016,PART-1503,2025-03-21,2025-03-28,2025-03-26,883,pending,False,0
2509,SITE-047,PART-6286,2025-08-06,2025-08-09,2025-08-09,280,pending,False,0
2510,SITE-015,PART-2927,2026-09-03,2026-09-12,2026-09-10,878,pending,False,0
2511,SITE-037,PART-6787,2026-05-22,2026-05-30,2026-05-30,512,pending,False,0
2512,SITE-079,PART-2036,2025-10-14,2025-10-18,2025-10-27,685,pending,True,9
2513,SITE-069,PART-6162,2025-08-16,2025-08-20,2025-08-18,532,delivered,False,0
2514,SITE-083,PART-8505,2026-09-27,2026-09-30,2026-09-29,775,delivered,False,0
2515,SITE-011,PART-9758,2025-11-12,2025-11-22,2025-12-03,242,pending,True,11
2516,SITE-056,PART-5674,2026-09-23,2026-10-01,2026-09-30,638,pending,False,0
2517,SITE-082,PART-1918,2026-12-28,2027-01-04,2027-01-03,319,delivered,False,0
2518,SITE-059,PART-2218,2026-07-18,2026-07-26,2026-07-30,210,pending,True,4
2519,SITE-018,PART-5180,2025-12-24,2026-01-03,2026-01-11,520,pending,True,8
2520,SITE-091,PART-2331,2025-11-17,2025-11-27,2025-11-25,988,delivered,False,0
2521,SITE-019,PART-2585,2026-09-28,2026-10-02,2026-10-02,593,shipped,False,0
2522,SITE-038,PART-8841,2026-04-14,2026-04-21,2026-04-21,306,pending,False,0
2523,SITE-100,PART-6176,2025-02-08,2025-02-14,2025-02-12,882,shipped,False,0
2524,SITE-003,PART-2283,2025-09-18,2025-09-27,2025-09-25,132,delivered,False,0
2525,SITE-047,PART-5172,2025-09-14,2025-09-17,2025-09-22,812,pending,True,5
2526,SITE-049,PART-4181,2026-08-18,2026-08-24,2026-08-24,207,delivered,False,0
2527,SITE-073,PART-5659,2025-12-18,2025-12-21,2025-12-20,951,pending,False,0
2528,SITE-032,PART-4713,2026-07-22,2026-07-26,2026-08-02,611,shipped,True,7
2529,SITE-088,PART-5921,2026-07-02,2026-07-11,2026-07-10,276,delivered,False,0
2530,SITE-092,PART-4677,2025-06-12,2025-06-19,2025-06-18,820,shipped,False,0
2531,SITE-009,PART-5460,2025-06-05,2025-06-10,2025-06-10,878,pending,False,0
2532,SITE-018,PART-1236,2026-03-26,2026-03-30,2026-04-09,227,shipped,True,10
2533,SITE-097,PART-6299,2026-07-13,2026-07-18,2026-07-17,465,pending,False,0
2534,SITE-019,PART-9586,2026-08-24,2026-09-02,2026-09-02,529,pending,False,0
2535,SITE-009,PART-4277,2025-05-11,2025-05-21,2025-05-20,718,shipped,False,0
2536,SITE-009,PART-6888,2025-12-21,2025-12-26,2025-12-25,266,shipped,False,0
2537,SITE-080,PART-8496,2026-02-02,2026-02-08,2026-02-07,712,delivered,False,0
2538,SITE-093,PART-7534,2025-02-07,2025-02-15,2025-02-15,491,shipped,False,0
2539,SITE-055,PART-6069,2026-01-03,2026-01-11,2026-01-09,487,delivered,False,0
2540,SITE-011,PART-3201,2025-06-26,2025-07-03,2025-07-02,110,delivered,False,0
2541,SITE-046,PART-5298,2026-11-08,2026-11-14,2026-11-13,400,pending,False,0
2542,SITE-091,PART-3112,2025-12-02,2025-12-06,2025-12-04,698,shipped,False,0
2543,SITE-016,PART-4640,2025-02-16,2025-02-21,2025-02-21,592,pending,False,0
2544,SITE-007,PART-3257,2026-10-19,2026-10-22,2026-10-22,739,shipped,False,0
2545,SITE-071,PART-1124,2025-07-03,2025-07-13,2025-07-17,74,delivered,True,4
2546,SITE-049,PART-5225,2025-07-28,2025-08-02,2025-08-01,665,pending,False,0
2547,SITE-075,PART-4078,2026-09-01,2026-09-09,2026-09-09,514,pending,False,0
2548,SITE-083,PART-5743,2026-09-28,2026-10-05,2026-10-04,428,pending,False,0
2549,SITE-003,PART-4290,2025-06-07,2025-06-16,2025-06-16,596,shipped,False,0
2550,SITE-040,PART-2970,2025-11-20,2025-11-26,2025-11-25,61,pending,False,0
2551,SITE-075,PART-2698,2026-03-28,2026-04-03,2026-04-01,766,pending,False,0
2552,SITE-057,PART-1236,2025-12-27,2025-12-30,2025-12-28,543,shipped,False,0
2553,SITE-009,PART-4219,2025-01-12,2025-01-16,2025-01-16,970,delivered,False,0
2554,SITE-052,PART-3199,2025-01-25,2025-02-01,2025-01-31,780,pending,False,0
2555,SITE-060,PART-9293,2026-09-09,2026-09-18,2026-09-17,455,shipped,False,0
2556,SITE-080,PART-4290,2026-08-28,2026-09-02,2026-08-31,932,shipped,False,0
2557,SITE-042,PART-7211,2025-09-18,2025-09-25,2025-09-24,36,delivered,False,0
2558,SITE-030,PART-3731,2026-04-15,2026-04-24,2026-05-04,301,shipped,True,10
2559,SITE-029,PART-3995,2026-09-17,2026-09-25,2026-09-24,627,pending,False,0
2560,SITE-092,PART-8565,2026-03-22,2026-03-25,2026-03-25,521,pending,False,0
2561,SITE-034,PART-6924,2025-05-13,2025-05-19,2025-05-19,250,pending,False,0
2562,SITE-041,PART-6972,2026-06-13,2026-06-16,2026-06-14,52,shipped,False,0
2563,SITE-073,PART-3246,2025-12-27,2026-01-02,2026-01-01,657,shipped,False,0
2564,SITE-053,PART-7534,2026-05-10,2026-05-20,2026-05-19,674,pending,False,0
2565,SITE-002,PART-3793,2025-01-18,2025-01-27,2025-01-26,526,shipped,False,0
2566,SITE-022,PART-5070,2025-07-25,2025-08-04,2025-08-03,388,pending,False,0
2567,SITE-014,PART-9216,2026-08-20,2026-08-30,2026-08-30,888,pending,False,0
2568,SITE-028,PART-8916,2026-10-08,2026-10-18,2026-10-17,439,pending,False,0
2569,SITE-069,PART-3995,2026-06-17,2026-06-22,2026-06-21,819,shipped,False,0
2570,SITE-090,PART-9119,2026-08-17,2026-08-24,2026-08-25,428,delivered,True,1
2571,SITE-009,PART-3732,2026-06-03,2026-06-10,2026-06-10,337,pending,False,0
2572,SITE-048,PART-6209,2025-02-21,2025-02-26,2025-02-26,64,pending,False,0
2573,SITE-068,PART-9216,2026-07-05,2026-07-09,2026-07-14,474,pending,True,5
2574,SITE-068,PART-6903,2025-03-19,2025-03-27,2025-03-25,774,pending,False,0
2575,SITE-029,PART-3592,2026-02-03,2026-02-09,2026-02-07,85,shipped,False,0
2576,SITE-069,PART-2773,2025-12-05,2025-12-12,2025-12-10,77,pending,False,0
2577,SITE-086,PART-3257,2025-11-25,2025-11-30,2025-11-28,970,delivered,False,0
2578,SITE-049,PART-6355,2025-06-11,2025-06-20,2025-06-20,395,shipped,False,0
2579,SITE-001,PART-1942,2025-04-27,2025-05-06,2025-05-05,545,pending,False,0
2580,SITE-096,PART-1777,2026-10-25,2026-10-29,2026-10-29,556,delivered,False,0
2581,SITE-094,PART-7967,2026-09-14,2026-09-17,2026-09-16,653,delivered,False,0
2582,SITE-047,PART-7366,2025-01-14,2025-01-24,2025-01-23,133,shipped,False,0
2583,SITE-049,PART-9390,2026-03-21,2026-03-31,2026-03-31,201,pending,False,0
2584,SITE-100,PART-6627,2025-12-07,2025-12-15,2025-12-28,574,delivered,True,13
2585,SITE-093,PART-2035,2026-05-07,2026-05-11,2026-05-10,780,pending,False,0
2586,SITE-028,PART-6803,2025-10-18,2025-10-25,2025-10-24,510,delivered,False,0
2587,SITE-096,PART-4277,2025-09-07,2025-09-11,2025-09-11,715,shipped,False,0
2588,SITE-098,PART-7416,2026-09-24,2026-10-04,2026-10-07,170,shipped,True,3
2589,SITE-100,PART-4031,2026-09-18,2026-09-28,2026-09-28,706,delivered,False,0
2590,SITE-090,PART-2003,2025-03-18,2025-03-21,2025-03-20,654,shipped,False,0
2591,SITE-057,PART-8518,2025-11-28,2025-12-06,2025-12-05,265,pending,False,0
2592,SITE-096,PART-9739,2026-01-24,2026-01-28,2026-01-27,548,pending,False,0
2593,SITE-018,PART-5682,2026-09-25,2026-09-28,2026-09-27,371,pending,False,0
2594,SITE-055,PART-6431,2026-11-20,2026-11-30,2026-11-29,716,delivered,False,0
2595,SITE-058,PART-9181,2025-05-03,2025-05-10,2025-05-08,580,delivered,False,0
2596,SITE-069,PART-6349,2026-10-15,2026-10-22,2026-10-20,548,delivered,False,0
2597,SITE-036,PART-6508,2026-02-21,2026-02-25,2026-02-23,696,delivered,False,0
2598,SITE-005,PART-5749,2026-03-14,2026-03-17,2026-03-15,195,pending,False,0
2599,SITE-012,PART-4449,2025-07-20,2025-07-29,2025-07-29,267,pending,False,0
2600,SITE-097,PART-7505,2025-11-03,2025-11-06,2025-11-05,229,shipped,False,0
2601,SITE-026,PART-2766,2026-03-19,2026-03-24,2026-03-23,851,shipped,False,0
2602,SITE-068,PART-4908,2025-06-14,2025-06-22,2025-06-21,883,delivered,False,0
2603,SITE-016,PART-2356,2026-02-01,2026-02-04,2026-02-02,281,shipped,False,0
2604,SITE-025,PART-1656,2026-11-02,2026-11-10,2026-11-10,42,shipped,False,0
2605,SITE-027,PART-6122,2026-07-11,2026-07-17,2026-07-15,969,delivered,False,0
2606,SITE-022,PART-4084,2025-11-02,2025-11-08,2025-11-06,522,shipped,False,0
2607,SITE-075,PART-5427,2025-04-20,2025-04-25,2025-04-24,904,shipped,False,0
2608,SITE-080,PART-3811,2026-03-08,2026-03-12,2026-03-11,713,shipped,False,0
2609,SITE-097,PART-5401,2026-01-16,2026-01-26,2026-01-26,265,pending,False,0
2610,SITE-089,PART-6819,2025-09-19,2025-09-29,2025-09-27,655,shipped,False,0
2611,SITE-091,PART-2179,2025-11-23,2025-12-01,2025-11-29,366,pending,False,0
2612,SITE-094,PART-3112,2025-07-13,2025-07-20,2025-07-20,544,shipped,False,0
2613,SITE-028,PART-2269,2026-11-20,2026-11-30,2026-11-29,705,pending,False,0
2614,SITE-066,PART-8316,2026-09-20,2026-09-24,2026-09-22,409,delivered,False,0
2615,SITE-007,PART-1945,2026-12-19,2026-12-22,2027-01-03,517,pending,True,12
2616,SITE-066,PART-7416,2025-11-23,2025-11-28,2025-11-26,839,shipped,False,0
2617,SITE-091,PART-9754,2025-07-21,2025-07-30,2025-07-29,803,shipped,False,0
2618,SITE-028,PART-9165,2026-07-17,2026-07-26,2026-07-26,249,shipped,False,0
2619,SITE-064,PART-3070,2025-05-20,2025-05-23,2025-05-22,268,shipped,False,0
2620,SITE-037,PART-9558,2025-03-23,2025-04-02,2025-04-01,420,delivered,False,0
2621,SITE-095,PART-2317,2026-01-19,2026-01-28,2026-01-26,529,delivered,False,0
2622,SITE-074,PART-9834,2025-07-22,2025-08-01,2025-07-30,879,delivered,False,0
2623,SITE-072,PART-9162,2025-11-08,2025-11-11,2025-11-30,979,delivered,True,19
2624,SITE-051,PART-2179,2026-10-07,2026-10-10,2026-10-10,187,delivered,False,0
2625,SITE-045,PART-9629,2025-04-18,2025-04-25,2025-04-23,15,shipped,False,0
2626,SITE-081,PART-3793,2025-02-05,2025-02-15,2025-02-13,175,shipped,False,0
2627,SITE-055,PART-6069,2025-07-12,2025-07-19,2025-07-18,500,delivered,False,0
2628,SITE-080,PART-8876,2026-09-10,2026-09-20,2026-09-20,611,shipped,False,0
2629,SITE-035,PART-6299,2026-03-19,2026-03-22,2026-03-21,991,pending,False,0
2630,SITE-056,PART-1660,2025-10-16,2025-10-22,2025-10-21,553,pending,False,0
2631,SITE-034,PART-6442,2026-11-04,2026-11-10,2026-11-10,51,shipped,False,0
2632,SITE-002,PART-9007,2026-10-22,2026-10-31,2026-10-30,62,pending,False,0
2633,SITE-045,PART-9833,2025-11-10,2025-11-13,2025-11-11,544,pending,False,0
2634,SITE-082,PART-9189,2026-05-14,2026-05-18,2026-05-16,314,delivered,False,0
2635,SITE-018,PART-8195,2025-11-12,2025-11-19,2025-11-26,582,shipped,True,7
2636,SITE-072,PART-5094,2025-06-13,2025-06-17,2025-06-17,134,pending,False,0
2637,SITE-014,PART-1911,2025-08-05,2025-08-08,2025-08-07,782,delivered,False,0
2638,SITE-056,PART-3182,2025-01-27,2025-02-05,2025-02-04,941,pending,False,0
2639,SITE-030,PART-4999,2026-02-16,2026-02-20,2026-02-20,654,pending,False,0
2640,SITE-061,PART-5046,2025-12-25,2025-12-30,2025-12-28,96,shipped,False,0
2641,SITE-069,PART-7949,2025-11-17,2025-11-20,2025-11-19,221,pending,False,0
2642,SITE-025,PART-9564,2025-09-21,2025-09-28,2025-09-27,755,pending,False,0
2643,SITE-057,PART-6089,2025-08-06,2025-08-14,2025-08-13,461,pending,False,0
2644,SITE-096,PART-2852,2026-04-23,2026-04-29,2026-05-13,542,pending,True,14
2645,SITE-058,PART-8163,2026-02-02,2026-02-10,2026-02-08,621,pending,False,0
2646,SITE-059,PART-1210,2026-11-22,2026-11-26,2026-11-24,1000,shipped,False,0
2647,SITE-005,PART-3959,2026-08-01,2026-08-11,2026-08-09,640,delivered,False,0
2648,SITE-018,PART-8780,2025-10-18,2025-10-24,2025-11-03,706,pending,True,10
2649,SITE-097,PART-5100,2026-01-27,2026-02-06,2026-02-06,205,delivered,False,0
2650,SITE-044,PART-7189,2025-02-09,2025-02-13,2025-02-12,912,delivered,False,0
2651,SITE-003,PART-1771,2026-06-24,2026-06-30,2026-06-28,141,shipped,False,0
2652,SITE-018,PART-1798,2026-06-23,2026-06-26,2026-06-24,451,shipped,False,0
2653,SITE-073,PART-2380,2025-09-08,2025-09-13,2025-09-11,599,shipped,False,0
2654,SITE-041,PART-4918,2025-05-11,2025-05-21,2025-05-21,194,shipped,False,0
2655,SITE-009,PART-4995,2025-04-03,2025-04-13,2025-04-23,941,pending,True,10
2656,SITE-005,PART-7903,2025-04-11,2025-04-15,2025-04-20,817,delivered,True,5
2657,SITE-074,PART-5813,2025-07-05,2025-07-12,2025-07-10,891,pending,False,0
2658,SITE-024,PART-9204,2026-11-19,2026-11-26,2026-11-25,122,shipped,False,0
2659,SITE-039,PART-7277,2025-09-25,2025-09-30,2025-09-28,578,shipped,False,0
2660,SITE-041,PART-5762,2025-05-19,2025-05-26,2025-05-24,171,shipped,False,0
2661,SITE-060,PART-4148,2025-06-20,2025-06-25,2025-06-25,12,delivered,False,0
2662,SITE-045,PART-7428,2026-08-19,2026-08-26,2026-08-26,179,pending,False,0
2663,SITE-055,PART-3715,2025-06-01,2025-06-08,2025-06-06,299,shipped,False,0
2664,SITE-041,PART-2622,2026-03-11,2026-03-21,2026-03-19,202,shipped,False,0
2665,SITE-096,PART-2415,2025-08-10,2025-08-20,2025-08-19,848,pending,False,0
2666,SITE-043,PART-1496,2025-11-19,2025-11-22,2025-11-20,934,pending,False,0
2667,SITE-071,PART-9007,2025-05-15,2025-05-25,2025-05-24,874,shipped,False,0
2668,SITE-088,PART-3735,2025-11-09,2025-11-18,2025-11-17,450,pending,False,0
2669,SITE-035,PART-9165,2025-09-24,2025-09-29,2025-09-28,319,delivered,False,0
2670,SITE-005,PART-8127,2026-06-25,2026-06-29,2026-06-27,486,delivered,False,0
2671,SITE-004,PART-2039,2026-05-27,2026-06-02,2026-05-31,913,delivered,False,0
2672,SITE-086,PART-3793,2026-12-13,2026-12-19,2026-12-19,753,pending,False,0
2673,SITE-042,PART-8537,2026-01-17,2026-01-27,2026-01-27,562,shipped,False,0
2674,SITE-092,PART-8427,2026-08-13,2026-08-19,2026-08-18,640,shipped,False,0
2675,SITE-053,PART-3064,2026-05-12,2026-05-17,2026-05-15,97,delivered,False,0
2676,SITE-045,PART-8322,2025-10-20,2025-10-29,2025-10-29,91,shipped,False,0
2677,SITE-030,PART-2356,2025-12-25,2026-01-02,2026-01-14,805,delivered,True,12
2678,SITE-058,PART-1591,2026-11-09,2026-11-13,2026-11-13,364,delivered,False,0
2679,SITE-087,PART-1099,2025-05-24,2025-05-27,2025-05-25,844,pending,False,0
2680,SITE-074,PART-3799,2026-05-07,2026-05-12,2026-05-10,978,delivered,False,0
2681,SITE-062,PART-8758,2025-08-25,2025-08-28,2025-08-26,993,delivered,False,0
2682,SITE-005,PART-7203,2026-07-22,2026-07-30,2026-07-28,874,pending,False,0
2683,SITE-008,PART-4999,2026-11-23,2026-12-02,2026-12-01,165,pending,False,0
2684,SITE-036,PART-7949,2026-08-17,2026-08-23,2026-08-21,392,delivered,False,0
2685,SITE-033,PART-1682,2025-02-17,2025-02-24,2025-02-22,940,shipped,False,0
2686,SITE-033,PART-1734,2026-02-14,2026-02-18,2026-02-17,791,delivered,False,0
2687,SITE-018,PART-5988,2026-06-24,2026-06-28,2026-06-27,807,pending,False,0
2688,SITE-084,PART-3574,2026-08-06,2026-08-14,2026-08-14,720,shipped,False,0
2689,SITE-036,PART-8625,2025-11-05,2025-11-11,2025-11-11,910,pending,False,0
2690,SITE-050,PART-2590,2026-12-20,2026-12-27,2026-12-25,63,pending,False,0
2691,SITE-078,PART-1613,2025-01-04,2025-01-11,2025-01-10,641,shipped,False,0
2692,SITE-019,PART-4856,2025-11-16,2025-11-24,2025-11-23,739,pending,False,0
2693,SITE-007,PART-4112,2026-09-20,2026-09-23,2026-10-12,223,delivered,True,19
2694,SITE-015,PART-2422,2026-12-11,2026-12-19,2026-12-19,283,delivered,False,0
2695,SITE-001,PART-3231,2025-08-09,2025-08-16,2025-08-14,168,delivered,False,0
2696,SITE-049,PART-6766,2026-10-12,2026-10-18,2026-10-17,193,shipped,False,0
2697,SITE-043,PART-3896,2026-12-20,2026-12-25,2026-12-25,809,delivered,False,0
2698,SITE-074,PART-5148,2026-11-18,2026-11-24,2026-11-22,649,pending,False,0
2699,SITE-051,PART-6854,2025-12-17,2025-12-24,2025-12-22,206,pending,False,0
2700,SITE-068,PART-7914,2026-09-01,2026-09-05,2026-09-04,729,delivered,False,0
2701,SITE-029,PART-3280,2026-01-11,2026-01-21,2026-01-21,849,delivered,False,0
2702,SITE-084,PART-5200,2025-09-26,2025-10-06,2025-10-06,999,pending,False,0
2703,SITE-009,PART-8798,2026-10-25,2026-11-03,2026-11-08,481,delivered,True,5
2704,SITE-087,PART-1483,2026-03-08,2026-03-15,2026-03-13,10,pending,False,0
2705,SITE-072,PART-9181,2026-12-20,2026-12-25,2026-12-25,956,shipped,False,0
2706,SITE-003,PART-5661,2026-05-17,2026-05-23,2026-05-26,441,delivered,True,3
2707,SITE-075,PART-8746,2025-10-01,2025-10-07,2025-10-06,352,shipped,False,0
2708,SITE-023,PART-5771,2025-12-27,2026-01-03,2026-01-02,411,shipped,False,0
2709,SITE-083,PART-4032,2025-05-02,2025-05-08,2025-05-06,392,pending,False,0
2710,SITE-086,PART-2779,2025-06-28,2025-07-06,2025-07-05,218,delivered,False,0
2711,SITE-085,PART-2404,2025-02-23,2025-03-04,2025-03-04,469,shipped,False,0
2712,SITE-018,PART-1832,2026-09-03,2026-09-11,2026-09-09,392,shipped,False,0
2713,SITE-028,PART-5050,2025-04-11,2025-04-15,2025-04-13,755,pending,False,0
2714,SITE-017,PART-3209,2026-12-19,2026-12-25,2026-12-25,818,shipped,False,0
2715,SITE-038,PART-3291,2026-07-01,2026-07-09,2026-07-09,412,shipped,False,0
2716,SITE-055,PART-1219,2025-04-10,2025-04-20,2025-04-30,818,pending,True,10
2717,SITE-071,PART-3504,2025-11-03,2025-11-09,2025-11-11,440,delivered,True,2
2718,SITE-025,PART-7093,2025-04-07,2025-04-11,2025-04-11,712,delivered,False,0
2719,SITE-008,PART-1218,2026-11-25,2026-12-04,2026-12-04,668,shipped,False,0
2720,SITE-028,PART-8675,2026-10-18,2026-10-25,2026-10-28,530,delivered,True,3
2721,SITE-082,PART-4694,2025-01-19,2025-01-23,2025-01-22,420,pending,False,0
2722,SITE-058,PART-8861,2025-11-25,2025-12-03,2025-12-02,490,shipped,False,0
2723,SITE-049,PART-9390,2025-01-12,2025-01-15,2025-01-13,176,pending,False,0
2724,SITE-071,PART-8768,2026-05-10,2026-05-13,2026-05-12,459,delivered,False,0
2725,SITE-065,PART-8783,2026-06-14,2026-06-22,2026-06-21,352,delivered,False,0
2726,SITE-026,PART-2958,2026-04-13,2026-04-22,2026-04-21,309,shipped,False,0
2727,SITE-004,PART-4836,2025-05-18,2025-05-23,2025-05-23,379,pending,False,0
2728,SITE-058,PART-6013,2025-04-14,2025-04-21,2025-04-20,583,pending,False,0
2729,SITE-072,PART-9648,2025-04-22,2025-04-29,2025-04-27,292,delivered,False,0
2730,SITE-057,PART-4781,2026-10-04,2026-10-12,2026-10-11,638,shipped,False,0
2731,SITE-042,PART-7560,2025-01-10,2025-01-20,2025-01-23,635,pending,True,3
2732,SITE-075,PART-7053,2025-08-21,2025-08-30,2025-08-30,60,shipped,False,0
2733,SITE-073,PART-8876,2025-05-09,2025-05-15,2025-05-14,448,delivered,False,0
2734,SITE-028,PART-9306,2026-04-23,2026-04-28,2026-04-26,489,delivered,False,0
2735,SITE-041,PART-7358,2025-01-18,2025-01-26,2025-01-25,435,pending,False,0
2736,SITE-089,PART-3289,2026-11-16,2026-11-21,2026-12-03,234,pending,True,12
2737,SITE-045,PART-4856,2025-03-08,2025-03-15,2025-03-14,826,delivered,False,0
2738,SITE-054,PART-3105,2026-12-23,2026-12-29,2026-12-28,117,pending,False,0
2739,SITE-069,PART-9037,2025-06-01,2025-06-10,2025-06-10,453,shipped,False,0
2740,SITE-090,PART-8214,2025-12-08,2025-12-18,2025-12-17,277,shipped,False,0
2741,SITE-039,PART-3504,2026-12-22,2026-12-27,2026-12-27,304,pending,False,0
2742,SITE-083,PART-8558,2025-08-15,2025-08-25,2025-08-24,464,delivered,False,0
2743,SITE-039,PART-2394,2026-12-02,2026-12-09,2026-12-09,605,pending,False,0
2744,SITE-051,PART-6983,2026-04-13,2026-04-21,2026-04-21,348,pending,False,0
2745,SITE-005,PART-7290,2026-07-09,2026-07-14,2026-07-12,193,delivered,False,0
2746,SITE-053,PART-3360,2026-09-01,2026-09-04,2026-09-15,336,shipped,True,11
2747,SITE-015,PART-1945,2026-08-09,2026-08-14,2026-08-13,291,delivered,False,0
2748,SITE-002,PART-6153,2025-09-26,2025-10-06,2025-10-06,289,shipped,False,0
2749,SITE-096,PART-1591,2025-06-10,2025-06-20,2025-06-20,550,delivered,False,0
2750,SITE-040,PART-2276,2026-01-12,2026-01-16,2026-01-14,72,delivered,False,0
2751,SITE-064,PART-4505,2026-09-23,2026-10-03,2026-10-02,538,delivered,False,0
2752,SITE-051,PART-8261,2026-02-13,2026-02-21,2026-02-19,510,shipped,False,0
2753,SITE-072,PART-1463,2025-11-12,2025-11-20,2025-11-20,644,delivered,False,0
2754,SITE-048,PART-2946,2026-11-16,2026-11-21,2026-11-19,214,shipped,False,0
2755,SITE-079,PART-5432,2026-05-05,2026-05-13,2026-05-13,31,shipped,False,0
2756,SITE-071,PART-2036,2026-03-01,2026-03-10,2026-03-09,950,shipped,False,0
2757,SITE-084,PART-3064,2026-05-01,2026-05-08,2026-05-08,54,pending,False,0
2758,SITE-019,PART-9834,2026-01-28,2026-02-06,2026-02-05,787,shipped,False,0
2759,SITE-022,PART-4694,2025-10-26,2025-10-30,2025-10-30,486,pending,False,0
2760,SITE-044,PART-2397,2026-10-06,2026-10-14,2026-10-12,523,pending,False,0
2761,SITE-095,PART-4897,2026-02-19,2026-02-28,2026-03-02,138,shipped,True,2
2762,SITE-047,PART-8910,2025-09-14,2025-09-21,2025-09-19,224,shipped,False,0
2763,SITE-008,PART-2052,2025-04-25,2025-04-29,2025-04-29,831,pending,False,0
2764,SITE-098,PART-7036,2026-08-11,2026-08-18,2026-08-18,27,delivered,False,0
2765,SITE-016,PART-5999,2025-08-06,2025-08-15,2025-08-13,906,shipped,False,0
2766,SITE-060,PART-1945,2025-12-12,2025-12-21,2025-12-20,144,delivered,False,0
2767,SITE-033,PART-4219,2026-08-02,2026-08-07,2026-08-05,396,delivered,False,0
2768,SITE-094,PART-1506,2026-03-24,2026-03-29,2026-03-27,705,pending,False,0
2769,SITE-090,PART-1194,2026-02-27,2026-03-08,2026-03-08,878,delivered,False,0
2770,SITE-016,PART-8874,2025-10-10,2025-10-17,2025-10-16,271,delivered,False,0
2771,SITE-025,PART-7358,2026-09-18,2026-09-28,2026-09-26,773,delivered,False,0
2772,SITE-069,PART-4001,2025-12-27,2026-01-04,2026-01-04,590,delivered,False,0
2773,SITE-085,PART-7159,2026-01-07,2026-01-17,2026-01-15,342,delivered,False,0
2774,SITE-087,PART-2356,2026-10-12,2026-10-21,2026-10-20,690,shipped,False,0
2775,SITE-010,PART-4370,2026-07-02,2026-07-07,2026-07-18,95,pending,True,11
2776,SITE-057,PART-4662,2026-11-28,2026-12-01,2026-11-29,600,shipped,False,0
2777,SITE-041,PART-8625,2025-07-28,2025-08-03,2025-08-01,378,shipped,False,0
2778,SITE-056,PART-8690,2026-09-28,2026-10-01,2026-10-01,496,delivered,False,0
2779,SITE-077,PART-8840,2025-06-12,2025-06-16,2025-06-15,144,shipped,False,0
2780,SITE-094,PART-4997,2026-02-11,2026-02-20,2026-02-18,932,pending,False,0
2781,SITE-055,PART-6140,2026-03-18,2026-03-24,2026-03-24,526,delivered,False,0
2782,SITE-023,PART-7578,2025-06-09,2025-06-15,2025-06-15,337,delivered,False,0
2783,SITE-039,PART-9388,2026-06-27,2026-07-05,2026-07-05,840,delivered,False,0
2784,SITE-031,PART-1335,2025-12-26,2026-01-02,2025-12-31,77,pending,False,0
2785,SITE-054,PART-9272,2025-04-01,2025-04-09,2025-04-07,652,pending,False,0
2786,SITE-073,PART-6072,2026-02-22,2026-03-04,2026-03-03,847,delivered,False,0
2787,SITE-062,PART-7912,2026-12-24,2026-12-29,2026-12-29,909,pending,False,0
2788,SITE-005,PART-6922,2026-07-10,2026-07-15,2026-07-14,291,pending,False,0
2789,SITE-071,PART-8396,2025-07-03,2025-07-10,2025-07-20,70,shipped,True,10
2790,SITE-031,PART-3553,2025-08-26,2025-09-05,2025-09-05,675,shipped,False,0
2791,SITE-057,PART-9165,2025-08-21,2025-08-31,2025-09-04,237,shipped,True,4
2792,SITE-035,PART-1496,2026-09-16,2026-09-23,2026-09-21,816,pending,False,0
2793,SITE-075,PART-8994,2026-03-17,2026-03-21,2026-03-21,947,delivered,False,0
2794,SITE-030,PART-4538,2026-02-04,2026-02-09,2026-02-08,919,shipped,False,0
2795,SITE-061,PART-6811,2025-04-13,2025-04-21,2025-04-20,150,pending,False,0
2796,SITE-068,PART-1891,2025-12-03,2025-12-09,2025-12-07,24,pending,False,0
2797,SITE-090,PART-9678,2026-04-16,2026-04-26,2026-04-24,143,pending,False,0
2798,SITE-056,PART-6588,2026-03-02,2026-03-10,2026-03-10,49,shipped,False,0
2799,SITE-064,PART-5805,2025-08-11,2025-08-20,2025-08-20,943,delivered,False,0
2800,SITE-088,PART-5762,2026-06-08,2026-06-18,2026-07-01,567,delivered,True,13
2801,SITE-028,PART-5072,2025-10-06,2025-10-10,2025-10-09,988,shipped,False,0
2802,SITE-033,PART-8798,2026-04-02,2026-04-09,2026-04-08,454,pending,False,0
2803,SITE-037,PART-7183,2026-07-13,2026-07-19,2026-07-18,563,pending,False,0
2804,SITE-052,PART-3504,2025-01-07,2025-01-13,2025-01-18,283,delivered,True,5
2805,SITE-040,PART-3101,2026-10-12,2026-10-22,2026-10-21,608,pending,False,0
2806,SITE-069,PART-2505,2025-09-11,2025-09-21,2025-09-23,635,pending,True,2
2807,SITE-021,PART-6107,2025-09-12,2025-09-16,2025-09-16,844,delivered,False,0
2808,SITE-047,PART-5018,2025-06-10,2025-06-18,2025-06-17,559,pending,False,0
2809,SITE-086,PART-3953,2025-06-13,2025-06-23,2025-06-22,987,delivered,False,0
2810,SITE-054,PART-7823,2026-02-10,2026-02-18,2026-02-18,958,delivered,False,0
2811,SITE-011,PART-7183,2025-11-15,2025-11-25,2025-11-23,885,pending,False,0
2812,SITE-088,PART-6107,2025-07-16,2025-07-24,2025-07-22,983,pending,False,0
2813,SITE-092,PART-3704,2026-01-18,2026-01-22,2026-01-22,277,pending,False,0
2814,SITE-002,PART-2973,2026-06-14,2026-06-21,2026-06-27,47,delivered,True,6
2815,SITE-067,PART-4501,2026-09-10,2026-09-13,2026-09-12,988,shipped,False,0
2816,SITE-035,PART-3959,2025-11-12,2025-11-21,2025-12-03,29,pending,True,12
2817,SITE-016,PART-3103,2026-02-23,2026-03-01,2026-03-04,557,delivered,True,3
2818,SITE-025,PART-1817,2025-07-19,2025-07-25,2025-07-23,139,pending,False,0
2819,SITE-089,PART-2653,2026-02-26,2026-03-07,2026-03-07,377,shipped,False,0
2820,SITE-065,PART-1032,2026-02-17,2026-02-25,2026-02-23,394,delivered,False,0
2821,SITE-057,PART-7202,2026-04-17,2026-04-26,2026-04-25,627,delivered,False,0
2822,SITE-063,PART-7468,2025-04-17,2025-04-23,2025-04-21,667,pending,False,0
2823,SITE-013,PART-1142,2026-11-09,2026-11-12,2026-11-11,199,shipped,False,0
2824,SITE-099,PART-9165,2025-06-16,2025-06-20,2025-06-20,277,shipped,False,0
2825,SITE-025,PART-2516,2026-11-14,2026-11-23,2026-11-21,846,shipped,False,0
2826,SITE-051,PART-7020,2026-09-16,2026-09-22,2026-09-20,947,pending,False,0
2827,SITE-092,PART-4035,2026-09-26,2026-09-30,2026-09-30,663,pending,False,0
2828,SITE-020,PART-3549,2025-02-26,2025-03-03,2025-03-03,638,shipped,False,0
2829,SITE-035,PART-2419,2025-05-01,2025-05-09,2025-05-07,383,delivered,False,0
2830,SITE-044,PART-6023,2026-01-02,2026-01-08,2026-01-06,771,pending,False,0
2831,SITE-052,PART-8322,2025-07-21,2025-07-24,2025-08-07,814,shipped,True,14
2832,SITE-031,PART-7690,2025-08-03,2025-08-11,2025-08-09,796,pending,False,0
2833,SITE-021,PART-6572,2025-01-21,2025-01-30,2025-02-06,280,pending,True,7
2834,SITE-023,PART-2799,2025-08-20,2025-08-28,2025-08-27,438,delivered,False,0
2835,SITE-039,PART-5762,2025-01-01,2025-01-10,2025-01-15,285,pending,True,5
2836,SITE-089,PART-7949,2025-02-11,2025-02-15,2025-02-13,983,pending,False,0
2837,SITE-058,PART-2317,2025-09-24,2025-10-01,2025-09-30,239,pending,False,0
2838,SITE-064,PART-9038,2026-10-19,2026-10-28,2026-10-27,179,delivered,False,0
2839,SITE-032,PART-8676,2025-04-08,2025-04-13,2025-04-12,480,shipped,False,0
2840,SITE-014,PART-9390,2025-03-20,2025-03-24,2025-03-24,653,shipped,False,0
2841,SITE-090,PART-5696,2025-07-16,2025-07-21,2025-07-19,436,delivered,False,0
2842,SITE-066,PART-8195,2026-12-11,2026-12-21,2026-12-20,250,shipped,False,0
2843,SITE-094,PART-9994,2025-02-10,2025-02-18,2025-02-16,680,pending,False,0
2844,SITE-004,PART-3201,2025-10-11,2025-10-14,2025-10-14,328,pending,False,0
2845,SITE-034,PART-9090,2026-05-24,2026-05-29,2026-05-28,537,delivered,False,0
2846,SITE-010,PART-9337,2025-09-06,2025-09-13,2025-09-13,65,delivered,False,0
2847,SITE-024,PART-7042,2026-12-11,2026-12-18,2026-12-18,125,pending,False,0
2848,SITE-012,PART-1547,2025-01-19,2025-01-25,2025-01-24,243,pending,False,0
2849,SITE-099,PART-3549,2026-01-18,2026-01-28,2026-01-27,793,shipped,False,0
2850,SITE-091,PART-3793,2025-06-26,2025-06-30,2025-06-28,782,pending,False,0
2851,SITE-009,PART-3201,2025-02-06,2025-02-16,2025-02-15,192,shipped,False,0
2852,SITE-001,PART-6778,2026-01-18,2026-01-26,2026-01-26,763,delivered,False,0
2853,SITE-066,PART-7144,2025-05-04,2025-05-11,2025-05-09,19,delivered,False,0
2854,SITE-071,PART-1506,2025-02-05,2025-02-10,2025-02-10,331,pending,False,0
2855,SITE-010,PART-4277,2026-08-20,2026-08-23,2026-08-21,89,pending,False,0
2856,SITE-028,PART-8524,2025-09-05,2025-09-13,2025-09-13,207,shipped,False,0
2857,SITE-030,PART-9165,2026-10-28,2026-11-01,2026-10-30,916,delivered,False,0
2858,SITE-061,PART-2295,2026-04-08,2026-04-12,2026-04-22,496,shipped,True,10
2859,SITE-068,PART-5988,2026-03-17,2026-03-23,2026-03-27,733,shipped,True,4
2860,SITE-057,PART-7960,2025-11-12,2025-11-20,2025-11-20,210,pending,False,0
2861,SITE-089,PART-3392,2025-09-14,2025-09-23,2025-09-21,744,shipped,False,0
2862,SITE-031,PART-9451,2026-12-09,2026-12-16,2026-12-15,91,delivered,False,0
2863,SITE-001,PART-3109,2025-03-27,2025-04-03,2025-04-03,457,pending,False,0
2864,SITE-015,PART-9320,2026-08-19,2026-08-28,2026-08-28,612,pending,False,0
2865,SITE-096,PART-2218,2025-03-22,2025-03-30,2025-03-30,392,shipped,False,0
2866,SITE-052,PART-3130,2026-11-16,2026-11-19,2026-11-17,291,pending,False,0
2867,SITE-072,PART-8994,2025-01-03,2025-01-09,2025-01-07,94,delivered,False,0
2868,SITE-099,PART-9162,2026-04-05,2026-04-14,2026-04-18,94,pending,True,4
2869,SITE-002,PART-8807,2025-09-17,2025-09-23,2025-09-23,894,pending,False,0
2870,SITE-090,PART-3201,2026-07-11,2026-07-14,2026-07-13,52,pending,False,0
2871,SITE-063,PART-2867,2026-09-01,2026-09-06,2026-09-04,772,shipped,False,0
2872,SITE-079,PART-3418,2026-03-27,2026-03-31,2026-03-29,193,pending,False,0
2873,SITE-028,PART-6023,2026-07-10,2026-07-18,2026-07-18,455,shipped,False,0
2874,SITE-013,PART-7535,2025-10-28,2025-11-02,2025-11-02,190,delivered,False,0
2875,SITE-088,PART-7240,2026-02-26,2026-03-03,2026-03-01,134,pending,False,0
2876,SITE-018,PART-4741,2025-04-05,2025-04-08,2025-04-06,1000,pending,False,0
2877,SITE-096,PART-3290,2026-04-04,2026-04-08,2026-04-15,826,delivered,True,7
2878,SITE-083,PART-5570,2025-03-06,2025-03-09,2025-03-07,367,pending,False,0
2879,SITE-065,PART-6778,2026-09-02,2026-09-05,2026-09-03,279,delivered,False,0
2880,SITE-004,PART-3648,2025-02-08,2025-02-13,2025-02-22,697,delivered,True,9
2881,SITE-086,PART-6162,2025-03-07,2025-03-15,2025-03-13,361,shipped,False,0
2882,SITE-047,PART-4538,2025-01-07,2025-01-14,2025-01-13,299,pending,False,0
2883,SITE-029,PART-9805,2025-05-08,2025-05-13,2025-05-13,774,pending,False,0
2884,SITE-052,PART-3286,2026-02-27,2026-03-04,2026-03-04,550,shipped,False,0
2885,SITE-096,PART-7606,2025-03-18,2025-03-28,2025-04-01,816,delivered,True,4
2886,SITE-037,PART-7444,2025-03-26,2025-04-04,2025-04-02,546,delivered,False,0
2887,SITE-008,PART-7586,2025-05-01,2025-05-04,2025-05-02,634,shipped,False,0
2888,SITE-089,PART-7419,2025-11-16,2025-11-24,2025-11-23,289,shipped,False,0
2889,SITE-006,PART-1744,2026-07-25,2026-07-30,2026-07-29,837,pending,False,0
2890,SITE-008,PART-7345,2025-07-17,2025-07-23,2025-07-22,648,delivered,False,0
2891,SITE-029,PART-7259,2025-03-12,2025-03-20,2025-03-18,866,shipped,False,0
2892,SITE-013,PART-1918,2025-11-05,2025-11-08,2025-11-07,418,shipped,False,0
2893,SITE-002,PART-8928,2026-08-12,2026-08-20,2026-08-20,354,delivered,False,0
2894,SITE-039,PART-7277,2025-08-03,2025-08-13,2025-08-11,967,delivered,False,0
2895,SITE-010,PART-7608,2026-09-16,2026-09-23,2026-10-10,440,pending,True,17
2896,SITE-083,PART-2784,2025-02-18,2025-02-28,2025-02-28,670,pending,False,0
2897,SITE-044,PART-8841,2026-08-12,2026-08-20,2026-08-20,356,shipped,False,0
2898,SITE-056,PART-1700,2026-08-26,2026-08-31,2026-08-31,138,delivered,False,0
2899,SITE-082,PART-1911,2026-01-05,2026-01-09,2026-01-08,506,pending,False,0
2900,SITE-017,PART-5070,2025-01-16,2025-01-23,2025-02-01,250,pending,True,9
2901,SITE-013,PART-8910,2025-02-26,2025-03-04,2025-03-03,100,pending,False,0
2902,SITE-045,PART-7991,2026-09-26,2026-10-04,2026-10-02,348,shipped,False,0
2903,SITE-023,PART-3161,2025-04-26,2025-04-30,2025-04-28,567,pending,False,0
2904,SITE-051,PART-9390,2025-05-25,2025-06-04,2025-06-04,117,delivered,False,0
2905,SITE-099,PART-6588,2026-01-12,2026-01-16,2026-01-15,615,shipped,False,0
2906,SITE-040,PART-7722,2025-05-05,2025-05-08,2025-05-08,123,delivered,False,0
2907,SITE-065,PART-7758,2026-01-25,2026-01-28,2026-01-28,646,pending,False,0
2908,SITE-005,PART-2035,2025-01-14,2025-01-21,2025-01-25,739,delivered,True,4
2909,SITE-035,PART-3472,2025-03-09,2025-03-19,2025-03-18,877,pending,False,0
2910,SITE-100,PART-5846,2026-12-20,2026-12-23,2026-12-23,133,pending,False,0
2911,SITE-033,PART-5961,2026-04-05,2026-04-10,2026-04-21,214,shipped,True,11
2912,SITE-064,PART-1737,2025-11-02,2025-11-08,2025-11-07,484,shipped,False,0
2913,SITE-020,PART-7082,2025-11-18,2025-11-28,2025-11-27,899,shipped,False,0
2914,SITE-063,PART-2217,2026-02-04,2026-02-09,2026-02-08,302,shipped,False,0
2915,SITE-094,PART-1817,2026-02-01,2026-02-09,2026-02-24,799,shipped,True,15
2916,SITE-008,PART-7586,2025-12-15,2025-12-21,2025-12-21,349,delivered,False,0
2917,SITE-056,PART-3959,2025-11-12,2025-11-15,2025-11-14,66,shipped,False,0
2918,SITE-050,PART-7944,2026-11-20,2026-11-23,2026-11-22,163,shipped,False,0
2919,SITE-049,PART-3254,2026-02-06,2026-02-13,2026-02-13,227,pending,False,0
2920,SITE-011,PART-1264,2026-10-05,2026-10-11,2026-10-10,75,pending,False,0
2921,SITE-034,PART-8523,2026-09-19,2026-09-29,2026-09-27,464,delivered,False,0
2922,SITE-032,PART-2406,2026-02-07,2026-02-12,2026-02-12,221,shipped,False,0
2923,SITE-068,PART-2784,2026-08-01,2026-08-06,2026-08-06,612,delivered,False,0
2924,SITE-010,PART-6013,2025-06-12,2025-06-20,2025-06-19,81,pending,False,0
2925,SITE-033,PART-5664,2026-08-22,2026-09-01,2026-09-01,745,delivered,False,0
2926,SITE-053,PART-5503,2025-01-19,2025-01-28,2025-01-27,875,pending,False,0
2927,SITE-074,PART-6784,2026-01-15,2026-01-24,2026-01-24,38,pending,False,0
2928,SITE-053,PART-1347,2025-12-26,2025-12-29,2025-12-28,612,shipped,False,0
2929,SITE-004,PART-9114,2026-09-06,2026-09-12,2026-09-11,704,pending,False,0
2930,SITE-002,PART-2487,2026-03-06,2026-03-14,2026-03-14,977,pending,False,0
2931,SITE-064,PART-7991,2025-04-26,2025-05-04,2025-05-03,516,shipped,False,0
2932,SITE-066,PART-9948,2026-08-11,2026-08-18,2026-08-17,242,pending,False,0
2933,SITE-064,PART-1228,2025-12-03,2025-12-08,2025-12-07,249,delivered,False,0
2934,SITE-046,PART-3798,2026-02-24,2026-03-06,2026-03-06,342,pending,False,0
2935,SITE-029,PART-4655,2026-09-20,2026-09-30,2026-09-29,265,shipped,False,0
2936,SITE-027,PART-2100,2025-10-09,2025-10-18,2025-10-16,563,pending,False,0
2937,SITE-016,PART-6293,2025-01-18,2025-01-23,2025-01-23,802,shipped,False,0
2938,SITE-051,PART-2946,2025-01-07,2025-01-12,2025-01-12,575,delivered,False,0
2939,SITE-043,PART-7912,2025-12-14,2025-12-24,2025-12-22,825,shipped,False,0
2940,SITE-082,PART-4354,2025-01-22,2025-01-25,2025-01-25,42,delivered,False,0
2941,SITE-041,PART-3289,2026-03-17,2026-03-26,2026-03-24,333,shipped,False,0
2942,SITE-083,PART-3246,2026-07-24,2026-07-29,2026-08-01,390,delivered,True,3
2943,SITE-060,PART-2131,2026-05-12,2026-05-22,2026-05-22,160,shipped,False,0
2944,SITE-040,PART-1987,2026-05-05,2026-05-12,2026-05-21,586,shipped,True,9
2945,SITE-041,PART-7684,2026-12-04,2026-12-08,2026-12-07,82,delivered,False,0
2946,SITE-054,PART-2464,2025-12-14,2025-12-22,2025-12-20,259,pending,False,0
2947,SITE-051,PART-7690,2026-12-03,2026-12-13,2026-12-13,557,shipped,False,0
2948,SITE-034,PART-8798,2026-08-22,2026-08-31,2026-08-31,130,shipped,False,0
2949,SITE-040,PART-2958,2026-08-12,2026-08-19,2026-08-18,226,delivered,False,0
2950,SITE-052,PART-9632,2025-06-08,2025-06-18,2025-06-17,128,pending,False,0
2951,SITE-050,PART-1783,2026-03-19,2026-03-28,2026-04-07,420,shipped,True,10
2952,SITE-022,PART-9370,2026-06-19,2026-06-23,2026-07-02,420,shipped,True,9
2953,SITE-008,PART-1733,2025-11-26,2025-11-30,2025-11-30,225,pending,False,0
2954,SITE-082,PART-1210,2026-05-14,2026-05-24,2026-05-24,582,shipped,False,0
2955,SITE-035,PART-2319,2025-05-19,2025-05-27,2025-05-25,530,delivered,False,0
2956,SITE-065,PART-4836,2025-01-01,2025-01-06,2025-01-05,494,pending,False,0
2957,SITE-038,PART-7902,2026-04-06,2026-04-15,2026-04-14,837,delivered,False,0
2958,SITE-018,PART-9167,2025-08-09,2025-08-16,2025-08-15,865,delivered,False,0
2959,SITE-084,PART-2317,2025-02-23,2025-02-27,2025-02-25,892,shipped,False,0
2960,SITE-008,PART-8007,2026-10-01,2026-10-08,2026-10-07,596,pending,False,0
2961,SITE-098,PART-2122,2025-10-17,2025-10-25,2025-10-27,573,pending,True,2
2962,SITE-085,PART-1225,2025-04-14,2025-04-17,2025-04-17,306,shipped,False,0
2963,SITE-036,PART-1402,2026-02-16,2026-02-20,2026-02-18,203,delivered,False,0
2964,SITE-003,PART-4836,2025-05-28,2025-06-06,2025-06-04,831,pending,False,0
2965,SITE-055,PART-6908,2026-12-05,2026-12-12,2026-12-12,47,shipped,False,0
2966,SITE-045,PART-8876,2026-06-23,2026-06-27,2026-07-09,372,pending,True,12
2967,SITE-011,PART-4505,2026-08-25,2026-09-01,2026-09-01,710,shipped,False,0
2968,SITE-009,PART-4309,2025-04-09,2025-04-19,2025-04-17,900,delivered,False,0
2969,SITE-052,PART-7016,2025-08-18,2025-08-22,2025-08-22,862,delivered,False,0
2970,SITE-040,PART-3869,2025-07-23,2025-07-26,2025-07-24,244,shipped,False,0
2971,SITE-041,PART-3549,2026-01-28,2026-02-03,2026-02-03,775,delivered,False,0
2972,SITE-046,PART-3895,2026-07-06,2026-07-13,2026-07-12,23,pending,False,0
2973,SITE-088,PART-8635,2026-05-19,2026-05-28,2026-05-27,356,shipped,False,0
2974,SITE-053,PART-7240,2025-02-15,2025-02-21,2025-02-19,399,delivered,False,0
2975,SITE-006,PART-3231,2026-07-25,2026-07-28,2026-07-27,493,pending,False,0
2976,SITE-031,PART-9390,2025-07-20,2025-07-29,2025-08-04,701,shipped,True,6
2977,SITE-035,PART-3504,2026-08-10,2026-08-14,2026-08-19,442,shipped,True,5
2978,SITE-080,PART-9623,2025-11-01,2025-11-11,2025-11-11,22,shipped,False,0
2979,SITE-090,PART-3009,2025-08-23,2025-09-02,2025-09-01,197,pending,False,0
2980,SITE-068,PART-5698,2026-11-17,2026-11-22,2026-11-20,894,delivered,False,0
2981,SITE-017,PART-5661,2026-07-18,2026-07-22,2026-07-24,39,pending,True,2
2982,SITE-060,PART-8668,2026-09-02,2026-09-08,2026-09-06,151,shipped,False,0
2983,SITE-005,PART-8723,2025-11-23,2025-12-02,2025-12-02,614,delivered,False,0
2984,SITE-035,PART-3064,2025-04-11,2025-04-19,2025-04-17,161,shipped,False,0
2985,SITE-090,PART-1416,2025-08-01,2025-08-08,2025-08-07,607,delivered,False,0
2986,SITE-082,PART-2317,2025-08-22,2025-08-25,2025-08-25,44,delivered,False,0
2987,SITE-092,PART-2046,2025-05-20,2025-05-29,2025-05-27,969,pending,False,0
2988,SITE-080,PART-7104,2026-05-26,2026-06-04,2026-06-02,861,pending,False,0
2989,SITE-041,PART-9371,2025-03-02,2025-03-10,2025-03-10,792,delivered,False,0
2990,SITE-025,PART-9933,2026-03-06,2026-03-10,2026-03-09,253,pending,False,0
2991,SITE-096,PART-8194,2026-02-07,2026-02-10,2026-02-08,772,pending,False,0
2992,SITE-074,PART-8909,2026-02-17,2026-02-25,2026-02-25,276,pending,False,0
2993,SITE-023,PART-6567,2026-02-14,2026-02-18,2026-02-17,491,pending,False,0
2994,SITE-026,PART-4846,2025-07-10,2025-07-19,2025-07-17,240,pending,False,0
2995,SITE-013,PART-6797,2026-06-24,2026-07-03,2026-07-05,326,delivered,True,2
2996,SITE-005,PART-9834,2026-09-19,2026-09-29,2026-09-29,854,delivered,False,0
2997,SITE-035,PART-5659,2025-09-07,2025-09-14,2025-09-14,522,delivered,False,0
2998,SITE-008,PART-2970,2025-02-05,2025-02-15,2025-02-13,694,pending,False,0
2999,SITE-079,PART-3549,2025-11-05,2025-11-11,2025-11-09,904,shipped,False,0
3000,SITE-077,PART-6430,2026-04-04,2026-04-10,2026-04-08,66,delivered,False,0
3001,SITE-096,PART-2673,2025-02-01,2025-02-05,2025-02-05,393,shipped,False,0
3002,SITE-056,PART-7767,2025-06-17,2025-06-20,2025-06-19,539,shipped,False,0
3003,SITE-026,PART-8127,2026-10-22,2026-10-25,2026-10-28,485,delivered,True,3
3004,SITE-001,PART-2356,2026-08-19,2026-08-25,2026-08-26,287,pending,True,1
3005,SITE-075,PART-6209,2026-11-26,2026-11-29,2026-12-03,583,shipped,True,4
3006,SITE-071,PART-4836,2025-08-05,2025-08-15,2025-08-26,976,delivered,True,11
3007,SITE-029,PART-7042,2026-08-08,2026-08-13,2026-08-13,451,shipped,False,0
3008,SITE-064,PART-6286,2025-03-28,2025-04-03,2025-04-02,704,pending,False,0
3009,SITE-022,PART-6299,2026-11-17,2026-11-21,2026-11-21,557,shipped,False,0
3010,SITE-090,PART-5543,2025-08-28,2025-09-01,2025-09-01,204,pending,False,0
3011,SITE-027,PART-5664,2026-10-05,2026-10-14,2026-10-14,287,pending,False,0
3012,SITE-053,PART-5031,2026-10-10,2026-10-13,2026-10-15,468,delivered,True,2
3013,SITE-053,PART-2380,2026-02-15,2026-02-24,2026-02-28,719,shipped,True,4
3014,SITE-047,PART-5460,2025-12-20,2025-12-28,2025-12-28,812,delivered,False,0
3015,SITE-057,PART-4035,2026-07-15,2026-07-25,2026-07-25,771,pending,False,0
3016,SITE-097,PART-7053,2025-05-11,2025-05-16,2025-05-14,875,pending,False,0
3017,SITE-036,PART-8143,2025-05-27,2025-06-06,2025-06-05,522,shipped,False,0
3018,SITE-070,PART-4062,2026-06-08,2026-06-11,2026-06-11,860,pending,False,0
3019,SITE-027,PART-2499,2025-09-27,2025-10-03,2025-10-02,565,shipped,False,0
3020,SITE-076,PART-4148,2025-04-22,2025-05-01,2025-04-29,403,shipped,False,0
3021,SITE-050,PART-9306,2026-04-19,2026-04-25,2026-04-24,591,pending,False,0
3022,SITE-096,PART-4297,2025-02-27,2025-03-07,2025-03-05,294,pending,False,0
3023,SITE-097,PART-9678,2025-08-15,2025-08-23,2025-09-04,983,pending,True,12
3024,SITE-084,PART-4370,2025-09-20,2025-09-26,2025-09-24,648,delivered,False,0
3025,SITE-079,PART-5321,2025-10-01,2025-10-05,2025-10-03,21,delivered,False,0
3026,SITE-096,PART-1930,2026-05-24,2026-06-02,2026-05-31,566,shipped,False,0
3027,SITE-049,PART-2653,2026-12-05,2026-12-12,2026-12-12,342,shipped,False,0
3028,SITE-008,PART-9883,2025-12-19,2025-12-27,2025-12-26,289,shipped,False,0
3029,SITE-076,PART-5668,2026-05-25,2026-05-30,2026-06-04,510,shipped,True,5
3030,SITE-048,PART-1777,2026-12-08,2026-12-17,2026-12-17,334,delivered,False,0
3031,SITE-052,PART-1496,2025-08-04,2025-08-10,2025-08-10,394,pending,False,0
3032,SITE-002,PART-4572,2025-08-20,2025-08-27,2025-08-26,812,pending,False,0
3033,SITE-051,PART-9329,2025-02-06,2025-02-16,2025-02-15,574,delivered,False,0
3034,SITE-027,PART-4856,2025-08-19,2025-08-27,2025-08-28,804,shipped,True,1
3035,SITE-011,PART-4897,2026-04-10,2026-04-15,2026-04-14,840,delivered,False,0
3036,SITE-040,PART-8529,2025-09-17,2025-09-20,2025-09-19,857,delivered,False,0
3037,SITE-006,PART-2451,2025-11-12,2025-11-15,2025-11-14,178,shipped,False,0
3038,SITE-069,PART-4397,2025-04-16,2025-04-24,2025-04-26,818,shipped,True,2
3039,SITE-080,PART-1547,2025-10-24,2025-10-29,2025-10-28,152,delivered,False,0
3040,SITE-055,PART-8874,2026-11-13,2026-11-17,2026-11-22,234,shipped,True,5
3041,SITE-078,PART-2394,2026-05-16,2026-05-26,2026-05-26,721,shipped,False,0
3042,SITE-074,PART-1534,2026-06-25,2026-07-02,2026-07-20,227,shipped,True,18
3043,SITE-089,PART-7586,2025-03-10,2025-03-16,2025-03-14,381,pending,False,0
3044,SITE-019,PART-4354,2025-05-28,2025-06-06,2025-06-05,347,shipped,False,0
3045,SITE-078,PART-9128,2025-02-06,2025-02-14,2025-02-12,423,pending,False,0
3046,SITE-074,PART-2003,2025-09-16,2025-09-21,2025-09-19,781,delivered,False,0
3047,SITE-065,PART-5771,2025-01-04,2025-01-09,2025-01-13,915,shipped,True,4
3048,SITE-100,PART-1496,2026-02-25,2026-03-06,2026-03-06,921,pending,False,0
3049,SITE-028,PART-9374,2026-03-22,2026-03-30,2026-04-07,773,delivered,True,8
3050,SITE-009,PART-4084,2026-10-27,2026-11-06,2026-11-09,898,pending,True,3
3051,SITE-056,PART-6330,2026-11-24,2026-12-03,2026-12-03,278,delivered,False,0
3052,SITE-076,PART-3549,2025-04-12,2025-04-18,2025-04-17,286,delivered,False,0
3053,SITE-065,PART-5771,2025-08-21,2025-08-28,2025-08-28,867,delivered,False,0
3054,SITE-049,PART-2295,2025-08-17,2025-08-23,2025-09-04,534,pending,True,12
3055,SITE-042,PART-5990,2026-07-23,2026-08-01,2026-08-01,785,delivered,False,0
3056,SITE-064,PART-6913,2026-08-08,2026-08-15,2026-08-14,513,pending,False,0
3057,SITE-088,PART-3199,2025-02-17,2025-02-26,2025-02-26,186,shipped,False,0
3058,SITE-028,PART-1911,2026-01-18,2026-01-26,2026-02-03,208,pending,True,8
3059,SITE-046,PART-1335,2026-05-17,2026-05-26,2026-06-08,239,pending,True,13
3060,SITE-044,PART-7269,2025-03-15,2025-03-20,2025-03-18,29,pending,False,0
3061,SITE-012,PART-1358,2025-05-23,2025-05-31,2025-06-19,395,pending,True,19
3062,SITE-069,PART-7210,2025-03-22,2025-03-27,2025-03-25,947,shipped,False,0
3063,SITE-092,PART-1921,2026-03-13,2026-03-21,2026-03-21,840,pending,False,0
3064,SITE-016,PART-8007,2025-12-22,2025-12-28,2026-01-05,636,pending,True,8
3065,SITE-063,PART-4448,2026-08-20,2026-08-23,2026-08-23,902,delivered,False,0
3066,SITE-089,PART-4655,2026-07-07,2026-07-16,2026-07-15,325,delivered,False,0
3067,SITE-011,PART-8807,2026-03-10,2026-03-14,2026-03-13,472,shipped,False,0
3068,SITE-025,PART-7560,2025-09-18,2025-09-25,2025-09-25,131,delivered,False,0
3069,SITE-057,PART-8355,2026-12-10,2026-12-17,2026-12-15,808,shipped,False,0
3070,SITE-073,PART-5570,2026-01-21,2026-01-31,2026-01-31,668,shipped,False,0
3071,SITE-076,PART-5875,2026-01-25,2026-01-31,2026-01-30,288,pending,False,0
3072,SITE-038,PART-5172,2025-01-26,2025-02-02,2025-02-09,421,pending,True,7
3073,SITE-070,PART-6683,2026-04-13,2026-04-22,2026-04-20,690,pending,False,0
3074,SITE-078,PART-2235,2025-09-04,2025-09-13,2025-09-12,414,delivered,False,0
3075,SITE-035,PART-2218,2026-06-17,2026-06-24,2026-06-23,178,delivered,False,0
3076,SITE-080,PART-3648,2026-02-26,2026-03-03,2026-03-01,175,delivered,False,0
3077,SITE-072,PART-2505,2025-04-02,2025-04-12,2025-04-11,852,shipped,False,0
3078,SITE-079,PART-9558,2025-03-28,2025-04-01,2025-04-01,758,delivered,False,0
3079,SITE-097,PART-8555,2026-10-22,2026-10-26,2026-10-25,841,pending,False,0
3080,SITE-088,PART-5959,2025-03-12,2025-03-17,2025-03-16,402,delivered,False,0
3081,SITE-023,PART-2826,2025-09-05,2025-09-13,2025-09-12,592,pending,False,0
3082,SITE-065,PART-1173,2025-09-26,2025-10-05,2025-10-04,145,delivered,False,0
3083,SITE-049,PART-1134,2026-11-24,2026-12-04,2026-12-10,531,shipped,True,6
3084,SITE-055,PART-1591,2026-09-28,2026-10-01,2026-09-29,257,shipped,False,0
3085,SITE-083,PART-6349,2026-04-28,2026-05-06,2026-05-04,787,shipped,False,0
3086,SITE-034,PART-4872,2026-04-12,2026-04-19,2026-04-19,601,pending,False,0
3087,SITE-024,PART-7232,2025-06-20,2025-06-29,2025-06-29,277,pending,False,0
3088,SITE-054,PART-4392,2025-09-19,2025-09-29,2025-09-27,220,delivered,False,0
3089,SITE-027,PART-3917,2025-06-20,2025-06-27,2025-06-27,841,delivered,False,0
3090,SITE-098,PART-8474,2025-05-20,2025-05-24,2025-05-23,700,shipped,False,0
3091,SITE-069,PART-1768,2026-06-12,2026-06-21,2026-06-19,381,delivered,False,0
3092,SITE-066,PART-9606,2025-01-17,2025-01-21,2025-01-24,226,pending,True,3
3093,SITE-041,PART-4303,2025-02-12,2025-02-18,2025-02-17,147,shipped,False,0
3094,SITE-026,PART-7608,2026-12-22,2026-12-28,2026-12-28,953,shipped,False,0
3095,SITE-011,PART-1134,2025-01-18,2025-01-28,2025-01-27,94,shipped,False,0
3096,SITE-070,PART-7358,2025-03-15,2025-03-20,2025-04-02,352,delivered,True,13
3097,SITE-041,PART-7785,2025-03-11,2025-03-21,2025-03-20,745,shipped,False,0
3098,SITE-044,PART-7488,2025-10-03,2025-10-13,2025-10-11,492,delivered,False,0
3099,SITE-067,PART-3344,2025-10-05,2025-10-14,2025-10-14,971,delivered,False,0
3100,SITE-022,PART-1987,2026-02-10,2026-02-16,2026-02-15,610,shipped,False,0
3101,SITE-090,PART-3869,2025-11-22,2025-11-30,2025-11-30,184,delivered,False,0
3102,SITE-060,PART-5898,2025-04-17,2025-04-24,2025-04-23,721,delivered,False,0
3103,SITE-009,PART-6236,2026-12-11,2026-12-16,2026-12-15,860,delivered,False,0
3104,SITE-061,PART-7486,2026-04-02,2026-04-09,2026-04-09,283,shipped,False,0
3105,SITE-014,PART-2794,2025-05-23,2025-05-29,2025-05-29,416,shipped,False,0
3106,SITE-044,PART-8625,2025-07-22,2025-07-27,2025-07-25,333,shipped,False,0
3107,SITE-069,PART-8534,2026-08-16,2026-08-24,2026-08-24,738,delivered,False,0
3108,SITE-032,PART-9833,2025-08-14,2025-08-22,2025-09-10,78,pending,True,19
3109,SITE-024,PART-5959,2026-12-12,2026-12-20,2026-12-19,459,shipped,False,0
3110,SITE-011,PART-8986,2025-09-20,2025-09-25,2025-09-23,299,delivered,False,0
3111,SITE-055,PART-9558,2026-09-03,2026-09-09,2026-09-07,587,delivered,False,0
3112,SITE-086,PART-7833,2025-08-07,2025-08-12,2025-08-12,157,shipped,False,0
3113,SITE-055,PART-1734,2026-09-24,2026-10-03,2026-10-02,802,shipped,False,0
3114,SITE-039,PART-1405,2025-08-23,2025-08-27,2025-08-26,917,delivered,False,0
3115,SITE-071,PART-8042,2025-05-28,2025-06-04,2025-06-02,469,pending,False,0
3116,SITE-062,PART-8746,2026-06-18,2026-06-24,2026-06-24,414,delivered,False,0
3117,SITE-071,PART-5982,2026-11-02,2026-11-05,2026-11-04,737,delivered,False,0
3118,SITE-092,PART-2397,2026-06-14,2026-06-23,2026-07-01,733,shipped,True,8
3119,SITE-067,PART-6101,2025-02-12,2025-02-16,2025-02-16,639,shipped,False,0
3120,SITE-078,PART-8529,2025-10-02,2025-10-06,2025-10-04,239,pending,False,0
3121,SITE-054,PART-9893,2026-06-18,2026-06-23,2026-06-22,93,pending,False,0
3122,SITE-008,PART-5805,2026-11-22,2026-11-27,2026-11-25,113,delivered,False,0
3123,SITE-029,PART-2394,2025-05-09,2025-05-16,2025-05-14,687,pending,False,0
3124,SITE-030,PART-5668,2026-03-08,2026-03-14,2026-03-14,300,pending,False,0
3125,SITE-091,PART-9128,2026-06-16,2026-06-24,2026-06-22,801,pending,False,0
3126,SITE-043,PART-9037,2026-04-15,2026-04-23,2026-05-07,700,pending,True,14
3127,SITE-015,PART-7498,2026-02-15,2026-02-22,2026-02-22,918,delivered,False,0
3128,SITE-053,PART-6327,2026-07-14,2026-07-21,2026-07-21,130,delivered,False,0
3129,SITE-076,PART-5198,2026-07-12,2026-07-20,2026-07-20,736,delivered,False,0
3130,SITE-099,PART-4518,2025-02-19,2025-02-22,2025-03-02,304,delivered,True,8
3131,SITE-081,PART-5121,2026-11-28,2026-12-04,2026-12-04,308,pending,False,0
3132,SITE-035,PART-5319,2026-01-20,2026-01-26,2026-01-24,53,shipped,False,0
3133,SITE-031,PART-6768,2025-05-17,2025-05-23,2025-05-22,793,delivered,False,0
3134,SITE-092,PART-6924,2026-05-17,2026-05-22,2026-05-20,762,delivered,False,0
3135,SITE-064,PART-2430,2025-09-11,2025-09-17,2025-09-17,185,delivered,False,0
3136,SITE-011,PART-7200,2025-09-15,2025-09-23,2025-09-21,416,pending,False,0
3137,SITE-100,PART-9768,2026-09-18,2026-09-22,2026-09-26,733,delivered,True,4
3138,SITE-066,PART-7067,2025-12-23,2025-12-26,2025-12-26,352,delivered,False,0
3139,SITE-042,PART-7211,2025-12-18,2025-12-26,2025-12-26,197,delivered,False,0
3140,SITE-059,PART-5648,2026-06-11,2026-06-15,2026-06-13,511,shipped,False,0
3141,SITE-012,PART-2506,2025-09-08,2025-09-11,2025-09-09,626,shipped,False,0
3142,SITE-040,PART-7486,2025-03-19,2025-03-26,2025-03-25,749,shipped,False,0
3143,SITE-083,PART-3735,2025-04-07,2025-04-16,2025-04-14,89,delivered,False,0
3144,SITE-058,PART-7534,2025-05-05,2025-05-10,2025-05-10,991,shipped,False,0
3145,SITE-045,PART-1032,2025-08-19,2025-08-25,2025-08-24,346,pending,False,0
3146,SITE-017,PART-7967,2026-03-27,2026-04-03,2026-04-02,604,delivered,False,0
3147,SITE-065,PART-7314,2026-01-21,2026-01-24,2026-01-24,95,pending,False,0
3148,SITE-034,PART-4680,2025-03-12,2025-03-17,2025-03-26,778,delivered,True,9
3149,SITE-042,PART-2896,2025-04-24,2025-04-28,2025-04-28,962,delivered,False,0
3150,SITE-012,PART-4677,2026-03-25,2026-03-30,2026-03-28,973,shipped,False,0
3151,SITE-006,PART-8451,2025-09-13,2025-09-19,2025-09-19,20,shipped,False,0
3152,SITE-019,PART-7053,2026-01-21,2026-01-25,2026-01-25,319,pending,False,0
3153,SITE-041,PART-6908,2025-02-25,2025-03-03,2025-03-03,275,pending,False,0
3154,SITE-041,PART-9278,2025-05-08,2025-05-16,2025-05-16,232,delivered,False,0
3155,SITE-014,PART-6568,2026-09-16,2026-09-24,2026-09-26,138,pending,True,2
3156,SITE-082,PART-9795,2026-01-02,2026-01-11,2026-01-10,415,delivered,False,0
3157,SITE-017,PART-3347,2026-12-21,2026-12-26,2026-12-25,672,delivered,False,0
3158,SITE-096,PART-9097,2025-07-07,2025-07-16,2025-07-16,27,shipped,False,0
3159,SITE-050,PART-2521,2025-06-25,2025-07-03,2025-07-01,997,pending,False,0
3160,SITE-050,PART-1142,2026-05-13,2026-05-18,2026-05-16,268,delivered,False,0
3161,SITE-030,PART-4251,2026-11-23,2026-11-27,2026-11-27,67,pending,False,0
3162,SITE-050,PART-6628,2026-09-01,2026-09-09,2026-09-19,701,pending,True,10
3163,SITE-097,PART-4062,2026-09-20,2026-09-30,2026-10-05,945,shipped,True,5
3164,SITE-059,PART-3799,2025-05-17,2025-05-24,2025-05-24,692,shipped,False,0
3165,SITE-037,PART-2590,2025-06-14,2025-06-24,2025-07-02,403,shipped,True,8
3166,SITE-085,PART-5674,2026-08-23,2026-09-02,2026-08-31,288,delivered,False,0
3167,SITE-094,PART-1524,2025-02-20,2025-02-27,2025-03-18,190,shipped,True,19
3168,SITE-074,PART-4906,2026-07-19,2026-07-27,2026-07-26,187,pending,False,0
3169,SITE-036,PART-8181,2026-03-26,2026-03-30,2026-03-29,369,shipped,False,0
3170,SITE-041,PART-8555,2026-04-16,2026-04-20,2026-04-18,886,pending,False,0
3171,SITE-061,PART-5749,2026-01-24,2026-02-01,2026-01-30,564,pending,False,0
3172,SITE-079,PART-5990,2025-07-05,2025-07-11,2025-07-11,731,pending,False,0
3173,SITE-070,PART-5198,2025-08-04,2025-08-14,2025-08-12,877,delivered,False,0
3174,SITE-075,PART-6778,2025-06-01,2025-06-04,2025-06-02,160,pending,False,0
3175,SITE-094,PART-7045,2025-05-27,2025-06-02,2025-05-31,313,pending,False,0
3176,SITE-094,PART-3064,2026-10-14,2026-10-24,2026-10-24,593,shipped,False,0
3177,SITE-065,PART-3280,2025-12-22,2025-12-29,2026-01-02,589,shipped,True,4
3178,SITE-083,PART-9213,2025-05-02,2025-05-10,2025-05-09,18,pending,False,0
3179,SITE-011,PART-9340,2026-09-21,2026-09-25,2026-10-09,839,pending,True,14
3180,SITE-032,PART-8676,2025-07-07,2025-07-10,2025-07-10,981,shipped,False,0
3181,SITE-031,PART-7165,2026-04-02,2026-04-11,2026-04-09,569,delivered,False,0
3182,SITE-049,PART-7416,2026-07-15,2026-07-19,2026-07-17,508,delivered,False,0
3183,SITE-058,PART-8524,2026-08-09,2026-08-13,2026-08-12,754,delivered,False,0
3184,SITE-059,PART-4251,2026-04-12,2026-04-18,2026-04-18,559,shipped,False,0
3185,SITE-036,PART-9204,2026-12-12,2026-12-18,2026-12-16,969,delivered,False,0
3186,SITE-009,PART-4247,2025-02-23,2025-02-28,2025-02-26,968,shipped,False,0
3187,SITE-067,PART-8625,2026-12-07,2026-12-14,2026-12-12,72,pending,False,0
3188,SITE-004,PART-9678,2026-09-22,2026-09-29,2026-09-28,742,pending,False,0
3189,SITE-092,PART-2451,2025-03-23,2025-03-26,2025-03-24,768,shipped,False,0
3190,SITE-053,PART-6784,2026-07-21,2026-07-30,2026-07-29,656,shipped,False,0
3191,SITE-062,PART-5503,2026-07-25,2026-08-03,2026-08-03,335,shipped,False,0
3192,SITE-060,PART-3343,2025-07-03,2025-07-09,2025-07-25,917,shipped,True,16
3193,SITE-032,PART-9549,2026-04-28,2026-05-05,2026-05-06,355,delivered,True,1
3194,SITE-056,PART-1194,2026-11-02,2026-11-05,2026-11-04,142,delivered,False,0
3195,SITE-043,PART-3915,2025-06-18,2025-06-22,2025-06-20,57,pending,False,0
3196,SITE-048,PART-1768,2026-06-15,2026-06-22,2026-06-22,164,delivered,False,0
3197,SITE-028,PART-2331,2025-01-18,2025-01-22,2025-01-21,149,delivered,False,0
3198,SITE-034,PART-9038,2025-09-27,2025-10-06,2025-10-05,10,pending,False,0
3199,SITE-031,PART-7608,2026-12-25,2026-12-30,2026-12-29,670,pending,False,0
3200,SITE-072,PART-3553,2026-01-26,2026-01-31,2026-01-30,826,shipped,False,0
3201,SITE-021,PART-3105,2025-03-18,2025-03-26,2025-03-25,376,shipped,False,0
3202,SITE-010,PART-6812,2025-10-11,2025-10-15,2025-10-14,385,delivered,False,0
3203,SITE-094,PART-2356,2026-04-19,2026-04-23,2026-04-21,483,delivered,False,0
3204,SITE-079,PART-2003,2026-04-13,2026-04-16,2026-04-14,684,shipped,False,0
3205,SITE-017,PART-1198,2025-09-17,2025-09-27,2025-09-27,447,shipped,False,0
3206,SITE-011,PART-2739,2026-04-11,2026-04-20,2026-04-20,950,pending,False,0
3207,SITE-062,PART-3161,2026-03-13,2026-03-23,2026-03-21,303,pending,False,0
3208,SITE-082,PART-9883,2025-01-12,2025-01-20,2025-01-18,621,pending,False,0
3209,SITE-066,PART-5762,2025-01-26,2025-02-05,2025-02-04,181,delivered,False,0
3210,SITE-077,PART-4804,2026-01-08,2026-01-14,2026-01-13,761,shipped,False,0
3211,SITE-036,PART-4829,2026-08-11,2026-08-19,2026-08-18,308,delivered,False,0
3212,SITE-085,PART-2590,2026-06-12,2026-06-19,2026-06-17,430,delivered,False,0
3213,SITE-064,PART-5427,2026-08-01,2026-08-05,2026-08-05,53,shipped,False,0
3214,SITE-027,PART-4260,2025-12-28,2026-01-07,2026-01-15,527,shipped,True,8
3215,SITE-068,PART-8496,2026-08-15,2026-08-21,2026-08-21,954,pending,False,0
3216,SITE-013,PART-6983,2025-12-28,2026-01-03,2026-01-01,128,pending,False,0
3217,SITE-083,PART-5321,2026-08-10,2026-08-18,2026-08-16,545,shipped,False,0
3218,SITE-076,PART-4215,2026-04-02,2026-04-05,2026-04-04,750,shipped,False,0
3219,SITE-025,PART-2415,2026-04-18,2026-04-28,2026-04-28,873,pending,False,0
3220,SITE-063,PART-8537,2026-05-27,2026-06-02,2026-06-01,509,pending,False,0
3221,SITE-096,PART-5749,2025-12-04,2025-12-12,2025-12-12,975,delivered,False,0
3222,SITE-089,PART-3504,2026-03-21,2026-03-25,2026-03-25,589,delivered,False,0
3223,SITE-027,PART-2802,2026-10-14,2026-10-24,2026-10-23,585,delivered,False,0
3224,SITE-002,PART-7250,2026-01-02,2026-01-11,2026-01-11,616,pending,False,0
3225,SITE-036,PART-3161,2026-11-12,2026-11-19,2026-11-19,572,delivered,False,0
3226,SITE-076,PART-1759,2025-04-11,2025-04-19,2025-05-05,439,shipped,True,16
3227,SITE-058,PART-5214,2025-01-27,2025-02-01,2025-01-31,636,delivered,False,0
3228,SITE-098,PART-3349,2026-05-20,2026-05-28,2026-06-11,959,delivered,True,14
3229,SITE-029,PART-7093,2025-01-27,2025-01-31,2025-01-31,409,delivered,False,0
3230,SITE-036,PART-3887,2025-01-16,2025-01-23,2025-01-21,598,delivered,False,0
3231,SITE-020,PART-4062,2026-06-18,2026-06-22,2026-06-29,268,shipped,True,7
3232,SITE-083,PART-4032,2026-03-08,2026-03-15,2026-03-14,361,pending,False,0
3233,SITE-057,PART-5805,2026-07-28,2026-08-01,2026-08-01,516,shipped,False,0
3234,SITE-058,PART-5127,2025-12-20,2025-12-29,2025-12-29,82,shipped,False,0
3235,SITE-054,PART-6013,2025-06-28,2025-07-05,2025-07-05,288,delivered,False,0
3236,SITE-051,PART-4280,2026-03-14,2026-03-24,2026-03-22,910,pending,False,0
3237,SITE-012,PART-4382,2026-08-20,2026-08-29,2026-08-28,43,shipped,False,0
3238,SITE-078,PART-6183,2025-10-03,2025-10-11,2025-10-11,578,shipped,False,0
3239,SITE-085,PART-3274,2025-12-03,2025-12-11,2025-12-10,722,pending,False,0
3240,SITE-094,PART-6013,2025-06-21,2025-06-27,2025-06-25,432,pending,False,0
3241,SITE-025,PART-5570,2025-05-16,2025-05-26,2025-05-25,94,pending,False,0
3242,SITE-093,PART-8199,2025-03-15,2025-03-20,2025-03-19,868,delivered,False,0
3243,SITE-069,PART-7578,2026-05-06,2026-05-11,2026-05-10,909,delivered,False,0
3244,SITE-050,PART-8211,2026-03-19,2026-03-29,2026-04-01,610,pending,True,3
3245,SITE-047,PART-2779,2025-09-13,2025-09-22,2025-10-06,806,delivered,True,14
3246,SITE-073,PART-4663,2025-03-11,2025-03-18,2025-03-16,267,shipped,False,0
3247,SITE-003,PART-2404,2026-08-15,2026-08-18,2026-08-17,652,delivered,False,0
3248,SITE-003,PART-2830,2025-05-28,2025-05-31,2025-05-31,350,pending,False,0
3249,SITE-002,PART-1264,2026-01-27,2026-02-04,2026-02-04,886,shipped,False,0
3250,SITE-069,PART-3101,2026-07-22,2026-07-29,2026-07-27,600,delivered,False,0
3251,SITE-097,PART-2790,2026-08-05,2026-08-11,2026-08-09,764,delivered,False,0
3252,SITE-078,PART-9216,2026-08-03,2026-08-08,2026-08-08,959,pending,False,0
3253,SITE-027,PART-3822,2025-09-13,2025-09-16,2025-09-15,790,pending,False,0
3254,SITE-021,PART-9211,2025-11-28,2025-12-02,2025-12-01,697,shipped,False,0
3255,SITE-009,PART-5534,2025-09-03,2025-09-07,2025-09-07,262,shipped,False,0
3256,SITE-001,PART-8910,2025-02-05,2025-02-11,2025-02-11,581,delivered,False,0
3257,SITE-086,PART-6975,2025-09-28,2025-10-06,2025-10-04,374,delivered,False,0
3258,SITE-047,PART-9165,2026-05-23,2026-05-31,2026-05-30,760,pending,False,0
3259,SITE-088,PART-9121,2026-05-16,2026-05-22,2026-05-21,319,shipped,False,0
3260,SITE-030,PART-9666,2025-07-03,2025-07-11,2025-07-10,844,shipped,False,0
3261,SITE-076,PART-3340,2025-08-02,2025-08-05,2025-08-04,454,pending,False,0
3262,SITE-043,PART-7488,2025-04-25,2025-04-30,2025-04-29,874,delivered,False,0
3263,SITE-005,PART-6327,2026-01-09,2026-01-13,2026-01-11,471,shipped,False,0
3264,SITE-024,PART-3193,2026-05-04,2026-05-13,2026-05-12,570,shipped,False,0
3265,SITE-037,PART-8807,2026-10-25,2026-11-01,2026-11-01,133,pending,False,0
3266,SITE-011,PART-6803,2026-12-28,2027-01-04,2027-01-03,948,pending,False,0
3267,SITE-100,PART-5762,2025-11-13,2025-11-23,2025-11-22,551,pending,False,0
3268,SITE-096,PART-3333,2026-12-12,2026-12-20,2026-12-20,990,delivered,False,0
3269,SITE-061,PART-9451,2025-04-19,2025-04-23,2025-04-22,124,delivered,False,0
3270,SITE-042,PART-8214,2025-06-08,2025-06-15,2025-06-13,62,pending,False,0
3271,SITE-049,PART-1945,2026-02-02,2026-02-08,2026-02-06,73,pending,False,0
3272,SITE-036,PART-7210,2026-04-16,2026-04-19,2026-04-19,788,delivered,False,0
3273,SITE-081,PART-1402,2025-12-14,2025-12-18,2025-12-18,20,shipped,False,0
3274,SITE-047,PART-2802,2026-01-28,2026-02-05,2026-02-03,828,pending,False,0
3275,SITE-093,PART-4277,2026-08-06,2026-08-13,2026-08-12,430,delivered,False,0
3276,SITE-004,PART-4450,2025-04-16,2025-04-19,2025-04-18,866,delivered,False,0
3277,SITE-077,PART-8202,2025-05-19,2025-05-22,2025-05-21,928,delivered,False,0
3278,SITE-076,PART-5319,2025-11-14,2025-11-17,2025-11-17,174,shipped,False,0
3279,SITE-064,PART-4206,2025-12-20,2025-12-28,2025-12-28,947,pending,False,0
3280,SITE-076,PART-7588,2025-01-09,2025-01-13,2025-01-13,648,delivered,False,0
3281,SITE-041,PART-7425,2025-09-15,2025-09-20,2025-09-24,602,delivered,True,4
3282,SITE-008,PART-5214,2025-03-20,2025-03-30,2025-03-29,906,delivered,False,0
3283,SITE-084,PART-6221,2025-08-05,2025-08-13,2025-08-13,913,shipped,False,0
3284,SITE-074,PART-6784,2026-06-10,2026-06-14,2026-06-12,289,shipped,False,0
3285,SITE-079,PART-7441,2025-05-14,2025-05-19,2025-05-17,745,shipped,False,0
3286,SITE-017,PART-1264,2025-04-01,2025-04-06,2025-04-04,98,delivered,False,0
3287,SITE-069,PART-5646,2025-11-12,2025-11-15,2025-11-21,783,pending,True,6
3288,SITE-034,PART-4804,2026-05-23,2026-05-31,2026-05-29,992,delivered,False,0
3289,SITE-021,PART-6286,2025-06-04,2025-06-11,2025-06-11,827,shipped,False,0
3290,SITE-095,PART-6854,2025-05-14,2025-05-17,2025-05-16,539,delivered,False,0
3291,SITE-093,PART-9340,2026-10-23,2026-10-26,2026-10-25,185,delivered,False,0
3292,SITE-073,PART-9606,2025-08-17,2025-08-23,2025-08-23,270,shipped,False,0
3293,SITE-007,PART-6391,2026-04-23,2026-04-27,2026-04-26,489,delivered,False,0
3294,SITE-034,PART-5950,2025-03-02,2025-03-05,2025-03-03,608,delivered,False,0
3295,SITE-068,PART-7823,2025-03-13,2025-03-21,2025-03-20,436,delivered,False,0
3296,SITE-100,PART-2419,2025-04-09,2025-04-15,2025-04-15,162,shipped,False,0
3297,SITE-080,PART-3869,2026-01-04,2026-01-14,2026-01-13,889,pending,False,0
3298,SITE-098,PART-2577,2025-02-16,2025-02-25,2025-03-02,123,delivered,True,5
3299,SITE-078,PART-1266,2026-02-13,2026-02-20,2026-02-19,640,pending,False,0
3300,SITE-044,PART-6903,2025-07-07,2025-07-10,2025-07-10,513,pending,False,0
3301,SITE-072,PART-6811,2026-08-19,2026-08-27,2026-08-27,411,pending,False,0
3302,SITE-032,PART-3121,2025-05-14,2025-05-21,2025-05-19,415,delivered,False,0
3303,SITE-047,PART-4886,2026-11-20,2026-11-28,2026-11-26,589,shipped,False,0
3304,SITE-008,PART-5950,2026-09-23,2026-10-01,2026-09-30,750,pending,False,0
3305,SITE-025,PART-1816,2025-04-25,2025-05-01,2025-04-29,77,delivered,False,0
3306,SITE-096,PART-2127,2025-11-10,2025-11-13,2025-11-12,228,shipped,False,0
3307,SITE-100,PART-1926,2025-12-07,2025-12-17,2025-12-15,199,delivered,False,0
3308,SITE-072,PART-9467,2025-08-16,2025-08-25,2025-09-08,617,pending,True,14
3309,SITE-050,PART-4450,2026-05-25,2026-05-31,2026-05-29,712,pending,False,0
3310,SITE-055,PART-8254,2025-11-18,2025-11-22,2025-11-20,772,shipped,False,0
3311,SITE-016,PART-1363,2025-04-23,2025-04-29,2025-04-27,596,delivered,False,0
3312,SITE-075,PART-2963,2026-07-20,2026-07-23,2026-07-23,774,pending,False,0
3313,SITE-018,PART-2699,2026-11-09,2026-11-18,2026-11-16,987,delivered,False,0
3314,SITE-059,PART-8199,2025-11-23,2025-11-30,2025-11-30,983,delivered,False,0
3315,SITE-100,PART-2577,2025-07-13,2025-07-16,2025-07-23,158,pending,True,7
3316,SITE-074,PART-6803,2026-02-15,2026-02-24,2026-02-22,8,shipped,False,0
3317,SITE-078,PART-7121,2026-10-14,2026-10-24,2026-10-23,705,shipped,False,0
3318,SITE-030,PART-7606,2026-09-28,2026-10-05,2026-10-05,156,pending,False,0
3319,SITE-061,PART-6926,2025-01-20,2025-01-24,2025-01-22,892,shipped,False,0
3320,SITE-036,PART-6327,2026-02-05,2026-02-11,2026-02-10,786,shipped,False,0
3321,SITE-060,PART-4404,2025-04-01,2025-04-07,2025-04-06,66,pending,False,0
3322,SITE-091,PART-4392,2025-05-23,2025-05-29,2025-06-03,945,delivered,True,5
3323,SITE-047,PART-7083,2026-02-09,2026-02-17,2026-02-16,789,shipped,False,0
3324,SITE-060,PART-4908,2025-01-02,2025-01-09,2025-01-07,471,pending,False,0
3325,SITE-054,PART-7486,2025-02-17,2025-02-27,2025-02-27,941,shipped,False,0
3326,SITE-003,PART-2451,2025-03-10,2025-03-14,2025-03-12,285,pending,False,0
3327,SITE-065,PART-7419,2026-05-21,2026-05-24,2026-05-23,524,pending,False,0
3328,SITE-035,PART-3209,2025-01-17,2025-01-27,2025-01-26,864,shipped,False,0
3329,SITE-099,PART-8505,2025-06-03,2025-06-12,2025-06-12,513,pending,False,0
3330,SITE-011,PART-3133,2026-03-06,2026-03-09,2026-03-08,117,delivered,False,0
3331,SITE-020,PART-8928,2025-07-27,2025-08-01,2025-08-01,791,delivered,False,0
3332,SITE-058,PART-1347,2025-02-09,2025-02-15,2025-02-13,983,shipped,False,0
3333,SITE-081,PART-8994,2025-10-01,2025-10-06,2025-10-04,967,pending,False,0
3334,SITE-079,PART-8483,2026-07-02,2026-07-10,2026-07-10,187,shipped,False,0
3335,SITE-070,PART-4713,2026-01-13,2026-01-20,2026-01-20,699,shipped,False,0
3336,SITE-009,PART-7428,2026-03-21,2026-03-30,2026-03-28,802,shipped,False,0
3337,SITE-031,PART-3825,2026-07-10,2026-07-20,2026-07-19,121,pending,False,0
3338,SITE-080,PART-9605,2025-06-18,2025-06-23,2025-06-23,845,delivered,False,0
3339,SITE-021,PART-3655,2026-01-15,2026-01-25,2026-01-25,339,pending,False,0
3340,SITE-041,PART-5350,2026-01-06,2026-01-14,2026-01-14,79,delivered,False,0
3341,SITE-008,PART-4906,2025-09-23,2025-09-27,2025-09-26,282,delivered,False,0
3342,SITE-046,PART-9678,2025-10-02,2025-10-12,2025-10-21,922,pending,True,9
3343,SITE-071,PART-6176,2025-03-26,2025-04-05,2025-04-15,527,shipped,True,10
3344,SITE-074,PART-1099,2026-11-10,2026-11-15,2026-11-13,278,pending,False,0
3345,SITE-066,PART-4538,2026-05-10,2026-05-18,2026-05-17,637,pending,False,0
3346,SITE-020,PART-7486,2025-05-26,2025-06-04,2025-06-09,212,delivered,True,5
3347,SITE-019,PART-9099,2025-03-03,2025-03-07,2025-03-06,332,shipped,False,0
3348,SITE-091,PART-7441,2025-11-05,2025-11-11,2025-11-18,338,pending,True,7
3349,SITE-015,PART-8488,2026-11-09,2026-11-13,2026-11-17,95,delivered,True,4
3350,SITE-059,PART-8625,2026-04-28,2026-05-07,2026-05-06,24,shipped,False,0
3351,SITE-071,PART-2622,2025-09-04,2025-09-12,2025-09-10,177,shipped,False,0
3352,SITE-033,PART-9388,2026-08-01,2026-08-09,2026-08-14,589,pending,True,5
3353,SITE-002,PART-8214,2026-10-25,2026-10-28,2026-11-05,385,shipped,True,8
3354,SITE-047,PART-6153,2025-08-20,2025-08-29,2025-08-29,461,shipped,False,0
3355,SITE-047,PART-5543,2025-09-25,2025-10-01,2025-09-30,403,delivered,False,0
3356,SITE-018,PART-1142,2025-11-08,2025-11-15,2025-11-13,740,delivered,False,0
3357,SITE-058,PART-9288,2025-11-07,2025-11-14,2025-11-14,291,pending,False,0
3358,SITE-002,PART-2683,2026-11-22,2026-11-28,2026-11-27,171,pending,False,0
3359,SITE-006,PART-9097,2026-12-09,2026-12-14,2026-12-13,705,shipped,False,0
3360,SITE-079,PART-9758,2025-07-23,2025-08-01,2025-08-01,32,delivered,False,0
3361,SITE-078,PART-7020,2026-09-10,2026-09-19,2026-09-19,199,shipped,False,0
3362,SITE-062,PART-7792,2025-04-01,2025-04-11,2025-04-09,103,shipped,False,0
3363,SITE-010,PART-9184,2025-08-20,2025-08-29,2025-08-29,924,shipped,False,0
3364,SITE-025,PART-3344,2026-07-10,2026-07-17,2026-07-17,856,shipped,False,0
3365,SITE-012,PART-2521,2025-10-09,2025-10-18,2025-10-16,433,delivered,False,0
3366,SITE-009,PART-2779,2025-11-27,2025-12-03,2025-12-03,978,pending,False,0
3367,SITE-020,PART-4844,2025-09-08,2025-09-16,2025-09-16,995,pending,False,0
3368,SITE-057,PART-8423,2026-05-26,2026-06-02,2026-06-01,504,delivered,False,0
3369,SITE-026,PART-3251,2026-02-15,2026-02-22,2026-02-20,522,pending,False,0
3370,SITE-039,PART-6162,2025-11-19,2025-11-26,2025-11-25,611,shipped,False,0
3371,SITE-033,PART-2305,2025-02-06,2025-02-14,2025-02-13,690,delivered,False,0
3372,SITE-081,PART-6371,2026-05-05,2026-05-10,2026-05-09,517,shipped,False,0
3373,SITE-038,PART-4781,2026-05-07,2026-05-12,2026-05-10,998,pending,False,0
3374,SITE-093,PART-9558,2025-10-18,2025-10-22,2025-10-22,941,delivered,False,0
3375,SITE-042,PART-1897,2026-07-22,2026-07-28,2026-07-28,417,pending,False,0
3376,SITE-006,PART-8534,2026-08-23,2026-09-01,2026-08-30,365,shipped,False,0
3377,SITE-046,PART-8448,2026-06-16,2026-06-22,2026-06-21,560,delivered,False,0
3378,SITE-075,PART-3276,2025-03-11,2025-03-17,2025-03-17,607,delivered,False,0
3379,SITE-012,PART-8199,2025-11-25,2025-12-03,2025-12-02,994,shipped,False,0
3380,SITE-029,PART-6819,2025-07-26,2025-08-03,2025-08-12,13,shipped,True,9
3381,SITE-037,PART-9388,2026-04-01,2026-04-11,2026-04-14,152,shipped,True,3
3382,SITE-006,PART-2705,2026-02-07,2026-02-15,2026-02-15,71,pending,False,0
3383,SITE-012,PART-7486,2026-10-23,2026-10-26,2026-10-24,32,shipped,False,0
3384,SITE-038,PART-8723,2026-05-28,2026-06-05,2026-06-05,590,pending,False,0
3385,SITE-067,PART-6803,2025-01-20,2025-01-30,2025-01-30,567,shipped,False,0
3386,SITE-064,PART-6615,2026-02-16,2026-02-19,2026-02-17,343,delivered,False,0
3387,SITE-025,PART-8496,2026-06-17,2026-06-21,2026-06-20,927,pending,False,0
3388,SITE-035,PART-5401,2025-01-01,2025-01-07,2025-01-06,331,pending,False,0
3389,SITE-094,PART-1632,2026-08-11,2026-08-16,2026-08-15,250,delivered,False,0
3390,SITE-089,PART-3109,2026-04-20,2026-04-29,2026-04-28,697,delivered,False,0
3391,SITE-034,PART-6513,2026-07-24,2026-08-02,2026-08-02,495,pending,False,0
3392,SITE-030,PART-6842,2025-09-04,2025-09-07,2025-09-06,476,pending,False,0
3393,SITE-038,PART-6814,2025-06-01,2025-06-11,2025-06-10,601,shipped,False,0
3394,SITE-020,PART-5749,2025-12-10,2025-12-14,2025-12-12,659,shipped,False,0
3395,SITE-075,PART-1219,2025-05-28,2025-06-07,2025-06-06,593,delivered,False,0
3396,SITE-075,PART-3869,2025-07-21,2025-07-29,2025-08-07,938,pending,True,9
3397,SITE-077,PART-3819,2026-06-26,2026-06-30,2026-06-28,695,delivered,False,0
3398,SITE-038,PART-1817,2026-12-04,2026-12-09,2026-12-08,171,pending,False,0
3399,SITE-060,PART-3130,2025-06-06,2025-06-12,2025-06-12,806,delivered,False,0
3400,SITE-072,PART-6586,2026-04-10,2026-04-20,2026-04-20,806,pending,False,0
3401,SITE-050,PART-6013,2025-04-02,2025-04-06,2025-04-04,281,delivered,False,0
3402,SITE-068,PART-6299,2026-01-17,2026-01-25,2026-01-25,800,shipped,False,0
3403,SITE-048,PART-3246,2025-09-08,2025-09-18,2025-09-30,957,shipped,True,12
3404,SITE-006,PART-8496,2026-02-17,2026-02-20,2026-02-19,173,shipped,False,0
3405,SITE-008,PART-2356,2026-07-24,2026-07-29,2026-07-29,281,pending,False,0
3406,SITE-021,PART-7211,2026-05-03,2026-05-13,2026-05-12,491,pending,False,0
3407,SITE-067,PART-1081,2026-04-17,2026-04-21,2026-05-03,134,pending,True,12
3408,SITE-061,PART-4184,2025-05-08,2025-05-15,2025-05-14,247,shipped,False,0
3409,SITE-087,PART-1534,2026-01-05,2026-01-15,2026-01-15,235,shipped,False,0
3410,SITE-085,PART-3959,2025-08-16,2025-08-26,2025-08-26,235,delivered,False,0
3411,SITE-091,PART-8448,2026-10-05,2026-10-13,2026-10-13,890,delivered,False,0
3412,SITE-079,PART-1081,2025-09-11,2025-09-16,2025-09-16,237,pending,False,0
3413,SITE-094,PART-3602,2025-01-07,2025-01-11,2025-01-11,431,delivered,False,0
3414,SITE-061,PART-3009,2026-04-22,2026-04-26,2026-04-26,456,delivered,False,0
3415,SITE-095,PART-9128,2026-02-16,2026-02-25,2026-02-23,308,delivered,False,0
3416,SITE-052,PART-4997,2026-09-24,2026-10-02,2026-10-01,81,delivered,False,0
3417,SITE-068,PART-2959,2026-02-05,2026-02-15,2026-02-15,864,delivered,False,0
3418,SITE-060,PART-1700,2025-11-18,2025-11-24,2025-11-23,883,pending,False,0
3419,SITE-020,PART-2356,2025-06-25,2025-06-29,2025-06-29,922,pending,False,0
3420,SITE-077,PART-1327,2026-11-04,2026-11-13,2026-11-11,777,pending,False,0
3421,SITE-044,PART-1942,2025-04-06,2025-04-12,2025-04-17,663,delivered,True,5
3422,SITE-023,PART-5415,2026-12-16,2026-12-22,2026-12-22,277,shipped,False,0
3423,SITE-042,PART-8723,2025-06-18,2025-06-22,2025-06-21,176,pending,False,0
3424,SITE-074,PART-7203,2025-10-27,2025-11-02,2025-11-04,809,shipped,True,2
3425,SITE-054,PART-4655,2026-05-20,2026-05-26,2026-06-06,261,shipped,True,11
3426,SITE-086,PART-7345,2025-04-27,2025-05-02,2025-05-01,140,delivered,False,0
3427,SITE-058,PART-1591,2025-07-13,2025-07-18,2025-07-18,45,pending,False,0
3428,SITE-039,PART-2973,2026-06-08,2026-06-17,2026-06-15,623,delivered,False,0
3429,SITE-003,PART-1335,2026-05-06,2026-05-15,2026-05-15,284,shipped,False,0
3430,SITE-042,PART-6894,2026-03-20,2026-03-29,2026-03-29,447,delivered,False,0
3431,SITE-048,PART-7156,2025-03-23,2025-03-28,2025-03-27,996,delivered,False,0
3432,SITE-037,PART-2896,2026-06-11,2026-06-20,2026-06-20,447,pending,False,0
3433,SITE-017,PART-8003,2026-05-26,2026-05-29,2026-05-27,62,pending,False,0
3434,SITE-015,PART-8959,2025-04-10,2025-04-19,2025-04-17,299,shipped,False,0
3435,SITE-067,PART-2952,2025-03-08,2025-03-13,2025-03-12,425,shipped,False,0
3436,SITE-007,PART-2135,2026-12-13,2026-12-23,2026-12-21,608,shipped,False,0
3437,SITE-061,PART-8518,2025-07-07,2025-07-14,2025-07-22,68,delivered,True,8
3438,SITE-045,PART-3070,2025-04-22,2025-04-26,2025-04-24,704,shipped,False,0
3439,SITE-024,PART-5539,2026-11-10,2026-11-14,2026-11-27,419,shipped,True,13
3440,SITE-066,PART-5133,2025-02-02,2025-02-05,2025-02-04,733,shipped,False,0
3441,SITE-005,PART-2790,2026-01-12,2026-01-19,2026-01-18,293,delivered,False,0
3442,SITE-095,PART-2397,2025-06-19,2025-06-25,2025-06-23,147,shipped,False,0
3443,SITE-067,PART-1934,2026-08-13,2026-08-19,2026-08-17,770,pending,False,0
3444,SITE-064,PART-8279,2025-03-13,2025-03-19,2025-03-22,272,pending,True,3
3445,SITE-009,PART-7424,2025-12-05,2025-12-12,2025-12-10,992,delivered,False,0
3446,SITE-060,PART-6162,2025-04-27,2025-05-02,2025-05-01,755,shipped,False,0
3447,SITE-026,PART-5919,2026-12-27,2026-12-30,2026-12-30,294,pending,False,0
3448,SITE-078,PART-9564,2025-02-11,2025-02-17,2025-02-15,403,delivered,False,0
3449,SITE-025,PART-7045,2025-02-09,2025-02-14,2025-02-13,459,shipped,False,0
3450,SITE-053,PART-7144,2026-06-16,2026-06-25,2026-06-23,912,delivered,False,0
3451,SITE-078,PART-6894,2025-12-07,2025-12-13,2025-12-12,390,shipped,False,0
3452,SITE-055,PART-2422,2025-07-22,2025-07-27,2025-07-25,286,pending,False,0
3453,SITE-015,PART-1744,2026-12-11,2026-12-20,2026-12-20,458,delivered,False,0
3454,SITE-045,PART-4206,2026-02-08,2026-02-16,2026-02-15,725,shipped,False,0
3455,SITE-066,PART-3333,2026-02-12,2026-02-21,2026-02-28,713,delivered,True,7
3456,SITE-047,PART-3009,2025-05-13,2025-05-22,2025-05-20,336,shipped,False,0
3457,SITE-073,PART-3653,2025-12-18,2025-12-23,2025-12-21,368,shipped,False,0
3458,SITE-036,PART-2779,2026-03-01,2026-03-11,2026-03-10,923,shipped,False,0
3459,SITE-033,PART-3289,2025-02-07,2025-02-10,2025-02-08,252,shipped,False,0
3460,SITE-084,PART-4638,2026-07-18,2026-07-27,2026-07-27,531,pending,False,0
3461,SITE-023,PART-7104,2026-05-26,2026-06-04,2026-06-14,529,pending,True,10
3462,SITE-042,PART-8524,2026-08-01,2026-08-06,2026-08-06,74,pending,False,0
3463,SITE-095,PART-9458,2026-05-07,2026-05-11,2026-05-11,78,pending,False,0
3464,SITE-059,PART-2994,2026-08-16,2026-08-20,2026-09-03,32,delivered,True,14
3465,SITE-086,PART-3333,2026-08-17,2026-08-23,2026-08-23,65,delivered,False,0
3466,SITE-047,PART-8488,2025-06-23,2025-07-02,2025-06-30,457,delivered,False,0
3467,SITE-096,PART-6355,2026-11-20,2026-11-29,2026-11-28,870,shipped,False,0
3468,SITE-055,PART-9758,2025-10-19,2025-10-23,2025-10-23,561,delivered,False,0
3469,SITE-071,PART-5546,2026-03-25,2026-04-03,2026-04-03,610,shipped,False,0
3470,SITE-044,PART-3418,2026-12-12,2026-12-20,2026-12-18,454,delivered,False,0
3471,SITE-043,PART-2838,2025-10-26,2025-11-03,2025-11-02,988,shipped,False,0
3472,SITE-043,PART-7144,2026-07-19,2026-07-25,2026-07-23,868,delivered,False,0
3473,SITE-018,PART-9586,2026-01-20,2026-01-29,2026-01-29,716,shipped,False,0
3474,SITE-047,PART-2356,2026-08-28,2026-09-03,2026-09-13,613,pending,True,10
3475,SITE-026,PART-3799,2025-11-18,2025-11-28,2025-11-28,636,pending,False,0
3476,SITE-016,PART-8474,2026-09-04,2026-09-08,2026-09-20,711,pending,True,12
3477,SITE-018,PART-5749,2025-02-27,2025-03-05,2025-03-05,728,shipped,False,0
3478,SITE-046,PART-3937,2026-10-06,2026-10-11,2026-10-16,51,shipped,True,5
3479,SITE-098,PART-1737,2025-11-02,2025-11-09,2025-11-09,326,delivered,False,0
3480,SITE-045,PART-6601,2025-03-27,2025-04-01,2025-04-09,235,pending,True,8
3481,SITE-014,PART-1376,2026-08-24,2026-08-28,2026-08-27,864,delivered,False,0
3482,SITE-003,PART-1660,2025-09-08,2025-09-17,2025-09-15,371,pending,False,0
3483,SITE-066,PART-6972,2025-11-01,2025-11-04,2025-11-14,184,pending,True,10
3484,SITE-020,PART-3731,2025-12-13,2025-12-21,2025-12-19,77,pending,False,0
3485,SITE-020,PART-5193,2026-07-27,2026-08-04,2026-08-02,200,delivered,False,0
3486,SITE-057,PART-2974,2025-11-03,2025-11-09,2025-11-09,505,shipped,False,0
3487,SITE-013,PART-9987,2026-12-02,2026-12-09,2026-12-09,607,pending,False,0
3488,SITE-027,PART-3472,2025-09-01,2025-09-07,2025-09-05,334,delivered,False,0
3489,SITE-012,PART-2739,2025-09-16,2025-09-19,2025-09-17,776,shipped,False,0
3490,SITE-046,PART-6572,2026-12-06,2026-12-09,2026-12-07,947,pending,False,0
3491,SITE-008,PART-5496,2025-04-24,2025-04-28,2025-04-28,73,delivered,False,0
3492,SITE-069,PART-8423,2025-11-28,2025-12-07,2025-12-06,249,pending,False,0
3493,SITE-061,PART-7210,2025-11-05,2025-11-11,2025-11-11,537,shipped,False,0
3494,SITE-036,PART-6101,2026-06-22,2026-07-02,2026-06-30,952,pending,False,0
3495,SITE-017,PART-6209,2025-08-18,2025-08-24,2025-09-05,968,pending,True,12
3496,SITE-073,PART-6089,2026-06-19,2026-06-22,2026-06-20,578,delivered,False,0
3497,SITE-050,PART-2165,2025-10-04,2025-10-11,2025-10-11,507,pending,False,0
3498,SITE-090,PART-3333,2025-03-24,2025-04-02,2025-04-01,331,delivered,False,0
3499,SITE-085,PART-9586,2026-08-26,2026-09-04,2026-09-03,379,shipped,False,0
3500,SITE-091,PART-8062,2025-02-25,2025-03-05,2025-03-04,700,pending,False,0
3501,SITE-051,PART-7083,2026-01-12,2026-01-16,2026-01-16,531,delivered,False,0
3502,SITE-066,PART-7935,2025-05-10,2025-05-20,2025-05-18,342,delivered,False,0
3503,SITE-023,PART-7745,2026-07-27,2026-07-30,2026-07-29,937,pending,False,0
3504,SITE-014,PART-1783,2026-01-20,2026-01-25,2026-01-24,742,shipped,False,0
3505,SITE-045,PART-4694,2025-08-01,2025-08-11,2025-08-09,624,delivered,False,0
3506,SITE-070,PART-6991,2025-06-10,2025-06-20,2025-06-23,410,pending,True,3
3507,SITE-096,PART-4078,2026-02-13,2026-02-19,2026-03-02,456,shipped,True,11
3508,SITE-060,PART-2838,2026-10-04,2026-10-14,2026-10-13,343,delivered,False,0
3509,SITE-060,PART-2485,2025-10-25,2025-10-28,2025-10-27,289,shipped,False,0
3510,SITE-096,PART-6951,2025-07-08,2025-07-11,2025-07-09,942,delivered,False,0
3511,SITE-061,PART-8084,2025-09-21,2025-09-24,2025-09-23,176,pending,False,0
3512,SITE-081,PART-4640,2026-05-03,2026-05-13,2026-05-13,314,delivered,False,0
3513,SITE-028,PART-3258,2025-03-04,2025-03-11,2025-03-20,69,pending,True,9
3514,SITE-005,PART-1032,2025-12-18,2025-12-21,2025-12-19,503,shipped,False,0
3515,SITE-089,PART-7209,2025-08-27,2025-09-06,2025-09-06,680,delivered,False,0
3516,SITE-057,PART-6972,2025-01-24,2025-01-29,2025-01-27,889,delivered,False,0
3517,SITE-042,PART-3646,2026-01-12,2026-01-18,2026-01-18,971,delivered,False,0
3518,SITE-082,PART-6601,2025-01-15,2025-01-24,2025-01-23,361,delivered,False,0
3519,SITE-025,PART-2135,2025-08-27,2025-09-02,2025-08-31,423,pending,False,0
3520,SITE-012,PART-8625,2026-03-19,2026-03-22,2026-03-21,22,pending,False,0
3521,SITE-083,PART-9554,2025-02-23,2025-02-26,2025-02-24,386,shipped,False,0
3522,SITE-060,PART-7560,2025-12-08,2025-12-15,2025-12-25,687,pending,True,10
3523,SITE-084,PART-8874,2026-06-18,2026-06-28,2026-06-26,305,delivered,False,0
3524,SITE-030,PART-2994,2025-11-24,2025-12-03,2025-12-01,551,delivered,False,0
3525,SITE-073,PART-4572,2025-02-21,2025-02-28,2025-02-28,550,delivered,False,0
3526,SITE-028,PART-4137,2025-08-01,2025-08-07,2025-08-07,241,delivered,False,0
3527,SITE-054,PART-5709,2025-10-22,2025-10-31,2025-10-31,71,pending,False,0
3528,SITE-021,PART-6417,2025-12-24,2025-12-31,2026-01-02,487,shipped,True,2
3529,SITE-067,PART-8483,2025-02-03,2025-02-12,2025-02-12,26,pending,False,0
3530,SITE-072,PART-2380,2025-06-04,2025-06-13,2025-06-12,597,pending,False,0
3531,SITE-068,PART-9678,2025-02-11,2025-02-20,2025-02-20,842,shipped,False,0
3532,SITE-085,PART-6391,2025-07-02,2025-07-09,2025-07-08,460,shipped,False,0
3533,SITE-079,PART-7722,2026-10-15,2026-10-22,2026-10-20,420,shipped,False,0
3534,SITE-018,PART-4804,2026-09-07,2026-09-14,2026-09-17,277,shipped,True,3
3535,SITE-014,PART-4290,2025-04-01,2025-04-06,2025-04-06,507,delivered,False,0
3536,SITE-009,PART-5999,2025-06-18,2025-06-27,2025-06-25,21,delivered,False,0
3537,SITE-049,PART-5445,2025-03-25,2025-03-29,2025-03-28,123,pending,False,0
3538,SITE-042,PART-3162,2026-11-13,2026-11-16,2026-11-14,640,shipped,False,0
3539,SITE-066,PART-7563,2025-08-14,2025-08-22,2025-08-20,268,pending,False,0
3540,SITE-099,PART-2622,2025-06-09,2025-06-17,2025-06-17,69,pending,False,0
3541,SITE-030,PART-1724,2025-10-01,2025-10-07,2025-10-06,350,delivered,False,0
3542,SITE-072,PART-4543,2025-11-10,2025-11-15,2025-11-14,225,shipped,False,0
3543,SITE-001,PART-5172,2025-03-04,2025-03-09,2025-03-09,31,pending,False,0
3544,SITE-009,PART-5950,2026-07-01,2026-07-08,2026-07-06,650,shipped,False,0
3545,SITE-023,PART-4999,2026-10-27,2026-11-05,2026-11-03,631,shipped,False,0
3546,SITE-052,PART-7442,2025-11-28,2025-12-01,2025-12-18,947,pending,True,17
3547,SITE-005,PART-9118,2026-04-15,2026-04-18,2026-04-17,330,shipped,False,0
3548,SITE-023,PART-3201,2026-03-15,2026-03-21,2026-03-21,803,pending,False,0
3549,SITE-035,PART-4638,2025-02-01,2025-02-07,2025-02-07,324,delivered,False,0
3550,SITE-099,PART-8084,2025-02-28,2025-03-10,2025-03-10,186,pending,False,0
3551,SITE-033,PART-8806,2025-09-03,2025-09-10,2025-09-10,311,shipped,False,0
3552,SITE-055,PART-1930,2026-08-28,2026-08-31,2026-08-29,445,pending,False,0
3553,SITE-022,PART-5990,2025-04-20,2025-04-23,2025-04-23,331,delivered,False,0
3554,SITE-084,PART-3718,2025-02-24,2025-03-02,2025-02-28,876,pending,False,0
3555,SITE-074,PART-7135,2026-09-16,2026-09-21,2026-09-20,15,shipped,False,0
3556,SITE-033,PART-6972,2026-05-02,2026-05-06,2026-05-05,483,delivered,False,0
3557,SITE-076,PART-8500,2025-12-05,2025-12-14,2025-12-12,325,shipped,False,0
3558,SITE-043,PART-9921,2025-07-03,2025-07-08,2025-07-08,437,delivered,False,0
3559,SITE-100,PART-2276,2026-05-07,2026-05-13,2026-05-13,275,shipped,False,0
3560,SITE-047,PART-9564,2026-07-05,2026-07-13,2026-07-11,300,delivered,False,0
3561,SITE-008,PART-8214,2026-08-22,2026-08-26,2026-08-26,404,pending,False,0
3562,SITE-084,PART-6013,2026-08-28,2026-09-03,2026-09-01,352,shipped,False,0
3563,SITE-054,PART-7984,2025-01-07,2025-01-17,2025-01-17,908,shipped,False,0
3564,SITE-012,PART-4128,2026-03-22,2026-03-27,2026-03-25,273,delivered,False,0
3565,SITE-043,PART-1506,2025-10-22,2025-10-27,2025-10-25,898,pending,False,0
3566,SITE-078,PART-5460,2025-11-09,2025-11-12,2025-11-12,97,shipped,False,0
3567,SITE-006,PART-8194,2026-09-09,2026-09-19,2026-09-18,737,delivered,False,0
3568,SITE-038,PART-8537,2026-02-18,2026-02-22,2026-02-21,72,delivered,False,0
3569,SITE-063,PART-9337,2025-05-05,2025-05-11,2025-05-10,985,shipped,False,0
3570,SITE-015,PART-7886,2025-07-12,2025-07-17,2025-07-17,382,pending,False,0
3571,SITE-087,PART-1524,2025-02-09,2025-02-17,2025-02-15,764,delivered,False,0
3572,SITE-053,PART-3798,2025-02-19,2025-03-01,2025-02-28,19,delivered,False,0
3573,SITE-023,PART-3344,2025-11-17,2025-11-25,2025-11-24,442,delivered,False,0
3574,SITE-093,PART-1816,2026-09-14,2026-09-20,2026-09-20,230,pending,False,0
3575,SITE-063,PART-2297,2025-05-15,2025-05-23,2025-06-09,308,pending,True,17
3576,SITE-065,PART-5127,2026-06-17,2026-06-20,2026-06-19,945,shipped,False,0
3577,SITE-008,PART-8163,2025-03-19,2025-03-24,2025-03-22,314,shipped,False,0
3578,SITE-094,PART-1283,2025-06-28,2025-07-06,2025-07-05,116,delivered,False,0
3579,SITE-035,PART-3472,2025-11-10,2025-11-13,2025-11-13,858,delivered,False,0
3580,SITE-029,PART-2007,2026-10-21,2026-10-24,2026-10-22,721,delivered,False,0
3581,SITE-015,PART-6826,2025-11-13,2025-11-21,2025-11-21,899,delivered,False,0
3582,SITE-033,PART-1376,2025-04-17,2025-04-21,2025-04-25,604,shipped,True,4
3583,SITE-075,PART-1483,2026-05-17,2026-05-27,2026-05-25,548,shipped,False,0
3584,SITE-017,PART-6112,2026-10-21,2026-10-25,2026-10-24,373,delivered,False,0
3585,SITE-053,PART-3188,2025-06-16,2025-06-22,2025-06-22,672,shipped,False,0
3586,SITE-060,PART-8211,2025-09-16,2025-09-22,2025-09-22,398,pending,False,0
3587,SITE-014,PART-9292,2026-08-15,2026-08-23,2026-08-23,335,delivered,False,0
3588,SITE-060,PART-7020,2025-10-12,2025-10-15,2025-10-14,29,shipped,False,0
3589,SITE-071,PART-6568,2026-08-05,2026-08-11,2026-08-11,357,shipped,False,0
3590,SITE-053,PART-1228,2025-07-16,2025-07-21,2025-07-19,89,pending,False,0
3591,SITE-083,PART-8841,2026-06-17,2026-06-20,2026-06-19,714,pending,False,0
3592,SITE-065,PART-8896,2025-08-22,2025-08-28,2025-08-27,509,shipped,False,0
3593,SITE-029,PART-7056,2026-05-08,2026-05-15,2026-05-15,830,shipped,False,0
3594,SITE-065,PART-3959,2025-12-13,2025-12-20,2025-12-18,65,shipped,False,0
3595,SITE-100,PART-4449,2025-12-21,2025-12-25,2025-12-23,441,delivered,False,0
3596,SITE-082,PART-9390,2025-02-23,2025-03-05,2025-03-16,896,shipped,True,11
3597,SITE-015,PART-8008,2026-03-05,2026-03-14,2026-03-14,353,pending,False,0
3598,SITE-020,PART-1547,2026-06-12,2026-06-15,2026-06-15,77,pending,False,0
3599,SITE-064,PART-1124,2026-03-08,2026-03-15,2026-03-15,31,pending,False,0
3600,SITE-073,PART-6768,2026-12-04,2026-12-11,2026-12-10,110,pending,False,0
3601,SITE-049,PART-7165,2026-12-18,2026-12-28,2026-12-26,932,pending,False,0
3602,SITE-068,PART-9843,2025-04-25,2025-04-28,2025-04-28,793,shipped,False,0
3603,SITE-068,PART-7135,2025-11-01,2025-11-07,2025-11-06,809,delivered,False,0
3604,SITE-005,PART-6355,2026-01-19,2026-01-26,2026-01-24,70,shipped,False,0
3605,SITE-019,PART-3064,2026-06-21,2026-06-27,2026-06-26,977,delivered,False,0
3606,SITE-076,PART-5726,2025-02-24,2025-03-05,2025-03-03,913,delivered,False,0
3607,SITE-035,PART-5183,2025-08-04,2025-08-12,2025-08-10,971,pending,False,0
3608,SITE-048,PART-5150,2025-09-08,2025-09-11,2025-09-09,983,pending,False,0
3609,SITE-038,PART-4781,2026-06-09,2026-06-14,2026-06-12,594,delivered,False,0
3610,SITE-015,PART-4392,2025-03-24,2025-03-29,2025-03-27,981,pending,False,0
3611,SITE-033,PART-8488,2026-02-21,2026-02-24,2026-02-23,247,delivered,False,0
3612,SITE-085,PART-9255,2025-03-10,2025-03-16,2025-03-16,419,delivered,False,0
3613,SITE-050,PART-4771,2025-05-16,2025-05-25,2025-05-23,34,shipped,False,0
3614,SITE-064,PART-9162,2025-09-28,2025-10-07,2025-10-21,766,delivered,True,14
3615,SITE-068,PART-2356,2026-06-04,2026-06-13,2026-06-11,823,pending,False,0
3616,SITE-084,PART-3895,2026-09-21,2026-09-29,2026-09-27,80,shipped,False,0
3617,SITE-025,PART-1734,2026-05-11,2026-05-21,2026-05-29,522,delivered,True,8
3618,SITE-031,PART-7020,2026-04-12,2026-04-20,2026-04-18,968,delivered,False,0
3619,SITE-008,PART-1099,2026-12-21,2026-12-31,2026-12-31,597,shipped,False,0
3620,SITE-072,PART-3199,2025-10-23,2025-10-29,2025-10-28,492,delivered,False,0
3621,SITE-015,PART-5150,2025-10-10,2025-10-18,2025-10-17,296,pending,False,0
3622,SITE-063,PART-2958,2025-02-19,2025-02-24,2025-02-22,266,delivered,False,0
3623,SITE-072,PART-1264,2026-05-07,2026-05-11,2026-05-09,513,shipped,False,0
3624,SITE-005,PART-2035,2025-07-23,2025-07-26,2025-07-25,27,shipped,False,0
3625,SITE-030,PART-9108,2026-08-06,2026-08-10,2026-08-09,833,delivered,False,0
3626,SITE-086,PART-7366,2025-02-28,2025-03-03,2025-03-02,949,delivered,False,0
3627,SITE-008,PART-7433,2026-04-22,2026-04-30,2026-04-29,181,pending,False,0
3628,SITE-015,PART-6766,2025-04-15,2025-04-21,2025-04-25,214,shipped,True,4
3629,SITE-033,PART-2622,2026-03-18,2026-03-21,2026-03-21,508,shipped,False,0
3630,SITE-055,PART-3201,2025-07-26,2025-08-05,2025-08-05,889,delivered,False,0
3631,SITE-092,PART-6031,2026-06-07,2026-06-13,2026-06-24,773,pending,True,11
3632,SITE-005,PART-7388,2026-11-22,2026-11-26,2026-11-25,697,pending,False,0
3633,SITE-095,PART-5401,2025-11-05,2025-11-15,2025-11-13,188,shipped,False,0
3634,SITE-043,PART-2404,2026-07-24,2026-08-01,2026-08-02,434,shipped,True,1
3635,SITE-072,PART-5046,2025-04-04,2025-04-11,2025-04-11,328,shipped,False,0
3636,SITE-007,PART-1724,2026-04-10,2026-04-14,2026-04-14,423,shipped,False,0
3637,SITE-005,PART-7590,2025-11-25,2025-12-03,2025-12-03,308,shipped,False,0
3638,SITE-012,PART-5148,2025-11-11,2025-11-16,2025-11-21,948,pending,True,5
3639,SITE-058,PART-5959,2026-05-24,2026-06-01,2026-06-07,312,shipped,True,6
3640,SITE-056,PART-8042,2026-11-11,2026-11-19,2026-11-19,185,shipped,False,0
3641,SITE-020,PART-3286,2026-01-04,2026-01-11,2026-01-11,649,pending,False,0
3642,SITE-045,PART-4603,2025-01-05,2025-01-11,2025-01-10,887,shipped,False,0
3643,SITE-027,PART-8181,2025-01-17,2025-01-22,2025-01-22,418,shipped,False,0
3644,SITE-070,PART-2622,2025-03-15,2025-03-25,2025-03-23,834,shipped,False,0
3645,SITE-094,PART-4603,2026-09-16,2026-09-23,2026-09-22,331,delivered,False,0
3646,SITE-044,PART-4216,2026-01-19,2026-01-24,2026-01-23,163,delivered,False,0
3647,SITE-012,PART-9843,2025-04-04,2025-04-11,2025-04-10,797,delivered,False,0
3648,SITE-042,PART-3258,2025-12-17,2025-12-27,2025-12-25,489,shipped,False,0
3649,SITE-029,PART-4573,2025-05-27,2025-06-02,2025-06-01,322,delivered,False,0
3650,SITE-009,PART-1945,2026-09-26,2026-09-30,2026-09-29,550,shipped,False,0
3651,SITE-016,PART-7977,2025-04-22,2025-05-02,2025-05-02,555,delivered,False,0
3652,SITE-055,PART-6236,2026-11-12,2026-11-15,2026-11-14,388,delivered,False,0
3653,SITE-003,PART-7584,2026-08-13,2026-08-16,2026-08-16,16,delivered,False,0
3654,SITE-096,PART-9037,2025-07-27,2025-08-04,2025-08-04,358,shipped,False,0
3655,SITE-009,PART-1934,2025-05-14,2025-05-19,2025-05-18,714,pending,False,0
3656,SITE-054,PART-2317,2026-03-03,2026-03-09,2026-03-18,835,pending,True,9
3657,SITE-002,PART-2297,2025-06-09,2025-06-13,2025-06-13,273,shipped,False,0
3658,SITE-050,PART-1496,2025-07-25,2025-08-02,2025-08-01,251,delivered,False,0
3659,SITE-066,PART-6814,2025-05-26,2025-05-29,2025-06-10,796,pending,True,12
3660,SITE-042,PART-8555,2025-05-25,2025-06-01,2025-06-01,56,shipped,False,0
3661,SITE-081,PART-5696,2025-05-06,2025-05-16,2025-05-14,137,pending,False,0
3662,SITE-097,PART-6888,2025-06-07,2025-06-10,2025-06-20,59,delivered,True,10
3663,SITE-002,PART-6615,2025-04-16,2025-04-26,2025-04-25,560,pending,False,0
3664,SITE-044,PART-8496,2025-03-04,2025-03-10,2025-03-09,548,pending,False,0
3665,SITE-033,PART-7259,2025-03-08,2025-03-15,2025-03-13,704,pending,False,0
3666,SITE-045,PART-2838,2025-03-16,2025-03-22,2025-03-22,660,delivered,False,0
3667,SITE-041,PART-6983,2025-03-20,2025-03-29,2025-03-29,529,shipped,False,0
3668,SITE-041,PART-6492,2025-09-15,2025-09-24,2025-09-22,396,delivered,False,0
3669,SITE-011,PART-1897,2025-12-13,2025-12-22,2025-12-24,772,pending,True,2
3670,SITE-012,PART-4906,2026-02-19,2026-03-01,2026-02-27,22,pending,False,0
3671,SITE-010,PART-3209,2026-05-21,2026-05-31,2026-05-29,801,shipped,False,0
3672,SITE-031,PART-1414,2025-08-22,2025-08-28,2025-08-26,243,shipped,False,0
3673,SITE-009,PART-8668,2025-08-08,2025-08-12,2025-08-11,492,delivered,False,0
3674,SITE-007,PART-7189,2026-12-10,2026-12-19,2026-12-19,955,delivered,False,0
3675,SITE-002,PART-1198,2025-04-24,2025-05-03,2025-05-03,140,shipped,False,0
3676,SITE-088,PART-2430,2025-05-24,2025-05-28,2025-06-03,80,pending,True,6
3677,SITE-046,PART-8200,2026-12-04,2026-12-08,2026-12-06,139,delivered,False,0
3678,SITE-073,PART-8474,2026-06-09,2026-06-15,2026-06-13,460,pending,False,0
3679,SITE-025,PART-4014,2025-01-23,2025-02-02,2025-02-01,993,pending,False,0
3680,SITE-061,PART-1194,2025-07-24,2025-08-03,2025-08-12,94,delivered,True,9
3681,SITE-012,PART-5950,2025-06-02,2025-06-12,2025-06-12,366,delivered,False,0
3682,SITE-026,PART-1147,2025-10-08,2025-10-14,2025-10-14,120,shipped,False,0
3683,SITE-070,PART-6884,2026-08-21,2026-08-29,2026-09-14,711,pending,True,16
3684,SITE-077,PART-7441,2025-09-03,2025-09-07,2025-09-06,535,delivered,False,0
3685,SITE-100,PART-6709,2025-09-06,2025-09-14,2025-09-14,138,pending,False,0
3686,SITE-039,PART-2052,2025-09-08,2025-09-17,2025-09-25,986,pending,True,8
3687,SITE-015,PART-3472,2026-06-01,2026-06-04,2026-06-04,519,delivered,False,0
3688,SITE-042,PART-1228,2026-06-12,2026-06-19,2026-06-19,300,pending,False,0
3689,SITE-065,PART-8806,2025-01-03,2025-01-11,2025-01-09,477,pending,False,0
3690,SITE-027,PART-4032,2025-06-18,2025-06-27,2025-06-25,517,shipped,False,0
3691,SITE-051,PART-2590,2025-04-19,2025-04-23,2025-04-22,748,delivered,False,0
3692,SITE-013,PART-2356,2026-10-06,2026-10-14,2026-10-12,932,pending,False,0
3693,SITE-021,PART-3201,2025-03-28,2025-04-03,2025-04-01,304,shipped,False,0
3694,SITE-070,PART-3684,2026-10-19,2026-10-22,2026-10-20,159,pending,False,0
3695,SITE-003,PART-9948,2025-05-17,2025-05-23,2025-05-21,867,pending,False,0
3696,SITE-022,PART-1892,2025-09-25,2025-09-29,2025-09-28,625,shipped,False,0
3697,SITE-011,PART-4603,2026-01-12,2026-01-21,2026-01-19,585,shipped,False,0
3698,SITE-095,PART-6542,2026-06-02,2026-06-12,2026-06-12,298,pending,False,0
3699,SITE-001,PART-4582,2026-07-18,2026-07-21,2026-07-21,550,pending,False,0
3700,SITE-018,PART-1335,2025-05-14,2025-05-22,2025-05-22,32,shipped,False,0
3701,SITE-024,PART-6951,2026-11-24,2026-12-04,2026-12-03,581,shipped,False,0
3702,SITE-059,PART-3917,2026-12-03,2026-12-13,2026-12-12,831,pending,False,0
3703,SITE-065,PART-7537,2025-06-22,2025-06-30,2025-06-29,981,pending,False,0
3704,SITE-063,PART-7672,2026-03-17,2026-03-25,2026-03-24,151,pending,False,0
3705,SITE-005,PART-5496,2026-04-07,2026-04-15,2026-04-28,266,delivered,True,13
3706,SITE-009,PART-9118,2026-10-04,2026-10-12,2026-10-17,141,pending,True,5
3707,SITE-039,PART-8488,2026-03-01,2026-03-05,2026-03-09,106,pending,True,4
3708,SITE-094,PART-5652,2026-10-11,2026-10-18,2026-10-16,713,shipped,False,0
3709,SITE-005,PART-1347,2026-08-25,2026-09-03,2026-09-03,474,delivered,False,0
3710,SITE-029,PART-3915,2026-10-12,2026-10-17,2026-10-15,225,shipped,False,0
3711,SITE-072,PART-7641,2025-05-11,2025-05-20,2025-05-18,277,pending,False,0
3712,SITE-065,PART-1264,2025-06-07,2025-06-17,2025-06-15,9,pending,False,0
3713,SITE-070,PART-9638,2025-05-14,2025-05-21,2025-05-21,292,pending,False,0
3714,SITE-050,PART-2019,2025-08-06,2025-08-10,2025-08-16,686,delivered,True,6
3715,SITE-091,PART-3781,2025-01-11,2025-01-17,2025-01-17,683,pending,False,0
3716,SITE-048,PART-8910,2025-10-24,2025-10-29,2025-10-29,410,delivered,False,0
3717,SITE-045,PART-7584,2026-05-09,2026-05-13,2026-05-12,127,pending,False,0
3718,SITE-062,PART-4999,2026-08-13,2026-08-16,2026-08-14,316,pending,False,0
3719,SITE-012,PART-9883,2025-07-04,2025-07-07,2025-07-06,600,delivered,False,0
3720,SITE-023,PART-6588,2025-05-13,2025-05-19,2025-05-18,672,shipped,False,0
3721,SITE-084,PART-8874,2025-09-08,2025-09-18,2025-09-16,54,pending,False,0
3722,SITE-036,PART-4365,2025-04-09,2025-04-18,2025-04-17,827,pending,False,0
3723,SITE-039,PART-9189,2025-06-24,2025-06-30,2025-07-16,393,shipped,True,16
3724,SITE-026,PART-4365,2025-04-02,2025-04-05,2025-04-04,516,shipped,False,0
3725,SITE-066,PART-2319,2026-09-16,2026-09-23,2026-09-23,360,pending,False,0
3726,SITE-053,PART-3257,2026-07-04,2026-07-12,2026-07-10,892,delivered,False,0
3727,SITE-094,PART-8798,2026-02-27,2026-03-02,2026-03-02,489,shipped,False,0
3728,SITE-002,PART-3109,2025-12-19,2025-12-23,2025-12-22,145,shipped,False,0
3729,SITE-058,PART-8558,2025-02-02,2025-02-11,2025-02-10,732,shipped,False,0
3730,SITE-044,PART-4640,2025-11-26,2025-11-29,2025-11-29,785,pending,False,0
3731,SITE-022,PART-7560,2026-05-07,2026-05-11,2026-05-11,350,shipped,False,0
3732,SITE-041,PART-8524,2026-07-04,2026-07-09,2026-07-08,375,delivered,False,0
3733,SITE-055,PART-1670,2025-05-20,2025-05-25,2025-05-24,570,delivered,False,0
3734,SITE-021,PART-4397,2025-01-14,2025-01-21,2025-01-20,257,pending,False,0
3735,SITE-015,PART-2317,2026-04-24,2026-05-02,2026-04-30,867,shipped,False,0
3736,SITE-100,PART-2516,2025-08-28,2025-09-03,2025-09-01,366,pending,False,0
3737,SITE-092,PART-8916,2025-07-06,2025-07-12,2025-07-10,646,delivered,False,0
3738,SITE-080,PART-4370,2025-04-01,2025-04-08,2025-04-08,737,pending,False,0
3739,SITE-046,PART-2698,2026-08-22,2026-08-30,2026-08-29,233,delivered,False,0
3740,SITE-089,PART-6442,2025-02-08,2025-02-16,2025-03-04,271,shipped,True,16
3741,SITE-093,PART-3457,2026-06-27,2026-07-03,2026-07-02,684,shipped,False,0
3742,SITE-025,PART-2799,2026-02-14,2026-02-18,2026-02-16,712,shipped,False,0
3743,SITE-093,PART-9288,2025-12-25,2026-01-04,2026-01-02,591,delivered,False,0
3744,SITE-050,PART-2779,2025-12-22,2025-12-31,2025-12-30,160,pending,False,0
3745,SITE-007,PART-4846,2026-10-03,2026-10-06,2026-10-04,41,shipped,False,0
3746,SITE-001,PART-5368,2025-10-03,2025-10-13,2025-10-17,192,pending,True,4
3747,SITE-028,PART-8780,2026-04-19,2026-04-26,2026-04-24,120,pending,False,0
3748,SITE-016,PART-2830,2025-07-24,2025-07-27,2025-07-26,183,pending,False,0
3749,SITE-063,PART-8084,2026-05-13,2026-05-18,2026-05-18,591,delivered,False,0
3750,SITE-006,PART-3472,2025-08-16,2025-08-21,2025-08-21,942,pending,False,0
3751,SITE-073,PART-1987,2026-11-20,2026-11-25,2026-11-25,612,delivered,False,0
3752,SITE-077,PART-3162,2026-09-04,2026-09-09,2026-09-08,1,delivered,False,0
3753,SITE-018,PART-8163,2025-03-16,2025-03-20,2025-03-20,218,pending,False,0
3754,SITE-006,PART-3246,2025-09-10,2025-09-18,2025-09-16,556,shipped,False,0
3755,SITE-023,PART-2422,2025-05-17,2025-05-25,2025-05-25,785,delivered,False,0
3756,SITE-094,PART-7578,2025-11-08,2025-11-16,2025-11-15,87,pending,False,0
3757,SITE-016,PART-1506,2025-07-06,2025-07-09,2025-07-07,362,delivered,False,0
3758,SITE-063,PART-1832,2026-03-16,2026-03-20,2026-03-19,816,delivered,False,0
3759,SITE-031,PART-8025,2025-11-08,2025-11-16,2025-11-16,116,pending,False,0
3760,SITE-048,PART-7914,2026-07-01,2026-07-10,2026-07-09,640,shipped,False,0
3761,SITE-056,PART-8420,2026-06-05,2026-06-15,2026-06-13,758,pending,False,0
3762,SITE-059,PART-2122,2025-09-04,2025-09-09,2025-09-07,640,shipped,False,0
3763,SITE-094,PART-9097,2025-05-20,2025-05-25,2025-05-25,805,shipped,False,0
3764,SITE-072,PART-7488,2025-02-02,2025-02-10,2025-02-10,851,pending,False,0
3765,SITE-091,PART-9162,2026-01-05,2026-01-11,2026-01-11,803,shipped,False,0
3766,SITE-097,PART-1816,2026-10-11,2026-10-14,2026-10-12,775,shipped,False,0
3767,SITE-066,PART-2577,2025-03-17,2025-03-25,2025-03-23,260,delivered,False,0
3768,SITE-094,PART-8427,2025-08-23,2025-08-31,2025-08-31,723,delivered,False,0
3769,SITE-086,PART-8987,2026-02-01,2026-02-10,2026-02-15,562,shipped,True,5
3770,SITE-026,PART-9213,2025-03-04,2025-03-08,2025-03-08,500,pending,False,0
3771,SITE-074,PART-8694,2025-08-17,2025-08-20,2025-08-20,781,delivered,False,0
3772,SITE-023,PART-1777,2025-06-26,2025-07-01,2025-06-30,259,delivered,False,0
3773,SITE-052,PART-7045,2026-07-02,2026-07-09,2026-07-08,870,pending,False,0
3774,SITE-010,PART-4713,2025-06-22,2025-07-01,2025-07-01,432,shipped,False,0
3775,SITE-095,PART-4995,2026-06-04,2026-06-10,2026-06-10,676,pending,False,0
3776,SITE-008,PART-9528,2026-06-24,2026-06-30,2026-07-04,900,shipped,True,4
3777,SITE-029,PART-1129,2026-05-07,2026-05-14,2026-05-14,697,shipped,False,0
3778,SITE-053,PART-1017,2026-01-13,2026-01-20,2026-01-19,320,shipped,False,0
3779,SITE-014,PART-1777,2025-05-10,2025-05-17,2025-05-15,128,pending,False,0
3780,SITE-081,PART-6072,2025-06-27,2025-07-07,2025-07-06,105,pending,False,0
3781,SITE-074,PART-3349,2026-07-03,2026-07-12,2026-07-10,780,delivered,False,0
3782,SITE-054,PART-4918,2026-10-13,2026-10-18,2026-10-18,610,shipped,False,0
3783,SITE-057,PART-5546,2026-09-22,2026-09-29,2026-09-29,427,pending,False,0
3784,SITE-097,PART-2135,2025-03-28,2025-04-06,2025-04-04,641,pending,False,0
3785,SITE-039,PART-7588,2026-03-26,2026-03-29,2026-03-27,812,shipped,False,0
3786,SITE-043,PART-3418,2026-03-16,2026-03-21,2026-03-19,415,delivered,False,0
3787,SITE-030,PART-6888,2025-08-18,2025-08-28,2025-08-26,592,delivered,False,0
3788,SITE-029,PART-8676,2025-07-21,2025-07-25,2025-07-31,279,pending,True,6
3789,SITE-013,PART-6508,2026-04-18,2026-04-23,2026-04-22,88,pending,False,0
3790,SITE-039,PART-6768,2025-12-27,2025-12-30,2025-12-30,157,pending,False,0
3791,SITE-085,PART-7586,2025-12-27,2026-01-01,2026-01-01,7,delivered,False,0
3792,SITE-083,PART-2341,2025-10-27,2025-11-06,2025-11-05,111,delivered,False,0
3793,SITE-068,PART-1055,2025-02-18,2025-02-28,2025-03-03,358,shipped,True,3
3794,SITE-093,PART-7690,2026-03-06,2026-03-13,2026-03-12,404,shipped,False,0
3795,SITE-054,PART-6508,2026-11-15,2026-11-20,2026-11-18,940,pending,False,0
3796,SITE-095,PART-2959,2025-02-22,2025-03-01,2025-02-28,459,pending,False,0
3797,SITE-068,PART-6842,2025-08-15,2025-08-22,2025-08-22,988,pending,False,0
3798,SITE-013,PART-6153,2026-07-20,2026-07-29,2026-07-28,667,pending,False,0
3799,SITE-033,PART-6812,2025-03-01,2025-03-06,2025-03-05,351,shipped,False,0
3800,SITE-073,PART-2098,2026-09-24,2026-09-29,2026-10-10,474,delivered,True,11
3801,SITE-051,PART-3822,2025-08-22,2025-08-25,2025-09-04,585,shipped,True,10
3802,SITE-099,PART-5668,2025-01-01,2025-01-09,2025-01-15,795,shipped,True,6
3803,SITE-043,PART-2189,2026-11-20,2026-11-23,2026-11-25,325,shipped,True,2
3804,SITE-066,PART-1768,2025-05-18,2025-05-28,2025-05-27,242,shipped,False,0
3805,SITE-050,PART-3799,2026-10-07,2026-10-13,2026-10-12,759,pending,False,0
3806,SITE-050,PART-6391,2025-11-14,2025-11-18,2025-11-16,948,shipped,False,0
3807,SITE-055,PART-3781,2026-06-22,2026-07-02,2026-07-06,110,pending,True,4
3808,SITE-028,PART-7684,2025-06-21,2025-06-28,2025-06-26,430,shipped,False,0
3809,SITE-051,PART-2125,2025-12-14,2025-12-23,2025-12-23,276,shipped,False,0
3810,SITE-080,PART-9739,2025-12-17,2025-12-27,2025-12-26,821,pending,False,0
3811,SITE-083,PART-9099,2025-08-16,2025-08-24,2025-08-22,371,delivered,False,0
3812,SITE-092,PART-6842,2026-02-26,2026-03-03,2026-03-20,736,delivered,True,17
3813,SITE-012,PART-8523,2025-04-05,2025-04-08,2025-04-06,589,pending,False,0
3814,SITE-030,PART-7914,2025-04-15,2025-04-23,2025-04-26,326,pending,True,3
3815,SITE-083,PART-5238,2026-12-28,2027-01-02,2027-01-08,710,delivered,True,6
3816,SITE-030,PART-4303,2026-09-16,2026-09-22,2026-09-22,578,delivered,False,0
3817,SITE-038,PART-1768,2025-04-03,2025-04-09,2025-04-08,395,pending,False,0
3818,SITE-006,PART-1061,2025-03-13,2025-03-22,2025-03-21,136,pending,False,0
3819,SITE-084,PART-6854,2026-05-03,2026-05-13,2026-05-11,108,pending,False,0
3820,SITE-014,PART-5749,2025-04-10,2025-04-16,2025-04-15,219,shipped,False,0
3821,SITE-073,PART-5072,2025-11-03,2025-11-06,2025-11-05,757,pending,False,0
3822,SITE-009,PART-3105,2025-07-13,2025-07-16,2025-07-15,762,delivered,False,0
3823,SITE-039,PART-3160,2025-02-14,2025-02-17,2025-02-16,722,delivered,False,0
3824,SITE-087,PART-7200,2025-12-22,2025-12-29,2026-01-10,700,shipped,True,12
3825,SITE-088,PART-3162,2026-05-01,2026-05-05,2026-05-04,744,pending,False,0
3826,SITE-059,PART-9768,2025-08-21,2025-08-28,2025-08-27,361,delivered,False,0
3827,SITE-021,PART-9564,2025-11-03,2025-11-09,2025-11-07,862,shipped,False,0
3828,SITE-089,PART-4290,2026-05-24,2026-06-02,2026-06-02,781,pending,False,0
3829,SITE-044,PART-6031,2025-10-26,2025-10-30,2025-11-07,791,delivered,True,8
3830,SITE-041,PART-5121,2026-08-15,2026-08-25,2026-08-25,161,pending,False,0
3831,SITE-065,PART-7588,2025-09-22,2025-09-29,2025-10-05,324,delivered,True,6
3832,SITE-011,PART-7345,2026-05-03,2026-05-08,2026-05-06,635,pending,False,0
3833,SITE-058,PART-2779,2025-03-17,2025-03-20,2025-03-19,216,shipped,False,0
3834,SITE-002,PART-1249,2025-07-02,2025-07-05,2025-07-05,280,shipped,False,0
3835,SITE-054,PART-5625,2025-05-02,2025-05-10,2025-05-08,692,pending,False,0
3836,SITE-030,PART-4762,2026-09-02,2026-09-11,2026-09-09,662,pending,False,0
3837,SITE-054,PART-6542,2025-10-06,2025-10-11,2025-10-09,665,delivered,False,0
3838,SITE-045,PART-3109,2026-03-23,2026-03-28,2026-03-27,888,delivered,False,0
3839,SITE-074,PART-1210,2025-10-27,2025-11-01,2025-11-13,816,delivered,True,12
3840,SITE-089,PART-2779,2026-03-12,2026-03-18,2026-03-17,980,delivered,False,0
3841,SITE-100,PART-3895,2026-12-10,2026-12-19,2026-12-18,456,shipped,False,0
3842,SITE-097,PART-1547,2025-07-17,2025-07-24,2025-07-23,679,pending,False,0
3843,SITE-072,PART-9993,2026-03-22,2026-03-26,2026-03-25,716,pending,False,0
3844,SITE-011,PART-8302,2026-08-11,2026-08-14,2026-08-13,235,shipped,False,0
3845,SITE-037,PART-1194,2026-09-17,2026-09-21,2026-09-19,860,pending,False,0
3846,SITE-031,PART-4035,2026-05-06,2026-05-09,2026-05-20,143,pending,True,11
3847,SITE-010,PART-1433,2026-03-12,2026-03-15,2026-03-15,508,shipped,False,0
3848,SITE-030,PART-9467,2025-09-04,2025-09-11,2025-09-10,475,shipped,False,0
3849,SITE-011,PART-2007,2026-08-21,2026-08-29,2026-08-27,381,delivered,False,0
3850,SITE-008,PART-4247,2026-11-16,2026-11-24,2026-11-22,157,shipped,False,0
3851,SITE-073,PART-5784,2026-04-22,2026-04-29,2026-05-08,546,delivered,True,9
3852,SITE-095,PART-2779,2025-07-18,2025-07-21,2025-07-21,730,shipped,False,0
3853,SITE-025,PART-3457,2026-10-07,2026-10-11,2026-10-11,390,pending,False,0
3854,SITE-064,PART-5029,2026-10-19,2026-10-23,2026-11-05,285,delivered,True,13
3855,SITE-004,PART-6803,2026-09-02,2026-09-08,2026-09-06,651,shipped,False,0
3856,SITE-019,PART-2356,2026-02-27,2026-03-09,2026-03-07,786,shipped,False,0
3857,SITE-053,PART-7886,2026-01-07,2026-01-14,2026-01-21,544,delivered,True,7
3858,SITE-069,PART-7202,2026-02-20,2026-02-23,2026-02-22,855,pending,False,0
3859,SITE-053,PART-6442,2026-09-23,2026-09-27,2026-09-27,944,shipped,False,0
3860,SITE-028,PART-3793,2025-07-06,2025-07-13,2025-07-26,898,delivered,True,13
3861,SITE-008,PART-8668,2025-08-26,2025-09-04,2025-09-03,269,delivered,False,0
3862,SITE-073,PART-2897,2026-06-05,2026-06-13,2026-06-15,504,shipped,True,2
3863,SITE-051,PART-8987,2026-10-23,2026-10-27,2026-10-25,830,delivered,False,0
3864,SITE-013,PART-7020,2025-09-19,2025-09-25,2025-09-25,207,pending,False,0
3865,SITE-087,PART-7136,2026-06-01,2026-06-07,2026-06-06,312,pending,False,0
3866,SITE-037,PART-9165,2025-12-09,2025-12-15,2025-12-13,30,shipped,False,0
3867,SITE-092,PART-1124,2025-07-15,2025-07-20,2025-07-18,624,pending,False,0
3868,SITE-002,PART-2779,2025-05-07,2025-05-10,2025-05-10,766,shipped,False,0
3869,SITE-053,PART-1194,2026-03-27,2026-04-01,2026-04-05,881,pending,True,4
3870,SITE-050,PART-6913,2026-10-23,2026-11-01,2026-11-04,216,delivered,True,3
3871,SITE-039,PART-2035,2026-02-04,2026-02-14,2026-02-14,908,shipped,False,0
3872,SITE-043,PART-6112,2026-08-26,2026-08-30,2026-09-04,309,pending,True,5
3873,SITE-049,PART-2075,2025-11-02,2025-11-10,2025-11-08,12,pending,False,0
3874,SITE-073,PART-3109,2026-01-02,2026-01-10,2026-01-10,762,shipped,False,0
3875,SITE-063,PART-2135,2025-02-15,2025-02-22,2025-02-20,814,delivered,False,0
3876,SITE-019,PART-4505,2025-07-05,2025-07-10,2025-07-10,719,delivered,False,0
3877,SITE-097,PART-7488,2026-11-28,2026-12-08,2026-12-08,708,pending,False,0
3878,SITE-003,PART-2281,2025-09-03,2025-09-11,2025-09-11,855,pending,False,0
3879,SITE-038,PART-9293,2025-11-10,2025-11-13,2025-11-11,302,delivered,False,0
3880,SITE-022,PART-5664,2025-02-20,2025-02-27,2025-02-27,336,delivered,False,0
3881,SITE-013,PART-1547,2026-08-19,2026-08-27,2026-08-27,163,shipped,False,0
3882,SITE-035,PART-5150,2026-10-25,2026-11-02,2026-10-31,913,shipped,False,0
3883,SITE-053,PART-9184,2025-03-21,2025-03-26,2025-03-26,335,pending,False,0
3884,SITE-061,PART-5743,2025-02-15,2025-02-18,2025-02-16,325,shipped,False,0
3885,SITE-026,PART-4035,2025-11-19,2025-11-24,2025-11-24,551,delivered,False,0
3886,SITE-049,PART-3193,2026-02-24,2026-02-27,2026-02-26,139,pending,False,0
3887,SITE-093,PART-7586,2025-11-02,2025-11-06,2025-11-04,138,shipped,False,0
3888,SITE-038,PART-8537,2025-10-20,2025-10-25,2025-10-25,164,pending,False,0
3889,SITE-060,PART-3704,2025-09-19,2025-09-29,2025-09-28,244,pending,False,0
3890,SITE-047,PART-3280,2026-02-18,2026-02-27,2026-02-26,869,pending,False,0
3891,SITE-039,PART-4748,2025-07-08,2025-07-18,2025-07-18,895,pending,False,0
3892,SITE-009,PART-5846,2026-05-28,2026-06-03,2026-06-03,823,delivered,False,0
3893,SITE-021,PART-7067,2026-06-26,2026-07-02,2026-07-02,451,shipped,False,0
3894,SITE-030,PART-6926,2025-11-18,2025-11-25,2025-11-23,446,shipped,False,0
3895,SITE-089,PART-2019,2025-03-20,2025-03-23,2025-03-28,601,pending,True,5
3896,SITE-046,PART-1228,2025-08-26,2025-09-03,2025-09-02,338,delivered,False,0
3897,SITE-025,PART-2317,2025-11-16,2025-11-24,2025-11-22,968,delivered,False,0
3898,SITE-004,PART-9165,2025-06-17,2025-06-20,2025-06-19,416,delivered,False,0
3899,SITE-067,PART-7424,2025-04-03,2025-04-08,2025-04-07,313,delivered,False,0
3900,SITE-084,PART-5070,2026-04-18,2026-04-21,2026-04-19,267,pending,False,0
3901,SITE-027,PART-2098,2026-12-09,2026-12-16,2026-12-29,196,shipped,True,13
3902,SITE-043,PART-7053,2025-11-08,2025-11-18,2025-11-16,407,delivered,False,0
3903,SITE-046,PART-4062,2026-02-08,2026-02-18,2026-02-18,494,pending,False,0
3904,SITE-050,PART-4836,2026-11-02,2026-11-10,2026-11-09,212,delivered,False,0
3905,SITE-062,PART-9451,2025-12-26,2025-12-31,2025-12-31,58,pending,False,0
3906,SITE-018,PART-8723,2026-11-08,2026-11-14,2026-11-13,918,pending,False,0
3907,SITE-097,PART-1124,2026-06-03,2026-06-12,2026-06-10,306,shipped,False,0
3908,SITE-038,PART-7991,2025-06-20,2025-06-28,2025-06-26,318,shipped,False,0
3909,SITE-051,PART-4573,2025-08-21,2025-08-31,2025-09-03,940,pending,True,3
3910,SITE-048,PART-6768,2026-01-15,2026-01-21,2026-01-19,327,pending,False,0
3911,SITE-057,PART-9077,2026-07-09,2026-07-14,2026-07-13,136,pending,False,0
3912,SITE-060,PART-2802,2026-06-06,2026-06-13,2026-06-11,21,shipped,False,0
3913,SITE-094,PART-8593,2026-08-06,2026-08-15,2026-08-14,251,pending,False,0
3914,SITE-099,PART-3655,2026-08-28,2026-09-03,2026-09-02,667,pending,False,0
3915,SITE-069,PART-4505,2025-07-08,2025-07-15,2025-07-13,172,delivered,False,0
3916,SITE-100,PART-7388,2026-07-12,2026-07-19,2026-07-17,325,shipped,False,0
3917,SITE-057,PART-7237,2026-09-11,2026-09-16,2026-09-16,668,delivered,False,0
3918,SITE-050,PART-6513,2025-06-25,2025-07-03,2025-07-04,630,delivered,True,1
3919,SITE-060,PART-1613,2025-05-18,2025-05-23,2025-05-29,910,shipped,True,6
3920,SITE-012,PART-5401,2025-07-28,2025-08-07,2025-08-07,106,pending,False,0
3921,SITE-100,PART-1214,2025-11-19,2025-11-23,2025-11-23,242,delivered,False,0
3922,SITE-012,PART-1134,2026-06-15,2026-06-25,2026-06-23,916,delivered,False,0
3923,SITE-081,PART-5100,2025-06-19,2025-06-27,2025-06-27,180,delivered,False,0
3924,SITE-079,PART-9037,2026-09-23,2026-10-03,2026-10-02,844,pending,False,0
3925,SITE-069,PART-9623,2026-09-07,2026-09-11,2026-09-11,853,pending,False,0
3926,SITE-076,PART-1942,2025-08-18,2025-08-25,2025-08-23,835,delivered,False,0
3927,SITE-017,PART-5124,2026-08-25,2026-09-04,2026-09-02,184,pending,False,0
3928,SITE-056,PART-8144,2026-04-04,2026-04-10,2026-04-10,432,pending,False,0
3929,SITE-040,PART-9370,2025-11-19,2025-11-27,2025-11-27,337,shipped,False,0
3930,SITE-076,PART-8144,2026-01-15,2026-01-24,2026-01-23,272,shipped,False,0
3931,SITE-084,PART-8355,2025-02-27,2025-03-03,2025-03-01,615,shipped,False,0
3932,SITE-036,PART-7042,2026-10-28,2026-11-06,2026-11-05,118,pending,False,0
3933,SITE-033,PART-3867,2026-09-07,2026-09-12,2026-09-10,706,delivered,False,0
3934,SITE-034,PART-4365,2025-05-19,2025-05-25,2025-05-23,219,pending,False,0
3935,SITE-034,PART-1240,2026-11-11,2026-11-16,2026-11-15,368,delivered,False,0
3936,SITE-099,PART-6355,2025-12-26,2026-01-02,2026-01-01,699,shipped,False,0
3937,SITE-025,PART-2698,2025-11-24,2025-12-01,2025-11-29,275,delivered,False,0
3938,SITE-084,PART-3549,2025-06-15,2025-06-23,2025-06-21,260,pending,False,0
3939,SITE-036,PART-2973,2025-01-21,2025-01-25,2025-01-24,874,pending,False,0
3940,SITE-023,PART-1737,2025-08-19,2025-08-27,2025-08-27,120,pending,False,0
3941,SITE-022,PART-3543,2026-03-02,2026-03-08,2026-03-10,239,shipped,True,2
3942,SITE-042,PART-1759,2026-05-09,2026-05-16,2026-05-14,266,shipped,False,0
3943,SITE-050,PART-1684,2025-02-09,2025-02-16,2025-02-15,181,pending,False,0
3944,SITE-020,PART-9165,2026-10-03,2026-10-06,2026-10-04,115,delivered,False,0
3945,SITE-064,PART-9181,2026-03-05,2026-03-12,2026-03-12,410,pending,False,0
3946,SITE-001,PART-1874,2025-08-22,2025-08-29,2025-08-27,377,delivered,False,0
3947,SITE-019,PART-5186,2026-02-22,2026-02-28,2026-02-26,368,pending,False,0
3948,SITE-061,PART-9739,2026-03-23,2026-04-01,2026-03-30,41,pending,False,0
3949,SITE-073,PART-2122,2026-12-08,2026-12-16,2026-12-14,538,pending,False,0
3950,SITE-020,PART-9211,2025-05-28,2025-06-07,2025-06-05,845,pending,False,0
3951,SITE-062,PART-9564,2025-10-16,2025-10-24,2025-10-23,406,delivered,False,0
3952,SITE-092,PART-5148,2025-02-24,2025-02-27,2025-02-25,688,pending,False,0
3953,SITE-037,PART-5503,2025-07-02,2025-07-05,2025-07-05,815,shipped,False,0
3954,SITE-016,PART-7104,2025-09-26,2025-10-03,2025-10-02,863,shipped,False,0
3955,SITE-075,PART-7428,2025-09-01,2025-09-09,2025-09-22,405,pending,True,13
3956,SITE-031,PART-9518,2026-10-17,2026-10-27,2026-11-02,952,pending,True,6
3957,SITE-008,PART-9467,2025-10-11,2025-10-20,2025-10-18,880,delivered,False,0
3958,SITE-019,PART-1744,2026-06-21,2026-06-27,2026-06-26,278,shipped,False,0
3959,SITE-082,PART-2419,2026-02-02,2026-02-10,2026-02-10,493,pending,False,0
3960,SITE-010,PART-9833,2025-05-23,2025-06-02,2025-06-01,131,shipped,False,0
3961,SITE-087,PART-8427,2025-02-17,2025-02-25,2025-02-25,937,shipped,False,0
3962,SITE-029,PART-7444,2025-12-28,2025-12-31,2026-01-10,850,shipped,True,10
3963,SITE-071,PART-2341,2025-10-23,2025-11-02,2025-11-11,425,delivered,True,9
3964,SITE-030,PART-7672,2025-12-07,2025-12-14,2025-12-13,631,delivered,False,0
3965,SITE-095,PART-4354,2025-07-12,2025-07-15,2025-07-15,710,shipped,False,0
3966,SITE-067,PART-9293,2025-09-02,2025-09-12,2025-09-11,858,delivered,False,0
3967,SITE-009,PART-8474,2026-02-14,2026-02-19,2026-02-19,180,pending,False,0
3968,SITE-015,PART-7183,2025-09-09,2025-09-13,2025-09-11,430,shipped,False,0
3969,SITE-022,PART-9189,2026-08-21,2026-08-26,2026-08-26,4,shipped,False,0
3970,SITE-044,PART-8156,2025-04-07,2025-04-17,2025-04-15,396,pending,False,0
3971,SITE-023,PART-5411,2025-01-15,2025-01-20,2025-01-20,629,pending,False,0
3972,SITE-085,PART-8384,2025-08-04,2025-08-14,2025-08-13,539,shipped,False,0
3973,SITE-066,PART-1124,2026-12-28,2027-01-07,2027-01-05,687,shipped,False,0
3974,SITE-052,PART-4655,2026-10-18,2026-10-25,2026-10-25,492,delivered,False,0
3975,SITE-077,PART-3781,2026-09-14,2026-09-22,2026-10-07,867,shipped,True,15
3976,SITE-076,PART-8384,2025-08-04,2025-08-07,2025-08-15,717,shipped,True,8
3977,SITE-079,PART-1456,2026-04-08,2026-04-18,2026-04-17,220,shipped,False,0
3978,SITE-003,PART-9194,2025-05-20,2025-05-28,2025-06-16,15,delivered,True,19
3979,SITE-064,PART-7758,2025-07-20,2025-07-26,2025-07-26,442,delivered,False,0
3980,SITE-009,PART-8261,2026-04-08,2026-04-17,2026-04-17,49,pending,False,0
3981,SITE-044,PART-6122,2025-09-12,2025-09-22,2025-09-22,550,delivered,False,0
3982,SITE-033,PART-2140,2025-11-12,2025-11-20,2025-11-24,544,delivered,True,4
3983,SITE-046,PART-2698,2025-07-21,2025-07-25,2025-07-23,349,pending,False,0
3984,SITE-072,PART-8874,2026-03-24,2026-03-29,2026-03-27,841,shipped,False,0
3985,SITE-032,PART-8156,2026-08-02,2026-08-08,2026-08-08,171,shipped,False,0
3986,SITE-086,PART-3274,2026-03-01,2026-03-06,2026-03-15,841,shipped,True,9
3987,SITE-087,PART-9288,2025-11-15,2025-11-23,2025-11-23,846,pending,False,0
3988,SITE-083,PART-1456,2025-07-08,2025-07-13,2025-07-11,822,shipped,False,0
3989,SITE-099,PART-2505,2026-12-22,2026-12-28,2026-12-26,525,delivered,False,0
3990,SITE-088,PART-9129,2025-06-22,2025-07-02,2025-07-18,411,delivered,True,16
3991,SITE-028,PART-6069,2025-01-01,2025-01-04,2025-01-04,500,delivered,False,0
3992,SITE-069,PART-8008,2025-07-03,2025-07-12,2025-07-11,759,shipped,False,0
3993,SITE-009,PART-6814,2026-07-02,2026-07-11,2026-07-11,69,delivered,False,0
3994,SITE-059,PART-4997,2025-12-09,2025-12-14,2025-12-12,133,delivered,False,0
3995,SITE-002,PART-8007,2026-08-16,2026-08-25,2026-08-24,726,pending,False,0
3996,SITE-032,PART-6431,2026-03-10,2026-03-13,2026-03-11,100,delivered,False,0
3997,SITE-068,PART-2897,2025-05-05,2025-05-10,2025-05-08,109,delivered,False,0
3998,SITE-016,PART-8841,2025-12-02,2025-12-12,2025-12-10,151,delivered,False,0
3999,SITE-046,PART-3646,2025-02-22,2025-02-28,2025-02-28,122,delivered,False,0
4000,SITE-069,PART-5698,2025-09-10,2025-09-15,2025-09-15,410,pending,False,0
4001,SITE-098,PART-1591,2026-03-26,2026-03-30,2026-03-29,751,pending,False,0
4002,SITE-047,PART-5771,2025-11-12,2025-11-15,2025-11-26,89,pending,True,11
4003,SITE-022,PART-8823,2026-11-25,2026-12-03,2026-12-02,440,pending,False,0
4004,SITE-036,PART-4829,2025-10-23,2025-10-29,2025-10-28,474,shipped,False,0
4005,SITE-036,PART-9181,2025-07-12,2025-07-20,2025-07-19,479,shipped,False,0
4006,SITE-019,PART-8783,2025-02-19,2025-03-01,2025-02-28,29,delivered,False,0
4007,SITE-041,PART-2404,2025-11-08,2025-11-15,2025-11-13,920,delivered,False,0
4008,SITE-037,PART-1503,2025-07-26,2025-07-30,2025-07-30,300,shipped,False,0
4009,SITE-034,PART-8156,2026-06-16,2026-06-19,2026-06-22,200,shipped,True,3
4010,SITE-066,PART-6572,2026-09-17,2026-09-26,2026-09-28,236,pending,True,2
4011,SITE-009,PART-1142,2025-07-11,2025-07-15,2025-07-30,708,pending,True,15
4012,SITE-053,PART-4694,2026-04-19,2026-04-29,2026-04-28,69,pending,False,0
4013,SITE-001,PART-7263,2026-02-10,2026-02-17,2026-02-27,653,pending,True,10
4014,SITE-011,PART-7672,2025-03-02,2025-03-11,2025-03-11,545,delivered,False,0
4015,SITE-049,PART-3418,2026-04-01,2026-04-11,2026-04-11,797,shipped,False,0
4016,SITE-006,PART-1147,2025-05-07,2025-05-10,2025-05-09,271,delivered,False,0
4017,SITE-088,PART-9629,2026-01-12,2026-01-18,2026-01-17,55,pending,False,0
4018,SITE-007,PART-5659,2026-09-28,2026-10-02,2026-09-30,741,delivered,False,0
4019,SITE-029,PART-7912,2026-08-06,2026-08-15,2026-08-15,655,delivered,False,0
4020,SITE-080,PART-2445,2026-12-04,2026-12-08,2026-12-07,610,delivered,False,0
4021,SITE-020,PART-7441,2026-05-21,2026-05-28,2026-06-07,357,shipped,True,10
4022,SITE-026,PART-9208,2026-02-22,2026-03-04,2026-03-12,825,shipped,True,8
4023,SITE-045,PART-2100,2025-12-22,2025-12-31,2026-01-08,901,shipped,True,8
4024,SITE-013,PART-8987,2026-06-01,2026-06-08,2026-06-06,213,delivered,False,0
4025,SITE-018,PART-8084,2026-08-04,2026-08-12,2026-08-11,820,delivered,False,0
4026,SITE-037,PART-6572,2026-05-24,2026-05-30,2026-05-28,416,pending,False,0
4027,SITE-020,PART-7136,2026-11-28,2026-12-06,2026-12-05,907,delivered,False,0
4028,SITE-085,PART-1591,2025-09-17,2025-09-24,2025-09-23,45,delivered,False,0
4029,SITE-052,PART-9987,2025-07-02,2025-07-05,2025-07-05,394,shipped,False,0
4030,SITE-012,PART-6349,2025-04-02,2025-04-08,2025-04-07,326,delivered,False,0
4031,SITE-098,PART-4538,2026-05-08,2026-05-15,2026-05-15,463,pending,False,0
4032,SITE-020,PART-6811,2025-11-23,2025-11-26,2025-11-26,780,pending,False,0
4033,SITE-098,PART-5898,2026-04-07,2026-04-12,2026-04-12,80,delivered,False,0
4034,SITE-009,PART-3064,2025-03-22,2025-04-01,2025-03-30,268,delivered,False,0
4035,SITE-100,PART-3739,2026-04-10,2026-04-14,2026-04-12,903,shipped,False,0
4036,SITE-031,PART-9162,2026-10-23,2026-10-31,2026-10-29,971,delivered,False,0
4037,SITE-009,PART-9288,2026-07-11,2026-07-16,2026-07-15,444,shipped,False,0
4038,SITE-004,PART-1934,2026-01-03,2026-01-10,2026-01-09,720,pending,False,0
4039,SITE-037,PART-3251,2025-03-28,2025-04-02,2025-04-02,43,shipped,False,0
4040,SITE-018,PART-8987,2025-06-22,2025-06-26,2025-06-26,393,pending,False,0
4041,SITE-001,PART-4942,2026-01-09,2026-01-16,2026-01-14,681,shipped,False,0
4042,SITE-009,PART-9216,2025-05-19,2025-05-24,2025-05-23,815,shipped,False,0
4043,SITE-088,PART-6829,2026-08-16,2026-08-22,2026-08-20,783,pending,False,0
4044,SITE-074,PART-9038,2026-09-15,2026-09-22,2026-10-08,607,pending,True,16
4045,SITE-014,PART-5442,2026-08-25,2026-09-03,2026-09-01,888,pending,False,0
4046,SITE-058,PART-1930,2025-11-05,2025-11-08,2025-11-08,730,delivered,False,0
4047,SITE-093,PART-5771,2025-10-11,2025-10-20,2025-10-20,640,shipped,False,0
4048,SITE-030,PART-7067,2026-11-02,2026-11-06,2026-11-06,45,delivered,False,0
4049,SITE-076,PART-1249,2026-02-11,2026-02-20,2026-02-19,978,delivered,False,0
4050,SITE-060,PART-7977,2025-11-09,2025-11-17,2025-11-16,944,delivered,False,0
4051,SITE-021,PART-6108,2025-06-07,2025-06-11,2025-06-10,969,delivered,False,0
4052,SITE-021,PART-2896,2026-02-01,2026-02-08,2026-02-06,838,shipped,False,0
4053,SITE-082,PART-6812,2026-01-03,2026-01-12,2026-01-12,758,delivered,False,0
4054,SITE-018,PART-5100,2026-12-09,2026-12-18,2026-12-18,26,shipped,False,0
4055,SITE-025,PART-3472,2025-12-20,2025-12-27,2025-12-25,975,pending,False,0
4056,SITE-082,PART-6854,2025-10-07,2025-10-11,2025-10-09,523,delivered,False,0
4057,SITE-044,PART-6972,2025-10-11,2025-10-21,2025-10-21,905,pending,False,0
4058,SITE-082,PART-8195,2025-05-16,2025-05-20,2025-05-20,378,shipped,False,0
4059,SITE-089,PART-1632,2026-02-19,2026-02-25,2026-02-23,296,pending,False,0
4060,SITE-019,PART-3793,2026-10-10,2026-10-15,2026-10-14,955,shipped,False,0
4061,SITE-088,PART-6293,2026-07-01,2026-07-04,2026-07-04,837,delivered,False,0
4062,SITE-075,PART-5368,2025-05-24,2025-05-27,2025-05-26,358,pending,False,0
4063,SITE-003,PART-5961,2026-12-23,2026-12-31,2026-12-30,517,delivered,False,0
4064,SITE-024,PART-6412,2025-05-08,2025-05-16,2025-05-16,461,pending,False,0
4065,SITE-034,PART-6492,2025-07-06,2025-07-14,2025-07-14,808,shipped,False,0
4066,SITE-053,PART-8163,2025-01-20,2025-01-25,2025-02-02,925,delivered,True,8
4067,SITE-081,PART-1194,2026-11-12,2026-11-21,2026-11-20,197,delivered,False,0
4068,SITE-063,PART-4829,2025-01-16,2025-01-21,2025-01-21,574,delivered,False,0
4069,SITE-031,PART-3704,2026-11-15,2026-11-24,2026-11-24,935,shipped,False,0
4070,SITE-003,PART-3182,2025-08-05,2025-08-13,2025-08-18,329,pending,True,5
4071,SITE-056,PART-6975,2026-06-25,2026-07-03,2026-07-01,333,shipped,False,0
4072,SITE-055,PART-1710,2025-01-12,2025-01-22,2025-01-28,790,pending,True,6
4073,SITE-036,PART-7388,2025-11-04,2025-11-12,2025-11-11,400,shipped,False,0
4074,SITE-017,PART-7782,2025-04-04,2025-04-07,2025-04-06,80,pending,False,0
4075,SITE-007,PART-1798,2025-08-05,2025-08-08,2025-08-07,660,pending,False,0
4076,SITE-034,PART-6811,2026-02-02,2026-02-07,2026-02-06,258,delivered,False,0
4077,SITE-074,PART-5543,2025-12-21,2025-12-24,2025-12-24,469,shipped,False,0
4078,SITE-056,PART-6101,2025-12-21,2025-12-26,2025-12-24,291,delivered,False,0
4079,SITE-062,PART-2127,2025-02-25,2025-03-07,2025-03-07,972,delivered,False,0
4080,SITE-038,PART-7902,2026-08-04,2026-08-09,2026-08-09,232,shipped,False,0
4081,SITE-067,PART-2673,2025-06-28,2025-07-06,2025-07-05,535,pending,False,0
4082,SITE-061,PART-1724,2025-01-17,2025-01-22,2025-01-22,691,pending,False,0
4083,SITE-059,PART-3715,2025-09-17,2025-09-27,2025-09-26,837,delivered,False,0
4084,SITE-094,PART-4995,2025-12-22,2025-12-31,2025-12-30,932,delivered,False,0
4085,SITE-031,PART-5133,2025-05-27,2025-06-02,2025-06-01,203,delivered,False,0
4086,SITE-096,PART-9549,2026-03-24,2026-03-31,2026-03-29,398,pending,False,0
4087,SITE-053,PART-7385,2025-04-20,2025-04-30,2025-04-29,777,delivered,False,0
4088,SITE-034,PART-9512,2025-08-16,2025-08-25,2025-08-24,196,shipped,False,0
4089,SITE-073,PART-5415,2025-06-25,2025-07-03,2025-07-03,88,shipped,False,0
4090,SITE-075,PART-2235,2025-08-15,2025-08-19,2025-08-17,773,pending,False,0
4091,SITE-065,PART-1463,2025-04-03,2025-04-06,2025-04-06,906,delivered,False,0
4092,SITE-076,PART-2295,2025-11-17,2025-11-20,2025-11-19,693,shipped,False,0
4093,SITE-083,PART-1891,2025-04-13,2025-04-21,2025-04-30,719,shipped,True,9
4094,SITE-100,PART-5127,2026-09-05,2026-09-12,2026-09-11,390,shipped,False,0
4095,SITE-095,PART-5846,2025-11-10,2025-11-13,2025-11-12,538,delivered,False,0
4096,SITE-044,PART-7599,2025-03-13,2025-03-20,2025-03-18,133,delivered,False,0
4097,SITE-077,PART-5427,2026-05-04,2026-05-07,2026-05-06,733,delivered,False,0
4098,SITE-014,PART-7165,2026-07-16,2026-07-24,2026-07-23,982,shipped,False,0
4099,SITE-061,PART-9090,2026-06-27,2026-07-07,2026-07-05,181,delivered,False,0
4100,SITE-007,PART-1228,2026-05-06,2026-05-14,2026-05-12,771,delivered,False,0
4101,SITE-065,PART-2036,2026-12-09,2026-12-14,2026-12-14,668,pending,False,0
4102,SITE-066,PART-9512,2025-06-04,2025-06-08,2025-06-08,376,shipped,False,0
4103,SITE-026,PART-7740,2026-02-16,2026-02-23,2026-02-23,788,delivered,False,0
4104,SITE-069,PART-3452,2025-03-08,2025-03-11,2025-03-10,26,pending,False,0
4105,SITE-085,PART-6492,2025-10-20,2025-10-26,2025-10-25,480,pending,False,0
4106,SITE-007,PART-7912,2026-03-21,2026-03-26,2026-03-25,626,shipped,False,0
4107,SITE-071,PART-5004,2026-01-04,2026-01-12,2026-01-12,9,pending,False,0
4108,SITE-012,PART-6668,2025-09-10,2025-09-18,2025-09-16,448,shipped,False,0
4109,SITE-098,PART-6522,2026-07-28,2026-08-02,2026-07-31,589,pending,False,0
4110,SITE-045,PART-7745,2026-12-01,2026-12-09,2026-12-07,628,shipped,False,0
4111,SITE-079,PART-3162,2026-10-03,2026-10-11,2026-10-09,687,shipped,False,0
4112,SITE-096,PART-9834,2026-04-05,2026-04-08,2026-04-06,933,shipped,False,0
4113,SITE-018,PART-6719,2026-05-05,2026-05-12,2026-05-10,709,pending,False,0
4114,SITE-035,PART-9605,2025-10-18,2025-10-22,2025-10-22,141,delivered,False,0
4115,SITE-042,PART-5183,2026-11-12,2026-11-20,2026-11-20,134,pending,False,0
4116,SITE-056,PART-8896,2025-05-15,2025-05-24,2025-05-24,150,delivered,False,0
4117,SITE-005,PART-7971,2025-03-10,2025-03-14,2025-03-14,888,delivered,False,0
4118,SITE-070,PART-9038,2025-07-22,2025-07-30,2025-07-29,161,pending,False,0
4119,SITE-053,PART-4216,2026-01-06,2026-01-16,2026-01-14,401,pending,False,0
4120,SITE-082,PART-4880,2026-11-27,2026-12-05,2026-12-05,744,delivered,False,0
4121,SITE-080,PART-8555,2025-05-16,2025-05-19,2025-05-18,622,delivered,False,0
4122,SITE-015,PART-4662,2026-06-11,2026-06-21,2026-06-19,667,shipped,False,0
4123,SITE-036,PART-2794,2025-02-12,2025-02-18,2025-03-06,771,shipped,True,16
4124,SITE-057,PART-4573,2025-07-19,2025-07-28,2025-07-26,110,delivered,False,0
4125,SITE-045,PART-7690,2026-09-24,2026-09-30,2026-09-28,965,delivered,False,0
4126,SITE-053,PART-9388,2025-04-19,2025-04-26,2025-04-25,799,shipped,False,0
4127,SITE-026,PART-8625,2025-11-27,2025-12-07,2025-12-05,182,shipped,False,0
4128,SITE-021,PART-9883,2025-05-16,2025-05-21,2025-05-21,869,pending,False,0
4129,SITE-020,PART-5805,2026-06-10,2026-06-15,2026-06-13,660,pending,False,0
4130,SITE-049,PART-6951,2025-01-01,2025-01-05,2025-01-16,586,delivered,True,11
4131,SITE-054,PART-1236,2026-01-07,2026-01-14,2026-01-13,764,pending,False,0
4132,SITE-081,PART-7177,2025-09-11,2025-09-20,2025-09-20,960,shipped,False,0
4133,SITE-036,PART-5238,2026-08-10,2026-08-20,2026-08-20,255,delivered,False,0
4134,SITE-010,PART-2099,2025-02-16,2025-02-24,2025-02-23,575,shipped,False,0
4135,SITE-018,PART-2896,2025-03-13,2025-03-16,2025-03-16,321,delivered,False,0
4136,SITE-021,PART-8195,2026-12-01,2026-12-07,2026-12-07,527,shipped,False,0
4137,SITE-059,PART-8279,2025-09-14,2025-09-24,2025-09-23,163,delivered,False,0
4138,SITE-016,PART-7056,2026-06-09,2026-06-13,2026-06-13,509,shipped,False,0
4139,SITE-097,PART-7534,2026-12-04,2026-12-10,2026-12-08,79,pending,False,0
4140,SITE-074,PART-5183,2025-11-11,2025-11-17,2025-11-17,906,delivered,False,0
4141,SITE-060,PART-6819,2025-12-19,2025-12-29,2025-12-28,174,delivered,False,0
4142,SITE-069,PART-1897,2025-09-20,2025-09-30,2025-09-29,947,shipped,False,0
4143,SITE-048,PART-1327,2025-02-26,2025-03-04,2025-03-02,937,pending,False,0
4144,SITE-024,PART-1700,2026-05-01,2026-05-11,2026-05-09,1,shipped,False,0
4145,SITE-085,PART-1897,2025-10-19,2025-10-26,2025-10-25,201,delivered,False,0
4146,SITE-039,PART-4397,2025-04-17,2025-04-25,2025-04-24,705,pending,False,0
4147,SITE-009,PART-7209,2025-11-03,2025-11-13,2025-11-13,643,shipped,False,0
4148,SITE-059,PART-5936,2025-02-24,2025-03-01,2025-02-27,348,shipped,False,0
4149,SITE-086,PART-1194,2026-12-19,2026-12-24,2026-12-23,471,delivered,False,0
4150,SITE-030,PART-1347,2025-07-01,2025-07-10,2025-07-10,41,pending,False,0
4151,SITE-064,PART-8008,2025-08-28,2025-09-07,2025-09-05,731,delivered,False,0
4152,SITE-059,PART-9037,2026-01-02,2026-01-08,2026-01-08,493,delivered,False,0
4153,SITE-016,PART-1225,2026-02-18,2026-02-25,2026-03-12,46,shipped,True,15
4154,SITE-080,PART-7758,2025-04-17,2025-04-22,2025-04-21,642,pending,False,0
4155,SITE-097,PART-1017,2025-08-08,2025-08-16,2025-08-14,987,delivered,False,0
4156,SITE-077,PART-3392,2025-07-21,2025-07-24,2025-07-23,286,pending,False,0
4157,SITE-082,PART-8841,2026-06-14,2026-06-19,2026-06-17,367,delivered,False,0
4158,SITE-006,PART-2100,2025-10-25,2025-10-30,2025-10-30,568,delivered,False,0
4159,SITE-005,PART-1218,2025-11-02,2025-11-08,2025-11-07,866,pending,False,0
4160,SITE-011,PART-2269,2025-09-26,2025-10-01,2025-09-30,644,pending,False,0
4161,SITE-039,PART-7431,2026-07-21,2026-07-31,2026-07-29,414,pending,False,0
4162,SITE-064,PART-1695,2026-09-05,2026-09-10,2026-09-09,849,delivered,False,0
4163,SITE-036,PART-6417,2026-07-21,2026-07-27,2026-07-26,521,delivered,False,0
4164,SITE-068,PART-4999,2026-06-14,2026-06-24,2026-06-23,438,delivered,False,0
4165,SITE-074,PART-4804,2025-01-02,2025-01-09,2025-01-08,979,shipped,False,0
4166,SITE-072,PART-8986,2026-03-01,2026-03-05,2026-03-03,733,delivered,False,0
4167,SITE-030,PART-4290,2025-05-24,2025-05-29,2025-05-29,555,pending,False,0
4168,SITE-046,PART-1926,2026-10-11,2026-10-20,2026-10-18,931,pending,False,0
4169,SITE-029,PART-7942,2026-11-26,2026-12-06,2026-12-05,32,delivered,False,0
4170,SITE-068,PART-6072,2026-07-15,2026-07-21,2026-07-20,55,shipped,False,0
4171,SITE-091,PART-3822,2025-03-24,2025-03-31,2025-03-31,334,shipped,False,0
4172,SITE-003,PART-9795,2025-10-02,2025-10-07,2025-10-07,450,pending,False,0
4173,SITE-068,PART-4918,2026-04-04,2026-04-10,2026-04-08,308,pending,False,0
4174,SITE-081,PART-4872,2025-04-04,2025-04-09,2025-04-09,299,delivered,False,0
4175,SITE-039,PART-1564,2026-11-26,2026-12-02,2026-12-14,875,delivered,True,12
4176,SITE-002,PART-2317,2025-08-03,2025-08-12,2025-08-11,613,delivered,False,0
4177,SITE-019,PART-7584,2025-08-07,2025-08-11,2025-08-09,756,shipped,False,0
4178,SITE-089,PART-7672,2025-04-09,2025-04-14,2025-04-13,503,shipped,False,0
4179,SITE-054,PART-7209,2025-05-20,2025-05-27,2025-05-25,724,shipped,False,0
4180,SITE-015,PART-7690,2026-11-05,2026-11-15,2026-11-14,545,delivered,False,0
4181,SITE-087,PART-9987,2025-08-05,2025-08-09,2025-08-08,657,delivered,False,0
4182,SITE-071,PART-3887,2026-08-12,2026-08-16,2026-08-15,353,shipped,False,0
4183,SITE-072,PART-6627,2025-04-18,2025-04-28,2025-04-27,337,pending,False,0
4184,SITE-055,PART-2317,2026-08-21,2026-08-26,2026-08-24,957,delivered,False,0
4185,SITE-073,PART-3285,2026-03-15,2026-03-22,2026-03-21,164,delivered,False,0
4186,SITE-055,PART-1335,2026-07-09,2026-07-19,2026-07-17,149,delivered,False,0
4187,SITE-079,PART-4449,2025-03-01,2025-03-11,2025-03-10,473,pending,False,0
4188,SITE-043,PART-2779,2026-01-01,2026-01-09,2026-01-07,797,shipped,False,0
4189,SITE-009,PART-3349,2025-08-21,2025-08-24,2025-08-23,860,delivered,False,0
4190,SITE-074,PART-2319,2026-08-10,2026-08-17,2026-08-16,69,pending,False,0
4191,SITE-019,PART-5148,2025-04-18,2025-04-28,2025-04-27,300,delivered,False,0
4192,SITE-004,PART-6069,2026-06-09,2026-06-17,2026-06-16,756,delivered,False,0
4193,SITE-034,PART-9037,2025-10-03,2025-10-09,2025-10-07,565,shipped,False,0
4194,SITE-088,PART-7269,2025-02-15,2025-02-23,2025-03-02,72,delivered,True,7
4195,SITE-038,PART-8807,2026-01-21,2026-01-26,2026-01-26,135,shipped,False,0
4196,SITE-002,PART-1259,2026-04-11,2026-04-19,2026-04-18,748,pending,False,0
4197,SITE-011,PART-3418,2026-04-21,2026-05-01,2026-04-29,386,shipped,False,0
4198,SITE-082,PART-7767,2025-08-15,2025-08-18,2025-08-25,243,pending,True,7
4199,SITE-057,PART-7259,2026-04-13,2026-04-21,2026-04-21,824,shipped,False,0
4200,SITE-061,PART-8555,2026-10-08,2026-10-17,2026-10-15,255,pending,False,0
4201,SITE-099,PART-5762,2025-01-18,2025-01-21,2025-01-20,840,shipped,False,0
4202,SITE-033,PART-6601,2025-12-05,2025-12-13,2025-12-13,595,pending,False,0
4203,SITE-041,PART-4219,2025-03-01,2025-03-10,2025-03-10,969,pending,False,0
4204,SITE-038,PART-3655,2026-10-26,2026-11-05,2026-11-05,845,pending,False,0
4205,SITE-089,PART-2485,2026-11-02,2026-11-11,2026-11-10,47,pending,False,0
4206,SITE-004,PART-1129,2025-09-14,2025-09-17,2025-09-17,879,shipped,False,0
4207,SITE-025,PART-3290,2025-01-12,2025-01-17,2025-01-17,480,shipped,False,0
4208,SITE-087,PART-2218,2026-03-01,2026-03-07,2026-03-05,564,delivered,False,0
4209,SITE-034,PART-7042,2025-09-27,2025-10-05,2025-10-05,267,pending,False,0
4210,SITE-074,PART-8254,2026-06-19,2026-06-25,2026-06-25,906,pending,False,0
4211,SITE-004,PART-1591,2025-08-06,2025-08-10,2025-08-08,507,pending,False,0
4212,SITE-074,PART-7588,2025-10-14,2025-10-17,2025-10-15,697,pending,False,0
4213,SITE-049,PART-5570,2025-09-03,2025-09-13,2025-09-11,421,pending,False,0
4214,SITE-054,PART-2516,2026-02-01,2026-02-08,2026-02-08,948,pending,False,0
4215,SITE-084,PART-2970,2025-03-20,2025-03-23,2025-03-23,627,shipped,False,0
4216,SITE-052,PART-8723,2026-02-19,2026-02-26,2026-02-26,212,pending,False,0
4217,SITE-027,PART-3360,2025-04-22,2025-04-28,2025-04-26,65,delivered,False,0
4218,SITE-038,PART-8211,2025-02-16,2025-02-22,2025-02-20,225,delivered,False,0
4219,SITE-097,PART-1771,2025-03-15,2025-03-21,2025-03-21,236,delivered,False,0
4220,SITE-057,PART-5442,2025-12-04,2025-12-08,2025-12-06,518,delivered,False,0
4221,SITE-087,PART-4680,2026-09-26,2026-10-03,2026-10-01,109,delivered,False,0
4222,SITE-084,PART-7823,2025-12-27,2026-01-02,2025-12-31,691,delivered,False,0
4223,SITE-043,PART-9184,2025-07-19,2025-07-27,2025-07-30,150,pending,True,3
4224,SITE-064,PART-7739,2025-02-25,2025-03-05,2025-03-05,397,shipped,False,0
4225,SITE-077,PART-7087,2025-06-08,2025-06-16,2025-06-16,478,shipped,False,0
4226,SITE-004,PART-1897,2025-03-19,2025-03-25,2025-03-23,84,delivered,False,0
4227,SITE-010,PART-1575,2026-05-28,2026-06-05,2026-06-03,636,delivered,False,0
4228,SITE-043,PART-3162,2026-12-02,2026-12-12,2026-12-11,254,pending,False,0
4229,SITE-049,PART-7045,2026-03-14,2026-03-18,2026-03-16,84,delivered,False,0
4230,SITE-065,PART-1214,2026-04-06,2026-04-14,2026-04-13,933,pending,False,0
4231,SITE-040,PART-5401,2026-06-11,2026-06-19,2026-06-18,903,pending,False,0
4232,SITE-025,PART-3162,2026-06-16,2026-06-26,2026-06-24,261,shipped,False,0
4233,SITE-068,PART-6803,2025-11-14,2025-11-24,2025-11-22,493,shipped,False,0
4234,SITE-076,PART-9805,2026-07-07,2026-07-12,2026-07-10,625,pending,False,0
4235,SITE-011,PART-1891,2026-12-07,2026-12-10,2026-12-10,841,shipped,False,0
4236,SITE-059,PART-6683,2026-09-10,2026-09-16,2026-09-15,505,shipped,False,0
4237,SITE-072,PART-1534,2025-09-03,2025-09-09,2025-09-08,36,pending,False,0
4238,SITE-088,PART-5646,2025-01-15,2025-01-18,2025-01-16,518,shipped,False,0
4239,SITE-015,PART-5668,2025-07-18,2025-07-26,2025-07-25,295,shipped,False,0
4240,SITE-008,PART-9606,2025-06-21,2025-06-27,2025-06-26,517,delivered,False,0
4241,SITE-063,PART-8529,2026-02-27,2026-03-02,2026-03-02,346,pending,False,0
4242,SITE-071,PART-9775,2025-06-15,2025-06-20,2025-06-20,163,delivered,False,0
4243,SITE-038,PART-3231,2025-11-06,2025-11-09,2025-11-26,389,shipped,True,17
4244,SITE-019,PART-8003,2026-01-16,2026-01-21,2026-01-20,134,delivered,False,0
4245,SITE-087,PART-2317,2025-10-03,2025-10-12,2025-10-10,539,delivered,False,0
4246,SITE-033,PART-3953,2026-08-08,2026-08-11,2026-08-11,803,shipped,False,0
4247,SITE-080,PART-2036,2025-09-17,2025-09-23,2025-09-23,391,pending,False,0
4248,SITE-007,PART-5193,2025-02-04,2025-02-12,2025-02-10,368,pending,False,0
4249,SITE-065,PART-7240,2026-11-23,2026-12-01,2026-11-30,961,delivered,False,0
4250,SITE-014,PART-8694,2025-12-09,2025-12-12,2025-12-10,257,pending,False,0
4251,SITE-049,PART-8194,2025-12-08,2025-12-17,2025-12-17,661,shipped,False,0
4252,SITE-012,PART-9679,2026-08-23,2026-08-26,2026-08-24,382,delivered,False,0
4253,SITE-042,PART-5432,2025-12-06,2025-12-12,2025-12-14,977,delivered,True,2
4254,SITE-061,PART-7419,2026-09-20,2026-09-24,2026-09-30,633,shipped,True,6
4255,SITE-014,PART-7444,2026-09-20,2026-09-25,2026-10-11,402,pending,True,16
4256,SITE-027,PART-2946,2025-04-10,2025-04-15,2025-04-15,40,pending,False,0
4257,SITE-031,PART-2735,2026-08-07,2026-08-17,2026-08-16,873,delivered,False,0
4258,SITE-028,PART-6947,2025-03-20,2025-03-24,2025-03-22,898,shipped,False,0
4259,SITE-009,PART-2735,2025-07-07,2025-07-10,2025-07-09,869,delivered,False,0
4260,SITE-095,PART-1347,2026-09-09,2026-09-13,2026-09-11,846,pending,False,0
4261,SITE-091,PART-5813,2026-06-17,2026-06-23,2026-06-23,443,pending,False,0
4262,SITE-040,PART-1061,2026-11-02,2026-11-06,2026-11-04,185,pending,False,0
4263,SITE-041,PART-5503,2026-12-04,2026-12-07,2026-12-06,210,pending,False,0
4264,SITE-018,PART-7590,2026-03-19,2026-03-23,2026-03-23,489,delivered,False,0
4265,SITE-002,PART-2430,2026-11-23,2026-12-02,2026-12-02,329,pending,False,0
4266,SITE-006,PART-8163,2026-11-13,2026-11-20,2026-11-20,69,shipped,False,0
4267,SITE-056,PART-2852,2026-10-03,2026-10-08,2026-10-15,548,delivered,True,7
4268,SITE-096,PART-2896,2026-04-02,2026-04-09,2026-04-07,296,shipped,False,0
4269,SITE-100,PART-9843,2025-04-18,2025-04-23,2025-04-22,175,delivered,False,0
4270,SITE-070,PART-3172,2025-06-20,2025-06-30,2025-06-28,696,pending,False,0
4271,SITE-097,PART-8534,2025-02-13,2025-02-16,2025-02-16,165,delivered,False,0
4272,SITE-092,PART-9458,2026-04-10,2026-04-20,2026-04-20,470,pending,False,0
4273,SITE-090,PART-1291,2026-05-26,2026-06-02,2026-06-01,145,delivered,False,0
4274,SITE-080,PART-2419,2026-04-12,2026-04-18,2026-04-17,764,delivered,False,0
4275,SITE-033,PART-3133,2025-12-25,2025-12-28,2025-12-29,3,shipped,True,1
4276,SITE-099,PART-4802,2025-06-08,2025-06-14,2025-06-13,664,pending,False,0
4277,SITE-087,PART-2283,2026-01-19,2026-01-27,2026-01-26,271,shipped,False,0
4278,SITE-100,PART-5073,2025-04-20,2025-04-25,2025-04-25,992,shipped,False,0
4279,SITE-002,PART-5682,2026-04-03,2026-04-13,2026-04-11,586,delivered,False,0
4280,SITE-071,PART-1873,2026-09-05,2026-09-10,2026-09-09,824,shipped,False,0
4281,SITE-016,PART-6567,2026-01-13,2026-01-21,2026-01-21,135,shipped,False,0
4282,SITE-094,PART-7984,2026-05-02,2026-05-11,2026-05-09,670,shipped,False,0
4283,SITE-078,PART-2698,2025-07-15,2025-07-22,2025-07-20,739,delivered,False,0
4284,SITE-050,PART-1575,2025-11-16,2025-11-24,2025-11-24,590,shipped,False,0
4285,SITE-077,PART-7232,2025-08-25,2025-08-30,2025-09-03,375,delivered,True,4
4286,SITE-026,PART-6588,2026-03-03,2026-03-08,2026-03-08,91,delivered,False,0
4287,SITE-031,PART-2464,2026-04-13,2026-04-17,2026-04-15,946,delivered,False,0
4288,SITE-029,PART-5172,2026-12-25,2026-12-31,2026-12-30,775,delivered,False,0
4289,SITE-029,PART-4748,2026-07-06,2026-07-16,2026-07-16,447,pending,False,0
4290,SITE-014,PART-7121,2026-03-03,2026-03-08,2026-03-06,218,shipped,False,0
4291,SITE-072,PART-2735,2026-02-12,2026-02-22,2026-02-22,915,shipped,False,0
4292,SITE-022,PART-7199,2026-04-24,2026-05-02,2026-05-02,628,shipped,False,0
4293,SITE-075,PART-9329,2026-01-10,2026-01-16,2026-01-15,39,shipped,False,0
4294,SITE-035,PART-8974,2026-08-24,2026-09-03,2026-09-01,560,delivered,False,0
4295,SITE-052,PART-6572,2025-01-26,2025-01-29,2025-01-29,442,delivered,False,0
4296,SITE-069,PART-3718,2026-07-21,2026-07-28,2026-07-27,873,delivered,False,0
4297,SITE-083,PART-5350,2025-11-01,2025-11-11,2025-11-16,742,pending,True,5
4298,SITE-093,PART-7385,2026-12-12,2026-12-15,2026-12-26,392,shipped,True,11
4299,SITE-040,PART-3839,2025-02-27,2025-03-06,2025-03-06,873,shipped,False,0
4300,SITE-018,PART-8555,2025-07-16,2025-07-23,2025-07-21,970,pending,False,0
4301,SITE-009,PART-7782,2025-08-22,2025-08-30,2025-08-28,321,pending,False,0
4302,SITE-075,PART-9165,2025-07-25,2025-08-01,2025-07-31,393,delivered,False,0
4303,SITE-082,PART-8758,2025-10-27,2025-11-04,2025-11-04,50,shipped,False,0
4304,SITE-086,PART-9167,2025-09-07,2025-09-13,2025-09-13,281,delivered,False,0
4305,SITE-071,PART-9856,2025-09-27,2025-10-06,2025-10-05,597,pending,False,0
4306,SITE-007,PART-8762,2026-09-26,2026-10-03,2026-10-02,19,shipped,False,0
4307,SITE-087,PART-2516,2026-08-05,2026-08-12,2026-08-11,544,shipped,False,0
4308,SITE-054,PART-1591,2025-06-27,2025-07-02,2025-06-30,519,delivered,False,0
4309,SITE-028,PART-3133,2025-10-15,2025-10-19,2025-10-17,490,shipped,False,0
4310,SITE-012,PART-7200,2026-03-28,2026-03-31,2026-03-30,275,shipped,False,0
4311,SITE-003,PART-5659,2025-01-08,2025-01-16,2025-01-16,13,shipped,False,0
4312,SITE-009,PART-4404,2026-11-16,2026-11-23,2026-11-21,511,shipped,False,0
4313,SITE-077,PART-7181,2026-04-13,2026-04-20,2026-04-20,698,shipped,False,0
4314,SITE-004,PART-4997,2026-01-17,2026-01-20,2026-01-18,447,pending,False,0
4315,SITE-013,PART-7269,2025-04-20,2025-04-30,2025-04-29,472,delivered,False,0
4316,SITE-060,PART-8676,2026-12-17,2026-12-24,2026-12-23,745,shipped,False,0
4317,SITE-046,PART-4137,2026-02-26,2026-03-08,2026-03-08,306,pending,False,0
4318,SITE-072,PART-5172,2026-02-20,2026-02-28,2026-03-16,563,pending,True,16
4319,SITE-067,PART-3793,2026-07-03,2026-07-12,2026-07-28,637,delivered,True,16
4320,SITE-042,PART-2852,2026-10-10,2026-10-14,2026-10-14,410,delivered,False,0
4321,SITE-032,PART-5743,2025-08-05,2025-08-11,2025-08-10,654,shipped,False,0
4322,SITE-014,PART-1496,2025-04-15,2025-04-20,2025-04-20,283,pending,False,0
4323,SITE-087,PART-6719,2025-10-15,2025-10-24,2025-10-23,866,delivered,False,0
4324,SITE-062,PART-4198,2026-12-14,2026-12-23,2026-12-22,624,delivered,False,0
4325,SITE-070,PART-6113,2025-12-19,2025-12-24,2025-12-22,973,delivered,False,0
4326,SITE-026,PART-2148,2025-02-07,2025-02-11,2025-02-15,401,delivered,True,4
4327,SITE-004,PART-6627,2026-01-05,2026-01-11,2026-01-28,269,delivered,True,17
4328,SITE-046,PART-2927,2025-09-15,2025-09-22,2025-09-20,698,pending,False,0
4329,SITE-075,PART-1099,2025-02-17,2025-02-25,2025-02-23,20,shipped,False,0
4330,SITE-099,PART-7782,2025-02-01,2025-02-04,2025-02-04,610,delivered,False,0
4331,SITE-085,PART-4662,2025-10-16,2025-10-24,2025-10-22,129,delivered,False,0
4332,SITE-048,PART-8488,2026-12-22,2026-12-26,2026-12-26,504,pending,False,0
4333,SITE-037,PART-2830,2026-08-16,2026-08-26,2026-08-24,697,pending,False,0
4334,SITE-021,PART-9336,2026-12-09,2026-12-16,2026-12-14,884,delivered,False,0
4335,SITE-072,PART-6371,2025-03-01,2025-03-07,2025-03-05,203,shipped,False,0
4336,SITE-025,PART-1214,2026-11-18,2026-11-27,2026-11-26,563,delivered,False,0
4337,SITE-027,PART-2970,2026-03-20,2026-03-27,2026-04-02,912,delivered,True,6
4338,SITE-083,PART-8355,2025-12-09,2025-12-15,2025-12-15,727,pending,False,0
4339,SITE-100,PART-2973,2025-06-18,2025-06-21,2025-06-21,877,delivered,False,0
4340,SITE-049,PART-3869,2025-07-26,2025-08-05,2025-08-09,371,pending,True,4
4341,SITE-004,PART-1524,2025-04-18,2025-04-23,2025-04-21,496,pending,False,0
4342,SITE-013,PART-9623,2025-06-19,2025-06-24,2025-06-24,984,delivered,False,0
4343,SITE-049,PART-2973,2026-10-03,2026-10-08,2026-10-06,558,delivered,False,0
4344,SITE-053,PART-8003,2026-12-23,2026-12-26,2026-12-30,934,pending,True,4
4345,SITE-006,PART-4804,2025-04-24,2025-05-02,2025-04-30,972,delivered,False,0
4346,SITE-043,PART-8254,2026-08-27,2026-08-31,2026-09-07,204,pending,True,7
4347,SITE-060,PART-7424,2026-01-11,2026-01-20,2026-02-07,175,delivered,True,18
4348,SITE-067,PART-8062,2025-02-04,2025-02-11,2025-02-10,663,delivered,False,0
4349,SITE-005,PART-3274,2025-02-01,2025-02-04,2025-02-03,748,shipped,False,0
4350,SITE-047,PART-6778,2025-06-13,2025-06-19,2025-06-17,797,pending,False,0
4351,SITE-039,PART-4062,2025-02-06,2025-02-14,2025-02-12,39,shipped,False,0
4352,SITE-036,PART-2098,2026-12-06,2026-12-12,2026-12-12,244,delivered,False,0
4353,SITE-002,PART-9768,2025-09-12,2025-09-19,2025-09-18,687,pending,False,0
4354,SITE-032,PART-6023,2026-12-28,2027-01-06,2027-01-06,430,delivered,False,0
4355,SITE-085,PART-5743,2025-10-11,2025-10-18,2025-10-16,320,shipped,False,0
4356,SITE-041,PART-6975,2025-07-20,2025-07-28,2025-07-26,952,delivered,False,0
4357,SITE-007,PART-6926,2025-08-25,2025-09-04,2025-09-03,593,pending,False,0
4358,SITE-015,PART-4215,2026-08-17,2026-08-20,2026-08-18,152,pending,False,0
4359,SITE-034,PART-2281,2025-02-22,2025-03-03,2025-03-01,699,shipped,False,0
4360,SITE-011,PART-1474,2026-08-08,2026-08-17,2026-08-16,439,delivered,False,0
4361,SITE-045,PART-6709,2025-01-20,2025-01-24,2025-01-23,168,pending,False,0
4362,SITE-034,PART-5743,2026-09-27,2026-09-30,2026-09-28,102,shipped,False,0
4363,SITE-066,PART-7785,2026-01-20,2026-01-23,2026-02-09,637,shipped,True,17
4364,SITE-027,PART-4538,2025-08-07,2025-08-15,2025-08-14,394,shipped,False,0
4365,SITE-037,PART-4260,2025-05-24,2025-06-02,2025-06-02,96,pending,False,0
4366,SITE-009,PART-7505,2025-01-12,2025-01-16,2025-01-18,117,pending,True,2
4367,SITE-018,PART-1506,2026-03-12,2026-03-16,2026-03-16,975,shipped,False,0
4368,SITE-090,PART-8798,2026-07-08,2026-07-17,2026-07-17,489,delivered,False,0
4369,SITE-027,PART-6628,2025-01-05,2025-01-14,2025-01-14,344,delivered,False,0
4370,SITE-073,PART-8746,2025-09-24,2025-09-29,2025-09-29,765,pending,False,0
4371,SITE-063,PART-2305,2026-01-04,2026-01-13,2026-01-27,691,pending,True,14
4372,SITE-045,PART-6355,2025-05-15,2025-05-21,2025-05-21,631,delivered,False,0
4373,SITE-032,PART-2779,2026-06-24,2026-06-30,2026-06-28,432,pending,False,0
4374,SITE-084,PART-5546,2026-02-02,2026-02-11,2026-02-11,258,shipped,False,0
4375,SITE-052,PART-9511,2026-04-24,2026-04-28,2026-04-27,92,pending,False,0
4376,SITE-097,PART-1670,2026-04-07,2026-04-10,2026-04-09,601,delivered,False,0
4377,SITE-027,PART-1470,2025-08-28,2025-08-31,2025-08-30,709,shipped,False,0
4378,SITE-065,PART-6888,2025-02-13,2025-02-22,2025-02-21,330,shipped,False,0
4379,SITE-013,PART-5127,2026-09-16,2026-09-24,2026-09-24,583,shipped,False,0
4380,SITE-052,PART-4032,2025-03-28,2025-04-06,2025-04-06,190,shipped,False,0
4381,SITE-083,PART-2356,2025-08-20,2025-08-29,2025-08-29,655,delivered,False,0
4382,SITE-066,PART-1228,2026-03-10,2026-03-17,2026-03-16,685,delivered,False,0
4383,SITE-100,PART-7181,2025-04-17,2025-04-25,2025-04-25,424,shipped,False,0
4384,SITE-092,PART-8727,2025-10-21,2025-10-26,2025-10-26,848,pending,False,0
4385,SITE-073,PART-2477,2026-02-02,2026-02-11,2026-02-11,70,shipped,False,0
4386,SITE-022,PART-5534,2026-05-23,2026-06-02,2026-06-02,780,delivered,False,0
4387,SITE-064,PART-9119,2025-10-20,2025-10-25,2025-10-25,538,pending,False,0
4388,SITE-060,PART-2451,2025-07-22,2025-07-27,2025-07-25,974,shipped,False,0
4389,SITE-001,PART-9511,2026-04-06,2026-04-12,2026-04-23,156,shipped,True,11
4390,SITE-063,PART-7588,2025-04-21,2025-04-25,2025-04-25,837,pending,False,0
4391,SITE-036,PART-5876,2025-12-24,2026-01-02,2026-01-01,250,shipped,False,0
4392,SITE-066,PART-3799,2026-04-05,2026-04-13,2026-04-11,408,delivered,False,0
4393,SITE-095,PART-3879,2025-11-04,2025-11-07,2025-11-05,293,delivered,False,0
4394,SITE-020,PART-5180,2025-05-07,2025-05-12,2025-05-12,666,pending,False,0
4395,SITE-063,PART-7441,2025-06-17,2025-06-24,2025-06-22,108,delivered,False,0
4396,SITE-091,PART-4781,2025-12-08,2025-12-16,2025-12-14,418,delivered,False,0
4397,SITE-019,PART-9518,2025-12-28,2026-01-04,2026-01-02,307,shipped,False,0
4398,SITE-063,PART-7563,2025-09-04,2025-09-11,2025-09-11,275,delivered,False,0
4399,SITE-074,PART-6944,2025-04-03,2025-04-13,2025-04-11,689,pending,False,0
4400,SITE-082,PART-7321,2026-10-12,2026-10-15,2026-10-15,406,pending,False,0
4401,SITE-083,PART-8537,2025-09-12,2025-09-17,2025-09-15,55,delivered,False,0
4402,SITE-053,PART-3231,2025-02-23,2025-02-28,2025-02-27,76,delivered,False,0
4403,SITE-090,PART-2404,2026-11-12,2026-11-20,2026-11-18,40,shipped,False,0
4404,SITE-070,PART-2705,2025-04-05,2025-04-12,2025-04-21,522,shipped,True,9
4405,SITE-014,PART-4501,2026-07-01,2026-07-08,2026-07-15,173,delivered,True,7
4406,SITE-008,PART-7165,2025-10-18,2025-10-21,2025-10-19,733,delivered,False,0
4407,SITE-099,PART-9097,2025-09-07,2025-09-17,2025-09-17,242,delivered,False,0
4408,SITE-037,PART-1228,2025-10-20,2025-10-23,2025-10-22,692,delivered,False,0
4409,SITE-002,PART-7083,2025-10-04,2025-10-10,2025-10-19,976,pending,True,9
4410,SITE-040,PART-5415,2025-05-23,2025-06-02,2025-06-01,699,shipped,False,0
4411,SITE-079,PART-2973,2025-12-17,2025-12-22,2025-12-22,463,shipped,False,0
4412,SITE-057,PART-7591,2026-07-22,2026-07-30,2026-07-28,792,shipped,False,0
4413,SITE-097,PART-8330,2025-08-16,2025-08-21,2025-08-20,182,shipped,False,0
4414,SITE-050,PART-9458,2025-01-28,2025-02-07,2025-02-13,638,delivered,True,6
4415,SITE-004,PART-8909,2026-01-01,2026-01-05,2026-01-05,764,shipped,False,0
4416,SITE-026,PART-8261,2025-05-17,2025-05-27,2025-05-27,531,delivered,False,0
4417,SITE-054,PART-3201,2026-05-25,2026-06-03,2026-06-02,537,pending,False,0
4418,SITE-015,PART-2799,2025-02-18,2025-02-21,2025-02-20,36,delivered,False,0
4419,SITE-052,PART-7385,2025-02-10,2025-02-14,2025-02-13,818,delivered,False,0
4420,SITE-001,PART-6299,2025-03-27,2025-03-30,2025-04-01,271,shipped,True,2
4421,SITE-053,PART-9077,2026-01-27,2026-02-04,2026-02-02,825,delivered,False,0
4422,SITE-084,PART-9334,2026-04-04,2026-04-11,2026-04-10,739,shipped,False,0
4423,SITE-066,PART-8690,2025-07-23,2025-07-27,2025-07-27,48,delivered,False,0
4424,SITE-006,PART-5781,2025-05-14,2025-05-18,2025-05-17,87,delivered,False,0
4425,SITE-086,PART-2699,2025-11-14,2025-11-21,2025-11-20,545,delivered,False,0
4426,SITE-060,PART-3109,2026-02-08,2026-02-12,2026-02-10,443,delivered,False,0
4427,SITE-028,PART-6293,2026-12-27,2026-12-30,2026-12-29,645,shipped,False,0
4428,SITE-084,PART-1710,2025-12-12,2025-12-21,2025-12-20,643,shipped,False,0
4429,SITE-028,PART-5907,2026-10-22,2026-10-28,2026-10-26,926,shipped,False,0
4430,SITE-026,PART-5959,2026-03-20,2026-03-26,2026-03-26,198,shipped,False,0
4431,SITE-088,PART-5543,2026-08-25,2026-08-29,2026-08-28,892,pending,False,0
4432,SITE-050,PART-4311,2026-02-20,2026-02-23,2026-02-21,644,shipped,False,0
4433,SITE-048,PART-5726,2025-10-28,2025-11-04,2025-11-16,940,pending,True,12
4434,SITE-002,PART-1673,2026-12-28,2027-01-03,2027-01-14,749,pending,True,11
4435,SITE-063,PART-1225,2026-02-06,2026-02-09,2026-02-08,560,delivered,False,0
4436,SITE-053,PART-8025,2026-09-24,2026-10-03,2026-10-01,192,shipped,False,0
4437,SITE-079,PART-3657,2025-08-15,2025-08-23,2025-08-21,591,pending,False,0
4438,SITE-040,PART-3228,2025-08-12,2025-08-22,2025-08-22,426,shipped,False,0
4439,SITE-034,PART-6371,2026-07-04,2026-07-12,2026-07-12,121,delivered,False,0
4440,SITE-086,PART-7240,2025-12-11,2025-12-15,2025-12-13,211,shipped,False,0
4441,SITE-035,PART-4320,2025-10-08,2025-10-11,2025-10-09,483,shipped,False,0
4442,SITE-030,PART-8211,2026-11-25,2026-11-28,2026-11-26,933,pending,False,0
4443,SITE-097,PART-5704,2026-06-07,2026-06-17,2026-06-16,502,delivered,False,0
4444,SITE-037,PART-9119,2026-08-02,2026-08-08,2026-08-07,158,delivered,False,0
4445,SITE-017,PART-8273,2025-03-24,2025-04-02,2025-04-02,745,delivered,False,0
4446,SITE-006,PART-7259,2025-12-11,2025-12-16,2025-12-16,471,shipped,False,0
4447,SITE-082,PART-7914,2025-10-03,2025-10-10,2025-10-08,64,delivered,False,0
4448,SITE-076,PART-9272,2026-10-15,2026-10-23,2026-10-22,214,delivered,False,0
4449,SITE-023,PART-5073,2025-04-18,2025-04-21,2025-04-20,631,shipped,False,0
4450,SITE-033,PART-2959,2025-02-02,2025-02-08,2025-02-21,71,delivered,True,13
4451,SITE-047,PART-8807,2025-05-13,2025-05-17,2025-05-15,627,shipped,False,0
4452,SITE-021,PART-7016,2025-02-14,2025-02-19,2025-02-18,164,delivered,False,0
4453,SITE-006,PART-2838,2026-07-22,2026-07-26,2026-07-24,835,delivered,False,0
4454,SITE-099,PART-2698,2025-06-13,2025-06-19,2025-06-19,24,shipped,False,0
4455,SITE-077,PART-2766,2026-10-20,2026-10-28,2026-10-26,716,pending,False,0
4456,SITE-051,PART-1506,2026-01-18,2026-01-26,2026-01-25,730,pending,False,0
4457,SITE-026,PART-9165,2025-04-13,2025-04-22,2025-04-22,726,shipped,False,0
4458,SITE-087,PART-4518,2025-10-10,2025-10-13,2025-10-13,611,shipped,False,0
4459,SITE-006,PART-2443,2026-08-18,2026-08-22,2026-08-21,380,pending,False,0
4460,SITE-024,PART-3162,2026-03-20,2026-03-30,2026-04-07,642,delivered,True,8
4461,SITE-015,PART-6814,2026-08-06,2026-08-10,2026-08-09,404,shipped,False,0
4462,SITE-087,PART-2487,2026-05-05,2026-05-13,2026-05-13,593,delivered,False,0
4463,SITE-013,PART-1343,2026-03-08,2026-03-13,2026-03-23,251,pending,True,10
4464,SITE-083,PART-7949,2025-09-11,2025-09-21,2025-09-19,450,delivered,False,0
4465,SITE-076,PART-3251,2026-10-03,2026-10-12,2026-10-10,248,pending,False,0
4466,SITE-018,PART-1734,2025-12-12,2025-12-22,2025-12-21,772,delivered,False,0
4467,SITE-073,PART-9099,2026-11-26,2026-12-06,2026-12-05,332,delivered,False,0
4468,SITE-056,PART-4404,2025-09-13,2025-09-18,2025-09-16,475,shipped,False,0
4469,SITE-067,PART-9329,2026-10-14,2026-10-19,2026-10-25,132,delivered,True,6
4470,SITE-002,PART-9099,2026-06-23,2026-06-29,2026-06-27,765,delivered,False,0
4471,SITE-056,PART-5693,2025-04-03,2025-04-13,2025-04-12,427,pending,False,0
4472,SITE-059,PART-6814,2025-03-11,2025-03-20,2025-03-20,328,delivered,False,0
4473,SITE-029,PART-9768,2025-09-21,2025-09-24,2025-09-24,693,pending,False,0
4474,SITE-075,PART-2766,2025-09-06,2025-09-09,2025-09-08,815,shipped,False,0
4475,SITE-024,PART-3732,2025-09-28,2025-10-07,2025-10-07,546,delivered,False,0
4476,SITE-032,PART-6812,2026-04-08,2026-04-13,2026-04-12,544,shipped,False,0
4477,SITE-019,PART-6975,2025-04-21,2025-04-27,2025-04-27,869,shipped,False,0
4478,SITE-007,PART-2773,2025-04-22,2025-04-29,2025-04-28,947,shipped,False,0
4479,SITE-065,PART-8505,2026-09-09,2026-09-13,2026-09-12,914,shipped,False,0
4480,SITE-005,PART-2897,2026-03-25,2026-04-02,2026-03-31,681,delivered,False,0
4481,SITE-028,PART-7524,2026-04-03,2026-04-13,2026-04-11,635,shipped,False,0
4482,SITE-016,PART-3663,2026-01-18,2026-01-23,2026-01-26,880,shipped,True,3
4483,SITE-010,PART-2735,2026-06-25,2026-07-02,2026-07-02,90,shipped,False,0
4484,SITE-034,PART-2068,2026-06-01,2026-06-04,2026-06-02,175,delivered,False,0
4485,SITE-080,PART-8523,2026-11-01,2026-11-04,2026-11-02,123,shipped,False,0
4486,SITE-082,PART-5664,2026-02-01,2026-02-06,2026-02-04,549,shipped,False,0
4487,SITE-080,PART-4370,2025-04-06,2025-04-11,2025-04-10,48,delivered,False,0
4488,SITE-030,PART-7967,2026-09-06,2026-09-13,2026-09-11,551,shipped,False,0
4489,SITE-067,PART-1852,2026-01-16,2026-01-22,2026-01-20,743,shipped,False,0
4490,SITE-031,PART-2758,2026-06-05,2026-06-14,2026-06-13,515,pending,False,0
4491,SITE-022,PART-7165,2025-11-04,2025-11-13,2025-11-11,238,pending,False,0
4492,SITE-033,PART-7045,2026-09-24,2026-09-29,2026-10-04,323,shipped,True,5
4493,SITE-027,PART-5664,2026-11-21,2026-11-25,2026-11-24,436,pending,False,0
4494,SITE-100,PART-6668,2025-09-13,2025-09-16,2025-09-14,219,shipped,False,0
4495,SITE-009,PART-7690,2026-11-22,2026-12-01,2026-11-29,665,shipped,False,0
4496,SITE-049,PART-4216,2025-07-27,2025-08-06,2025-08-06,385,pending,False,0
4497,SITE-021,PART-5073,2026-10-21,2026-10-30,2026-10-30,335,pending,False,0
4498,SITE-018,PART-2422,2025-11-25,2025-12-04,2025-12-04,264,shipped,False,0
4499,SITE-019,PART-5660,2026-02-18,2026-02-22,2026-02-20,887,delivered,False,0
4500,SITE-025,PART-3574,2026-05-18,2026-05-21,2026-05-21,744,shipped,False,0
4501,SITE-005,PART-7758,2026-08-08,2026-08-17,2026-08-15,465,delivered,False,0
4502,SITE-054,PART-2590,2026-07-11,2026-07-16,2026-07-14,677,pending,False,0
4503,SITE-089,PART-1124,2026-09-28,2026-10-02,2026-09-30,734,shipped,False,0
4504,SITE-026,PART-7735,2026-12-20,2026-12-23,2027-01-07,155,delivered,True,15
4505,SITE-042,PART-5999,2025-12-02,2025-12-09,2025-12-08,162,pending,False,0
4506,SITE-079,PART-3959,2025-03-08,2025-03-11,2025-03-11,436,delivered,False,0
4507,SITE-059,PART-2036,2026-12-28,2027-01-07,2027-01-06,362,delivered,False,0
4508,SITE-090,PART-5198,2025-11-20,2025-11-28,2025-11-26,816,delivered,False,0
4509,SITE-018,PART-1696,2026-01-22,2026-01-28,2026-01-28,701,delivered,False,0
4510,SITE-002,PART-2590,2025-06-04,2025-06-11,2025-06-11,808,delivered,False,0
4511,SITE-082,PART-7608,2025-01-11,2025-01-19,2025-01-17,188,delivered,False,0
4512,SITE-015,PART-5150,2025-08-03,2025-08-07,2025-08-05,553,pending,False,0
4513,SITE-031,PART-1673,2025-09-24,2025-09-28,2025-09-27,287,delivered,False,0
4514,SITE-012,PART-8361,2025-04-21,2025-04-25,2025-04-23,672,pending,False,0
4515,SITE-043,PART-6991,2025-12-25,2025-12-29,2025-12-29,113,shipped,False,0
4516,SITE-080,PART-3228,2026-10-13,2026-10-17,2026-10-16,174,pending,False,0
4517,SITE-055,PART-9194,2025-01-07,2025-01-12,2025-01-10,179,shipped,False,0
4518,SITE-007,PART-7577,2026-09-23,2026-10-02,2026-10-02,592,pending,False,0
4519,SITE-020,PART-6719,2025-04-10,2025-04-16,2025-04-16,471,delivered,False,0
4520,SITE-100,PART-3188,2025-01-11,2025-01-21,2025-01-19,14,shipped,False,0
4521,SITE-087,PART-9037,2025-10-10,2025-10-20,2025-10-18,801,shipped,False,0
4522,SITE-084,PART-5846,2026-12-17,2026-12-25,2026-12-23,68,shipped,False,0
4523,SITE-031,PART-4829,2025-07-25,2025-08-04,2025-08-13,815,shipped,True,9
4524,SITE-019,PART-7782,2026-08-25,2026-09-03,2026-09-01,459,pending,False,0
4525,SITE-096,PART-5646,2025-06-09,2025-06-13,2025-06-11,921,pending,False,0
4526,SITE-041,PART-1264,2025-07-07,2025-07-17,2025-07-17,566,pending,False,0
4527,SITE-028,PART-7537,2025-05-03,2025-05-11,2025-05-11,339,delivered,False,0
4528,SITE-024,PART-7785,2026-06-26,2026-06-30,2026-06-28,313,delivered,False,0
4529,SITE-018,PART-2397,2026-05-20,2026-05-23,2026-05-23,809,shipped,False,0
4530,SITE-013,PART-8279,2026-06-20,2026-06-27,2026-06-25,292,pending,False,0
4531,SITE-033,PART-6417,2026-06-03,2026-06-13,2026-06-12,443,pending,False,0
4532,SITE-044,PART-9388,2026-06-14,2026-06-24,2026-06-23,480,delivered,False,0
4533,SITE-047,PART-7535,2026-11-01,2026-11-08,2026-11-13,548,pending,True,5
4534,SITE-056,PART-9263,2025-11-05,2025-11-08,2025-11-10,684,pending,True,2
4535,SITE-053,PART-6908,2025-07-06,2025-07-16,2025-07-16,688,delivered,False,0
4536,SITE-088,PART-4501,2026-11-18,2026-11-27,2026-12-08,93,shipped,True,11
4537,SITE-011,PART-9666,2026-06-16,2026-06-24,2026-06-24,783,shipped,False,0
4538,SITE-079,PART-4448,2026-05-17,2026-05-21,2026-05-24,67,delivered,True,3
4539,SITE-059,PART-6442,2026-03-23,2026-03-27,2026-04-01,909,delivered,True,5
4540,SITE-068,PART-7159,2026-08-01,2026-08-04,2026-08-04,676,shipped,False,0
4541,SITE-065,PART-6903,2026-12-10,2026-12-16,2026-12-15,493,pending,False,0
4542,SITE-076,PART-5990,2025-09-02,2025-09-10,2025-09-10,392,shipped,False,0
4543,SITE-022,PART-8806,2025-03-02,2025-03-05,2025-03-12,738,shipped,True,7
4544,SITE-088,PART-1897,2025-11-19,2025-11-25,2025-11-23,682,pending,False,0
4545,SITE-097,PART-7586,2026-04-19,2026-04-26,2026-04-26,831,pending,False,0
4546,SITE-070,PART-1783,2025-06-08,2025-06-12,2025-06-12,890,delivered,False,0
4547,SITE-068,PART-2165,2026-11-17,2026-11-23,2026-11-22,425,delivered,False,0
4548,SITE-074,PART-7045,2025-10-15,2025-10-18,2025-10-16,106,shipped,False,0
4549,SITE-096,PART-2505,2025-09-01,2025-09-09,2025-09-08,767,delivered,False,0
4550,SITE-017,PART-3343,2025-05-26,2025-05-30,2025-05-29,980,shipped,False,0
4551,SITE-091,PART-2046,2025-04-05,2025-04-12,2025-04-11,796,pending,False,0
4552,SITE-009,PART-1456,2026-09-15,2026-09-20,2026-09-19,280,delivered,False,0
4553,SITE-090,PART-3276,2026-02-26,2026-03-07,2026-03-05,38,pending,False,0
4554,SITE-039,PART-3274,2025-12-04,2025-12-08,2025-12-08,99,shipped,False,0
4555,SITE-079,PART-7202,2026-05-20,2026-05-24,2026-05-24,785,delivered,False,0
4556,SITE-022,PART-6101,2025-11-12,2025-11-17,2025-11-15,691,pending,False,0
4557,SITE-084,PART-7384,2025-12-27,2025-12-31,2025-12-30,215,delivered,False,0
4558,SITE-011,PART-2506,2026-02-19,2026-02-28,2026-02-26,739,pending,False,0
4559,SITE-008,PART-5771,2025-08-28,2025-08-31,2025-08-29,204,pending,False,0
4560,SITE-091,PART-7486,2026-12-17,2026-12-20,2026-12-19,143,pending,False,0
4561,SITE-004,PART-2356,2025-03-03,2025-03-09,2025-03-07,890,shipped,False,0
4562,SITE-099,PART-4662,2026-11-26,2026-11-29,2026-11-28,74,shipped,False,0
4563,SITE-032,PART-7833,2025-10-18,2025-10-24,2025-10-24,955,delivered,False,0
4564,SITE-097,PART-7967,2026-03-10,2026-03-17,2026-03-16,523,pending,False,0
4565,SITE-050,PART-7590,2026-02-09,2026-02-18,2026-02-17,632,pending,False,0
4566,SITE-097,PART-8163,2026-11-27,2026-12-05,2026-12-03,760,pending,False,0
4567,SITE-018,PART-3323,2025-09-06,2025-09-10,2025-09-08,481,delivered,False,0
4568,SITE-075,PART-7282,2026-05-25,2026-06-01,2026-06-01,545,pending,False,0
4569,SITE-097,PART-7577,2026-05-02,2026-05-07,2026-05-05,544,pending,False,0
4570,SITE-025,PART-6814,2025-10-01,2025-10-05,2025-10-04,546,pending,False,0
4571,SITE-018,PART-1930,2026-10-21,2026-10-24,2026-10-22,855,pending,False,0
4572,SITE-075,PART-8194,2025-01-05,2025-01-09,2025-01-09,135,shipped,False,0
4573,SITE-053,PART-3435,2026-08-16,2026-08-26,2026-08-26,732,delivered,False,0
4574,SITE-040,PART-9271,2025-02-15,2025-02-23,2025-02-22,44,delivered,False,0
4575,SITE-041,PART-5813,2026-05-23,2026-06-01,2026-06-01,799,pending,False,0
4576,SITE-042,PART-8211,2025-06-24,2025-06-28,2025-06-26,91,pending,False,0
4577,SITE-045,PART-4277,2025-12-05,2025-12-08,2025-12-08,566,shipped,False,0
4578,SITE-034,PART-8195,2025-11-28,2025-12-08,2025-12-15,40,shipped,True,7
4579,SITE-077,PART-6113,2026-02-26,2026-03-06,2026-03-04,515,delivered,False,0
4580,SITE-049,PART-2958,2025-06-17,2025-06-26,2025-06-24,800,pending,False,0
4581,SITE-044,PART-6814,2025-11-06,2025-11-14,2025-11-12,816,pending,False,0
4582,SITE-074,PART-7290,2026-04-15,2026-04-25,2026-04-25,819,pending,False,0
4583,SITE-090,PART-8384,2026-11-05,2026-11-10,2026-11-09,8,delivered,False,0
4584,SITE-099,PART-5846,2026-01-13,2026-01-18,2026-01-18,742,shipped,False,0
4585,SITE-006,PART-1456,2025-06-17,2025-06-24,2025-06-24,173,shipped,False,0
4586,SITE-080,PART-8144,2025-10-26,2025-11-04,2025-11-02,108,pending,False,0
4587,SITE-094,PART-5950,2025-06-17,2025-06-21,2025-06-21,298,delivered,False,0
4588,SITE-058,PART-7897,2025-09-18,2025-09-21,2025-09-19,239,pending,False,0
4589,SITE-066,PART-6508,2025-07-27,2025-08-03,2025-08-01,108,pending,False,0
4590,SITE-024,PART-9334,2026-10-10,2026-10-15,2026-10-15,413,delivered,False,0
4591,SITE-004,PART-3231,2025-08-11,2025-08-15,2025-08-14,42,delivered,False,0
4592,SITE-039,PART-6618,2025-08-03,2025-08-10,2025-08-10,878,pending,False,0
4593,SITE-052,PART-3201,2025-11-02,2025-11-09,2025-11-07,179,pending,False,0
4594,SITE-089,PART-1768,2025-03-04,2025-03-11,2025-03-10,665,delivered,False,0
4595,SITE-079,PART-8254,2026-09-04,2026-09-07,2026-09-06,315,delivered,False,0
4596,SITE-065,PART-8943,2026-07-17,2026-07-20,2026-07-20,591,shipped,False,0
4597,SITE-100,PART-2295,2026-12-15,2026-12-25,2026-12-23,229,shipped,False,0
4598,SITE-003,PART-9329,2026-02-15,2026-02-25,2026-02-24,870,shipped,False,0
4599,SITE-054,PART-2100,2025-10-22,2025-10-27,2025-10-25,807,delivered,False,0
4600,SITE-037,PART-8384,2025-06-28,2025-07-04,2025-07-03,799,pending,False,0
4601,SITE-003,PART-4198,2026-07-23,2026-07-26,2026-07-24,566,pending,False,0
4602,SITE-094,PART-4573,2025-04-02,2025-04-05,2025-04-04,847,delivered,False,0
4603,SITE-011,PART-1210,2026-02-25,2026-03-03,2026-03-01,738,shipped,False,0
4604,SITE-013,PART-1214,2025-10-19,2025-10-23,2025-10-22,956,shipped,False,0
4605,SITE-069,PART-6176,2026-02-23,2026-03-01,2026-02-28,964,delivered,False,0
4606,SITE-050,PART-2317,2025-04-20,2025-04-23,2025-04-23,685,delivered,False,0
4607,SITE-019,PART-5988,2025-04-11,2025-04-18,2025-04-17,973,pending,False,0
4608,SITE-098,PART-6568,2026-09-26,2026-10-04,2026-10-03,246,pending,False,0
4609,SITE-015,PART-7232,2025-07-14,2025-07-20,2025-07-20,294,delivered,False,0
4610,SITE-012,PART-1433,2025-01-16,2025-01-20,2025-01-18,617,pending,False,0
4611,SITE-077,PART-7388,2026-01-19,2026-01-27,2026-01-25,519,pending,False,0
4612,SITE-087,PART-4997,2025-02-05,2025-02-12,2025-02-11,374,delivered,False,0
4613,SITE-025,PART-5646,2026-12-23,2026-12-29,2026-12-28,170,pending,False,0
4614,SITE-042,PART-1405,2025-07-16,2025-07-22,2025-07-22,279,shipped,False,0
4615,SITE-011,PART-2319,2026-01-08,2026-01-17,2026-01-15,772,delivered,False,0
4616,SITE-089,PART-7413,2025-12-06,2025-12-12,2025-12-12,702,shipped,False,0
4617,SITE-048,PART-6884,2025-01-13,2025-01-20,2025-01-19,674,shipped,False,0
4618,SITE-025,PART-7740,2025-08-27,2025-09-03,2025-09-01,804,pending,False,0
4619,SITE-082,PART-2106,2026-01-02,2026-01-06,2026-01-06,159,pending,False,0
4620,SITE-022,PART-8003,2026-11-05,2026-11-15,2026-11-14,769,shipped,False,0
4621,SITE-028,PART-1670,2025-10-12,2025-10-15,2025-10-15,662,shipped,False,0
4622,SITE-050,PART-1402,2025-12-11,2025-12-16,2025-12-16,964,pending,False,0
4623,SITE-035,PART-3549,2026-05-25,2026-05-31,2026-05-29,441,pending,False,0
4624,SITE-090,PART-1700,2026-09-09,2026-09-15,2026-09-14,377,shipped,False,0
4625,SITE-050,PART-2189,2025-07-24,2025-07-30,2025-07-28,150,pending,False,0
4626,SITE-067,PART-2683,2026-09-18,2026-09-25,2026-09-25,335,pending,False,0
4627,SITE-047,PART-3718,2025-07-15,2025-07-20,2025-07-19,933,delivered,False,0
4628,SITE-081,PART-4694,2026-04-18,2026-04-26,2026-04-24,230,pending,False,0
4629,SITE-043,PART-8163,2026-07-13,2026-07-16,2026-07-16,282,shipped,False,0
4630,SITE-046,PART-4680,2025-10-08,2025-10-11,2025-10-10,491,delivered,False,0
4631,SITE-065,PART-5321,2026-11-15,2026-11-20,2026-11-20,696,pending,False,0
4632,SITE-028,PART-6031,2026-09-27,2026-10-03,2026-10-01,442,shipped,False,0
4633,SITE-068,PART-3101,2026-01-10,2026-01-19,2026-01-17,421,pending,False,0
4634,SITE-036,PART-6572,2025-04-04,2025-04-10,2025-04-18,282,delivered,True,8
4635,SITE-088,PART-3735,2025-02-16,2025-02-20,2025-02-18,16,shipped,False,0
4636,SITE-036,PART-8396,2025-10-09,2025-10-14,2025-10-14,798,pending,False,0
4637,SITE-066,PART-7984,2025-04-18,2025-04-25,2025-04-23,904,delivered,False,0
4638,SITE-073,PART-9606,2026-01-28,2026-02-06,2026-02-05,513,delivered,False,0
4639,SITE-045,PART-6412,2026-05-07,2026-05-17,2026-05-17,960,shipped,False,0
4640,SITE-086,PART-1124,2025-03-07,2025-03-14,2025-03-12,340,pending,False,0
4641,SITE-016,PART-1134,2026-01-06,2026-01-12,2026-01-11,309,pending,False,0
4642,SITE-024,PART-8714,2025-05-22,2025-05-25,2025-06-03,550,shipped,True,9
4643,SITE-098,PART-3201,2026-03-02,2026-03-05,2026-03-03,386,delivered,False,0
4644,SITE-062,PART-5121,2026-11-09,2026-11-12,2026-11-12,601,shipped,False,0
4645,SITE-090,PART-1055,2025-08-19,2025-08-27,2025-08-26,958,delivered,False,0
4646,SITE-029,PART-3531,2025-09-21,2025-09-29,2025-09-27,165,pending,False,0
4647,SITE-005,PART-9336,2026-09-21,2026-09-26,2026-09-24,404,shipped,False,0
4648,SITE-046,PART-9128,2026-07-22,2026-07-29,2026-07-28,720,pending,False,0
4649,SITE-084,PART-2189,2025-07-28,2025-08-05,2025-08-03,945,shipped,False,0
4650,SITE-023,PART-9128,2026-06-12,2026-06-18,2026-06-17,727,shipped,False,0
4651,SITE-001,PART-6513,2026-03-10,2026-03-13,2026-03-13,87,shipped,False,0
4652,SITE-020,PART-7486,2026-06-10,2026-06-17,2026-06-16,754,pending,False,0
4653,SITE-035,PART-7886,2025-11-23,2025-11-30,2025-11-29,426,shipped,False,0
4654,SITE-046,PART-5919,2025-02-05,2025-02-11,2025-02-10,623,delivered,False,0
4655,SITE-060,PART-1945,2025-10-10,2025-10-17,2025-10-17,851,pending,False,0
4656,SITE-065,PART-6072,2025-05-13,2025-05-16,2025-05-16,893,delivered,False,0
4657,SITE-044,PART-9184,2025-07-08,2025-07-18,2025-07-18,739,shipped,False,0
4658,SITE-002,PART-2973,2025-10-20,2025-10-30,2025-11-14,997,delivered,True,15
4659,SITE-051,PART-4547,2025-05-22,2025-06-01,2025-05-31,791,delivered,False,0
4660,SITE-079,PART-5460,2025-09-11,2025-09-21,2025-09-19,658,delivered,False,0
4661,SITE-068,PART-8534,2025-12-21,2025-12-24,2025-12-22,965,delivered,False,0
4662,SITE-003,PART-5225,2025-06-26,2025-06-29,2025-06-29,699,pending,False,0
4663,SITE-043,PART-1198,2026-05-20,2026-05-25,2026-05-24,759,delivered,False,0
4664,SITE-056,PART-2970,2026-02-05,2026-02-13,2026-02-11,373,delivered,False,0
4665,SITE-005,PART-3162,2025-02-19,2025-02-24,2025-02-23,171,pending,False,0
4666,SITE-055,PART-3663,2025-11-16,2025-11-22,2025-11-22,300,delivered,False,0
4667,SITE-036,PART-6586,2025-12-28,2026-01-04,2026-01-02,79,delivered,False,0
4668,SITE-097,PART-7181,2026-12-20,2026-12-30,2027-01-14,87,shipped,True,15
4669,SITE-048,PART-8302,2025-02-11,2025-02-15,2025-02-14,74,delivered,False,0
4670,SITE-042,PART-7416,2026-11-20,2026-11-27,2026-11-25,970,shipped,False,0
4671,SITE-053,PART-5726,2026-02-14,2026-02-20,2026-02-18,506,pending,False,0
4672,SITE-079,PART-3457,2025-02-11,2025-02-16,2025-02-15,251,pending,False,0
4673,SITE-078,PART-5539,2026-09-10,2026-09-19,2026-09-17,188,delivered,False,0
4674,SITE-012,PART-8322,2026-04-16,2026-04-23,2026-04-27,622,pending,True,4
4675,SITE-025,PART-7199,2025-06-11,2025-06-21,2025-06-19,181,delivered,False,0
4676,SITE-036,PART-5648,2025-10-24,2025-10-27,2025-10-27,556,shipped,False,0
4677,SITE-006,PART-1564,2025-09-23,2025-09-29,2025-09-28,157,pending,False,0
4678,SITE-040,PART-9194,2025-10-05,2025-10-08,2025-10-08,61,delivered,False,0
4679,SITE-012,PART-1414,2025-10-05,2025-10-08,2025-10-07,969,shipped,False,0
4680,SITE-045,PART-6627,2025-06-25,2025-07-02,2025-06-30,826,pending,False,0
4681,SITE-039,PART-2331,2025-09-21,2025-09-24,2025-09-23,819,pending,False,0
4682,SITE-039,PART-1926,2025-06-23,2025-06-26,2025-06-25,297,pending,False,0
4683,SITE-063,PART-1660,2026-11-25,2026-11-30,2026-11-29,348,pending,False,0
4684,SITE-078,PART-1557,2025-07-01,2025-07-05,2025-07-05,313,shipped,False,0
4685,SITE-057,PART-3915,2026-02-15,2026-02-19,2026-02-17,709,pending,False,0
4686,SITE-014,PART-4846,2025-05-22,2025-05-31,2025-05-30,301,shipped,False,0
4687,SITE-045,PART-1116,2026-09-28,2026-10-06,2026-10-06,317,delivered,False,0
4688,SITE-023,PART-4035,2026-12-19,2026-12-24,2026-12-28,318,shipped,True,4
4689,SITE-077,PART-2135,2026-04-05,2026-04-15,2026-04-14,795,delivered,False,0
4690,SITE-084,PART-8199,2026-07-26,2026-08-01,2026-08-01,312,pending,False,0
4691,SITE-073,PART-2416,2026-05-24,2026-05-28,2026-05-27,340,pending,False,0
4692,SITE-085,PART-5186,2026-03-02,2026-03-05,2026-03-05,342,shipped,False,0
4693,SITE-097,PART-3015,2026-12-19,2026-12-26,2026-12-24,23,pending,False,0
4694,SITE-050,PART-8355,2025-07-07,2025-07-12,2025-07-20,501,delivered,True,8
4695,SITE-031,PART-3109,2025-10-28,2025-11-06,2025-11-04,345,shipped,False,0
4696,SITE-071,PART-6615,2026-02-10,2026-02-13,2026-02-12,259,shipped,False,0
4697,SITE-055,PART-1218,2026-04-21,2026-04-29,2026-05-03,207,delivered,True,4
4698,SITE-014,PART-6762,2026-07-22,2026-07-25,2026-07-24,2,delivered,False,0
4699,SITE-087,PART-1210,2026-04-03,2026-04-07,2026-04-05,40,pending,False,0
4700,SITE-008,PART-9883,2025-09-21,2025-09-28,2025-09-27,125,pending,False,0
4701,SITE-083,PART-3731,2026-02-24,2026-03-05,2026-03-03,507,delivered,False,0
4702,SITE-076,PART-4538,2025-09-15,2025-09-24,2025-09-23,799,pending,False,0
4703,SITE-069,PART-4148,2025-08-06,2025-08-11,2025-08-11,493,delivered,False,0
4704,SITE-060,PART-6293,2025-05-18,2025-05-27,2025-05-25,352,shipped,False,0
4705,SITE-057,PART-9558,2025-04-03,2025-04-09,2025-04-09,399,shipped,False,0
4706,SITE-065,PART-9679,2026-09-02,2026-09-11,2026-09-09,583,delivered,False,0
4707,SITE-053,PART-2487,2026-04-18,2026-04-26,2026-04-26,811,shipped,False,0
4708,SITE-060,PART-7314,2025-11-15,2025-11-24,2025-11-22,29,pending,False,0
4709,SITE-096,PART-5539,2025-11-16,2025-11-20,2025-11-19,471,shipped,False,0
4710,SITE-064,PART-7121,2025-04-28,2025-05-01,2025-04-30,834,pending,False,0
4711,SITE-081,PART-3553,2025-09-24,2025-10-04,2025-10-02,88,pending,False,0
4712,SITE-028,PART-4918,2026-07-19,2026-07-23,2026-07-23,647,pending,False,0
4713,SITE-041,PART-9128,2025-01-17,2025-01-26,2025-01-26,762,delivered,False,0
4714,SITE-022,PART-6431,2026-08-10,2026-08-17,2026-08-17,802,delivered,False,0
4715,SITE-066,PART-8451,2025-03-19,2025-03-29,2025-03-29,934,delivered,False,0
4716,SITE-024,PART-2415,2025-01-12,2025-01-19,2025-01-18,392,shipped,False,0
4717,SITE-048,PART-8694,2025-06-09,2025-06-12,2025-06-10,296,pending,False,0
4718,SITE-071,PART-2283,2025-12-08,2025-12-14,2025-12-13,347,delivered,False,0
4719,SITE-071,PART-5180,2025-07-07,2025-07-16,2025-07-14,225,delivered,False,0
4720,SITE-084,PART-8084,2025-05-14,2025-05-18,2025-05-16,938,pending,False,0
4721,SITE-047,PART-5031,2026-07-11,2026-07-18,2026-07-17,583,shipped,False,0
4722,SITE-021,PART-7967,2026-12-15,2026-12-22,2026-12-22,521,pending,False,0
4723,SITE-052,PART-2526,2025-10-26,2025-11-03,2025-11-03,445,shipped,False,0
4724,SITE-088,PART-1695,2026-04-01,2026-04-04,2026-04-02,657,shipped,False,0
4725,SITE-070,PART-5100,2026-05-25,2026-05-29,2026-05-27,799,shipped,False,0
4726,SITE-095,PART-6787,2026-04-18,2026-04-26,2026-04-26,307,delivered,False,0
4727,SITE-065,PART-5828,2026-10-26,2026-11-05,2026-11-03,250,delivered,False,0
4728,SITE-042,PART-2098,2026-01-24,2026-02-03,2026-02-10,32,delivered,True,7
4729,SITE-004,PART-8003,2026-05-10,2026-05-16,2026-05-15,391,pending,False,0
4730,SITE-024,PART-6567,2025-08-12,2025-08-17,2025-08-15,944,shipped,False,0
4731,SITE-080,PART-5660,2025-05-19,2025-05-26,2025-05-25,362,shipped,False,0
4732,SITE-069,PART-3323,2025-05-03,2025-05-13,2025-05-12,878,pending,False,0
4733,SITE-011,PART-8798,2025-03-26,2025-03-31,2025-03-30,113,shipped,False,0
4734,SITE-068,PART-8126,2025-04-17,2025-04-21,2025-04-20,849,shipped,False,0
4735,SITE-081,PART-9255,2026-03-28,2026-04-05,2026-04-23,505,delivered,True,18
4736,SITE-095,PART-7442,2025-09-04,2025-09-10,2025-09-09,174,delivered,False,0
4737,SITE-052,PART-3729,2025-01-15,2025-01-25,2025-01-24,410,pending,False,0
4738,SITE-094,PART-9856,2026-08-27,2026-09-05,2026-09-09,340,shipped,True,4
4739,SITE-051,PART-2391,2026-11-04,2026-11-08,2026-11-06,515,shipped,False,0
4740,SITE-100,PART-3799,2025-03-20,2025-03-27,2025-03-27,217,delivered,False,0
4741,SITE-093,PART-9467,2026-08-10,2026-08-17,2026-08-16,47,pending,False,0
4742,SITE-050,PART-7045,2026-05-04,2026-05-07,2026-05-05,513,pending,False,0
4743,SITE-098,PART-6894,2026-05-22,2026-05-29,2026-05-27,841,delivered,False,0
4744,SITE-048,PART-9648,2026-03-16,2026-03-20,2026-03-19,665,pending,False,0
4745,SITE-078,PART-1219,2025-10-16,2025-10-21,2025-10-27,34,delivered,True,6
4746,SITE-011,PART-6983,2026-02-02,2026-02-11,2026-02-11,65,shipped,False,0
4747,SITE-075,PART-4897,2025-05-12,2025-05-15,2025-05-14,612,delivered,False,0
4748,SITE-041,PART-7210,2025-03-27,2025-04-03,2025-04-02,420,pending,False,0
4749,SITE-030,PART-4662,2026-11-19,2026-11-22,2026-11-20,104,pending,False,0
4750,SITE-076,PART-8261,2025-05-11,2025-05-15,2025-05-13,663,pending,False,0
4751,SITE-093,PART-8199,2025-10-07,2025-10-14,2025-10-13,532,pending,False,0
4752,SITE-008,PART-7020,2025-06-27,2025-07-03,2025-07-08,686,shipped,True,5
4753,SITE-097,PART-2140,2025-08-10,2025-08-14,2025-08-13,754,delivered,False,0
4754,SITE-030,PART-9492,2026-10-27,2026-10-30,2026-10-28,578,pending,False,0
4755,SITE-032,PART-8003,2025-07-27,2025-08-04,2025-08-03,171,delivered,False,0
4756,SITE-042,PART-1173,2026-10-14,2026-10-24,2026-10-30,384,delivered,True,6
4757,SITE-026,PART-1759,2025-12-22,2025-12-25,2025-12-25,189,pending,False,0
4758,SITE-089,PART-2430,2026-11-23,2026-11-28,2026-11-26,739,delivered,False,0
4759,SITE-047,PART-4694,2025-08-20,2025-08-27,2025-08-25,75,shipped,False,0
4760,SITE-039,PART-7442,2026-07-20,2026-07-29,2026-08-01,849,delivered,True,3
4761,SITE-005,PART-3915,2025-06-08,2025-06-16,2025-06-16,38,delivered,False,0
4762,SITE-035,PART-9758,2025-03-21,2025-03-24,2025-03-23,520,pending,False,0
4763,SITE-010,PART-8555,2026-01-02,2026-01-06,2026-01-06,961,pending,False,0
4764,SITE-055,PART-1225,2026-01-15,2026-01-18,2026-01-16,371,shipped,False,0
4765,SITE-027,PART-5543,2025-09-19,2025-09-22,2025-09-21,912,delivered,False,0
4766,SITE-004,PART-1897,2026-01-17,2026-01-23,2026-01-23,586,shipped,False,0
4767,SITE-088,PART-4297,2026-02-08,2026-02-17,2026-02-16,814,delivered,False,0
4768,SITE-092,PART-3347,2026-07-19,2026-07-25,2026-07-23,496,shipped,False,0
4769,SITE-040,PART-7442,2026-03-03,2026-03-13,2026-03-12,824,shipped,False,0
4770,SITE-065,PART-3684,2025-04-08,2025-04-11,2025-04-10,894,shipped,False,0
4771,SITE-040,PART-9856,2026-07-15,2026-07-24,2026-07-23,808,shipped,False,0
4772,SITE-051,PART-3887,2025-05-17,2025-05-25,2025-05-24,967,delivered,False,0
4773,SITE-025,PART-4078,2026-01-23,2026-01-31,2026-02-05,545,pending,True,5
4774,SITE-099,PART-7792,2025-01-14,2025-01-19,2025-01-17,198,shipped,False,0
4775,SITE-065,PART-5219,2026-01-08,2026-01-12,2026-01-12,815,shipped,False,0
4776,SITE-022,PART-9834,2026-08-03,2026-08-06,2026-08-05,768,pending,False,0
4777,SITE-007,PART-4251,2025-12-08,2025-12-14,2025-12-12,885,shipped,False,0
4778,SITE-092,PART-9106,2026-04-14,2026-04-21,2026-04-20,771,pending,False,0
4779,SITE-052,PART-2075,2026-01-11,2026-01-21,2026-01-20,781,pending,False,0
4780,SITE-090,PART-9623,2026-08-07,2026-08-11,2026-08-09,943,delivered,False,0
4781,SITE-054,PART-5696,2025-03-28,2025-04-02,2025-04-02,217,delivered,False,0
4782,SITE-004,PART-4035,2025-04-17,2025-04-27,2025-04-27,342,delivered,False,0
4783,SITE-046,PART-1142,2025-02-03,2025-02-09,2025-02-07,847,pending,False,0
4784,SITE-046,PART-3602,2025-03-14,2025-03-18,2025-03-17,403,delivered,False,0
4785,SITE-008,PART-8062,2026-05-05,2026-05-13,2026-05-12,81,shipped,False,0
4786,SITE-066,PART-2217,2026-09-05,2026-09-12,2026-09-12,993,shipped,False,0
4787,SITE-085,PART-8896,2026-07-10,2026-07-18,2026-07-16,623,pending,False,0
4788,SITE-042,PART-4238,2025-11-22,2025-12-01,2025-11-29,731,pending,False,0
4789,SITE-013,PART-7200,2025-05-01,2025-05-09,2025-05-07,723,delivered,False,0
4790,SITE-003,PART-8156,2026-05-08,2026-05-12,2026-05-10,765,shipped,False,0
4791,SITE-098,PART-7181,2026-07-08,2026-07-14,2026-07-13,971,delivered,False,0
4792,SITE-036,PART-3193,2026-01-27,2026-02-01,2026-01-31,232,pending,False,0
4793,SITE-095,PART-7560,2026-06-26,2026-07-02,2026-07-09,805,delivered,True,7
4794,SITE-035,PART-9272,2025-07-12,2025-07-22,2025-07-22,651,pending,False,0
4795,SITE-098,PART-5321,2026-04-07,2026-04-13,2026-04-12,288,delivered,False,0
4796,SITE-034,PART-7290,2025-04-19,2025-04-23,2025-04-21,593,shipped,False,0
4797,SITE-078,PART-6586,2025-11-04,2025-11-11,2025-11-11,855,pending,False,0
4798,SITE-051,PART-1228,2025-11-15,2025-11-23,2025-11-23,444,pending,False,0
4799,SITE-081,PART-1416,2025-08-14,2025-08-24,2025-08-24,156,pending,False,0
4800,SITE-050,PART-6113,2026-12-05,2026-12-12,2026-12-10,254,delivered,False,0
4801,SITE-051,PART-2443,2026-08-13,2026-08-23,2026-08-26,75,pending,True,3
4802,SITE-052,PART-1210,2026-08-25,2026-09-01,2026-08-30,664,pending,False,0
4803,SITE-050,PART-9377,2025-05-23,2025-05-30,2025-05-29,448,delivered,False,0
4804,SITE-049,PART-4603,2025-01-01,2025-01-07,2025-01-07,287,pending,False,0
4805,SITE-010,PART-1483,2026-05-25,2026-05-28,2026-05-26,951,delivered,False,0
4806,SITE-050,PART-9679,2026-07-25,2026-07-29,2026-07-29,798,pending,False,0
4807,SITE-087,PART-3799,2025-11-16,2025-11-21,2025-11-21,231,shipped,False,0
4808,SITE-090,PART-4080,2025-12-07,2025-12-11,2025-12-09,426,pending,False,0
4809,SITE-048,PART-4062,2025-02-12,2025-02-17,2025-02-17,660,pending,False,0
4810,SITE-024,PART-7912,2025-02-01,2025-02-09,2025-02-07,128,shipped,False,0
4811,SITE-069,PART-9297,2026-12-22,2026-12-27,2026-12-27,613,shipped,False,0
4812,SITE-048,PART-2590,2025-09-15,2025-09-20,2025-09-18,492,delivered,False,0
4813,SITE-030,PART-7599,2025-12-19,2025-12-23,2025-12-31,613,shipped,True,8
4814,SITE-014,PART-7577,2025-11-14,2025-11-23,2025-11-22,869,delivered,False,0
4815,SITE-014,PART-9097,2026-08-05,2026-08-09,2026-08-08,207,shipped,False,0
4816,SITE-095,PART-9993,2025-06-17,2025-06-21,2025-06-19,644,shipped,False,0
4817,SITE-019,PART-4582,2026-05-10,2026-05-14,2026-05-14,186,shipped,False,0
4818,SITE-061,PART-4545,2026-03-08,2026-03-13,2026-03-11,689,delivered,False,0
4819,SITE-086,PART-5652,2026-04-06,2026-04-10,2026-04-08,370,delivered,False,0
4820,SITE-007,PART-2281,2025-11-04,2025-11-09,2025-11-07,566,shipped,False,0
4821,SITE-086,PART-5726,2025-10-11,2025-10-16,2025-10-14,336,pending,False,0
4822,SITE-076,PART-8714,2025-12-14,2025-12-17,2025-12-30,726,delivered,True,13
4823,SITE-013,PART-3531,2026-04-19,2026-04-24,2026-05-09,907,pending,True,15
4824,SITE-090,PART-5172,2025-05-22,2025-05-28,2025-05-26,592,shipped,False,0
4825,SITE-052,PART-2683,2026-10-05,2026-10-11,2026-10-09,72,shipped,False,0
4826,SITE-094,PART-4392,2025-07-16,2025-07-25,2025-07-25,66,delivered,False,0
4827,SITE-030,PART-3182,2025-11-28,2025-12-07,2025-12-19,684,shipped,True,12
4828,SITE-074,PART-2122,2026-03-20,2026-03-24,2026-03-24,721,shipped,False,0
4829,SITE-005,PART-4297,2026-05-08,2026-05-11,2026-05-11,39,delivered,False,0
4830,SITE-066,PART-1575,2025-01-05,2025-01-14,2025-01-13,847,pending,False,0
4831,SITE-051,PART-7181,2025-09-23,2025-10-02,2025-09-30,90,pending,False,0
4832,SITE-001,PART-2699,2025-02-28,2025-03-07,2025-03-07,324,pending,False,0
4833,SITE-079,PART-1240,2025-09-13,2025-09-17,2025-09-15,669,pending,False,0
4834,SITE-100,PART-2698,2025-09-08,2025-09-17,2025-09-15,695,shipped,False,0
4835,SITE-029,PART-4206,2025-02-28,2025-03-05,2025-03-05,396,shipped,False,0
4836,SITE-038,PART-9432,2025-10-23,2025-11-01,2025-10-30,227,delivered,False,0
4837,SITE-028,PART-2802,2025-05-09,2025-05-19,2025-05-17,388,pending,False,0
4838,SITE-012,PART-6812,2026-03-08,2026-03-12,2026-03-10,944,delivered,False,0
4839,SITE-053,PART-1483,2025-11-28,2025-12-01,2025-12-01,523,pending,False,0
4840,SITE-097,PART-7606,2025-11-10,2025-11-20,2025-11-18,428,delivered,False,0
4841,SITE-088,PART-8163,2025-06-24,2025-07-02,2025-06-30,757,shipped,False,0
4842,SITE-035,PART-3415,2026-09-22,2026-10-02,2026-10-02,809,pending,False,0
4843,SITE-067,PART-2100,2026-08-06,2026-08-12,2026-08-12,346,pending,False,0
4844,SITE-098,PART-1416,2026-11-25,2026-11-29,2026-11-29,327,delivered,False,0
4845,SITE-023,PART-4603,2026-11-20,2026-11-24,2026-11-22,908,shipped,False,0
4846,SITE-011,PART-8874,2025-02-27,2025-03-06,2025-03-05,56,pending,False,0
4847,SITE-077,PART-8695,2026-09-26,2026-09-29,2026-10-14,904,shipped,True,15
4848,SITE-014,PART-3323,2025-01-28,2025-02-07,2025-02-06,658,shipped,False,0
4849,SITE-030,PART-8558,2025-07-16,2025-07-21,2025-07-19,976,pending,False,0
4850,SITE-005,PART-8581,2025-08-07,2025-08-15,2025-08-14,392,shipped,False,0
4851,SITE-022,PART-8625,2026-08-11,2026-08-14,2026-08-14,808,delivered,False,0
4852,SITE-022,PART-5648,2025-03-14,2025-03-22,2025-03-20,647,pending,False,0
4853,SITE-044,PART-9512,2026-10-08,2026-10-17,2026-10-15,583,delivered,False,0
4854,SITE-084,PART-7486,2025-11-21,2025-11-30,2025-11-29,140,delivered,False,0
4855,SITE-089,PART-1099,2026-07-25,2026-07-29,2026-07-28,161,pending,False,0
4856,SITE-046,PART-5350,2025-06-21,2025-07-01,2025-06-29,418,delivered,False,0
4857,SITE-066,PART-5401,2026-03-02,2026-03-11,2026-03-10,837,delivered,False,0
4858,SITE-030,PART-2052,2025-04-28,2025-05-03,2025-05-01,861,shipped,False,0
4859,SITE-003,PART-1194,2026-01-20,2026-01-23,2026-01-31,668,shipped,True,8
4860,SITE-035,PART-1647,2026-08-25,2026-09-02,2026-09-01,907,shipped,False,0
4861,SITE-018,PART-4748,2026-03-04,2026-03-07,2026-03-06,862,delivered,False,0
4862,SITE-047,PART-7290,2025-01-15,2025-01-21,2025-01-19,239,delivered,False,0
4863,SITE-032,PART-7442,2026-06-02,2026-06-10,2026-06-27,187,delivered,True,17
4864,SITE-077,PART-6819,2026-08-24,2026-08-30,2026-08-28,397,shipped,False,0
4865,SITE-016,PART-7082,2026-11-10,2026-11-14,2026-11-12,674,delivered,False,0
4866,SITE-062,PART-7135,2025-02-20,2025-03-01,2025-02-28,968,shipped,False,0
4867,SITE-025,PART-8994,2026-09-02,2026-09-07,2026-09-07,423,delivered,False,0
4868,SITE-049,PART-3121,2026-02-06,2026-02-16,2026-02-21,146,pending,True,5
4869,SITE-095,PART-7138,2025-07-25,2025-07-31,2025-08-07,713,delivered,True,7
4870,SITE-052,PART-7366,2025-08-17,2025-08-20,2025-08-19,335,shipped,False,0
4871,SITE-052,PART-8694,2025-01-25,2025-02-04,2025-02-02,84,pending,False,0
4872,SITE-020,PART-1414,2025-02-16,2025-02-21,2025-02-19,967,pending,False,0
4873,SITE-082,PART-9340,2026-03-13,2026-03-18,2026-03-16,116,pending,False,0
4874,SITE-066,PART-1142,2026-06-28,2026-07-02,2026-07-01,80,delivered,False,0
4875,SITE-009,PART-1591,2026-02-12,2026-02-18,2026-02-16,743,shipped,False,0
4876,SITE-064,PART-9371,2025-10-11,2025-10-18,2025-10-22,204,pending,True,4
4877,SITE-056,PART-8779,2025-05-19,2025-05-25,2025-05-25,46,delivered,False,0
4878,SITE-058,PART-7104,2026-10-18,2026-10-28,2026-10-27,108,pending,False,0
4879,SITE-047,PART-7591,2025-03-24,2025-04-01,2025-03-30,598,shipped,False,0
4880,SITE-060,PART-4897,2025-05-13,2025-05-20,2025-05-20,655,delivered,False,0
4881,SITE-088,PART-6924,2025-02-07,2025-02-14,2025-02-13,256,pending,False,0
4882,SITE-058,PART-1124,2025-02-03,2025-02-09,2025-02-08,626,delivered,False,0
4883,SITE-018,PART-4228,2026-12-22,2026-12-26,2026-12-31,71,delivered,True,5
4884,SITE-013,PART-5004,2025-01-23,2025-01-30,2025-01-28,923,delivered,False,0
4885,SITE-010,PART-9704,2026-01-01,2026-01-06,2026-01-06,628,delivered,False,0
4886,SITE-001,PART-6762,2025-05-10,2025-05-16,2025-05-16,4,pending,False,0
4887,SITE-081,PART-2281,2026-06-02,2026-06-11,2026-06-10,794,delivered,False,0
4888,SITE-091,PART-3254,2025-01-10,2025-01-17,2025-01-16,577,pending,False,0
4889,SITE-060,PART-4206,2026-11-20,2026-11-30,2026-11-29,857,delivered,False,0
4890,SITE-082,PART-2443,2025-08-18,2025-08-23,2025-08-25,402,shipped,True,2
4891,SITE-016,PART-1219,2025-05-26,2025-06-01,2025-06-01,820,shipped,False,0
4892,SITE-062,PART-7967,2025-03-27,2025-03-31,2025-03-30,266,delivered,False,0
4893,SITE-030,PART-7820,2026-06-07,2026-06-15,2026-06-23,346,pending,True,8
4894,SITE-024,PART-2952,2025-06-10,2025-06-20,2025-06-20,53,delivered,False,0
4895,SITE-059,PART-2331,2025-12-05,2025-12-08,2025-12-07,341,delivered,False,0
4896,SITE-007,PART-9913,2026-04-08,2026-04-13,2026-04-22,399,delivered,True,9
4897,SITE-092,PART-3887,2026-11-28,2026-12-08,2026-12-06,847,shipped,False,0
4898,SITE-099,PART-6983,2025-03-02,2025-03-08,2025-03-08,11,delivered,False,0
4899,SITE-073,PART-2356,2025-03-02,2025-03-12,2025-03-10,336,delivered,False,0
4900,SITE-100,PART-1534,2025-04-25,2025-05-02,2025-04-30,683,shipped,False,0
4901,SITE-062,PART-3735,2025-01-21,2025-01-28,2025-01-27,168,delivered,False,0
4902,SITE-004,PART-1744,2026-01-04,2026-01-10,2026-01-09,480,shipped,False,0
4903,SITE-082,PART-6854,2026-06-28,2026-07-07,2026-07-06,97,delivered,False,0
4904,SITE-061,PART-1214,2026-10-25,2026-11-01,2026-10-31,226,pending,False,0
4905,SITE-013,PART-2397,2025-10-16,2025-10-19,2025-10-28,639,shipped,True,9
4906,SITE-095,PART-2391,2025-04-25,2025-05-05,2025-05-03,434,delivered,False,0
4907,SITE-079,PART-7202,2026-10-22,2026-10-26,2026-10-24,901,delivered,False,0
4908,SITE-073,PART-3193,2025-11-28,2025-12-02,2025-11-30,998,pending,False,0
4909,SITE-003,PART-2505,2026-07-25,2026-07-28,2026-07-28,437,pending,False,0
4910,SITE-091,PART-1049,2026-01-08,2026-01-16,2026-01-16,120,delivered,False,0
4911,SITE-074,PART-2506,2025-12-14,2025-12-18,2025-12-16,593,shipped,False,0
4912,SITE-045,PART-7384,2025-11-21,2025-11-28,2025-11-28,270,delivered,False,0
4913,SITE-046,PART-3274,2026-12-27,2027-01-06,2027-01-04,505,pending,False,0
4914,SITE-097,PART-1524,2025-09-15,2025-09-25,2025-09-23,441,pending,False,0
4915,SITE-099,PART-3329,2025-11-07,2025-11-11,2025-11-11,639,delivered,False,0
4916,SITE-026,PART-3531,2025-10-09,2025-10-12,2025-10-11,663,delivered,False,0
4917,SITE-067,PART-1768,2026-06-01,2026-06-05,2026-06-05,633,delivered,False,0
4918,SITE-094,PART-8558,2025-02-08,2025-02-17,2025-02-15,831,pending,False,0
4919,SITE-010,PART-7935,2026-09-01,2026-09-05,2026-09-05,597,shipped,False,0
4920,SITE-012,PART-8910,2025-12-16,2025-12-25,2025-12-23,672,pending,False,0
4921,SITE-091,PART-5652,2025-08-26,2025-09-04,2025-09-10,789,pending,True,6
4922,SITE-089,PART-8529,2026-10-21,2026-10-30,2026-10-28,23,pending,False,0
4923,SITE-001,PART-8558,2025-07-22,2025-07-27,2025-07-25,236,delivered,False,0
4924,SITE-059,PART-1416,2026-08-06,2026-08-15,2026-08-15,60,pending,False,0
4925,SITE-064,PART-9589,2025-12-08,2025-12-18,2025-12-18,9,pending,False,0
4926,SITE-052,PART-7366,2025-11-24,2025-11-28,2025-11-26,360,delivered,False,0
4927,SITE-069,PART-2098,2025-09-11,2025-09-20,2025-10-06,975,pending,True,16
4928,SITE-055,PART-7641,2026-12-16,2026-12-24,2026-12-24,704,pending,False,0
4929,SITE-042,PART-9336,2025-05-01,2025-05-09,2025-05-09,262,delivered,False,0
4930,SITE-044,PART-6330,2025-09-16,2025-09-26,2025-09-24,927,delivered,False,0
4931,SITE-049,PART-7385,2026-01-27,2026-02-06,2026-02-05,689,pending,False,0
4932,SITE-084,PART-7082,2026-11-01,2026-11-05,2026-11-04,191,shipped,False,0
4933,SITE-012,PART-1266,2025-10-04,2025-10-14,2025-10-12,964,pending,False,0
4934,SITE-077,PART-9194,2026-09-17,2026-09-27,2026-09-26,4,pending,False,0
4935,SITE-032,PART-3504,2025-12-23,2025-12-26,2025-12-26,794,delivered,False,0
4936,SITE-047,PART-5543,2026-01-16,2026-01-24,2026-01-22,64,shipped,False,0
4937,SITE-061,PART-4184,2026-02-10,2026-02-15,2026-02-13,382,shipped,False,0
4938,SITE-082,PART-2766,2026-07-28,2026-08-02,2026-07-31,536,shipped,False,0
4939,SITE-039,PART-5875,2026-05-10,2026-05-20,2026-05-20,868,pending,False,0
4940,SITE-026,PART-7413,2026-09-26,2026-09-30,2026-09-28,21,pending,False,0
4941,SITE-089,PART-2464,2026-01-26,2026-01-31,2026-01-29,236,delivered,False,0
4942,SITE-098,PART-2035,2025-03-26,2025-04-04,2025-04-02,478,pending,False,0
4943,SITE-021,PART-2963,2025-01-06,2025-01-10,2025-01-09,322,shipped,False,0
4944,SITE-088,PART-3704,2025-09-25,2025-10-02,2025-10-01,816,shipped,False,0
4945,SITE-041,PART-9167,2026-07-27,2026-08-04,2026-08-02,208,pending,False,0
4946,SITE-049,PART-3937,2025-07-04,2025-07-07,2025-07-05,266,pending,False,0
4947,SITE-097,PART-8909,2026-10-06,2026-10-13,2026-10-11,836,delivered,False,0
4948,SITE-084,PART-4538,2025-12-03,2025-12-10,2025-12-08,369,shipped,False,0
4949,SITE-095,PART-4303,2026-05-05,2026-05-13,2026-05-13,278,delivered,False,0
4950,SITE-046,PART-1524,2026-02-06,2026-02-14,2026-02-13,598,shipped,False,0
4951,SITE-047,PART-5442,2025-01-03,2025-01-13,2025-01-11,344,pending,False,0
4952,SITE-094,PART-1816,2026-09-15,2026-09-21,2026-09-19,739,shipped,False,0
4953,SITE-075,PART-3209,2026-08-04,2026-08-08,2026-08-08,744,shipped,False,0
4954,SITE-080,PART-7413,2026-12-12,2026-12-20,2026-12-18,584,shipped,False,0
4955,SITE-098,PART-9704,2026-02-10,2026-02-17,2026-02-17,456,shipped,False,0
4956,SITE-090,PART-9037,2026-05-24,2026-05-29,2026-05-27,539,pending,False,0
4957,SITE-044,PART-9629,2025-08-04,2025-08-11,2025-08-11,674,shipped,False,0
4958,SITE-019,PART-2416,2025-10-05,2025-10-15,2025-10-15,237,delivered,False,0
4959,SITE-081,PART-9204,2026-10-08,2026-10-15,2026-10-15,657,delivered,False,0
4960,SITE-021,PART-9558,2026-10-13,2026-10-16,2026-10-15,969,delivered,False,0
4961,SITE-100,PART-7388,2026-06-17,2026-06-23,2026-06-21,702,pending,False,0
4962,SITE-039,PART-6349,2026-05-17,2026-05-20,2026-05-19,403,pending,False,0
4963,SITE-026,PART-2075,2025-10-04,2025-10-09,2025-10-19,306,pending,True,10
4964,SITE-095,PART-4781,2026-02-22,2026-02-28,2026-02-26,406,delivered,False,0
4965,SITE-003,PART-4640,2026-07-10,2026-07-18,2026-07-18,506,shipped,False,0
4966,SITE-043,PART-9679,2025-05-15,2025-05-20,2025-05-23,193,delivered,True,3
4967,SITE-017,PART-3161,2025-02-26,2025-03-02,2025-03-02,928,shipped,False,0
4968,SITE-082,PART-9805,2025-07-19,2025-07-28,2025-07-28,432,delivered,False,0
4969,SITE-065,PART-7240,2026-03-15,2026-03-25,2026-03-23,252,pending,False,0
4970,SITE-028,PART-8505,2026-06-17,2026-06-22,2026-07-01,930,shipped,True,9
4971,SITE-068,PART-6572,2026-01-04,2026-01-08,2026-01-08,759,delivered,False,0
4972,SITE-049,PART-5193,2025-03-12,2025-03-22,2025-04-01,222,pending,True,10
4973,SITE-097,PART-9511,2026-03-21,2026-03-26,2026-03-24,537,delivered,False,0
4974,SITE-035,PART-4280,2026-09-12,2026-09-15,2026-09-15,327,delivered,False,0
4975,SITE-036,PART-3251,2025-10-17,2025-10-23,2025-10-23,357,pending,False,0
4976,SITE-049,PART-2499,2025-05-20,2025-05-28,2025-05-28,131,pending,False,0
4977,SITE-010,PART-2959,2026-10-12,2026-10-17,2026-10-17,206,shipped,False,0
4978,SITE-085,PART-7211,2026-07-04,2026-07-09,2026-07-09,90,shipped,False,0
4979,SITE-025,PART-8254,2025-01-02,2025-01-07,2025-01-05,638,pending,False,0
4980,SITE-019,PART-9181,2026-04-25,2026-04-30,2026-05-15,40,pending,True,15
4981,SITE-038,PART-9292,2025-12-06,2025-12-14,2025-12-12,88,shipped,False,0
4982,SITE-075,PART-6975,2025-04-09,2025-04-18,2025-04-16,336,delivered,False,0
4983,SITE-016,PART-5115,2025-11-19,2025-11-23,2025-11-21,149,delivered,False,0
4984,SITE-044,PART-1138,2026-09-22,2026-09-28,2026-09-27,649,pending,False,0
4985,SITE-095,PART-3064,2025-02-15,2025-02-18,2025-02-16,928,shipped,False,0
4986,SITE-061,PART-2927,2026-02-19,2026-02-28,2026-02-27,196,delivered,False,0
4987,SITE-019,PART-8361,2026-08-20,2026-08-24,2026-08-22,611,pending,False,0
4988,SITE-094,PART-5898,2026-01-01,2026-01-05,2026-01-05,32,shipped,False,0
4989,SITE-034,PART-9320,2026-04-07,2026-04-16,2026-04-16,85,pending,False,0
4990,SITE-028,PART-2867,2026-11-10,2026-11-18,2026-11-17,437,shipped,False,0
4991,SITE-032,PART-3290,2025-12-26,2025-12-31,2025-12-31,858,delivered,False,0
4992,SITE-003,PART-2422,2025-02-15,2025-02-20,2025-02-18,152,shipped,False,0
4993,SITE-044,PART-7156,2026-05-22,2026-05-27,2026-05-26,757,delivered,False,0
4994,SITE-097,PART-7200,2026-11-19,2026-11-24,2026-11-22,172,shipped,False,0
4995,SITE-022,PART-1700,2025-04-02,2025-04-10,2025-04-10,389,pending,False,0
4996,SITE-072,PART-4942,2026-05-22,2026-05-28,2026-05-26,335,delivered,False,0
4997,SITE-051,PART-7183,2025-05-27,2025-05-31,2025-05-31,644,delivered,False,0
4998,SITE-057,PART-9679,2025-01-14,2025-01-19,2025-02-02,110,delivered,True,14
4999,SITE-023,PART-4354,2026-04-14,2026-04-20,2026-04-18,137,pending,False,0
5000,SITE-017,PART-4897,2025-03-25,2025-04-03,2025-04-02,890,shipped,False,0
5001,SITE-087,PART-1768,2026-02-22,2026-02-25,2026-02-23,772,delivered,False,0
5002,SITE-033,PART-9921,2026-04-14,2026-04-19,2026-04-17,644,delivered,False,0
5003,SITE-080,PART-6122,2025-02-05,2025-02-13,2025-02-11,729,delivered,False,0
5004,SITE-093,PART-3653,2025-09-12,2025-09-16,2025-09-14,789,pending,False,0
5005,SITE-070,PART-9278,2025-06-21,2025-06-27,2025-06-27,80,shipped,False,0
5006,SITE-024,PART-6209,2025-11-15,2025-11-24,2025-11-24,120,pending,False,0
5007,SITE-072,PART-2135,2025-10-19,2025-10-26,2025-10-24,528,delivered,False,0
5008,SITE-044,PART-8156,2026-09-05,2026-09-15,2026-09-13,292,pending,False,0
5009,SITE-067,PART-2653,2026-03-21,2026-03-24,2026-03-23,819,pending,False,0
5010,SITE-021,PART-4228,2025-12-04,2025-12-11,2025-12-11,341,delivered,False,0
5011,SITE-025,PART-3663,2025-11-05,2025-11-14,2025-11-14,949,shipped,False,0
5012,SITE-093,PART-4128,2026-05-13,2026-05-22,2026-05-21,322,delivered,False,0
5013,SITE-044,PART-7428,2026-08-04,2026-08-11,2026-08-11,455,shipped,False,0
5014,SITE-086,PART-4422,2025-06-11,2025-06-15,2025-06-14,159,shipped,False,0
5015,SITE-056,PART-3574,2025-04-28,2025-05-06,2025-05-04,315,shipped,False,0
5016,SITE-006,PART-5214,2026-05-27,2026-06-01,2026-05-30,756,shipped,False,0
5017,SITE-087,PART-7468,2025-06-12,2025-06-20,2025-06-19,580,shipped,False,0
5018,SITE-091,PART-1656,2025-03-17,2025-03-26,2025-03-24,70,pending,False,0
5019,SITE-035,PART-4844,2025-07-24,2025-07-27,2025-07-25,910,pending,False,0
5020,SITE-081,PART-5401,2025-05-18,2025-05-21,2025-05-19,635,delivered,False,0
5021,SITE-027,PART-3799,2025-05-13,2025-05-18,2025-05-19,676,delivered,True,1
5022,SITE-095,PART-1218,2025-03-06,2025-03-09,2025-03-08,982,delivered,False,0
5023,SITE-065,PART-1891,2025-06-17,2025-06-23,2025-06-22,172,shipped,False,0
5024,SITE-032,PART-4572,2026-01-08,2026-01-15,2026-01-15,613,pending,False,0
5025,SITE-060,PART-4680,2026-02-22,2026-03-01,2026-02-27,132,pending,False,0
5026,SITE-086,PART-7586,2026-04-21,2026-04-26,2026-04-25,898,shipped,False,0
5027,SITE-013,PART-2019,2025-03-07,2025-03-15,2025-03-15,602,pending,False,0
5028,SITE-065,PART-5358,2026-04-25,2026-05-05,2026-05-03,616,shipped,False,0
5029,SITE-025,PART-6324,2025-10-06,2025-10-11,2025-10-19,216,pending,True,8
5030,SITE-047,PART-4072,2025-12-02,2025-12-11,2025-12-10,705,delivered,False,0
5031,SITE-094,PART-5072,2026-04-09,2026-04-12,2026-04-12,604,pending,False,0
5032,SITE-082,PART-9099,2026-03-03,2026-03-12,2026-03-12,201,delivered,False,0
5033,SITE-069,PART-5018,2025-01-13,2025-01-16,2025-01-15,976,pending,False,0
5034,SITE-083,PART-3030,2025-01-16,2025-01-20,2025-01-20,849,shipped,False,0
5035,SITE-011,PART-9586,2025-01-03,2025-01-06,2025-01-04,480,delivered,False,0
5036,SITE-001,PART-1777,2025-02-03,2025-02-09,2025-02-08,200,shipped,False,0
5037,SITE-041,PART-9334,2025-06-03,2025-06-10,2025-06-08,173,delivered,False,0
5038,SITE-022,PART-4290,2025-11-07,2025-11-14,2025-11-14,972,delivered,False,0
5039,SITE-083,PART-3109,2026-04-27,2026-05-01,2026-04-29,633,pending,False,0
5040,SITE-075,PART-5445,2026-05-02,2026-05-08,2026-05-08,815,delivered,False,0
5041,SITE-088,PART-4844,2025-01-25,2025-01-31,2025-02-12,423,pending,True,12
5042,SITE-030,PART-7200,2025-04-12,2025-04-15,2025-04-14,393,delivered,False,0
5043,SITE-100,PART-5771,2025-09-17,2025-09-22,2025-09-22,482,delivered,False,0
5044,SITE-007,PART-5588,2026-08-26,2026-09-04,2026-09-04,573,shipped,False,0
5045,SITE-092,PART-6162,2025-01-12,2025-01-15,2025-01-15,928,shipped,False,0
5046,SITE-075,PART-7942,2026-08-06,2026-08-16,2026-08-14,865,shipped,False,0
5047,SITE-043,PART-4219,2026-03-18,2026-03-26,2026-03-30,904,pending,True,4
5048,SITE-052,PART-3731,2025-11-26,2025-12-01,2025-11-29,705,delivered,False,0
5049,SITE-051,PART-9613,2026-10-21,2026-10-28,2026-10-27,998,shipped,False,0
5050,SITE-001,PART-4582,2025-07-09,2025-07-14,2025-07-12,951,delivered,False,0
5051,SITE-034,PART-7758,2025-07-25,2025-08-04,2025-08-03,992,delivered,False,0
5052,SITE-013,PART-8496,2026-01-18,2026-01-28,2026-01-26,614,pending,False,0
5053,SITE-054,PART-3553,2026-04-20,2026-04-29,2026-04-28,616,delivered,False,0
5054,SITE-094,PART-3548,2025-02-24,2025-03-03,2025-03-01,445,delivered,False,0
5055,SITE-040,PART-2404,2026-04-11,2026-04-18,2026-04-18,654,pending,False,0
5056,SITE-050,PART-2464,2025-07-04,2025-07-09,2025-07-07,184,shipped,False,0
5057,SITE-040,PART-7886,2025-03-04,2025-03-12,2025-03-12,431,pending,False,0
5058,SITE-086,PART-3228,2026-12-16,2026-12-23,2026-12-23,192,shipped,False,0
5059,SITE-079,PART-9165,2026-12-16,2026-12-24,2026-12-23,903,delivered,False,0
5060,SITE-032,PART-9309,2026-07-20,2026-07-25,2026-07-25,329,shipped,False,0
5061,SITE-026,PART-1759,2025-10-03,2025-10-08,2025-10-07,526,delivered,False,0
5062,SITE-080,PART-7902,2026-10-01,2026-10-06,2026-10-05,623,delivered,False,0
5063,SITE-033,PART-1266,2025-07-28,2025-08-01,2025-07-31,321,shipped,False,0
5064,SITE-056,PART-1214,2026-04-01,2026-04-10,2026-04-10,692,delivered,False,0
5065,SITE-050,PART-5029,2025-11-05,2025-11-15,2025-11-13,175,delivered,False,0
5066,SITE-085,PART-7761,2026-04-24,2026-04-28,2026-04-28,21,shipped,False,0
5067,SITE-033,PART-1074,2025-11-08,2025-11-18,2025-11-18,155,pending,False,0
5068,SITE-098,PART-6013,2026-05-10,2026-05-20,2026-05-19,752,shipped,False,0
5069,SITE-056,PART-8214,2026-06-06,2026-06-12,2026-06-13,638,shipped,True,1
5070,SITE-060,PART-6513,2025-10-12,2025-10-22,2025-10-20,27,delivered,False,0
5071,SITE-058,PART-5828,2026-02-28,2026-03-03,2026-03-02,393,delivered,False,0
5072,SITE-074,PART-9549,2025-07-13,2025-07-17,2025-07-31,464,pending,True,14
5073,SITE-098,PART-9586,2025-04-10,2025-04-20,2025-04-18,265,shipped,False,0
5074,SITE-011,PART-3160,2026-07-24,2026-07-30,2026-07-29,242,shipped,False,0
5075,SITE-081,PART-3472,2026-03-27,2026-03-30,2026-03-29,536,pending,False,0
5076,SITE-023,PART-5546,2025-07-21,2025-07-24,2025-07-23,245,shipped,False,0
5077,SITE-035,PART-2673,2025-07-02,2025-07-05,2025-07-04,288,pending,False,0
5078,SITE-035,PART-7634,2026-01-18,2026-01-27,2026-01-27,904,shipped,False,0
5079,SITE-056,PART-9208,2025-09-28,2025-10-08,2025-10-08,196,pending,False,0
5080,SITE-054,PART-8714,2025-04-09,2025-04-19,2025-04-19,672,shipped,False,0
5081,SITE-022,PART-9272,2026-03-03,2026-03-13,2026-03-11,102,pending,False,0
5082,SITE-072,PART-1218,2026-06-16,2026-06-26,2026-07-06,335,delivered,True,10
5083,SITE-093,PART-7066,2026-05-27,2026-06-02,2026-06-02,240,pending,False,0
5084,SITE-043,PART-2165,2025-12-22,2025-12-31,2025-12-30,548,shipped,False,0
5085,SITE-067,PART-1650,2026-06-25,2026-07-01,2026-07-01,769,shipped,False,0
5086,SITE-014,PART-4582,2026-05-16,2026-05-22,2026-05-20,935,shipped,False,0
5087,SITE-071,PART-9216,2025-08-26,2025-08-30,2025-09-07,58,pending,True,8
5088,SITE-086,PART-4449,2026-06-23,2026-06-26,2026-06-25,714,pending,False,0
5089,SITE-038,PART-6513,2026-11-12,2026-11-18,2026-11-16,762,delivered,False,0
5090,SITE-041,PART-5415,2026-06-25,2026-07-04,2026-07-03,948,pending,False,0
5091,SITE-031,PART-1416,2026-06-27,2026-07-07,2026-07-06,265,shipped,False,0
5092,SITE-035,PART-2799,2026-01-18,2026-01-25,2026-01-23,205,delivered,False,0
5093,SITE-024,PART-8355,2026-06-05,2026-06-08,2026-06-06,659,delivered,False,0
5094,SITE-095,PART-3793,2025-04-26,2025-05-05,2025-05-05,479,shipped,False,0
5095,SITE-011,PART-6107,2026-06-03,2026-06-06,2026-06-04,957,shipped,False,0
5096,SITE-011,PART-7442,2026-07-26,2026-07-29,2026-07-28,565,shipped,False,0
5097,SITE-093,PART-3691,2025-10-03,2025-10-07,2025-10-05,494,shipped,False,0
5098,SITE-100,PART-4277,2026-06-22,2026-06-25,2026-06-27,264,shipped,True,2
5099,SITE-055,PART-5124,2026-06-21,2026-06-29,2026-06-27,57,shipped,False,0
5100,SITE-075,PART-2505,2026-04-10,2026-04-17,2026-04-17,187,shipped,False,0
5101,SITE-080,PART-7200,2026-03-16,2026-03-26,2026-03-26,58,pending,False,0
5102,SITE-095,PART-3254,2025-08-11,2025-08-21,2025-08-20,472,delivered,False,0
5103,SITE-034,PART-2505,2025-01-05,2025-01-09,2025-01-24,428,pending,True,15
5104,SITE-041,PART-3360,2026-04-27,2026-05-05,2026-05-11,716,pending,True,6
5105,SITE-041,PART-7413,2025-05-20,2025-05-28,2025-05-28,686,shipped,False,0
5106,SITE-096,PART-8593,2025-10-07,2025-10-14,2025-10-14,638,delivered,False,0
5107,SITE-095,PART-6293,2025-09-10,2025-09-15,2025-09-14,853,pending,False,0
5108,SITE-085,PART-7140,2026-02-21,2026-02-26,2026-02-25,693,pending,False,0
5109,SITE-029,PART-4662,2025-02-12,2025-02-17,2025-02-15,672,delivered,False,0
5110,SITE-014,PART-3290,2026-02-21,2026-03-01,2026-02-28,551,pending,False,0
5111,SITE-050,PART-9987,2025-05-11,2025-05-20,2025-05-19,813,pending,False,0
5112,SITE-054,PART-5570,2025-05-05,2025-05-12,2025-05-10,802,pending,False,0
5113,SITE-052,PART-9336,2025-08-03,2025-08-10,2025-08-09,740,shipped,False,0
5114,SITE-080,PART-1259,2025-01-03,2025-01-08,2025-01-07,589,shipped,False,0
5115,SITE-014,PART-3201,2026-03-21,2026-03-30,2026-04-07,972,shipped,True,8
5116,SITE-038,PART-7498,2025-04-12,2025-04-17,2025-05-07,444,pending,True,20
5117,SITE-075,PART-4206,2026-02-27,2026-03-02,2026-03-02,300,delivered,False,0
5118,SITE-086,PART-3953,2025-10-25,2025-11-01,2025-11-15,127,delivered,True,14
5119,SITE-090,PART-1264,2026-04-19,2026-04-29,2026-04-28,624,delivered,False,0
5120,SITE-081,PART-5828,2025-01-09,2025-01-15,2025-01-13,224,shipped,False,0
5121,SITE-007,PART-2391,2026-12-05,2026-12-15,2026-12-14,258,delivered,False,0
5122,SITE-007,PART-9558,2025-04-05,2025-04-10,2025-04-08,146,shipped,False,0
5123,SITE-023,PART-5961,2025-03-21,2025-03-30,2025-03-30,739,delivered,False,0
5124,SITE-064,PART-9208,2026-03-02,2026-03-06,2026-03-06,569,pending,False,0
5125,SITE-092,PART-7578,2026-09-22,2026-09-29,2026-09-28,556,delivered,False,0
5126,SITE-007,PART-1225,2025-12-02,2025-12-12,2025-12-11,455,pending,False,0
5127,SITE-050,PART-3101,2026-04-14,2026-04-20,2026-04-19,704,delivered,False,0
5128,SITE-074,PART-6812,2025-10-22,2025-10-30,2025-10-30,182,pending,False,0
5129,SITE-051,PART-3285,2026-05-01,2026-05-05,2026-05-05,881,pending,False,0
5130,SITE-035,PART-4694,2025-02-25,2025-03-01,2025-03-01,833,shipped,False,0
5131,SITE-005,PART-1081,2026-07-01,2026-07-07,2026-07-05,488,pending,False,0
5132,SITE-038,PART-5664,2026-10-01,2026-10-07,2026-10-09,38,pending,True,2
5133,SITE-086,PART-9512,2026-05-02,2026-05-12,2026-05-12,669,delivered,False,0
5134,SITE-063,PART-4184,2026-10-08,2026-10-16,2026-10-15,900,delivered,False,0
5135,SITE-097,PART-3602,2026-11-08,2026-11-15,2026-11-13,891,shipped,False,0
5136,SITE-060,PART-3937,2026-05-02,2026-05-05,2026-05-03,534,shipped,False,0
5137,SITE-044,PART-9388,2025-01-03,2025-01-09,2025-01-08,70,delivered,False,0
5138,SITE-064,PART-9340,2025-11-26,2025-11-29,2025-11-28,264,delivered,False,0
5139,SITE-021,PART-4741,2025-09-14,2025-09-23,2025-09-23,919,delivered,False,0
5140,SITE-099,PART-4148,2025-12-17,2025-12-27,2025-12-27,765,shipped,False,0
5141,SITE-073,PART-5200,2026-07-17,2026-07-24,2026-07-22,958,delivered,False,0
5142,SITE-034,PART-4880,2026-09-28,2026-10-05,2026-10-04,578,shipped,False,0
5143,SITE-032,PART-3646,2026-01-22,2026-01-28,2026-01-27,451,pending,False,0
5144,SITE-060,PART-9613,2026-12-25,2026-12-28,2026-12-26,462,delivered,False,0
5145,SITE-066,PART-7535,2025-07-05,2025-07-13,2025-07-12,53,delivered,False,0
5146,SITE-034,PART-2852,2026-04-21,2026-04-27,2026-04-27,288,pending,False,0
5147,SITE-057,PART-1891,2025-09-10,2025-09-13,2025-09-12,35,delivered,False,0
5148,SITE-093,PART-5018,2025-12-09,2025-12-16,2025-12-28,168,delivered,True,12
5149,SITE-082,PART-7535,2025-08-20,2025-08-26,2025-08-26,261,shipped,False,0
5150,SITE-042,PART-9374,2026-06-11,2026-06-18,2026-06-17,556,delivered,False,0
5151,SITE-062,PART-3030,2025-05-17,2025-05-22,2025-05-20,817,pending,False,0
5152,SITE-029,PART-1238,2025-05-17,2025-05-25,2025-05-25,255,shipped,False,0
5153,SITE-097,PART-4999,2026-09-13,2026-09-21,2026-09-21,222,shipped,False,0
5154,SITE-045,PART-7944,2025-06-18,2025-06-21,2025-06-19,437,pending,False,0
5155,SITE-052,PART-7833,2025-05-21,2025-05-25,2025-05-24,946,pending,False,0
5156,SITE-067,PART-2994,2025-09-13,2025-09-19,2025-09-17,834,delivered,False,0
5157,SITE-061,PART-2003,2026-07-03,2026-07-10,2026-07-10,539,pending,False,0
5158,SITE-026,PART-9211,2025-08-08,2025-08-18,2025-08-18,337,delivered,False,0
5159,SITE-010,PART-7140,2025-01-28,2025-02-02,2025-02-07,1,delivered,True,5
5160,SITE-054,PART-8500,2025-03-08,2025-03-18,2025-03-18,626,delivered,False,0
5161,SITE-062,PART-4999,2025-10-06,2025-10-13,2025-10-13,873,shipped,False,0
5162,SITE-090,PART-7177,2026-01-02,2026-01-10,2026-01-08,510,shipped,False,0
5163,SITE-073,PART-9204,2026-06-13,2026-06-19,2026-06-18,869,shipped,False,0
5164,SITE-099,PART-4573,2026-07-23,2026-07-28,2026-07-27,409,pending,False,0
5165,SITE-067,PART-7967,2026-01-12,2026-01-21,2026-01-21,354,shipped,False,0
5166,SITE-075,PART-8758,2025-11-03,2025-11-11,2025-11-10,778,pending,False,0
5167,SITE-041,PART-1650,2026-12-02,2026-12-10,2026-12-08,212,shipped,False,0
5168,SITE-087,PART-3257,2026-11-05,2026-11-13,2026-11-18,964,shipped,True,5
5169,SITE-080,PART-3251,2026-05-20,2026-05-28,2026-05-28,296,shipped,False,0
5170,SITE-098,PART-1291,2025-02-22,2025-03-01,2025-03-01,546,shipped,False,0
5171,SITE-043,PART-1632,2026-10-18,2026-10-24,2026-10-24,975,delivered,False,0
5172,SITE-041,PART-1632,2025-04-05,2025-04-12,2025-04-12,123,delivered,False,0
5173,SITE-061,PART-7820,2026-05-26,2026-06-03,2026-06-02,473,pending,False,0
5174,SITE-074,PART-1236,2026-04-16,2026-04-26,2026-04-25,329,pending,False,0
5175,SITE-004,PART-1926,2025-03-26,2025-03-29,2025-03-29,235,shipped,False,0
5176,SITE-013,PART-2585,2025-06-12,2025-06-18,2025-06-16,880,pending,False,0
5177,SITE-084,PART-1817,2026-08-28,2026-08-31,2026-08-30,157,shipped,False,0
5178,SITE-059,PART-4055,2025-03-03,2025-03-11,2025-03-11,51,delivered,False,0
5179,SITE-012,PART-7345,2025-07-15,2025-07-21,2025-07-23,808,delivered,True,2
5180,SITE-050,PART-6112,2025-11-23,2025-11-29,2025-12-14,767,shipped,True,15
5181,SITE-040,PART-5543,2026-11-07,2026-11-15,2026-11-14,53,delivered,False,0
5182,SITE-056,PART-7560,2026-12-21,2026-12-24,2026-12-23,585,delivered,False,0
5183,SITE-046,PART-1456,2026-12-10,2026-12-17,2026-12-16,510,pending,False,0
5184,SITE-087,PART-1105,2025-02-01,2025-02-10,2025-02-08,620,pending,False,0
5185,SITE-093,PART-3548,2026-02-25,2026-03-05,2026-03-15,858,pending,True,10
5186,SITE-087,PART-8003,2025-05-16,2025-05-25,2025-05-24,246,shipped,False,0
5187,SITE-073,PART-7067,2025-08-23,2025-09-02,2025-08-31,190,shipped,False,0
5188,SITE-012,PART-8994,2025-08-28,2025-09-02,2025-09-07,348,shipped,True,5
5189,SITE-070,PART-7121,2025-12-04,2025-12-11,2025-12-10,795,delivered,False,0
5190,SITE-005,PART-6768,2026-07-03,2026-07-09,2026-07-08,743,pending,False,0
5191,SITE-038,PART-5646,2026-05-05,2026-05-09,2026-05-08,347,delivered,False,0
5192,SITE-021,PART-1228,2026-04-01,2026-04-06,2026-04-12,401,shipped,True,6
5193,SITE-023,PART-6814,2026-01-17,2026-01-23,2026-01-22,234,pending,False,0
5194,SITE-071,PART-9648,2025-10-28,2025-11-06,2025-11-06,188,shipped,False,0
5195,SITE-071,PART-1402,2025-05-13,2025-05-18,2025-05-18,278,delivered,False,0
5196,SITE-006,PART-3715,2025-03-12,2025-03-17,2025-03-17,92,pending,False,0
5197,SITE-077,PART-1236,2026-12-01,2026-12-05,2026-12-04,915,pending,False,0
5198,SITE-083,PART-6922,2025-02-06,2025-02-15,2025-02-13,530,pending,False,0
5199,SITE-017,PART-1225,2026-05-01,2026-05-04,2026-05-14,153,pending,True,10
5200,SITE-079,PART-1926,2025-03-09,2025-03-16,2025-03-16,649,pending,False,0
5201,SITE-068,PART-7020,2025-11-24,2025-12-01,2025-11-29,271,pending,False,0
5202,SITE-071,PART-5919,2026-03-23,2026-04-02,2026-04-02,451,delivered,False,0
5203,SITE-019,PART-1987,2026-07-08,2026-07-14,2026-07-13,660,shipped,False,0
5204,SITE-020,PART-1283,2026-07-01,2026-07-07,2026-07-07,933,delivered,False,0
5205,SITE-090,PART-2952,2025-08-13,2025-08-17,2025-08-16,381,shipped,False,0
5206,SITE-041,PART-6162,2025-02-03,2025-02-09,2025-02-07,699,shipped,False,0
5207,SITE-030,PART-6113,2025-02-12,2025-02-21,2025-02-21,958,delivered,False,0
5208,SITE-082,PART-3162,2026-04-28,2026-05-04,2026-05-04,723,pending,False,0
5209,SITE-099,PART-2317,2025-05-03,2025-05-09,2025-05-09,241,pending,False,0
5210,SITE-040,PART-3133,2026-02-04,2026-02-07,2026-02-06,227,pending,False,0
5211,SITE-026,PART-1733,2026-07-28,2026-08-05,2026-08-05,576,pending,False,0
5212,SITE-058,PART-2826,2025-10-28,2025-11-02,2025-11-01,996,pending,False,0
5213,SITE-099,PART-5115,2026-06-13,2026-06-23,2026-06-22,673,shipped,False,0
5214,SITE-074,PART-9189,2026-02-28,2026-03-03,2026-03-03,677,shipped,False,0
5215,SITE-035,PART-2487,2026-05-17,2026-05-23,2026-05-21,842,pending,False,0
5216,SITE-055,PART-7298,2025-09-18,2025-09-23,2025-09-21,885,delivered,False,0
5217,SITE-034,PART-3340,2026-10-21,2026-10-26,2026-10-24,895,pending,False,0
5218,SITE-049,PART-5368,2026-10-14,2026-10-23,2026-10-21,647,delivered,False,0
5219,SITE-040,PART-3887,2026-01-09,2026-01-17,2026-01-17,694,shipped,False,0
5220,SITE-094,PART-1105,2025-05-15,2025-05-22,2025-05-27,548,shipped,True,5
5221,SITE-006,PART-5180,2026-11-23,2026-11-29,2026-11-27,977,delivered,False,0
5222,SITE-046,PART-9933,2026-10-04,2026-10-09,2026-10-08,193,delivered,False,0
5223,SITE-032,PART-5200,2025-10-07,2025-10-12,2025-10-11,588,shipped,False,0
5224,SITE-004,PART-1873,2026-04-18,2026-04-24,2026-04-24,865,delivered,False,0
5225,SITE-066,PART-3329,2026-02-23,2026-03-05,2026-03-05,147,shipped,False,0
5226,SITE-015,PART-2430,2026-10-06,2026-10-12,2026-10-10,417,shipped,False,0
5227,SITE-084,PART-5784,2026-12-04,2026-12-13,2026-12-12,574,delivered,False,0
5228,SITE-008,PART-9334,2025-09-08,2025-09-18,2025-09-18,877,delivered,False,0
5229,SITE-071,PART-2970,2026-05-21,2026-05-31,2026-05-31,331,shipped,False,0
5230,SITE-020,PART-3251,2025-10-10,2025-10-14,2025-10-14,245,delivered,False,0
5231,SITE-081,PART-8714,2026-09-11,2026-09-17,2026-09-17,750,delivered,False,0
5232,SITE-050,PART-1696,2025-12-28,2026-01-06,2026-01-05,309,delivered,False,0
5233,SITE-027,PART-7183,2026-12-26,2027-01-03,2027-01-01,160,shipped,False,0
5234,SITE-055,PART-9119,2025-12-04,2025-12-09,2025-12-09,274,pending,False,0
5235,SITE-076,PART-5037,2025-12-04,2025-12-07,2025-12-05,561,pending,False,0
5236,SITE-077,PART-1105,2025-08-16,2025-08-19,2025-08-18,145,shipped,False,0
5237,SITE-025,PART-2794,2025-01-10,2025-01-18,2025-01-18,688,delivered,False,0
5238,SITE-032,PART-4084,2025-07-19,2025-07-26,2025-07-26,77,shipped,False,0
5239,SITE-032,PART-1376,2025-07-14,2025-07-22,2025-07-20,412,pending,False,0
5240,SITE-081,PART-1911,2026-10-06,2026-10-14,2026-10-14,280,delivered,False,0
5241,SITE-068,PART-1591,2026-01-02,2026-01-05,2026-01-05,367,pending,False,0
5242,SITE-089,PART-7425,2025-06-05,2025-06-14,2025-06-12,70,shipped,False,0
5243,SITE-032,PART-3201,2025-06-14,2025-06-21,2025-06-30,44,shipped,True,9
5244,SITE-026,PART-1283,2025-04-17,2025-04-27,2025-04-25,446,shipped,False,0
5245,SITE-083,PART-5659,2025-05-03,2025-05-06,2025-05-04,822,pending,False,0
5246,SITE-065,PART-9528,2026-10-14,2026-10-24,2026-10-23,826,shipped,False,0
5247,SITE-006,PART-3162,2026-12-13,2026-12-17,2026-12-17,934,delivered,False,0
5248,SITE-091,PART-9090,2025-07-07,2025-07-11,2025-07-10,602,shipped,False,0
5249,SITE-045,PART-6628,2026-07-13,2026-07-18,2026-07-18,986,delivered,False,0
5250,SITE-059,PART-8780,2025-12-05,2025-12-10,2025-12-09,645,delivered,False,0
5251,SITE-087,PART-8909,2025-04-09,2025-04-17,2025-04-17,461,pending,False,0
5252,SITE-091,PART-7758,2025-02-25,2025-03-07,2025-03-07,520,delivered,False,0
5253,SITE-002,PART-7735,2025-10-18,2025-10-22,2025-10-21,295,delivered,False,0
5254,SITE-068,PART-5646,2025-02-04,2025-02-08,2025-02-06,927,shipped,False,0
5255,SITE-093,PART-9632,2025-06-18,2025-06-23,2025-06-21,405,delivered,False,0
5256,SITE-047,PART-8916,2025-08-09,2025-08-15,2025-08-14,99,shipped,False,0
5257,SITE-058,PART-7577,2025-10-19,2025-10-27,2025-10-25,639,pending,False,0
5258,SITE-084,PART-6107,2025-05-01,2025-05-04,2025-05-03,810,pending,False,0
5259,SITE-053,PART-6567,2025-12-18,2025-12-23,2025-12-23,990,pending,False,0
5260,SITE-033,PART-4999,2025-04-09,2025-04-15,2025-04-13,200,shipped,False,0
5261,SITE-056,PART-5200,2025-09-24,2025-09-29,2025-09-29,874,pending,False,0
5262,SITE-026,PART-2122,2026-02-19,2026-02-28,2026-02-27,173,delivered,False,0
5263,SITE-073,PART-9458,2025-12-04,2025-12-08,2025-12-07,514,shipped,False,0
5264,SITE-084,PART-8714,2025-12-03,2025-12-09,2025-12-09,690,delivered,False,0
5265,SITE-025,PART-7935,2026-12-16,2026-12-26,2026-12-25,770,delivered,False,0
5266,SITE-038,PART-2577,2026-12-28,2027-01-06,2027-01-06,128,delivered,False,0
5267,SITE-084,PART-6492,2025-12-23,2025-12-30,2025-12-29,119,delivered,False,0
5268,SITE-023,PART-4997,2026-11-08,2026-11-14,2026-11-12,84,shipped,False,0
5269,SITE-051,PART-5668,2026-08-17,2026-08-27,2026-08-27,708,shipped,False,0
5270,SITE-067,PART-4582,2025-03-20,2025-03-29,2025-04-17,970,pending,True,19
5271,SITE-086,PART-6153,2025-04-25,2025-05-01,2025-04-30,484,pending,False,0
5272,SITE-060,PART-4184,2026-04-07,2026-04-11,2026-04-10,455,delivered,False,0
5273,SITE-047,PART-8874,2025-11-28,2025-12-02,2025-12-10,235,shipped,True,8
5274,SITE-019,PART-3867,2026-08-05,2026-08-13,2026-08-11,342,delivered,False,0
5275,SITE-016,PART-7690,2025-12-23,2025-12-29,2025-12-27,3,shipped,False,0
5276,SITE-023,PART-1138,2025-07-27,2025-08-01,2025-08-01,76,pending,False,0
5277,SITE-051,PART-9512,2026-01-21,2026-01-26,2026-01-26,931,delivered,False,0
5278,SITE-030,PART-9933,2026-06-03,2026-06-11,2026-06-10,759,shipped,False,0
5279,SITE-058,PART-3731,2025-09-18,2025-09-21,2025-09-20,266,delivered,False,0
5280,SITE-091,PART-6330,2025-07-07,2025-07-11,2025-07-09,593,shipped,False,0
5281,SITE-022,PART-5401,2026-05-14,2026-05-21,2026-05-21,570,shipped,False,0
5282,SITE-002,PART-8254,2025-07-28,2025-08-07,2025-08-07,231,pending,False,0
5283,SITE-057,PART-2122,2025-03-04,2025-03-13,2025-03-11,475,shipped,False,0
5284,SITE-100,PART-1214,2025-04-08,2025-04-12,2025-04-10,124,delivered,False,0
5285,SITE-057,PART-2140,2025-10-28,2025-11-04,2025-11-04,632,delivered,False,0
5286,SITE-014,PART-3285,2026-11-09,2026-11-15,2026-11-15,92,delivered,False,0
5287,SITE-050,PART-8675,2026-03-11,2026-03-19,2026-03-19,390,pending,False,0
5288,SITE-025,PART-9589,2025-06-18,2025-06-22,2025-06-27,937,delivered,True,5
5289,SITE-042,PART-9467,2026-02-01,2026-02-08,2026-02-08,876,pending,False,0
5290,SITE-100,PART-3347,2026-06-03,2026-06-11,2026-06-09,600,delivered,False,0
5291,SITE-002,PART-2735,2026-05-12,2026-05-15,2026-05-15,814,shipped,False,0
5292,SITE-070,PART-2521,2026-04-05,2026-04-08,2026-04-06,383,shipped,False,0
5293,SITE-078,PART-3793,2025-12-24,2026-01-01,2025-12-31,239,shipped,False,0
5294,SITE-035,PART-6894,2026-03-22,2026-03-29,2026-03-29,508,pending,False,0
5295,SITE-002,PART-7560,2026-02-27,2026-03-03,2026-03-02,651,delivered,False,0
5296,SITE-034,PART-8534,2025-12-02,2025-12-08,2025-12-06,933,pending,False,0
5297,SITE-053,PART-2035,2026-10-03,2026-10-10,2026-10-08,537,pending,False,0
5298,SITE-015,PART-9037,2025-10-18,2025-10-22,2025-10-20,692,pending,False,0
5299,SITE-054,PART-2927,2026-02-24,2026-02-27,2026-02-26,204,delivered,False,0
5300,SITE-019,PART-3323,2026-08-05,2026-08-10,2026-08-09,488,delivered,False,0
5301,SITE-023,PART-2039,2025-11-19,2025-11-26,2025-11-25,642,shipped,False,0
5302,SITE-016,PART-5907,2026-06-18,2026-06-26,2026-06-26,234,delivered,False,0
5303,SITE-010,PART-1768,2025-11-15,2025-11-21,2025-11-20,619,pending,False,0
5304,SITE-010,PART-5148,2025-05-25,2025-06-01,2025-05-31,967,delivered,False,0
5305,SITE-065,PART-5646,2026-04-26,2026-05-05,2026-05-10,210,pending,True,5
5306,SITE-075,PART-7259,2026-02-18,2026-02-26,2026-02-26,165,shipped,False,0
5307,SITE-039,PART-8625,2025-01-15,2025-01-19,2025-01-18,261,pending,False,0
5308,SITE-018,PART-9586,2026-12-04,2026-12-14,2026-12-29,434,pending,True,15
5309,SITE-079,PART-8943,2025-11-08,2025-11-15,2025-11-13,891,shipped,False,0
5310,SITE-015,PART-9451,2025-02-26,2025-03-07,2025-03-07,453,delivered,False,0
5311,SITE-049,PART-9099,2025-07-21,2025-07-31,2025-07-30,712,pending,False,0
5312,SITE-027,PART-9913,2025-11-08,2025-11-14,2025-11-14,721,pending,False,0
5313,SITE-088,PART-6908,2025-10-26,2025-11-04,2025-11-02,741,delivered,False,0
5314,SITE-061,PART-2430,2025-04-08,2025-04-13,2025-04-13,854,shipped,False,0
5315,SITE-046,PART-1647,2025-12-05,2025-12-14,2025-12-14,436,delivered,False,0
5316,SITE-088,PART-9211,2026-05-10,2026-05-14,2026-05-14,988,delivered,False,0
5317,SITE-084,PART-2963,2025-11-26,2025-12-05,2025-12-03,220,shipped,False,0
5318,SITE-048,PART-7388,2025-06-21,2025-06-27,2025-06-26,396,shipped,False,0
5319,SITE-018,PART-1759,2025-01-22,2025-01-26,2025-01-26,496,pending,False,0
5320,SITE-008,PART-9518,2026-01-25,2026-02-03,2026-02-03,694,shipped,False,0
5321,SITE-059,PART-7433,2025-07-20,2025-07-29,2025-07-31,724,delivered,True,2
5322,SITE-052,PART-2131,2025-06-15,2025-06-20,2025-06-19,997,pending,False,0
5323,SITE-076,PART-9586,2026-09-10,2026-09-13,2026-09-13,423,delivered,False,0
5324,SITE-007,PART-2122,2026-09-21,2026-09-29,2026-09-28,780,delivered,False,0
5325,SITE-064,PART-2485,2026-08-02,2026-08-10,2026-08-08,890,pending,False,0
5326,SITE-047,PART-8676,2026-01-09,2026-01-19,2026-01-18,806,shipped,False,0
5327,SITE-032,PART-3254,2026-03-17,2026-03-26,2026-03-25,439,pending,False,0
5328,SITE-049,PART-3161,2026-05-28,2026-06-07,2026-06-07,237,delivered,False,0
5329,SITE-079,PART-9284,2025-12-23,2025-12-30,2025-12-29,376,pending,False,0
5330,SITE-086,PART-5354,2025-01-21,2025-01-27,2025-01-25,975,delivered,False,0
5331,SITE-099,PART-1591,2025-06-13,2025-06-20,2025-06-19,196,delivered,False,0
5332,SITE-061,PART-1534,2025-06-11,2025-06-16,2025-06-15,412,pending,False,0
5333,SITE-021,PART-7935,2025-08-04,2025-08-14,2025-08-13,968,shipped,False,0
5334,SITE-056,PART-1327,2026-02-12,2026-02-17,2026-03-03,309,shipped,True,14
5335,SITE-059,PART-2035,2026-03-13,2026-03-16,2026-03-14,913,delivered,False,0
5336,SITE-004,PART-4112,2026-12-28,2027-01-03,2027-01-01,609,pending,False,0
5337,SITE-007,PART-7104,2025-12-19,2025-12-27,2026-01-03,176,shipped,True,7
5338,SITE-057,PART-9099,2025-02-03,2025-02-10,2025-02-08,660,shipped,False,0
5339,SITE-076,PART-7042,2025-09-07,2025-09-16,2025-09-14,978,pending,False,0
5340,SITE-083,PART-1225,2025-02-18,2025-02-25,2025-02-23,629,pending,False,0
5341,SITE-011,PART-1670,2025-05-17,2025-05-24,2025-05-22,976,pending,False,0
5342,SITE-045,PART-2973,2025-08-10,2025-08-13,2025-08-11,63,shipped,False,0
5343,SITE-005,PART-2699,2026-10-13,2026-10-23,2026-10-21,912,shipped,False,0
5344,SITE-080,PART-1470,2026-11-05,2026-11-14,2026-11-14,951,shipped,False,0
5345,SITE-014,PART-5543,2026-02-27,2026-03-05,2026-03-04,657,shipped,False,0
5346,SITE-078,PART-6574,2026-02-26,2026-03-02,2026-03-01,442,shipped,False,0
5347,SITE-071,PART-8694,2026-06-10,2026-06-15,2026-06-30,823,delivered,True,15
5348,SITE-016,PART-2784,2026-10-17,2026-10-22,2026-10-20,350,shipped,False,0
5349,SITE-040,PART-1138,2026-02-07,2026-02-12,2026-02-10,841,delivered,False,0
5350,SITE-039,PART-5771,2026-03-07,2026-03-15,2026-03-14,229,pending,False,0
5351,SITE-097,PART-1695,2025-05-25,2025-06-03,2025-06-02,583,pending,False,0
5352,SITE-085,PART-3030,2026-04-13,2026-04-21,2026-04-19,629,shipped,False,0
5353,SITE-064,PART-7183,2025-10-19,2025-10-24,2025-10-27,667,delivered,True,3
5354,SITE-070,PART-9492,2025-10-08,2025-10-11,2025-10-09,715,delivered,False,0
5355,SITE-007,PART-4324,2025-03-06,2025-03-15,2025-03-14,806,delivered,False,0
5356,SITE-067,PART-7269,2026-08-01,2026-08-08,2026-08-06,760,pending,False,0
5357,SITE-055,PART-9492,2025-02-02,2025-02-08,2025-02-22,685,pending,True,14
5358,SITE-005,PART-9334,2025-05-22,2025-05-31,2025-05-29,708,pending,False,0
5359,SITE-005,PART-7066,2025-02-06,2025-02-12,2025-02-12,550,delivered,False,0
5360,SITE-054,PART-4128,2025-01-14,2025-01-21,2025-01-19,422,shipped,False,0
5361,SITE-088,PART-7082,2026-03-18,2026-03-22,2026-03-22,767,delivered,False,0
5362,SITE-066,PART-3251,2026-01-18,2026-01-24,2026-01-23,731,delivered,False,0
5363,SITE-075,PART-3915,2025-10-27,2025-11-02,2025-11-02,438,pending,False,0
5364,SITE-089,PART-7136,2025-09-28,2025-10-02,2025-09-30,199,shipped,False,0
5365,SITE-056,PART-1670,2026-07-16,2026-07-20,2026-07-19,931,shipped,False,0
5366,SITE-064,PART-1937,2026-12-17,2026-12-25,2026-12-23,121,shipped,False,0
5367,SITE-028,PART-7944,2025-06-08,2025-06-15,2025-06-14,17,shipped,False,0
5368,SITE-085,PART-3162,2025-11-22,2025-11-30,2025-11-30,382,pending,False,0
5369,SITE-049,PART-9406,2025-10-19,2025-10-23,2025-10-21,968,shipped,False,0
5370,SITE-037,PART-4573,2025-07-13,2025-07-21,2025-07-19,815,shipped,False,0
5371,SITE-020,PART-1783,2025-06-21,2025-06-26,2025-06-26,171,delivered,False,0
5372,SITE-008,PART-7066,2026-07-05,2026-07-10,2026-07-10,956,delivered,False,0
5373,SITE-056,PART-6951,2025-04-09,2025-04-15,2025-04-25,590,pending,True,10
5374,SITE-085,PART-1715,2025-04-27,2025-05-01,2025-05-01,847,delivered,False,0
5375,SITE-073,PART-3793,2026-07-02,2026-07-12,2026-07-12,869,delivered,False,0
5376,SITE-054,PART-6568,2025-06-19,2025-06-28,2025-07-04,713,shipped,True,6
5377,SITE-010,PART-1474,2026-04-13,2026-04-20,2026-04-18,171,shipped,False,0
5378,SITE-068,PART-4031,2026-01-14,2026-01-21,2026-01-20,33,delivered,False,0
5379,SITE-005,PART-7505,2025-11-27,2025-12-07,2025-12-07,464,pending,False,0
5380,SITE-050,PART-1832,2026-09-02,2026-09-08,2026-09-06,743,delivered,False,0
5381,SITE-052,PART-5127,2025-06-24,2025-06-27,2025-06-27,246,delivered,False,0
5382,SITE-060,PART-4694,2025-08-05,2025-08-12,2025-08-12,506,shipped,False,0
5383,SITE-011,PART-7949,2026-11-04,2026-11-14,2026-11-12,536,delivered,False,0
5384,SITE-009,PART-5625,2026-12-26,2027-01-03,2027-01-01,415,shipped,False,0
5385,SITE-052,PART-6072,2025-06-04,2025-06-12,2025-06-10,71,pending,False,0
5386,SITE-021,PART-1926,2025-12-15,2025-12-24,2025-12-22,90,shipped,False,0
5387,SITE-083,PART-9037,2025-01-09,2025-01-13,2025-01-12,421,shipped,False,0
5388,SITE-091,PART-7298,2026-04-18,2026-04-22,2026-05-02,728,shipped,True,10
5389,SITE-012,PART-1214,2026-12-21,2026-12-29,2026-12-29,701,shipped,False,0
5390,SITE-100,PART-1142,2026-01-13,2026-01-17,2026-01-17,114,delivered,False,0
5391,SITE-064,PART-6013,2025-12-02,2025-12-10,2025-12-10,25,delivered,False,0
5392,SITE-023,PART-9099,2025-06-03,2025-06-07,2025-06-06,870,delivered,False,0
5393,SITE-079,PART-4297,2026-10-23,2026-10-29,2026-10-27,371,delivered,False,0
5394,SITE-010,PART-8727,2025-05-12,2025-05-16,2025-05-15,900,pending,False,0
5395,SITE-019,PART-7008,2025-05-28,2025-06-04,2025-06-04,659,shipped,False,0
5396,SITE-035,PART-3731,2026-10-21,2026-10-29,2026-10-27,409,shipped,False,0
5397,SITE-085,PART-3858,2025-02-20,2025-02-26,2025-02-25,17,pending,False,0
5398,SITE-060,PART-9492,2026-11-04,2026-11-11,2026-11-09,325,shipped,False,0
5399,SITE-008,PART-7608,2025-12-01,2025-12-08,2025-12-07,486,shipped,False,0
5400,SITE-057,PART-2773,2026-04-25,2026-05-03,2026-05-02,723,pending,False,0
5401,SITE-072,PART-5050,2025-07-03,2025-07-06,2025-07-04,836,delivered,False,0
5402,SITE-093,PART-4836,2026-09-25,2026-10-03,2026-10-03,969,shipped,False,0
5403,SITE-074,PART-5150,2026-11-22,2026-11-30,2026-11-28,309,shipped,False,0
5404,SITE-031,PART-8488,2025-06-23,2025-06-30,2025-06-28,200,delivered,False,0
5405,SITE-032,PART-6983,2025-07-19,2025-07-23,2025-07-22,182,pending,False,0
5406,SITE-012,PART-8084,2025-12-24,2025-12-31,2025-12-29,291,shipped,False,0
5407,SITE-042,PART-1483,2025-09-01,2025-09-05,2025-09-04,447,pending,False,0
5408,SITE-081,PART-1074,2025-12-06,2025-12-10,2025-12-09,437,shipped,False,0
5409,SITE-037,PART-4748,2025-02-07,2025-02-10,2025-02-08,502,delivered,False,0
5410,SITE-007,PART-8625,2026-11-14,2026-11-21,2026-11-20,31,pending,False,0
5411,SITE-010,PART-1225,2026-07-18,2026-07-25,2026-07-24,518,shipped,False,0
5412,SITE-092,PART-1816,2026-09-16,2026-09-24,2026-09-24,279,pending,False,0
5413,SITE-059,PART-3286,2026-09-28,2026-10-05,2026-10-05,396,shipped,False,0
5414,SITE-007,PART-7183,2026-11-18,2026-11-27,2026-11-26,811,delivered,False,0
5415,SITE-036,PART-4014,2026-08-08,2026-08-15,2026-08-13,553,shipped,False,0
5416,SITE-014,PART-6784,2026-08-09,2026-08-17,2026-08-17,532,delivered,False,0
5417,SITE-049,PART-5100,2025-12-14,2025-12-24,2025-12-23,361,shipped,False,0
5418,SITE-020,PART-4311,2025-06-26,2025-07-05,2025-07-12,1,delivered,True,7
5419,SITE-002,PART-8427,2025-10-05,2025-10-10,2025-10-08,46,delivered,False,0
5420,SITE-080,PART-5115,2026-05-22,2026-05-30,2026-05-30,374,delivered,False,0
5421,SITE-081,PART-6371,2026-11-10,2026-11-20,2026-11-20,992,shipped,False,0
5422,SITE-070,PART-9893,2026-02-05,2026-02-08,2026-02-08,932,shipped,False,0
5423,SITE-032,PART-1724,2025-10-09,2025-10-12,2025-10-10,640,shipped,False,0
5424,SITE-080,PART-6719,2026-09-27,2026-10-06,2026-10-06,266,pending,False,0
5425,SITE-023,PART-4450,2025-01-06,2025-01-12,2025-01-12,712,delivered,False,0
5426,SITE-077,PART-7345,2026-05-13,2026-05-19,2026-05-17,119,delivered,False,0
5427,SITE-098,PART-2246,2025-11-22,2025-11-30,2025-11-28,484,shipped,False,0
5428,SITE-096,PART-4908,2026-09-04,2026-09-14,2026-09-13,157,shipped,False,0
5429,SITE-021,PART-2974,2025-04-19,2025-04-23,2025-04-22,582,pending,False,0
5430,SITE-050,PART-7559,2026-02-23,2026-03-05,2026-03-04,18,delivered,False,0
5431,SITE-012,PART-3655,2026-03-26,2026-03-31,2026-03-31,601,shipped,False,0
5432,SITE-051,PART-7140,2026-11-06,2026-11-09,2026-11-09,368,delivered,False,0
5433,SITE-021,PART-9518,2026-07-21,2026-07-26,2026-07-26,506,pending,False,0
5434,SITE-061,PART-9586,2026-11-05,2026-11-15,2026-11-14,137,shipped,False,0
5435,SITE-044,PART-6983,2026-02-26,2026-03-08,2026-03-20,428,shipped,True,12
5436,SITE-023,PART-9666,2026-08-16,2026-08-23,2026-08-23,44,delivered,False,0
5437,SITE-095,PART-8943,2025-02-10,2025-02-19,2025-02-18,976,pending,False,0
5438,SITE-074,PART-4752,2026-01-18,2026-01-22,2026-01-22,507,pending,False,0
5439,SITE-050,PART-9337,2025-09-27,2025-10-07,2025-10-06,446,pending,False,0
5440,SITE-058,PART-1987,2025-09-06,2025-09-12,2025-09-23,985,delivered,True,11
5441,SITE-095,PART-4062,2025-06-15,2025-06-24,2025-06-22,627,shipped,False,0
5442,SITE-023,PART-2317,2025-03-26,2025-04-04,2025-04-16,8,shipped,True,12
5443,SITE-086,PART-3162,2026-01-20,2026-01-26,2026-01-24,706,delivered,False,0
5444,SITE-066,PART-1892,2025-09-15,2025-09-21,2025-09-21,319,shipped,False,0
5445,SITE-052,PART-4762,2025-08-24,2025-08-30,2025-08-29,139,delivered,False,0
5446,SITE-092,PART-7767,2026-12-27,2027-01-01,2026-12-31,809,shipped,False,0
5447,SITE-059,PART-2396,2025-04-06,2025-04-15,2025-04-15,711,pending,False,0
5448,SITE-072,PART-1194,2025-06-10,2025-06-20,2025-06-19,116,delivered,False,0
5449,SITE-096,PART-4908,2025-12-15,2025-12-19,2025-12-25,689,pending,True,6
5450,SITE-061,PART-2485,2026-08-16,2026-08-25,2026-08-28,871,pending,True,3
5451,SITE-045,PART-8254,2026-03-25,2026-04-04,2026-04-02,378,pending,False,0
5452,SITE-079,PART-8448,2026-06-03,2026-06-11,2026-06-09,335,delivered,False,0
5453,SITE-089,PART-4908,2026-05-04,2026-05-11,2026-05-09,167,delivered,False,0
5454,SITE-089,PART-4404,2026-01-27,2026-02-04,2026-02-03,489,shipped,False,0
5455,SITE-097,PART-1259,2025-05-21,2025-05-26,2025-05-24,369,delivered,False,0
5456,SITE-020,PART-9883,2025-07-16,2025-07-22,2025-07-22,573,shipped,False,0
5457,SITE-011,PART-1534,2025-12-09,2025-12-14,2025-12-22,187,delivered,True,8
5458,SITE-086,PART-3896,2025-08-23,2025-09-01,2025-09-01,898,shipped,False,0
5459,SITE-059,PART-3739,2026-04-26,2026-05-01,2026-04-29,173,pending,False,0
5460,SITE-011,PART-9184,2026-10-24,2026-10-29,2026-10-29,67,delivered,False,0
5461,SITE-008,PART-1934,2025-11-05,2025-11-09,2025-11-08,525,shipped,False,0
5462,SITE-046,PART-5659,2026-08-18,2026-08-21,2026-08-19,662,shipped,False,0
5463,SITE-049,PART-9512,2025-03-25,2025-03-30,2025-04-09,259,delivered,True,10
5464,SITE-053,PART-4662,2025-07-10,2025-07-19,2025-07-18,364,shipped,False,0
5465,SITE-035,PART-1771,2026-05-24,2026-05-27,2026-05-25,766,pending,False,0
5466,SITE-032,PART-6349,2026-03-02,2026-03-11,2026-03-10,484,delivered,False,0
5467,SITE-038,PART-3188,2026-06-05,2026-06-14,2026-06-14,176,shipped,False,0
5468,SITE-089,PART-3130,2025-08-28,2025-09-05,2025-09-04,890,pending,False,0
5469,SITE-046,PART-8974,2025-01-18,2025-01-26,2025-01-24,47,pending,False,0
5470,SITE-038,PART-8316,2026-05-06,2026-05-10,2026-05-10,90,pending,False,0
5471,SITE-093,PART-5225,2025-05-22,2025-05-25,2025-05-24,244,pending,False,0
5472,SITE-029,PART-2003,2025-12-16,2025-12-24,2025-12-24,144,delivered,False,0
5473,SITE-007,PART-3732,2026-05-13,2026-05-16,2026-05-14,182,pending,False,0
5474,SITE-067,PART-7949,2025-08-16,2025-08-23,2025-08-21,544,shipped,False,0
5475,SITE-014,PART-5543,2026-02-24,2026-03-05,2026-03-09,111,delivered,True,4
5476,SITE-045,PART-9371,2026-09-25,2026-09-30,2026-09-28,568,pending,False,0
5477,SITE-073,PART-7722,2025-11-18,2025-11-21,2025-11-21,28,shipped,False,0
5478,SITE-088,PART-2035,2026-12-06,2026-12-16,2026-12-20,733,delivered,True,4
5479,SITE-093,PART-7045,2026-12-24,2026-12-31,2026-12-31,886,shipped,False,0
5480,SITE-094,PART-8062,2026-10-10,2026-10-20,2026-10-18,693,delivered,False,0
5481,SITE-007,PART-6829,2025-02-09,2025-02-13,2025-02-13,378,delivered,False,0
5482,SITE-030,PART-6926,2026-06-05,2026-06-11,2026-06-09,943,shipped,False,0
5483,SITE-100,PART-7690,2026-12-06,2026-12-12,2026-12-19,503,shipped,True,7
5484,SITE-061,PART-2779,2026-12-09,2026-12-14,2026-12-13,935,pending,False,0
5485,SITE-001,PART-4206,2025-07-24,2025-07-31,2025-07-29,258,delivered,False,0
5486,SITE-031,PART-1210,2026-11-06,2026-11-15,2026-11-13,945,shipped,False,0
5487,SITE-085,PART-6324,2025-09-15,2025-09-24,2025-09-24,749,pending,False,0
5488,SITE-081,PART-3290,2026-09-23,2026-10-01,2026-09-29,685,delivered,False,0
5489,SITE-003,PART-2218,2026-01-24,2026-01-28,2026-01-26,604,pending,False,0
5490,SITE-046,PART-5982,2025-02-11,2025-02-15,2025-02-14,815,shipped,False,0
5491,SITE-071,PART-8500,2025-11-08,2025-11-14,2025-11-13,339,pending,False,0
5492,SITE-003,PART-3201,2025-12-20,2025-12-29,2025-12-27,7,pending,False,0
5493,SITE-070,PART-2748,2026-01-21,2026-01-25,2026-01-25,283,shipped,False,0
5494,SITE-065,PART-1696,2025-10-22,2025-10-26,2025-10-26,457,pending,False,0
5495,SITE-037,PART-4260,2025-12-20,2025-12-27,2025-12-25,786,pending,False,0
5496,SITE-085,PART-5646,2025-08-27,2025-09-01,2025-08-30,303,pending,False,0
5497,SITE-078,PART-5029,2026-05-14,2026-05-20,2026-05-18,86,shipped,False,0
5498,SITE-004,PART-3691,2025-07-06,2025-07-15,2025-07-13,24,shipped,False,0
5499,SITE-031,PART-5959,2026-11-10,2026-11-14,2026-11-12,583,shipped,False,0
5500,SITE-090,PART-4844,2025-03-05,2025-03-11,2025-03-10,127,pending,False,0
5501,SITE-047,PART-6417,2025-09-19,2025-09-22,2025-09-22,359,delivered,False,0
5502,SITE-034,PART-1219,2025-03-17,2025-03-21,2025-03-19,401,pending,False,0
5503,SITE-012,PART-7213,2026-02-24,2026-02-27,2026-02-26,90,delivered,False,0
5504,SITE-090,PART-8219,2026-04-04,2026-04-08,2026-04-06,197,shipped,False,0
5505,SITE-004,PART-9994,2025-07-13,2025-07-16,2025-07-14,491,pending,False,0
5506,SITE-091,PART-7690,2025-06-24,2025-06-30,2025-06-29,873,delivered,False,0
5507,SITE-076,PART-6567,2026-10-19,2026-10-24,2026-10-23,169,pending,False,0
5508,SITE-090,PART-2994,2025-05-07,2025-05-15,2025-05-14,786,shipped,False,0
5509,SITE-050,PART-4335,2025-09-24,2025-09-27,2025-09-25,689,delivered,False,0
5510,SITE-087,PART-4184,2025-12-26,2025-12-29,2025-12-28,270,delivered,False,0
5511,SITE-034,PART-7140,2025-03-06,2025-03-12,2025-03-12,541,pending,False,0
5512,SITE-082,PART-5546,2025-03-23,2025-03-31,2025-03-30,825,pending,False,0
5513,SITE-063,PART-2317,2026-04-06,2026-04-15,2026-04-23,427,pending,True,8
5514,SITE-051,PART-2035,2026-02-08,2026-02-12,2026-02-10,647,delivered,False,0
5515,SITE-096,PART-8448,2026-07-11,2026-07-16,2026-07-15,635,delivered,False,0
5516,SITE-021,PART-2505,2026-07-20,2026-07-29,2026-07-28,404,pending,False,0
5517,SITE-091,PART-2165,2025-07-09,2025-07-12,2025-07-10,81,delivered,False,0
5518,SITE-031,PART-7008,2026-11-17,2026-11-25,2026-11-24,392,delivered,False,0
5519,SITE-075,PART-6819,2026-12-20,2026-12-28,2026-12-27,154,shipped,False,0
5520,SITE-075,PART-5496,2026-06-13,2026-06-17,2026-06-15,298,pending,False,0
5521,SITE-046,PART-5959,2025-10-26,2025-10-29,2025-10-29,712,pending,False,0
5522,SITE-084,PART-1433,2025-07-23,2025-07-27,2025-07-25,571,delivered,False,0
5523,SITE-003,PART-7135,2026-10-22,2026-10-28,2026-10-28,717,shipped,False,0
5524,SITE-075,PART-6811,2025-02-06,2025-02-13,2025-02-11,220,shipped,False,0
5525,SITE-048,PART-5037,2025-07-02,2025-07-05,2025-07-05,207,shipped,False,0
5526,SITE-077,PART-7577,2025-06-04,2025-06-12,2025-06-10,639,delivered,False,0
5527,SITE-005,PART-9128,2025-07-08,2025-07-18,2025-07-18,212,shipped,False,0
5528,SITE-079,PART-1105,2026-06-27,2026-07-01,2026-07-01,429,shipped,False,0
5529,SITE-060,PART-2295,2026-01-16,2026-01-22,2026-02-08,858,pending,True,17
5530,SITE-083,PART-4365,2026-03-06,2026-03-15,2026-03-13,599,shipped,False,0
5531,SITE-073,PART-3819,2026-05-25,2026-05-28,2026-05-27,438,pending,False,0
5532,SITE-012,PART-2958,2026-10-11,2026-10-20,2026-10-23,912,pending,True,3
5533,SITE-054,PART-9589,2025-06-13,2025-06-20,2025-06-20,665,pending,False,0
5534,SITE-017,PART-1483,2026-08-14,2026-08-24,2026-08-22,901,delivered,False,0
5535,SITE-043,PART-9406,2026-08-22,2026-08-30,2026-08-29,882,shipped,False,0
5536,SITE-011,PART-8361,2026-06-18,2026-06-25,2026-06-23,748,pending,False,0
5537,SITE-063,PART-6913,2026-12-22,2026-12-31,2026-12-29,562,pending,False,0
5538,SITE-013,PART-3995,2025-03-17,2025-03-22,2025-03-21,150,delivered,False,0
5539,SITE-035,PART-2394,2025-10-11,2025-10-17,2025-10-25,684,delivered,True,8
5540,SITE-085,PART-4206,2026-09-02,2026-09-10,2026-09-10,335,delivered,False,0
5541,SITE-026,PART-9309,2026-09-05,2026-09-10,2026-09-09,16,shipped,False,0
5542,SITE-002,PART-2838,2025-08-13,2025-08-21,2025-08-19,446,shipped,False,0
5543,SITE-023,PART-8084,2026-05-12,2026-05-18,2026-05-17,142,pending,False,0
5544,SITE-092,PART-6113,2025-04-21,2025-04-30,2025-04-30,751,delivered,False,0
5545,SITE-064,PART-7177,2026-10-25,2026-11-01,2026-11-01,343,delivered,False,0
5546,SITE-090,PART-5828,2026-12-05,2026-12-15,2026-12-14,520,delivered,False,0
5547,SITE-005,PART-4206,2025-09-16,2025-09-23,2025-09-23,600,pending,False,0
5548,SITE-030,PART-3549,2025-08-28,2025-09-02,2025-09-02,461,shipped,False,0
5549,SITE-034,PART-7121,2025-11-17,2025-11-25,2025-11-24,360,shipped,False,0
5550,SITE-093,PART-4918,2026-09-23,2026-09-30,2026-09-29,299,shipped,False,0
5551,SITE-050,PART-2125,2025-04-10,2025-04-15,2025-04-15,803,shipped,False,0
5552,SITE-070,PART-1116,2025-09-13,2025-09-19,2025-09-18,364,delivered,False,0
5553,SITE-054,PART-7641,2026-11-14,2026-11-18,2026-11-16,942,delivered,False,0
5554,SITE-068,PART-1061,2025-02-11,2025-02-21,2025-02-20,194,delivered,False,0
5555,SITE-096,PART-9165,2025-12-17,2025-12-24,2025-12-22,991,pending,False,0
5556,SITE-029,PART-4219,2026-01-25,2026-02-02,2026-02-01,536,pending,False,0
5557,SITE-053,PART-7746,2025-07-02,2025-07-09,2025-07-07,805,shipped,False,0
5558,SITE-036,PART-5664,2025-06-19,2025-06-22,2025-06-22,44,delivered,False,0
5559,SITE-042,PART-4897,2026-12-28,2027-01-02,2027-01-02,248,delivered,False,0
5560,SITE-031,PART-5046,2025-11-18,2025-11-27,2025-11-26,212,pending,False,0
5561,SITE-096,PART-6991,2026-03-09,2026-03-17,2026-03-20,921,pending,True,3
5562,SITE-014,PART-7984,2026-01-05,2026-01-10,2026-01-09,678,pending,False,0
5563,SITE-043,PART-3655,2026-07-22,2026-07-30,2026-07-30,919,shipped,False,0
5564,SITE-068,PART-7560,2025-03-16,2025-03-23,2025-03-21,170,shipped,False,0
5565,SITE-031,PART-4280,2026-01-26,2026-02-01,2026-02-01,359,delivered,False,0
5566,SITE-037,PART-5999,2026-10-22,2026-10-31,2026-11-16,830,shipped,True,16
5567,SITE-055,PART-3188,2026-05-16,2026-05-19,2026-05-19,34,delivered,False,0
5568,SITE-058,PART-9340,2026-04-23,2026-04-27,2026-04-25,343,pending,False,0
5569,SITE-022,PART-3663,2026-03-13,2026-03-19,2026-03-18,52,pending,False,0
5570,SITE-031,PART-2464,2026-02-19,2026-02-22,2026-02-22,870,delivered,False,0
5571,SITE-092,PART-4677,2025-05-01,2025-05-04,2025-05-14,734,delivered,True,10
5572,SITE-011,PART-3133,2025-02-08,2025-02-18,2025-02-16,183,pending,False,0
5573,SITE-018,PART-5319,2025-08-03,2025-08-10,2025-08-09,473,pending,False,0
5574,SITE-055,PART-7056,2026-07-15,2026-07-22,2026-07-26,20,shipped,True,4
5575,SITE-026,PART-3349,2026-05-27,2026-05-31,2026-05-30,893,pending,False,0
5576,SITE-054,PART-6072,2026-01-28,2026-01-31,2026-01-29,114,shipped,False,0
5577,SITE-095,PART-7535,2025-12-01,2025-12-08,2025-12-08,94,delivered,False,0
5578,SITE-031,PART-6842,2025-02-05,2025-02-11,2025-02-10,547,shipped,False,0
5579,SITE-078,PART-2189,2026-12-08,2026-12-16,2026-12-23,732,shipped,True,7
5580,SITE-042,PART-8025,2025-06-28,2025-07-04,2025-07-02,541,pending,False,0
5581,SITE-001,PART-3161,2026-02-09,2026-02-12,2026-02-12,335,delivered,False,0
5582,SITE-051,PART-6567,2026-02-15,2026-02-24,2026-02-23,584,pending,False,0
5583,SITE-001,PART-9549,2026-03-20,2026-03-26,2026-03-25,93,delivered,False,0
5584,SITE-061,PART-5037,2026-04-21,2026-04-24,2026-05-04,56,delivered,True,10
5585,SITE-036,PART-3574,2025-06-15,2025-06-19,2025-07-01,64,shipped,True,12
5586,SITE-089,PART-4215,2026-09-26,2026-10-02,2026-09-30,731,delivered,False,0
5587,SITE-036,PART-8163,2026-09-01,2026-09-10,2026-09-09,762,delivered,False,0
5588,SITE-062,PART-6330,2025-11-27,2025-12-04,2025-12-02,375,delivered,False,0
5589,SITE-090,PART-1124,2026-11-02,2026-11-11,2026-11-11,353,delivered,False,0
5590,SITE-034,PART-7606,2025-02-27,2025-03-09,2025-03-14,720,shipped,True,5
5591,SITE-017,PART-5072,2026-05-22,2026-05-28,2026-05-27,815,pending,False,0
5592,SITE-026,PART-1737,2025-08-23,2025-08-29,2025-08-31,581,delivered,True,2
5593,SITE-036,PART-6812,2025-03-04,2025-03-08,2025-03-06,439,shipped,False,0
5594,SITE-017,PART-3549,2025-12-01,2025-12-06,2025-12-05,158,delivered,False,0
5595,SITE-079,PART-6107,2025-04-08,2025-04-12,2025-04-10,531,pending,False,0
5596,SITE-044,PART-1483,2025-09-10,2025-09-16,2025-09-15,702,pending,False,0
5597,SITE-032,PART-4251,2025-04-08,2025-04-11,2025-04-11,30,pending,False,0
5598,SITE-089,PART-7745,2026-04-10,2026-04-13,2026-04-24,641,delivered,True,11
5599,SITE-027,PART-7684,2025-02-15,2025-02-18,2025-02-18,442,delivered,False,0
5600,SITE-010,PART-3188,2026-06-22,2026-07-01,2026-06-30,470,shipped,False,0
5601,SITE-051,PART-1613,2026-11-18,2026-11-22,2026-11-20,268,pending,False,0
5602,SITE-070,PART-4303,2026-08-26,2026-09-01,2026-09-01,422,delivered,False,0
5603,SITE-071,PART-1945,2026-08-28,2026-09-05,2026-09-05,329,shipped,False,0
5604,SITE-048,PART-8723,2026-04-12,2026-04-16,2026-04-15,370,shipped,False,0
5605,SITE-016,PART-9184,2026-09-02,2026-09-06,2026-09-05,528,delivered,False,0
5606,SITE-010,PART-1402,2025-08-17,2025-08-26,2025-09-01,166,shipped,True,6
5607,SITE-069,PART-5186,2026-07-04,2026-07-09,2026-07-08,283,delivered,False,0
5608,SITE-026,PART-6412,2025-06-21,2025-06-28,2025-06-28,523,shipped,False,0
5609,SITE-082,PART-5321,2025-11-06,2025-11-16,2025-11-15,183,delivered,False,0
5610,SITE-005,PART-6122,2026-05-23,2026-05-30,2026-05-29,654,delivered,False,0
5611,SITE-083,PART-3691,2025-09-12,2025-09-18,2025-09-16,816,shipped,False,0
5612,SITE-071,PART-1724,2026-01-01,2026-01-11,2026-01-09,735,shipped,False,0
5613,SITE-015,PART-7722,2025-10-12,2025-10-19,2025-10-17,622,delivered,False,0
5614,SITE-008,PART-3162,2025-03-15,2025-03-19,2025-03-17,125,delivered,False,0
5615,SITE-038,PART-9292,2025-10-17,2025-10-27,2025-10-27,317,delivered,False,0
5616,SITE-068,PART-9648,2025-08-08,2025-08-12,2025-08-12,238,shipped,False,0
5617,SITE-066,PART-8876,2026-12-02,2026-12-11,2026-12-11,630,shipped,False,0
5618,SITE-075,PART-8279,2025-03-17,2025-03-27,2025-03-27,394,shipped,False,0
5619,SITE-059,PART-2106,2025-06-21,2025-06-28,2025-06-27,224,shipped,False,0
5620,SITE-009,PART-9271,2026-05-24,2026-05-28,2026-05-26,618,pending,False,0
5621,SITE-098,PART-1918,2026-07-01,2026-07-11,2026-07-10,681,pending,False,0
5622,SITE-060,PART-8762,2025-07-05,2025-07-13,2025-07-12,712,delivered,False,0
5623,SITE-074,PART-2443,2025-12-14,2025-12-24,2025-12-23,505,shipped,False,0
5624,SITE-056,PART-9613,2026-05-13,2026-05-21,2026-05-20,677,shipped,False,0
5625,SITE-093,PART-1138,2025-10-25,2025-11-02,2025-11-02,1,delivered,False,0
5626,SITE-014,PART-1219,2026-06-07,2026-06-15,2026-06-13,683,delivered,False,0
5627,SITE-035,PART-1734,2025-04-01,2025-04-09,2025-04-09,129,delivered,False,0
5628,SITE-018,PART-1327,2025-05-28,2025-06-01,2025-05-30,38,pending,False,0
5629,SITE-017,PART-2125,2026-01-20,2026-01-23,2026-01-30,506,shipped,True,7
5630,SITE-006,PART-7914,2026-11-19,2026-11-25,2026-11-30,216,pending,True,5
5631,SITE-097,PART-9388,2026-05-27,2026-05-30,2026-05-28,700,pending,False,0
5632,SITE-095,PART-1198,2025-08-13,2025-08-17,2025-08-16,272,pending,False,0
5633,SITE-088,PART-7486,2026-06-26,2026-06-29,2026-06-28,340,pending,False,0
5634,SITE-100,PART-6812,2026-11-01,2026-11-04,2026-11-03,907,delivered,False,0
5635,SITE-032,PART-8535,2026-05-19,2026-05-27,2026-05-27,125,shipped,False,0
5636,SITE-031,PART-1632,2025-01-18,2025-01-24,2025-01-23,4,pending,False,0
5637,SITE-067,PART-8840,2026-03-02,2026-03-08,2026-03-06,631,shipped,False,0
5638,SITE-044,PART-3251,2026-12-21,2026-12-26,2026-12-25,990,pending,False,0
5639,SITE-061,PART-4748,2025-02-19,2025-02-22,2025-02-22,725,delivered,False,0
5640,SITE-070,PART-7486,2025-12-11,2025-12-18,2025-12-25,521,pending,True,7
5641,SITE-073,PART-6814,2026-11-21,2026-11-27,2026-11-25,688,pending,False,0
5642,SITE-095,PART-8537,2025-02-22,2025-03-02,2025-03-01,136,shipped,False,0
5643,SITE-054,PART-4662,2026-03-06,2026-03-11,2026-03-09,193,pending,False,0
5644,SITE-069,PART-3691,2025-09-01,2025-09-07,2025-09-05,914,delivered,False,0
5645,SITE-069,PART-1470,2025-09-09,2025-09-15,2025-09-13,978,pending,False,0
5646,SITE-069,PART-1219,2026-02-06,2026-02-09,2026-02-09,838,pending,False,0
5647,SITE-039,PART-1147,2026-08-26,2026-08-31,2026-08-30,678,shipped,False,0
5648,SITE-030,PART-6327,2026-05-23,2026-05-26,2026-05-24,772,shipped,False,0
5649,SITE-088,PART-8144,2026-01-07,2026-01-12,2026-01-20,337,pending,True,8
5650,SITE-085,PART-7912,2026-03-22,2026-03-29,2026-03-29,318,pending,False,0
5651,SITE-051,PART-9037,2026-08-16,2026-08-25,2026-09-05,701,delivered,True,11
5652,SITE-062,PART-2590,2026-12-08,2026-12-16,2026-12-16,938,pending,False,0
5653,SITE-063,PART-4309,2026-11-07,2026-11-11,2026-11-09,537,delivered,False,0
5654,SITE-077,PART-9284,2025-03-21,2025-03-24,2025-03-24,327,shipped,False,0
5655,SITE-036,PART-9272,2025-08-25,2025-09-03,2025-09-01,931,delivered,False,0
5656,SITE-072,PART-2585,2026-07-11,2026-07-18,2026-07-20,584,shipped,True,2
5657,SITE-010,PART-7949,2026-06-20,2026-06-30,2026-06-28,317,pending,False,0
5658,SITE-073,PART-5445,2026-01-01,2026-01-06,2026-01-05,221,pending,False,0
5659,SITE-065,PART-6947,2026-10-09,2026-10-19,2026-10-17,418,pending,False,0
5660,SITE-026,PART-5148,2026-07-01,2026-07-11,2026-07-10,213,shipped,False,0
5661,SITE-072,PART-4080,2026-09-09,2026-09-19,2026-09-19,325,shipped,False,0
5662,SITE-016,PART-5696,2025-09-01,2025-09-09,2025-09-07,786,pending,False,0
5663,SITE-007,PART-4280,2026-07-13,2026-07-18,2026-07-16,170,shipped,False,0
5664,SITE-098,PART-1414,2026-10-26,2026-10-29,2026-10-29,147,shipped,False,0
5665,SITE-054,PART-8214,2026-11-26,2026-12-05,2026-12-04,463,pending,False,0
5666,SITE-008,PART-9121,2026-06-07,2026-06-17,2026-06-15,851,pending,False,0
5667,SITE-030,PART-2297,2025-04-27,2025-05-03,2025-05-03,228,shipped,False,0
5668,SITE-018,PART-5828,2025-03-28,2025-04-02,2025-04-02,56,delivered,False,0
5669,SITE-022,PART-3161,2026-11-14,2026-11-18,2026-11-16,94,pending,False,0
5670,SITE-080,PART-5124,2025-11-21,2025-12-01,2025-12-01,829,delivered,False,0
5671,SITE-061,PART-1225,2026-06-07,2026-06-15,2026-06-15,322,shipped,False,0
5672,SITE-093,PART-5124,2025-06-19,2025-06-23,2025-06-21,833,delivered,False,0
5673,SITE-011,PART-9605,2025-03-02,2025-03-07,2025-03-10,295,shipped,True,3
5674,SITE-048,PART-1783,2025-07-04,2025-07-09,2025-07-15,960,pending,True,6
5675,SITE-086,PART-3781,2026-08-25,2026-09-01,2026-09-01,439,delivered,False,0
5676,SITE-014,PART-5073,2026-11-07,2026-11-16,2026-11-15,908,shipped,False,0
5677,SITE-001,PART-4058,2025-09-19,2025-09-29,2025-10-04,454,pending,True,5
5678,SITE-074,PART-9528,2026-03-16,2026-03-20,2026-03-22,170,shipped,True,2
5679,SITE-071,PART-4918,2026-08-01,2026-08-11,2026-08-10,108,shipped,False,0
5680,SITE-082,PART-2116,2026-04-18,2026-04-23,2026-04-25,333,shipped,True,2
5681,SITE-093,PART-5427,2026-09-03,2026-09-10,2026-09-10,29,shipped,False,0
5682,SITE-012,PART-4518,2026-04-18,2026-04-23,2026-04-23,142,delivered,False,0
5683,SITE-089,PART-2830,2026-06-03,2026-06-12,2026-06-12,925,pending,False,0
5684,SITE-040,PART-3819,2025-02-08,2025-02-12,2025-02-11,375,delivered,False,0
5685,SITE-086,PART-2415,2026-10-15,2026-10-21,2026-10-21,141,delivered,False,0
5686,SITE-011,PART-1937,2026-04-22,2026-05-02,2026-05-13,889,shipped,True,11
5687,SITE-070,PART-4856,2025-05-23,2025-06-02,2025-05-31,210,pending,False,0
5688,SITE-032,PART-7488,2026-08-07,2026-08-10,2026-08-09,215,pending,False,0
5689,SITE-080,PART-7949,2025-03-17,2025-03-24,2025-03-22,646,pending,False,0
5690,SITE-068,PART-4897,2026-11-22,2026-12-02,2026-11-30,526,pending,False,0
5691,SITE-016,PART-3344,2025-07-06,2025-07-14,2025-07-14,676,delivered,False,0
5692,SITE-091,PART-2590,2025-01-20,2025-01-29,2025-02-04,681,pending,True,6
5693,SITE-071,PART-6140,2025-01-03,2025-01-13,2025-01-15,526,delivered,True,2
5694,SITE-057,PART-4128,2025-06-20,2025-06-26,2025-06-24,260,delivered,False,0
5695,SITE-081,PART-4206,2025-10-08,2025-10-18,2025-10-17,823,pending,False,0
5696,SITE-087,PART-2516,2026-03-23,2026-03-30,2026-03-30,646,delivered,False,0
5697,SITE-068,PART-9037,2026-10-26,2026-11-01,2026-10-31,644,pending,False,0
5698,SITE-045,PART-2505,2026-12-19,2026-12-28,2026-12-26,138,delivered,False,0
5699,SITE-068,PART-9293,2025-03-04,2025-03-11,2025-03-09,759,pending,False,0
5700,SITE-056,PART-7591,2026-06-22,2026-07-01,2026-06-29,265,pending,False,0
5701,SITE-061,PART-2973,2025-05-22,2025-05-31,2025-05-31,73,delivered,False,0
5702,SITE-007,PART-7240,2026-10-26,2026-11-03,2026-11-01,979,pending,False,0
5703,SITE-022,PART-8807,2025-05-12,2025-05-20,2025-05-19,318,delivered,False,0
5704,SITE-032,PART-9119,2025-02-22,2025-02-28,2025-03-07,86,delivered,True,7
5705,SITE-015,PART-1733,2026-04-28,2026-05-05,2026-05-05,671,delivered,False,0
5706,SITE-045,PART-4748,2026-12-07,2026-12-13,2026-12-11,458,delivered,False,0
5707,SITE-091,PART-2075,2026-12-12,2026-12-16,2026-12-15,627,shipped,False,0
5708,SITE-021,PART-7314,2025-12-26,2025-12-31,2025-12-29,617,pending,False,0
5709,SITE-079,PART-3360,2026-08-18,2026-08-23,2026-08-22,585,pending,False,0
5710,SITE-059,PART-8219,2025-09-25,2025-10-05,2025-10-05,163,shipped,False,0
5711,SITE-063,PART-9263,2025-05-22,2025-06-01,2025-05-30,667,shipped,False,0
5712,SITE-012,PART-5415,2025-10-07,2025-10-11,2025-10-11,900,shipped,False,0
5713,SITE-037,PART-5813,2025-03-15,2025-03-25,2025-03-24,230,delivered,False,0
5714,SITE-011,PART-4748,2025-11-06,2025-11-15,2025-11-14,21,delivered,False,0
5715,SITE-072,PART-2683,2025-12-24,2025-12-30,2025-12-29,570,shipped,False,0
5716,SITE-004,PART-1873,2025-09-02,2025-09-11,2025-09-09,18,shipped,False,0
5717,SITE-077,PART-6784,2026-01-04,2026-01-09,2026-01-12,82,pending,True,3
5718,SITE-019,PART-7138,2026-10-08,2026-10-17,2026-10-16,745,pending,False,0
5719,SITE-032,PART-8214,2026-02-04,2026-02-08,2026-02-24,502,delivered,True,16
5720,SITE-029,PART-1074,2026-10-12,2026-10-16,2026-10-14,897,pending,False,0
5721,SITE-030,PART-9108,2026-12-15,2026-12-22,2026-12-28,898,shipped,True,6
5722,SITE-026,PART-2106,2026-01-14,2026-01-23,2026-01-23,44,shipped,False,0
5723,SITE-032,PART-3867,2026-06-18,2026-06-26,2026-06-26,460,pending,False,0
5724,SITE-012,PART-7608,2025-01-20,2025-01-28,2025-01-27,82,shipped,False,0
5725,SITE-028,PART-7442,2025-05-24,2025-05-27,2025-05-27,301,shipped,False,0
5726,SITE-004,PART-9883,2026-03-15,2026-03-21,2026-03-21,762,delivered,False,0
5727,SITE-008,PART-1138,2026-04-27,2026-05-04,2026-05-03,193,shipped,False,0
5728,SITE-027,PART-3133,2025-02-25,2025-03-02,2025-03-01,847,pending,False,0
5729,SITE-090,PART-3188,2025-05-14,2025-05-22,2025-05-22,721,shipped,False,0
5730,SITE-053,PART-9638,2026-11-18,2026-11-26,2026-11-24,177,pending,False,0
5731,SITE-029,PART-2217,2025-09-08,2025-09-18,2025-09-16,402,pending,False,0
5732,SITE-037,PART-4908,2026-07-01,2026-07-11,2026-07-10,716,delivered,False,0
5733,SITE-071,PART-5238,2026-10-19,2026-10-29,2026-10-29,420,shipped,False,0
5734,SITE-015,PART-3822,2026-12-02,2026-12-12,2026-12-12,21,shipped,False,0
5735,SITE-094,PART-3201,2026-05-03,2026-05-07,2026-05-05,522,shipped,False,0
5736,SITE-056,PART-1238,2025-06-25,2025-07-05,2025-07-04,787,shipped,False,0
5737,SITE-005,PART-6349,2025-10-25,2025-11-04,2025-11-02,69,pending,False,0
5738,SITE-001,PART-4582,2026-11-04,2026-11-10,2026-11-08,498,delivered,False,0
5739,SITE-056,PART-1892,2026-04-26,2026-05-03,2026-05-03,91,delivered,False,0
5740,SITE-086,PART-3258,2025-10-27,2025-11-02,2025-11-01,686,shipped,False,0
5741,SITE-020,PART-2276,2025-03-22,2025-03-28,2025-03-28,685,pending,False,0
5742,SITE-076,PART-1768,2026-07-20,2026-07-26,2026-07-24,910,shipped,False,0
5743,SITE-016,PART-6299,2025-08-10,2025-08-20,2025-08-19,565,shipped,False,0
5744,SITE-036,PART-2499,2025-04-25,2025-05-02,2025-04-30,479,pending,False,0
5745,SITE-013,PART-3732,2025-01-10,2025-01-20,2025-01-20,119,delivered,False,0
5746,SITE-091,PART-8113,2025-03-10,2025-03-15,2025-03-15,682,shipped,False,0
5747,SITE-051,PART-2794,2026-09-03,2026-09-09,2026-09-09,30,pending,False,0
5748,SITE-092,PART-8779,2026-10-15,2026-10-20,2026-10-18,783,delivered,False,0
5749,SITE-030,PART-4538,2026-12-22,2027-01-01,2027-01-01,927,shipped,False,0
5750,SITE-086,PART-1496,2025-11-17,2025-11-25,2025-11-24,827,pending,False,0
5751,SITE-060,PART-9549,2026-11-16,2026-11-20,2026-11-19,597,delivered,False,0
5752,SITE-017,PART-4092,2026-12-08,2026-12-13,2026-12-13,453,pending,False,0
5753,SITE-031,PART-2897,2025-02-26,2025-03-02,2025-03-02,527,pending,False,0
5754,SITE-011,PART-5743,2026-12-21,2026-12-29,2026-12-29,842,delivered,False,0
5755,SITE-094,PART-3188,2026-05-13,2026-05-16,2026-05-15,89,delivered,False,0
5756,SITE-061,PART-8254,2025-08-01,2025-08-04,2025-08-04,257,pending,False,0
5757,SITE-049,PART-2838,2025-10-24,2025-10-30,2025-10-30,111,shipped,False,0
5758,SITE-041,PART-2766,2025-05-08,2025-05-18,2025-05-18,47,shipped,False,0
5759,SITE-070,PART-1433,2026-03-11,2026-03-21,2026-03-24,579,pending,True,3
5760,SITE-057,PART-7991,2026-12-08,2026-12-18,2026-12-16,657,shipped,False,0
5761,SITE-013,PART-9921,2026-12-15,2026-12-19,2026-12-17,795,delivered,False,0
5762,SITE-079,PART-8163,2026-07-07,2026-07-15,2026-07-13,14,shipped,False,0
5763,SITE-020,PART-5046,2026-03-06,2026-03-16,2026-03-15,81,delivered,False,0
5764,SITE-013,PART-1934,2025-09-23,2025-09-27,2025-09-25,64,shipped,False,0
5765,SITE-020,PART-8807,2025-06-12,2025-06-20,2025-06-20,917,pending,False,0
5766,SITE-093,PART-2748,2025-08-06,2025-08-16,2025-08-15,619,shipped,False,0
5767,SITE-068,PART-4505,2026-01-09,2026-01-16,2026-01-15,176,shipped,False,0
5768,SITE-040,PART-9623,2026-11-17,2026-11-25,2026-11-25,145,pending,False,0
5769,SITE-029,PART-6894,2026-10-09,2026-10-13,2026-10-13,192,shipped,False,0
5770,SITE-051,PART-8876,2025-03-19,2025-03-22,2025-03-26,245,shipped,True,4
5771,SITE-067,PART-2406,2025-01-23,2025-01-26,2025-01-29,735,pending,True,3
5772,SITE-089,PART-3070,2025-03-15,2025-03-23,2025-03-22,6,delivered,False,0
5773,SITE-099,PART-4538,2026-08-23,2026-09-01,2026-08-31,817,shipped,False,0
5774,SITE-005,PART-2973,2025-08-05,2025-08-08,2025-08-06,551,delivered,False,0
5775,SITE-011,PART-1347,2025-09-01,2025-09-09,2025-09-09,169,shipped,False,0
5776,SITE-047,PART-3231,2026-02-22,2026-03-01,2026-02-28,554,delivered,False,0
5777,SITE-071,PART-1032,2025-08-28,2025-09-03,2025-09-01,323,pending,False,0
5778,SITE-047,PART-8668,2025-04-18,2025-04-27,2025-04-26,206,pending,False,0
5779,SITE-076,PART-8496,2026-03-05,2026-03-11,2026-03-19,488,pending,True,8
5780,SITE-087,PART-4897,2026-09-02,2026-09-10,2026-09-09,760,shipped,False,0
5781,SITE-062,PART-7240,2025-06-08,2025-06-12,2025-06-12,787,delivered,False,0
5782,SITE-083,PART-2131,2025-01-11,2025-01-17,2025-01-15,428,pending,False,0
5783,SITE-011,PART-1564,2026-02-02,2026-02-08,2026-02-21,888,delivered,True,13
5784,SITE-078,PART-5696,2026-04-15,2026-04-24,2026-04-23,182,pending,False,0
5785,SITE-047,PART-2826,2026-12-18,2026-12-23,2026-12-23,657,delivered,False,0
5786,SITE-046,PART-4662,2025-07-27,2025-07-31,2025-07-31,625,delivered,False,0
5787,SITE-029,PART-9165,2026-11-07,2026-11-14,2026-11-13,56,delivered,False,0
5788,SITE-034,PART-2406,2026-01-25,2026-02-03,2026-02-02,362,shipped,False,0
5789,SITE-059,PART-7232,2026-03-06,2026-03-13,2026-03-12,567,pending,False,0
5790,SITE-008,PART-9038,2025-11-21,2025-11-25,2025-11-23,909,pending,False,0
5791,SITE-029,PART-2758,2026-04-15,2026-04-18,2026-04-17,866,pending,False,0
5792,SITE-051,PART-6922,2025-12-17,2025-12-21,2025-12-20,467,shipped,False,0
5793,SITE-079,PART-9549,2025-12-07,2025-12-11,2025-12-10,517,delivered,False,0
5794,SITE-006,PART-6951,2025-08-06,2025-08-16,2025-08-14,658,pending,False,0
5795,SITE-041,PART-2116,2026-10-12,2026-10-20,2026-10-26,425,shipped,True,6
5796,SITE-047,PART-7578,2026-01-17,2026-01-20,2026-02-03,601,delivered,True,14
5797,SITE-089,PART-3655,2025-09-16,2025-09-22,2025-09-20,326,pending,False,0
5798,SITE-030,PART-7200,2026-09-23,2026-10-03,2026-10-03,658,shipped,False,0
5799,SITE-002,PART-7067,2026-12-06,2026-12-15,2026-12-15,78,pending,False,0
5800,SITE-029,PART-8423,2026-12-01,2026-12-08,2026-12-06,399,pending,False,0
5801,SITE-099,PART-4354,2026-08-08,2026-08-16,2026-08-16,834,delivered,False,0
5802,SITE-044,PART-6299,2026-02-21,2026-02-26,2026-02-26,695,pending,False,0
5803,SITE-055,PART-8254,2026-10-04,2026-10-09,2026-10-09,368,shipped,False,0
5804,SITE-022,PART-6107,2026-02-11,2026-02-20,2026-02-20,664,pending,False,0
5805,SITE-089,PART-8593,2025-11-24,2025-11-29,2025-12-06,140,pending,True,7
5806,SITE-019,PART-4829,2025-11-11,2025-11-17,2025-11-19,291,shipped,True,2
5807,SITE-067,PART-7782,2026-10-16,2026-10-26,2026-10-25,726,shipped,False,0
5808,SITE-007,PART-6762,2026-03-12,2026-03-16,2026-03-14,373,delivered,False,0
5809,SITE-098,PART-4370,2026-11-28,2026-12-01,2026-12-01,746,pending,False,0
5810,SITE-090,PART-5127,2025-06-08,2025-06-17,2025-06-15,572,pending,False,0
5811,SITE-055,PART-6072,2025-11-08,2025-11-12,2025-11-25,321,shipped,True,13
5812,SITE-028,PART-2218,2026-08-01,2026-08-07,2026-08-07,43,pending,False,0
5813,SITE-017,PART-6819,2026-02-09,2026-02-15,2026-02-13,310,delivered,False,0
5814,SITE-016,PART-4184,2026-07-02,2026-07-08,2026-07-08,267,shipped,False,0
5815,SITE-071,PART-1715,2025-11-07,2025-11-15,2025-11-14,610,shipped,False,0
5816,SITE-065,PART-6101,2026-12-12,2026-12-19,2026-12-27,771,shipped,True,8
5817,SITE-032,PART-7498,2026-02-04,2026-02-12,2026-02-12,400,delivered,False,0
5818,SITE-032,PART-4804,2026-08-15,2026-08-24,2026-08-24,2,delivered,False,0
5819,SITE-082,PART-8003,2026-06-11,2026-06-21,2026-06-19,931,delivered,False,0
5820,SITE-005,PART-9292,2025-08-21,2025-08-26,2025-08-26,967,delivered,False,0
5821,SITE-046,PART-1240,2025-05-12,2025-05-16,2025-05-14,8,shipped,False,0
5822,SITE-039,PART-4251,2025-08-28,2025-09-03,2025-09-01,771,pending,False,0
5823,SITE-052,PART-5661,2025-01-21,2025-01-24,2025-01-23,692,delivered,False,0
5824,SITE-092,PART-6108,2025-11-22,2025-12-02,2025-11-30,287,shipped,False,0
5825,SITE-100,PART-2003,2026-03-23,2026-03-29,2026-03-28,713,delivered,False,0
5826,SITE-093,PART-7190,2026-01-23,2026-01-27,2026-01-26,388,pending,False,0
5827,SITE-015,PART-9271,2026-12-06,2026-12-10,2026-12-09,328,pending,False,0
5828,SITE-082,PART-8003,2025-06-04,2025-06-10,2025-06-09,799,delivered,False,0
5829,SITE-095,PART-9263,2025-12-04,2025-12-09,2025-12-07,264,pending,False,0
5830,SITE-059,PART-2235,2025-06-08,2025-06-17,2025-06-16,754,delivered,False,0
5831,SITE-019,PART-7366,2026-06-24,2026-06-29,2026-06-27,812,delivered,False,0
5832,SITE-011,PART-5646,2025-07-14,2025-07-19,2025-07-18,665,pending,False,0
5833,SITE-068,PART-6842,2025-05-23,2025-05-29,2025-05-29,817,shipped,False,0
5834,SITE-067,PART-8558,2026-08-21,2026-08-28,2026-08-26,967,pending,False,0
5835,SITE-033,PART-9739,2025-12-03,2025-12-13,2025-12-11,730,delivered,False,0
5836,SITE-026,PART-9288,2025-06-02,2025-06-08,2025-06-06,358,pending,False,0
5837,SITE-075,PART-8558,2025-07-08,2025-07-11,2025-07-11,65,shipped,False,0
5838,SITE-088,PART-1456,2025-04-10,2025-04-19,2025-04-18,482,pending,False,0
5839,SITE-014,PART-6951,2026-05-23,2026-06-02,2026-06-07,129,shipped,True,5
5840,SITE-006,PART-8558,2026-03-21,2026-03-28,2026-03-26,36,pending,False,0
5841,SITE-041,PART-1696,2025-10-01,2025-10-07,2025-10-05,885,delivered,False,0
5842,SITE-027,PART-1266,2026-05-25,2026-06-04,2026-06-02,368,pending,False,0
5843,SITE-072,PART-3161,2025-07-26,2025-07-30,2025-07-29,438,shipped,False,0
5844,SITE-073,PART-3280,2026-08-14,2026-08-24,2026-09-07,267,delivered,True,14
5845,SITE-012,PART-3160,2025-10-28,2025-11-01,2025-11-01,831,pending,False,0
5846,SITE-046,PART-6826,2025-03-20,2025-03-29,2025-03-28,710,shipped,False,0
5847,SITE-091,PART-5674,2026-06-28,2026-07-04,2026-07-04,67,pending,False,0
5848,SITE-075,PART-5726,2026-03-11,2026-03-21,2026-03-19,989,delivered,False,0
5849,SITE-009,PART-7486,2026-10-07,2026-10-14,2026-10-14,391,pending,False,0
5850,SITE-049,PART-1474,2026-05-13,2026-05-20,2026-05-19,701,pending,False,0
5851,SITE-094,PART-8695,2026-03-06,2026-03-12,2026-03-11,576,delivered,False,0
5852,SITE-081,PART-7200,2025-01-04,2025-01-09,2025-01-09,209,delivered,False,0
5853,SITE-027,PART-4206,2025-08-14,2025-08-23,2025-08-21,966,pending,False,0
5854,SITE-022,PART-1506,2026-05-22,2026-05-28,2026-05-27,209,shipped,False,0
5855,SITE-077,PART-7782,2026-01-20,2026-01-24,2026-01-28,151,delivered,True,4
5856,SITE-001,PART-7524,2026-06-04,2026-06-09,2026-06-08,829,pending,False,0
5857,SITE-057,PART-3895,2026-06-13,2026-06-20,2026-06-20,984,delivered,False,0
5858,SITE-084,PART-9467,2025-11-02,2025-11-11,2025-11-11,5,shipped,False,0
5859,SITE-070,PART-8593,2025-12-11,2025-12-19,2025-12-19,562,shipped,False,0
5860,SITE-018,PART-3254,2025-02-19,2025-02-23,2025-03-02,99,delivered,True,7
5861,SITE-011,PART-9467,2025-01-22,2025-01-25,2025-01-28,988,shipped,True,3
5862,SITE-036,PART-9288,2026-04-23,2026-04-30,2026-04-30,9,shipped,False,0
5863,SITE-089,PART-2897,2026-12-24,2027-01-02,2026-12-31,938,delivered,False,0
5864,SITE-089,PART-7259,2025-12-09,2025-12-18,2025-12-17,440,delivered,False,0
5865,SITE-035,PART-7140,2025-09-05,2025-09-08,2025-09-07,389,delivered,False,0
5866,SITE-096,PART-6826,2026-05-09,2026-05-13,2026-05-12,75,pending,False,0
5867,SITE-040,PART-8523,2025-03-21,2025-03-27,2025-03-26,686,delivered,False,0
5868,SITE-046,PART-3781,2025-10-14,2025-10-22,2025-10-22,629,delivered,False,0
5869,SITE-045,PART-6819,2025-11-06,2025-11-14,2025-11-13,94,shipped,False,0
5870,SITE-006,PART-6513,2026-02-23,2026-03-01,2026-03-01,966,delivered,False,0
5871,SITE-037,PART-5961,2026-09-12,2026-09-17,2026-09-16,911,shipped,False,0
5872,SITE-065,PART-2213,2025-03-15,2025-03-18,2025-03-17,759,pending,False,0
5873,SITE-070,PART-3172,2025-12-13,2025-12-21,2025-12-20,827,pending,False,0
5874,SITE-079,PART-2396,2025-10-03,2025-10-09,2025-10-08,570,pending,False,0
5875,SITE-075,PART-4303,2026-05-28,2026-06-07,2026-06-07,605,shipped,False,0
5876,SITE-071,PART-1744,2025-10-09,2025-10-14,2025-10-12,351,delivered,False,0
5877,SITE-035,PART-3867,2026-12-19,2026-12-24,2026-12-24,963,shipped,False,0
5878,SITE-052,PART-8200,2026-01-02,2026-01-07,2026-01-07,220,delivered,False,0
5879,SITE-099,PART-8581,2026-10-22,2026-10-26,2026-10-25,24,delivered,False,0
5880,SITE-033,PART-5682,2026-11-27,2026-12-01,2026-12-01,512,pending,False,0
5881,SITE-056,PART-8214,2025-09-07,2025-09-10,2025-09-10,751,shipped,False,0
5882,SITE-030,PART-4112,2025-08-14,2025-08-18,2025-08-17,252,delivered,False,0
5883,SITE-096,PART-8593,2025-07-02,2025-07-08,2025-07-06,796,shipped,False,0
5884,SITE-029,PART-5873,2025-01-17,2025-01-21,2025-01-19,7,delivered,False,0
5885,SITE-048,PART-4092,2026-04-11,2026-04-17,2026-04-17,165,delivered,False,0
5886,SITE-035,PART-5298,2025-01-05,2025-01-10,2025-01-09,621,pending,False,0
5887,SITE-073,PART-9377,2025-05-08,2025-05-17,2025-05-16,276,pending,False,0
5888,SITE-014,PART-1557,2025-04-01,2025-04-10,2025-04-10,656,pending,False,0
5889,SITE-054,PART-9077,2025-05-14,2025-05-24,2025-05-23,346,shipped,False,0
5890,SITE-087,PART-1892,2026-11-04,2026-11-07,2026-11-05,425,pending,False,0
5891,SITE-082,PART-9271,2025-06-20,2025-06-24,2025-06-23,192,pending,False,0
5892,SITE-080,PART-6431,2026-03-01,2026-03-09,2026-03-25,219,shipped,True,16
5893,SITE-067,PART-2116,2025-04-07,2025-04-14,2025-04-14,519,shipped,False,0
5894,SITE-035,PART-1225,2026-11-20,2026-11-27,2026-11-27,472,shipped,False,0
5895,SITE-087,PART-9388,2026-04-28,2026-05-05,2026-05-04,733,shipped,False,0
5896,SITE-036,PART-3172,2026-05-23,2026-06-02,2026-06-02,699,pending,False,0
5897,SITE-066,PART-9666,2025-10-16,2025-10-24,2025-10-22,113,shipped,False,0
5898,SITE-038,PART-1660,2026-05-28,2026-06-05,2026-06-12,704,delivered,True,7
5899,SITE-056,PART-7949,2026-06-17,2026-06-26,2026-06-26,174,delivered,False,0
5900,SITE-020,PART-9833,2026-12-07,2026-12-16,2026-12-14,426,delivered,False,0
5901,SITE-042,PART-3799,2025-11-04,2025-11-11,2025-11-09,796,pending,False,0
5902,SITE-057,PART-4365,2025-02-27,2025-03-02,2025-02-28,493,delivered,False,0
5903,SITE-023,PART-3869,2025-01-23,2025-01-30,2025-01-30,472,delivered,False,0
5904,SITE-052,PART-4774,2025-01-18,2025-01-24,2025-01-23,368,delivered,False,0
5905,SITE-087,PART-7559,2026-09-25,2026-10-04,2026-10-16,755,delivered,True,12
5906,SITE-027,PART-8163,2025-04-01,2025-04-08,2025-04-06,758,delivered,False,0
5907,SITE-002,PART-2784,2026-02-14,2026-02-18,2026-02-18,520,pending,False,0
5908,SITE-046,PART-3592,2026-11-16,2026-11-20,2026-11-19,773,shipped,False,0
5909,SITE-079,PART-3887,2026-07-24,2026-08-01,2026-07-30,836,delivered,False,0
5910,SITE-041,PART-6542,2025-04-16,2025-04-19,2025-04-19,144,pending,False,0
5911,SITE-085,PART-5358,2025-01-16,2025-01-24,2025-01-22,292,delivered,False,0
5912,SITE-052,PART-3504,2025-11-28,2025-12-07,2025-12-06,677,pending,False,0
5913,SITE-079,PART-6627,2026-04-16,2026-04-19,2026-04-19,415,delivered,False,0
5914,SITE-080,PART-6567,2025-03-19,2025-03-29,2025-03-28,551,delivered,False,0
5915,SITE-039,PART-7967,2026-11-20,2026-11-28,2026-12-02,63,pending,True,4
5916,SITE-073,PART-4997,2025-09-04,2025-09-08,2025-09-26,963,delivered,True,18
5917,SITE-060,PART-1264,2025-07-11,2025-07-14,2025-07-14,251,shipped,False,0
5918,SITE-063,PART-8143,2026-11-20,2026-11-27,2026-11-26,475,delivered,False,0
5919,SITE-022,PART-8062,2026-09-09,2026-09-12,2026-09-11,890,pending,False,0
5920,SITE-016,PART-7578,2025-01-02,2025-01-12,2025-01-11,765,shipped,False,0
5921,SITE-014,PART-6829,2026-01-09,2026-01-15,2026-01-14,286,shipped,False,0
5922,SITE-039,PART-3887,2025-10-27,2025-11-04,2025-11-04,676,shipped,False,0
5923,SITE-015,PART-6819,2025-06-26,2025-07-05,2025-07-05,530,pending,False,0
5924,SITE-089,PART-5999,2026-09-16,2026-09-20,2026-09-19,183,delivered,False,0
5925,SITE-039,PART-1081,2026-01-05,2026-01-11,2026-01-11,283,pending,False,0
5926,SITE-034,PART-9451,2026-07-13,2026-07-22,2026-07-20,811,delivered,False,0
5927,SITE-065,PART-2673,2026-01-07,2026-01-14,2026-01-14,964,pending,False,0
5928,SITE-084,PART-7641,2026-10-02,2026-10-11,2026-10-11,198,shipped,False,0
5929,SITE-070,PART-1240,2026-11-18,2026-11-25,2026-11-25,741,shipped,False,0
5930,SITE-091,PART-3349,2025-12-05,2025-12-08,2025-12-07,614,pending,False,0
5931,SITE-050,PART-2838,2026-04-16,2026-04-21,2026-04-19,219,shipped,False,0
5932,SITE-028,PART-1129,2025-12-23,2025-12-31,2025-12-31,388,delivered,False,0
5933,SITE-042,PART-1099,2026-11-25,2026-12-03,2026-12-13,475,delivered,True,10
5934,SITE-032,PART-2189,2026-01-20,2026-01-24,2026-01-26,972,pending,True,2
5935,SITE-019,PART-3257,2026-11-17,2026-11-25,2026-11-30,800,shipped,True,5
5936,SITE-031,PART-6805,2026-07-18,2026-07-24,2026-08-01,379,delivered,True,8
5937,SITE-080,PART-5907,2026-03-19,2026-03-22,2026-03-22,608,delivered,False,0
5938,SITE-099,PART-1343,2025-05-08,2025-05-18,2025-05-17,75,shipped,False,0
5939,SITE-053,PART-3869,2026-03-27,2026-04-05,2026-04-05,213,delivered,False,0
5940,SITE-086,PART-8084,2025-05-25,2025-05-28,2025-05-28,54,delivered,False,0
5941,SITE-019,PART-4846,2026-02-10,2026-02-20,2026-02-18,591,shipped,False,0
5942,SITE-039,PART-1798,2026-11-16,2026-11-25,2026-11-23,331,delivered,False,0
5943,SITE-090,PART-3201,2025-01-04,2025-01-12,2025-01-11,115,pending,False,0
5944,SITE-090,PART-1483,2025-07-07,2025-07-14,2025-07-14,73,pending,False,0
5945,SITE-071,PART-6908,2026-06-23,2026-07-03,2026-07-01,871,shipped,False,0
5946,SITE-061,PART-1264,2025-09-21,2025-09-29,2025-09-28,353,delivered,False,0
5947,SITE-082,PART-7358,2025-02-28,2025-03-05,2025-03-03,39,pending,False,0
5948,SITE-091,PART-3887,2026-12-17,2026-12-20,2026-12-19,881,shipped,False,0
5949,SITE-037,PART-8896,2026-07-13,2026-07-16,2026-07-16,760,shipped,False,0
5950,SITE-009,PART-2748,2025-09-03,2025-09-08,2025-09-07,79,pending,False,0
5951,SITE-031,PART-4694,2025-09-23,2025-10-02,2025-09-30,346,shipped,False,0
5952,SITE-024,PART-1198,2025-02-16,2025-02-26,2025-02-26,546,shipped,False,0
5953,SITE-001,PART-8279,2026-01-07,2026-01-11,2026-01-09,782,pending,False,0
5954,SITE-069,PART-6327,2026-05-09,2026-05-18,2026-05-16,104,delivered,False,0
5955,SITE-092,PART-7584,2026-03-23,2026-04-01,2026-03-31,686,shipped,False,0
5956,SITE-043,PART-6417,2026-02-05,2026-02-14,2026-02-12,878,delivered,False,0
5957,SITE-087,PART-3133,2026-05-16,2026-05-20,2026-05-19,470,delivered,False,0
5958,SITE-076,PART-1816,2026-08-21,2026-08-25,2026-08-24,776,delivered,False,0
5959,SITE-047,PART-5646,2025-03-05,2025-03-10,2025-03-08,233,delivered,False,0
5960,SITE-088,PART-3735,2026-04-08,2026-04-13,2026-04-11,759,pending,False,0
5961,SITE-041,PART-7586,2026-08-19,2026-08-29,2026-08-29,422,pending,False,0
5962,SITE-041,PART-3531,2025-02-03,2025-02-06,2025-02-05,354,delivered,False,0
5963,SITE-094,PART-7240,2026-05-28,2026-06-07,2026-06-06,168,shipped,False,0
5964,SITE-008,PART-7008,2025-08-07,2025-08-13,2025-08-11,430,shipped,False,0
5965,SITE-089,PART-9037,2026-08-16,2026-08-23,2026-08-21,72,pending,False,0
5966,SITE-048,PART-2577,2025-05-13,2025-05-20,2025-05-20,889,delivered,False,0
5967,SITE-090,PART-8163,2025-05-22,2025-05-27,2025-05-25,72,delivered,False,0
5968,SITE-002,PART-5543,2026-10-01,2026-10-09,2026-10-08,349,pending,False,0
5969,SITE-070,PART-4582,2025-06-12,2025-06-22,2025-06-22,962,delivered,False,0
5970,SITE-038,PART-1099,2026-05-12,2026-05-20,2026-05-20,21,delivered,False,0
5971,SITE-063,PART-8635,2025-03-10,2025-03-13,2025-03-11,607,shipped,False,0
5972,SITE-041,PART-3655,2025-06-14,2025-06-24,2025-06-22,804,shipped,False,0
5973,SITE-046,PART-4112,2025-08-14,2025-08-17,2025-08-17,240,delivered,False,0
5974,SITE-069,PART-2784,2025-08-27,2025-09-06,2025-09-20,963,delivered,True,14
5975,SITE-038,PART-7971,2026-11-02,2026-11-12,2026-11-11,916,pending,False,0
5976,SITE-068,PART-2526,2026-11-28,2026-12-06,2026-12-04,583,pending,False,0
5977,SITE-006,PART-2974,2026-12-08,2026-12-14,2026-12-13,897,delivered,False,0
5978,SITE-070,PART-3435,2025-01-13,2025-01-17,2025-01-17,260,pending,False,0
5979,SITE-008,PART-1249,2026-04-09,2026-04-16,2026-04-15,492,shipped,False,0
5980,SITE-073,PART-3739,2025-03-10,2025-03-20,2025-03-18,264,delivered,False,0
5981,SITE-021,PART-3333,2025-06-22,2025-07-01,2025-07-01,443,pending,False,0
5982,SITE-060,PART-8581,2026-11-18,2026-11-25,2026-11-23,721,pending,False,0
5983,SITE-046,PART-2213,2025-03-04,2025-03-11,2025-03-10,404,pending,False,0
5984,SITE-092,PART-4382,2026-05-02,2026-05-11,2026-05-10,264,pending,False,0
5985,SITE-079,PART-8143,2025-09-18,2025-09-26,2025-09-24,11,shipped,False,0
5986,SITE-009,PART-7977,2025-10-22,2025-10-28,2025-10-27,623,shipped,False,0
5987,SITE-043,PART-2699,2025-12-23,2026-01-02,2026-01-01,596,shipped,False,0
5988,SITE-050,PART-3418,2025-06-08,2025-06-18,2025-06-18,851,delivered,False,0
5989,SITE-090,PART-4713,2025-05-09,2025-05-14,2025-05-14,344,pending,False,0
5990,SITE-078,PART-5319,2026-05-25,2026-05-28,2026-05-27,894,delivered,False,0
5991,SITE-079,PART-1724,2025-05-01,2025-05-07,2025-05-06,686,pending,False,0
5992,SITE-025,PART-8780,2025-06-14,2025-06-24,2025-06-23,66,shipped,False,0
5993,SITE-092,PART-2735,2026-06-21,2026-06-24,2026-06-22,731,shipped,False,0
5994,SITE-014,PART-5648,2026-02-05,2026-02-13,2026-02-23,765,shipped,True,10
5995,SITE-073,PART-4181,2025-06-04,2025-06-11,2025-06-10,420,pending,False,0
5996,SITE-071,PART-7277,2025-01-25,2025-02-01,2025-01-30,92,pending,False,0
5997,SITE-011,PART-3172,2026-11-27,2026-12-01,2026-11-30,736,shipped,False,0
5998,SITE-092,PART-8806,2026-05-10,2026-05-15,2026-05-14,811,delivered,False,0
5999,SITE-055,PART-2443,2025-12-12,2025-12-18,2025-12-18,607,pending,False,0
6000,SITE-043,PART-8675,2025-09-18,2025-09-22,2025-09-22,726,delivered,False,0
6001,SITE-070,PART-2779,2025-08-23,2025-08-28,2025-08-27,669,delivered,False,0
6002,SITE-040,PART-6894,2026-05-27,2026-06-02,2026-06-02,884,shipped,False,0
6003,SITE-041,PART-7140,2025-11-25,2025-12-05,2025-12-04,472,delivered,False,0
6004,SITE-020,PART-1347,2026-05-17,2026-05-23,2026-05-21,260,pending,False,0
6005,SITE-099,PART-5442,2026-04-02,2026-04-09,2026-04-08,187,pending,False,0
6006,SITE-028,PART-5354,2025-05-15,2025-05-22,2025-05-22,886,delivered,False,0
6007,SITE-033,PART-4072,2025-02-10,2025-02-17,2025-02-16,964,shipped,False,0
6008,SITE-050,PART-9467,2026-03-27,2026-04-01,2026-04-16,995,delivered,True,15
6009,SITE-026,PART-1710,2025-07-03,2025-07-07,2025-07-05,872,pending,False,0
6010,SITE-097,PART-3201,2026-11-20,2026-11-28,2026-12-11,725,pending,True,13
6011,SITE-042,PART-9511,2025-10-11,2025-10-21,2025-10-27,888,delivered,True,6
6012,SITE-008,PART-8062,2025-04-19,2025-04-27,2025-04-26,150,shipped,False,0
6013,SITE-077,PART-4997,2025-07-21,2025-07-30,2025-07-28,637,shipped,False,0
6014,SITE-004,PART-3704,2025-03-05,2025-03-15,2025-03-13,257,pending,False,0
6015,SITE-069,PART-2698,2026-04-02,2026-04-09,2026-04-07,357,shipped,False,0
6016,SITE-003,PART-8003,2026-05-08,2026-05-17,2026-05-25,208,shipped,True,8
6017,SITE-018,PART-1138,2025-03-13,2025-03-22,2025-03-21,68,pending,False,0
6018,SITE-016,PART-1506,2025-07-25,2025-07-28,2025-07-28,1,pending,False,0
6019,SITE-020,PART-1684,2026-03-12,2026-03-19,2026-03-18,120,pending,False,0
6020,SITE-094,PART-3392,2025-04-27,2025-05-03,2025-05-02,34,shipped,False,0
6021,SITE-011,PART-3825,2025-02-04,2025-02-08,2025-02-08,335,delivered,False,0
6022,SITE-018,PART-6787,2025-04-04,2025-04-14,2025-04-14,265,pending,False,0
6023,SITE-067,PART-5124,2026-09-25,2026-09-29,2026-09-29,253,shipped,False,0
6024,SITE-036,PART-3799,2025-07-05,2025-07-14,2025-07-14,385,pending,False,0
6025,SITE-037,PART-7419,2026-09-25,2026-10-04,2026-10-02,490,pending,False,0
6026,SITE-010,PART-4354,2025-08-27,2025-09-04,2025-09-04,369,pending,False,0
6027,SITE-017,PART-6944,2026-12-26,2026-12-30,2027-01-08,211,shipped,True,9
6028,SITE-096,PART-5496,2025-03-28,2025-04-06,2025-04-04,751,shipped,False,0
6029,SITE-020,PART-1733,2026-10-15,2026-10-19,2026-10-18,863,pending,False,0
6030,SITE-004,PART-5646,2025-02-18,2025-02-28,2025-02-27,622,shipped,False,0
6031,SITE-093,PART-1124,2026-09-15,2026-09-23,2026-09-21,491,shipped,False,0
6032,SITE-051,PART-5219,2025-08-06,2025-08-13,2025-08-11,33,pending,False,0
6033,SITE-099,PART-3201,2025-06-20,2025-06-29,2025-06-27,681,shipped,False,0
6034,SITE-023,PART-3064,2025-04-06,2025-04-09,2025-04-08,152,pending,False,0
6035,SITE-066,PART-4662,2025-01-25,2025-02-04,2025-02-02,286,pending,False,0
6036,SITE-086,PART-1534,2025-06-15,2025-06-24,2025-06-22,726,shipped,False,0
6037,SITE-050,PART-4216,2026-10-13,2026-10-23,2026-10-22,418,shipped,False,0
6038,SITE-070,PART-5961,2026-06-18,2026-06-26,2026-06-25,69,shipped,False,0
6039,SITE-035,PART-2963,2025-09-11,2025-09-18,2025-09-18,465,pending,False,0
6040,SITE-066,PART-8625,2026-07-21,2026-07-29,2026-07-28,709,delivered,False,0
6041,SITE-032,PART-2100,2026-04-04,2026-04-07,2026-04-07,347,pending,False,0
6042,SITE-079,PART-1142,2025-10-10,2025-10-13,2025-10-23,715,pending,True,10
6043,SITE-034,PART-9833,2025-05-14,2025-05-23,2025-05-21,848,shipped,False,0
6044,SITE-007,PART-1124,2025-04-17,2025-04-27,2025-05-11,15,delivered,True,14
6045,SITE-012,PART-1236,2026-07-18,2026-07-25,2026-07-24,163,pending,False,0
6046,SITE-090,PART-5805,2025-08-09,2025-08-12,2025-08-11,967,pending,False,0
6047,SITE-036,PART-6176,2025-06-15,2025-06-19,2025-06-19,396,delivered,False,0
6048,SITE-069,PART-9211,2026-03-17,2026-03-21,2026-03-21,672,delivered,False,0
6049,SITE-019,PART-7282,2026-03-21,2026-03-25,2026-03-23,184,pending,False,0
6050,SITE-010,PART-5411,2026-06-18,2026-06-27,2026-06-25,37,shipped,False,0
6051,SITE-088,PART-5401,2025-03-14,2025-03-22,2025-03-22,404,pending,False,0
6052,SITE-012,PART-4603,2026-05-07,2026-05-12,2026-05-10,454,shipped,False,0
6053,SITE-001,PART-7181,2025-05-27,2025-06-04,2025-06-04,249,delivered,False,0
6054,SITE-023,PART-4303,2026-07-23,2026-07-28,2026-07-27,526,pending,False,0
6055,SITE-055,PART-5432,2025-03-20,2025-03-28,2025-03-26,848,delivered,False,0
6056,SITE-021,PART-4762,2026-08-07,2026-08-17,2026-08-15,469,shipped,False,0
6057,SITE-029,PART-7431,2025-10-07,2025-10-10,2025-10-14,972,delivered,True,4
6058,SITE-019,PART-3822,2025-04-27,2025-04-30,2025-04-29,79,delivered,False,0
6059,SITE-006,PART-2281,2025-01-21,2025-01-29,2025-01-29,614,shipped,False,0
6060,SITE-003,PART-3276,2025-04-06,2025-04-15,2025-04-15,24,pending,False,0
6061,SITE-058,PART-5183,2025-10-18,2025-10-23,2025-10-22,359,delivered,False,0
6062,SITE-029,PART-8928,2025-09-07,2025-09-16,2025-09-14,891,pending,False,0
6063,SITE-029,PART-2391,2026-01-19,2026-01-22,2026-01-21,322,pending,False,0
6064,SITE-023,PART-6107,2026-11-13,2026-11-22,2026-11-20,169,delivered,False,0
6065,SITE-003,PART-1496,2025-01-27,2025-02-05,2025-02-05,396,pending,False,0
6066,SITE-063,PART-2100,2026-02-21,2026-02-27,2026-02-25,15,delivered,False,0
6067,SITE-039,PART-3349,2026-11-22,2026-11-30,2026-11-29,274,shipped,False,0
6068,SITE-086,PART-8008,2026-04-11,2026-04-21,2026-04-19,46,pending,False,0
6069,SITE-018,PART-8779,2025-05-28,2025-06-05,2025-06-03,66,pending,False,0
6070,SITE-086,PART-8694,2026-08-15,2026-08-21,2026-08-20,26,pending,False,0
6071,SITE-004,PART-2052,2025-04-15,2025-04-23,2025-04-22,670,shipped,False,0
6072,SITE-022,PART-4354,2026-04-14,2026-04-23,2026-04-22,352,delivered,False,0
6073,SITE-078,PART-3360,2026-12-11,2026-12-21,2026-12-19,943,delivered,False,0
6074,SITE-035,PART-1557,2025-08-09,2025-08-17,2025-08-15,950,pending,False,0
6075,SITE-026,PART-7735,2025-12-04,2025-12-09,2025-12-09,643,delivered,False,0
6076,SITE-094,PART-4370,2026-11-01,2026-11-06,2026-11-04,687,shipped,False,0
6077,SITE-039,PART-6371,2025-05-20,2025-05-27,2025-05-26,52,pending,False,0
6078,SITE-034,PART-5432,2025-02-12,2025-02-15,2025-02-18,704,pending,True,3
6079,SITE-073,PART-1116,2026-09-07,2026-09-16,2026-09-16,790,pending,False,0
6080,SITE-056,PART-6122,2026-02-27,2026-03-09,2026-03-08,716,delivered,False,0
6081,SITE-095,PART-8910,2025-07-24,2025-07-31,2025-08-14,234,pending,True,14
6082,SITE-051,PART-7250,2026-01-24,2026-02-02,2026-02-01,754,shipped,False,0
6083,SITE-065,PART-7067,2026-06-20,2026-06-29,2026-06-27,542,shipped,False,0
6084,SITE-018,PART-4880,2025-09-11,2025-09-17,2025-09-16,133,pending,False,0
6085,SITE-026,PART-5046,2026-12-07,2026-12-13,2026-12-11,418,delivered,False,0
6086,SITE-014,PART-1219,2025-05-19,2025-05-28,2025-05-28,236,shipped,False,0
6087,SITE-041,PART-2577,2025-08-09,2025-08-18,2025-08-22,330,delivered,True,4
6088,SITE-082,PART-8695,2026-02-09,2026-02-18,2026-02-18,652,pending,False,0
6089,SITE-086,PART-7823,2025-04-09,2025-04-16,2025-04-14,587,shipped,False,0
6090,SITE-084,PART-7237,2025-11-14,2025-11-21,2025-11-20,700,shipped,False,0
6091,SITE-017,PART-1777,2025-09-28,2025-10-02,2025-10-02,354,pending,False,0
6092,SITE-018,PART-3188,2026-12-16,2026-12-25,2026-12-24,499,shipped,False,0
6093,SITE-059,PART-4694,2025-08-27,2025-09-04,2025-09-04,792,shipped,False,0
6094,SITE-022,PART-6903,2025-07-22,2025-07-31,2025-07-30,551,shipped,False,0
6095,SITE-031,PART-6324,2025-11-15,2025-11-23,2025-11-23,243,pending,False,0
6096,SITE-051,PART-6324,2026-01-11,2026-01-19,2026-01-19,403,delivered,False,0
6097,SITE-077,PART-9623,2026-12-26,2027-01-05,2027-01-03,29,pending,False,0
6098,SITE-038,PART-2773,2025-02-22,2025-03-03,2025-03-03,90,delivered,False,0
6099,SITE-018,PART-2068,2026-12-21,2026-12-27,2026-12-27,444,delivered,False,0
6100,SITE-053,PART-4206,2026-12-23,2027-01-01,2026-12-30,641,shipped,False,0
6101,SITE-070,PART-6324,2025-10-02,2025-10-11,2025-10-14,248,shipped,True,3
6102,SITE-073,PART-6236,2025-04-17,2025-04-22,2025-04-21,312,shipped,False,0
6103,SITE-062,PART-3937,2025-09-16,2025-09-20,2025-09-19,389,pending,False,0
6104,SITE-022,PART-1240,2025-04-16,2025-04-20,2025-04-19,940,delivered,False,0
6105,SITE-090,PART-3553,2025-09-24,2025-09-28,2025-09-27,86,pending,False,0
6106,SITE-009,PART-2959,2026-07-14,2026-07-19,2026-07-18,927,delivered,False,0
6107,SITE-054,PART-4303,2025-08-02,2025-08-05,2025-08-03,302,pending,False,0
6108,SITE-073,PART-6153,2025-08-04,2025-08-13,2025-08-13,73,shipped,False,0
6109,SITE-046,PART-1017,2025-02-17,2025-02-20,2025-02-23,149,delivered,True,3
6110,SITE-080,PART-6983,2025-02-16,2025-02-24,2025-02-22,165,delivered,False,0
6111,SITE-047,PART-3344,2026-10-21,2026-10-28,2026-10-26,950,shipped,False,0
6112,SITE-005,PART-9679,2026-03-13,2026-03-19,2026-03-18,868,shipped,False,0
6113,SITE-062,PART-4582,2025-07-16,2025-07-20,2025-07-18,940,pending,False,0
6114,SITE-065,PART-6293,2026-07-19,2026-07-22,2026-07-21,895,shipped,False,0
6115,SITE-036,PART-9805,2025-05-09,2025-05-14,2025-05-13,354,delivered,False,0
6116,SITE-057,PART-6618,2026-04-03,2026-04-09,2026-04-08,254,delivered,False,0
6117,SITE-084,PART-7586,2026-08-28,2026-09-04,2026-09-03,934,shipped,False,0
6118,SITE-048,PART-5238,2025-11-07,2025-11-11,2025-11-09,508,shipped,False,0
6119,SITE-068,PART-7586,2025-01-05,2025-01-15,2025-01-15,671,delivered,False,0
6120,SITE-043,PART-7056,2026-08-03,2026-08-06,2026-08-06,47,pending,False,0
6121,SITE-006,PART-9629,2025-11-18,2025-11-28,2025-11-28,313,shipped,False,0
6122,SITE-081,PART-3691,2026-03-11,2026-03-20,2026-04-01,662,delivered,True,12
6123,SITE-060,PART-7590,2025-08-09,2025-08-17,2025-09-01,949,shipped,True,15
6124,SITE-024,PART-8202,2025-04-11,2025-04-21,2025-04-19,923,pending,False,0
6125,SITE-064,PART-2394,2025-01-24,2025-02-01,2025-01-31,587,delivered,False,0
6126,SITE-007,PART-3109,2025-12-13,2025-12-19,2025-12-18,58,pending,False,0
6127,SITE-009,PART-6922,2025-12-05,2025-12-15,2025-12-14,323,shipped,False,0
6128,SITE-082,PART-3323,2026-04-25,2026-04-30,2026-04-28,220,shipped,False,0
6129,SITE-007,PART-7177,2025-01-06,2025-01-15,2025-01-15,564,shipped,False,0
6130,SITE-082,PART-7321,2026-11-21,2026-11-28,2026-11-28,711,shipped,False,0
6131,SITE-044,PART-5726,2026-07-21,2026-07-31,2026-07-30,578,pending,False,0
6132,SITE-017,PART-8780,2026-02-10,2026-02-19,2026-02-22,507,delivered,True,3
6133,SITE-098,PART-8798,2025-06-06,2025-06-14,2025-06-13,841,pending,False,0
6134,SITE-036,PART-7083,2025-08-21,2025-08-28,2025-08-26,454,delivered,False,0
6135,SITE-001,PART-2235,2025-06-04,2025-06-11,2025-06-11,554,shipped,False,0
6136,SITE-069,PART-1656,2026-10-13,2026-10-21,2026-10-21,426,pending,False,0
6137,SITE-040,PART-5539,2025-08-16,2025-08-23,2025-08-22,128,shipped,False,0
6138,SITE-084,PART-3895,2025-08-01,2025-08-04,2025-08-02,761,delivered,False,0
6139,SITE-034,PART-7087,2025-02-27,2025-03-05,2025-03-05,74,pending,False,0
6140,SITE-035,PART-7758,2025-11-12,2025-11-22,2025-11-21,620,delivered,False,0
6141,SITE-092,PART-6894,2025-02-05,2025-02-13,2025-02-18,857,delivered,True,5
6142,SITE-033,PART-9843,2026-10-15,2026-10-23,2026-10-22,838,pending,False,0
6143,SITE-090,PART-3209,2026-05-28,2026-06-06,2026-06-04,342,pending,False,0
6144,SITE-024,PART-9623,2026-12-20,2026-12-24,2026-12-24,791,shipped,False,0
6145,SITE-023,PART-1591,2026-09-12,2026-09-22,2026-09-22,615,delivered,False,0
6146,SITE-072,PART-9165,2026-01-18,2026-01-27,2026-01-27,515,pending,False,0
6147,SITE-062,PART-8254,2025-12-08,2025-12-14,2025-12-13,685,pending,False,0
6148,SITE-033,PART-3781,2026-08-13,2026-08-21,2026-08-19,71,pending,False,0
6149,SITE-008,PART-3188,2026-06-11,2026-06-20,2026-06-18,535,pending,False,0
6150,SITE-005,PART-6209,2026-10-04,2026-10-11,2026-10-11,961,pending,False,0
6151,SITE-085,PART-7560,2026-07-24,2026-07-31,2026-07-29,805,pending,False,0
6152,SITE-058,PART-6803,2026-09-23,2026-10-03,2026-10-03,42,pending,False,0
6153,SITE-004,PART-3648,2026-06-03,2026-06-13,2026-06-16,610,delivered,True,3
6154,SITE-012,PART-7345,2026-11-16,2026-11-22,2026-11-20,779,pending,False,0
6155,SITE-027,PART-5876,2025-09-09,2025-09-16,2025-09-14,466,shipped,False,0
6156,SITE-082,PART-7020,2026-08-06,2026-08-10,2026-08-10,745,delivered,False,0
6157,SITE-052,PART-7912,2026-12-18,2026-12-23,2026-12-21,825,delivered,False,0
6158,SITE-089,PART-4836,2026-10-16,2026-10-19,2026-10-18,179,shipped,False,0
6159,SITE-091,PART-9340,2025-12-15,2025-12-20,2025-12-19,70,pending,False,0
6160,SITE-078,PART-6778,2026-05-01,2026-05-10,2026-05-16,370,shipped,True,6
6161,SITE-094,PART-2356,2026-06-10,2026-06-17,2026-06-16,579,delivered,False,0
6162,SITE-083,PART-7739,2026-09-04,2026-09-14,2026-09-12,254,pending,False,0
6163,SITE-028,PART-5762,2026-02-19,2026-02-28,2026-02-28,808,shipped,False,0
6164,SITE-030,PART-8007,2026-06-07,2026-06-16,2026-06-14,266,pending,False,0
6165,SITE-011,PART-2758,2026-01-01,2026-01-05,2026-01-05,794,delivered,False,0
6166,SITE-082,PART-9632,2025-02-26,2025-03-04,2025-03-04,880,shipped,False,0
6167,SITE-083,PART-4324,2025-01-13,2025-01-18,2025-01-16,237,shipped,False,0
6168,SITE-036,PART-6628,2026-07-16,2026-07-23,2026-07-22,828,pending,False,0
6169,SITE-066,PART-5543,2025-09-05,2025-09-15,2025-09-14,412,pending,False,0
6170,SITE-091,PART-2165,2025-12-15,2025-12-23,2025-12-23,151,shipped,False,0
6171,SITE-074,PART-6209,2026-11-23,2026-12-03,2026-12-13,599,shipped,True,10
6172,SITE-011,PART-1564,2025-12-11,2025-12-16,2025-12-16,427,delivered,False,0
6173,SITE-024,PART-1283,2025-11-15,2025-11-24,2025-11-23,1,pending,False,0
6174,SITE-033,PART-5148,2026-12-28,2027-01-07,2027-01-06,643,delivered,False,0
6175,SITE-087,PART-8798,2026-03-15,2026-03-23,2026-03-23,381,shipped,False,0
6176,SITE-075,PART-9558,2026-06-15,2026-06-19,2026-06-18,354,delivered,False,0
6177,SITE-013,PART-5046,2026-12-23,2027-01-02,2026-12-31,117,delivered,False,0
6178,SITE-082,PART-5214,2025-06-02,2025-06-12,2025-06-11,22,pending,False,0
6179,SITE-007,PART-8909,2026-10-12,2026-10-19,2026-10-19,914,pending,False,0
6180,SITE-031,PART-5771,2025-02-06,2025-02-16,2025-02-16,704,shipped,False,0
6181,SITE-069,PART-6112,2026-12-10,2026-12-20,2026-12-18,140,pending,False,0
6182,SITE-074,PART-2653,2026-09-25,2026-09-30,2026-09-30,435,pending,False,0
6183,SITE-052,PART-6122,2026-08-08,2026-08-12,2026-08-11,804,shipped,False,0
6184,SITE-022,PART-7159,2026-08-15,2026-08-19,2026-08-17,643,delivered,False,0
6185,SITE-011,PART-6508,2026-09-23,2026-09-29,2026-09-28,198,delivered,False,0
6186,SITE-046,PART-7949,2026-11-03,2026-11-06,2026-11-06,375,pending,False,0
6187,SITE-090,PART-6236,2025-08-04,2025-08-11,2025-08-09,117,shipped,False,0
6188,SITE-083,PART-1575,2025-05-07,2025-05-10,2025-05-09,198,pending,False,0
6189,SITE-065,PART-5011,2025-04-19,2025-04-26,2025-04-25,492,delivered,False,0
6190,SITE-037,PART-3415,2026-04-11,2026-04-16,2026-04-15,475,delivered,False,0
6191,SITE-066,PART-4422,2026-01-17,2026-01-23,2026-01-22,135,delivered,False,0
6192,SITE-042,PART-1238,2025-08-16,2025-08-25,2025-09-09,542,delivered,True,15
6193,SITE-041,PART-7431,2025-05-25,2025-05-28,2025-05-28,128,delivered,False,0
6194,SITE-016,PART-1138,2026-05-06,2026-05-11,2026-05-09,265,delivered,False,0
6195,SITE-041,PART-6627,2025-12-03,2025-12-07,2025-12-05,420,delivered,False,0
6196,SITE-015,PART-2406,2026-02-05,2026-02-10,2026-02-10,433,delivered,False,0
6197,SITE-004,PART-7366,2026-12-14,2026-12-18,2026-12-18,582,pending,False,0
6198,SITE-089,PART-4392,2025-09-06,2025-09-12,2025-09-15,596,shipped,True,3
6199,SITE-086,PART-9208,2026-09-13,2026-09-17,2026-09-16,568,shipped,False,0
6200,SITE-005,PART-4836,2026-05-20,2026-05-26,2026-05-24,53,delivered,False,0
6201,SITE-022,PART-8214,2025-07-14,2025-07-20,2025-07-18,422,delivered,False,0
6202,SITE-077,PART-2019,2026-02-05,2026-02-11,2026-02-09,552,pending,False,0
6203,SITE-026,PART-2396,2025-06-06,2025-06-14,2025-06-12,824,shipped,False,0
6204,SITE-004,PART-7199,2026-08-22,2026-09-01,2026-08-31,614,shipped,False,0
6205,SITE-096,PART-8524,2026-07-05,2026-07-13,2026-07-11,263,pending,False,0
6206,SITE-033,PART-8505,2026-06-20,2026-06-24,2026-06-22,15,delivered,False,0
6207,SITE-031,PART-4228,2026-06-14,2026-06-23,2026-06-21,413,shipped,False,0
6208,SITE-066,PART-7625,2026-05-08,2026-05-11,2026-05-11,118,pending,False,0
6209,SITE-030,PART-2380,2025-08-07,2025-08-13,2025-08-11,462,pending,False,0
6210,SITE-070,PART-9458,2026-01-20,2026-01-29,2026-01-29,45,delivered,False,0
6211,SITE-029,PART-8625,2025-12-19,2025-12-23,2025-12-22,91,delivered,False,0
6212,SITE-090,PART-2974,2026-06-22,2026-06-28,2026-06-27,999,pending,False,0
6213,SITE-088,PART-5919,2026-08-04,2026-08-08,2026-08-07,805,delivered,False,0
6214,SITE-079,PART-1660,2026-02-03,2026-02-06,2026-02-05,907,pending,False,0
6215,SITE-035,PART-9334,2025-04-15,2025-04-25,2025-04-24,9,shipped,False,0
6216,SITE-091,PART-8025,2025-07-19,2025-07-28,2025-07-28,169,delivered,False,0
6217,SITE-016,PART-8273,2025-10-11,2025-10-16,2025-10-16,138,delivered,False,0
6218,SITE-025,PART-4031,2025-07-04,2025-07-08,2025-07-06,582,pending,False,0
6219,SITE-026,PART-2235,2026-06-04,2026-06-13,2026-06-12,839,delivered,False,0
6220,SITE-071,PART-2970,2026-01-11,2026-01-17,2026-01-17,939,delivered,False,0
6221,SITE-007,PART-8668,2026-11-25,2026-12-05,2026-12-05,8,delivered,False,0
6222,SITE-013,PART-6107,2025-08-15,2025-08-21,2025-08-20,725,pending,False,0
6223,SITE-061,PART-5124,2026-01-14,2026-01-18,2026-01-17,375,pending,False,0
6224,SITE-068,PART-7203,2025-07-09,2025-07-17,2025-08-05,871,delivered,True,19
6225,SITE-064,PART-5029,2025-07-07,2025-07-16,2025-07-14,25,pending,False,0
6226,SITE-094,PART-1366,2026-01-10,2026-01-19,2026-01-19,916,pending,False,0
6227,SITE-058,PART-9893,2025-07-01,2025-07-05,2025-07-24,252,pending,True,19
6228,SITE-009,PART-8423,2026-07-10,2026-07-19,2026-07-19,784,shipped,False,0
6229,SITE-049,PART-8330,2026-05-26,2026-06-03,2026-06-04,262,pending,True,1
6230,SITE-035,PART-7165,2025-03-14,2025-03-22,2025-03-20,985,shipped,False,0
6231,SITE-051,PART-1534,2026-10-19,2026-10-29,2026-10-29,271,pending,False,0
6232,SITE-059,PART-4055,2025-01-04,2025-01-09,2025-01-07,652,shipped,False,0
6233,SITE-054,PART-5319,2026-01-01,2026-01-11,2026-01-10,705,shipped,False,0
6234,SITE-033,PART-5534,2025-10-15,2025-10-22,2025-10-21,991,delivered,False,0
6235,SITE-032,PART-6762,2025-02-23,2025-02-27,2025-02-26,450,pending,False,0
6236,SITE-088,PART-5625,2026-09-13,2026-09-21,2026-09-21,264,pending,False,0
6237,SITE-038,PART-9189,2025-10-06,2025-10-10,2025-10-08,456,shipped,False,0
6238,SITE-065,PART-3258,2026-07-06,2026-07-09,2026-07-12,618,pending,True,3
6239,SITE-090,PART-4908,2025-08-18,2025-08-24,2025-09-09,982,shipped,True,16
6240,SITE-050,PART-6601,2026-03-23,2026-04-01,2026-04-01,424,delivered,False,0
6241,SITE-024,PART-9090,2026-05-09,2026-05-19,2026-05-19,188,pending,False,0
6242,SITE-075,PART-6072,2026-09-05,2026-09-10,2026-09-08,561,pending,False,0
6243,SITE-082,PART-4031,2025-11-09,2025-11-18,2025-11-18,895,pending,False,0
6244,SITE-059,PART-5321,2025-12-26,2026-01-05,2026-01-04,844,delivered,False,0
6245,SITE-020,PART-3109,2026-07-15,2026-07-18,2026-07-16,280,pending,False,0
6246,SITE-031,PART-8144,2025-07-27,2025-08-02,2025-07-31,520,shipped,False,0
6247,SITE-087,PART-6112,2026-07-19,2026-07-25,2026-07-23,734,delivered,False,0
6248,SITE-075,PART-8690,2025-12-12,2025-12-16,2025-12-14,65,delivered,False,0
6249,SITE-055,PART-5124,2026-05-03,2026-05-11,2026-05-21,181,shipped,True,10
6250,SITE-099,PART-4206,2025-01-27,2025-02-02,2025-02-01,682,shipped,False,0
6251,SITE-083,PART-8518,2025-02-16,2025-02-19,2025-02-23,370,shipped,True,4
6252,SITE-074,PART-5813,2026-06-17,2026-06-23,2026-06-22,59,delivered,False,0
6253,SITE-023,PART-2331,2026-02-24,2026-02-27,2026-02-27,116,shipped,False,0
6254,SITE-026,PART-7181,2026-11-01,2026-11-07,2026-11-21,987,delivered,True,14
6255,SITE-006,PART-4741,2026-04-11,2026-04-16,2026-04-14,75,pending,False,0
6256,SITE-032,PART-1892,2025-02-18,2025-02-24,2025-02-24,281,shipped,False,0
6257,SITE-053,PART-9554,2026-02-19,2026-02-28,2026-02-26,983,delivered,False,0
6258,SITE-008,PART-9263,2025-01-24,2025-01-29,2025-01-28,97,pending,False,0
6259,SITE-085,PART-7431,2025-06-11,2025-06-17,2025-06-15,957,pending,False,0
6260,SITE-095,PART-6588,2025-10-22,2025-10-27,2025-10-26,581,pending,False,0
6261,SITE-005,PART-2099,2026-11-25,2026-11-30,2026-11-28,654,delivered,False,0
6262,SITE-081,PART-3602,2026-11-21,2026-11-25,2026-11-24,107,pending,False,0
6263,SITE-047,PART-5183,2025-04-12,2025-04-19,2025-04-18,368,pending,False,0
6264,SITE-002,PART-2116,2025-06-22,2025-06-29,2025-06-27,952,pending,False,0
6265,SITE-051,PART-6797,2025-02-01,2025-02-07,2025-02-05,661,shipped,False,0
6266,SITE-003,PART-7634,2025-05-24,2025-05-28,2025-05-28,433,pending,False,0
6267,SITE-095,PART-3201,2025-08-08,2025-08-11,2025-08-10,935,shipped,False,0
6268,SITE-015,PART-3959,2026-03-19,2026-03-26,2026-03-25,941,shipped,False,0
6269,SITE-008,PART-1918,2026-08-24,2026-08-30,2026-08-28,141,delivered,False,0
6270,SITE-078,PART-7690,2025-06-21,2025-07-01,2025-07-01,244,delivered,False,0
6271,SITE-036,PART-8144,2026-06-13,2026-06-21,2026-06-19,69,shipped,False,0
6272,SITE-009,PART-7488,2025-12-14,2025-12-23,2025-12-23,471,shipped,False,0
6273,SITE-056,PART-6768,2026-05-09,2026-05-12,2026-05-10,876,shipped,False,0
6274,SITE-099,PART-2790,2026-05-26,2026-06-01,2026-05-31,928,pending,False,0
6275,SITE-028,PART-3808,2026-05-03,2026-05-09,2026-05-08,812,delivered,False,0
6276,SITE-057,PART-6371,2026-03-14,2026-03-22,2026-03-21,189,shipped,False,0
6277,SITE-003,PART-7534,2026-09-15,2026-09-21,2026-09-21,954,shipped,False,0
6278,SITE-017,PART-7634,2025-01-03,2025-01-06,2025-01-06,963,shipped,False,0
6279,SITE-011,PART-3915,2025-02-18,2025-02-24,2025-02-23,384,shipped,False,0
6280,SITE-064,PART-3188,2026-03-04,2026-03-07,2026-03-06,40,pending,False,0
6281,SITE-052,PART-9211,2025-10-28,2025-11-03,2025-11-03,50,delivered,False,0
6282,SITE-035,PART-1524,2026-03-28,2026-04-06,2026-04-06,8,delivered,False,0
6283,SITE-100,PART-1173,2025-04-16,2025-04-23,2025-04-22,522,shipped,False,0
6284,SITE-055,PART-8861,2026-01-09,2026-01-17,2026-01-16,86,pending,False,0
6285,SITE-075,PART-3105,2026-11-20,2026-11-23,2026-11-21,611,pending,False,0
6286,SITE-037,PART-1670,2025-03-17,2025-03-25,2025-03-23,913,pending,False,0
6287,SITE-021,PART-6975,2026-04-28,2026-05-04,2026-05-04,739,pending,False,0
6288,SITE-049,PART-2404,2026-10-05,2026-10-14,2026-10-13,520,shipped,False,0
6289,SITE-034,PART-6814,2026-07-25,2026-07-28,2026-07-27,227,shipped,False,0
6290,SITE-028,PART-7240,2026-03-10,2026-03-20,2026-03-20,216,delivered,False,0
6291,SITE-099,PART-5784,2025-12-20,2025-12-27,2025-12-26,490,shipped,False,0
6292,SITE-027,PART-2331,2025-11-10,2025-11-18,2025-11-17,61,delivered,False,0
6293,SITE-022,PART-2867,2025-12-13,2025-12-17,2025-12-22,287,delivered,True,5
6294,SITE-022,PART-7200,2025-06-08,2025-06-15,2025-06-13,671,delivered,False,0
6295,SITE-051,PART-4215,2025-02-26,2025-03-08,2025-03-08,296,shipped,False,0
6296,SITE-073,PART-1343,2025-03-16,2025-03-24,2025-03-23,705,shipped,False,0
6297,SITE-059,PART-9558,2025-06-12,2025-06-20,2025-06-20,750,shipped,False,0
6298,SITE-049,PART-9162,2026-03-22,2026-03-27,2026-03-25,135,shipped,False,0
6299,SITE-055,PART-7486,2025-08-23,2025-08-28,2025-09-01,561,pending,True,4
6300,SITE-036,PART-3915,2026-09-26,2026-10-03,2026-10-02,260,delivered,False,0
6301,SITE-058,PART-1496,2025-05-24,2025-05-27,2025-05-25,287,shipped,False,0
6302,SITE-057,PART-8143,2026-03-21,2026-03-24,2026-03-22,318,delivered,False,0
6303,SITE-027,PART-2135,2026-04-06,2026-04-14,2026-04-12,447,pending,False,0
6304,SITE-001,PART-3064,2025-03-14,2025-03-19,2025-03-18,199,shipped,False,0
6305,SITE-077,PART-2356,2025-06-03,2025-06-13,2025-06-11,840,pending,False,0
6306,SITE-078,PART-9638,2025-12-15,2025-12-20,2025-12-20,818,delivered,False,0
6307,SITE-032,PART-8279,2026-10-23,2026-10-26,2026-10-26,669,pending,False,0
6308,SITE-056,PART-5180,2025-07-05,2025-07-08,2025-07-07,768,shipped,False,0
6309,SITE-027,PART-3121,2026-04-15,2026-04-22,2026-04-22,448,delivered,False,0
6310,SITE-029,PART-3254,2026-08-05,2026-08-12,2026-08-10,447,pending,False,0
6311,SITE-082,PART-9263,2025-03-25,2025-03-28,2025-03-27,277,shipped,False,0
6312,SITE-003,PART-6797,2026-09-08,2026-09-15,2026-09-14,794,delivered,False,0
6313,SITE-046,PART-6947,2025-08-19,2025-08-28,2025-08-27,106,delivered,False,0
6314,SITE-020,PART-6983,2026-09-20,2026-09-26,2026-09-25,934,delivered,False,0
6315,SITE-078,PART-3290,2026-08-07,2026-08-13,2026-08-13,497,delivered,False,0
6316,SITE-067,PART-1759,2026-09-19,2026-09-24,2026-09-23,421,pending,False,0
6317,SITE-056,PART-7190,2025-03-04,2025-03-12,2025-03-10,397,delivered,False,0
6318,SITE-008,PART-3879,2025-02-25,2025-03-05,2025-03-04,975,delivered,False,0
6319,SITE-063,PART-6615,2026-03-08,2026-03-17,2026-03-16,835,shipped,False,0
6320,SITE-016,PART-8943,2025-11-28,2025-12-01,2025-11-30,142,shipped,False,0
6321,SITE-095,PART-3349,2025-01-12,2025-01-21,2025-01-28,697,delivered,True,7
6322,SITE-053,PART-9292,2026-09-11,2026-09-17,2026-09-16,915,shipped,False,0
6323,SITE-001,PART-1670,2025-10-10,2025-10-18,2025-10-17,883,pending,False,0
6324,SITE-061,PART-7820,2026-08-11,2026-08-20,2026-08-20,977,delivered,False,0
6325,SITE-089,PART-7181,2026-02-11,2026-02-21,2026-02-19,243,delivered,False,0
6326,SITE-015,PART-8195,2025-06-10,2025-06-17,2025-06-15,201,delivered,False,0
6327,SITE-036,PART-2445,2026-12-18,2026-12-27,2027-01-02,568,pending,True,6
6328,SITE-062,PART-7672,2025-02-15,2025-02-23,2025-02-22,596,pending,False,0
6329,SITE-067,PART-2451,2026-06-17,2026-06-22,2026-06-20,214,delivered,False,0
6330,SITE-083,PART-4324,2026-04-01,2026-04-08,2026-04-07,526,delivered,False,0
6331,SITE-016,PART-5172,2026-04-24,2026-04-30,2026-04-30,658,delivered,False,0
6332,SITE-052,PART-4505,2025-04-07,2025-04-17,2025-04-16,501,delivered,False,0
6333,SITE-018,PART-2994,2025-11-23,2025-11-29,2025-11-29,169,shipped,False,0
6334,SITE-075,PART-5652,2025-01-19,2025-01-25,2025-01-24,706,shipped,False,0
6335,SITE-052,PART-7083,2025-05-16,2025-05-24,2025-05-22,370,shipped,False,0
6336,SITE-033,PART-5781,2026-09-20,2026-09-25,2026-09-23,698,delivered,False,0
6337,SITE-007,PART-6628,2025-02-14,2025-02-17,2025-02-16,787,shipped,False,0
6338,SITE-095,PART-5238,2025-08-11,2025-08-19,2025-08-18,235,delivered,False,0
6339,SITE-080,PART-4545,2026-06-19,2026-06-29,2026-06-27,207,delivered,False,0
6340,SITE-076,PART-5070,2026-01-16,2026-01-21,2026-01-21,633,pending,False,0
6341,SITE-048,PART-7944,2025-02-03,2025-02-10,2025-02-23,863,shipped,True,13
6342,SITE-083,PART-6618,2025-06-19,2025-06-29,2025-06-27,838,pending,False,0
6343,SITE-058,PART-4662,2026-07-03,2026-07-12,2026-07-12,453,pending,False,0
6344,SITE-090,PART-3349,2026-12-10,2026-12-20,2026-12-18,29,delivered,False,0
6345,SITE-055,PART-7250,2025-12-23,2026-01-01,2025-12-30,756,shipped,False,0
6346,SITE-093,PART-4771,2025-09-03,2025-09-07,2025-09-07,346,pending,False,0
6347,SITE-004,PART-2735,2025-03-24,2025-04-01,2025-04-01,810,delivered,False,0
6348,SITE-031,PART-1710,2026-06-22,2026-07-02,2026-07-02,821,shipped,False,0
6349,SITE-068,PART-6221,2026-08-04,2026-08-14,2026-08-13,971,delivered,False,0
6350,SITE-100,PART-7199,2025-01-02,2025-01-10,2025-01-09,21,delivered,False,0
6351,SITE-065,PART-5186,2026-03-23,2026-03-31,2026-03-31,427,pending,False,0
6352,SITE-049,PART-8529,2026-11-27,2026-12-02,2026-12-01,23,delivered,False,0
6353,SITE-069,PART-4694,2026-12-12,2026-12-22,2027-01-01,353,delivered,True,10
6354,SITE-060,PART-8768,2025-05-28,2025-06-04,2025-06-04,261,shipped,False,0
6355,SITE-045,PART-9511,2025-07-24,2025-08-01,2025-08-01,4,pending,False,0
6356,SITE-045,PART-1416,2026-01-11,2026-01-14,2026-01-14,578,delivered,False,0
6357,SITE-006,PART-7991,2026-10-22,2026-10-25,2026-10-23,882,delivered,False,0
6358,SITE-084,PART-7213,2026-04-21,2026-04-28,2026-04-26,491,pending,False,0
6359,SITE-017,PART-2506,2026-12-06,2026-12-11,2026-12-11,623,delivered,False,0
6360,SITE-094,PART-7740,2026-10-14,2026-10-23,2026-10-28,712,delivered,True,5
6361,SITE-024,PART-8163,2026-01-01,2026-01-04,2026-01-09,725,pending,True,5
6362,SITE-094,PART-3729,2026-02-02,2026-02-08,2026-02-07,966,shipped,False,0
6363,SITE-060,PART-6072,2025-03-25,2025-03-31,2025-04-19,955,delivered,True,19
6364,SITE-011,PART-5432,2025-12-21,2025-12-31,2025-12-30,566,delivered,False,0
6365,SITE-034,PART-2419,2025-10-12,2025-10-20,2025-10-20,441,pending,False,0
6366,SITE-046,PART-9108,2025-03-24,2025-03-29,2025-03-29,761,delivered,False,0
6367,SITE-008,PART-4762,2026-03-22,2026-03-31,2026-03-30,788,pending,False,0
6368,SITE-063,PART-3392,2025-09-03,2025-09-08,2025-09-07,210,shipped,False,0
6369,SITE-045,PART-8695,2025-06-16,2025-06-26,2025-06-25,737,pending,False,0
6370,SITE-058,PART-6327,2026-05-10,2026-05-18,2026-05-16,498,delivered,False,0
6371,SITE-056,PART-1474,2026-03-16,2026-03-22,2026-03-21,955,delivered,False,0
6372,SITE-030,PART-4997,2025-12-25,2025-12-31,2025-12-29,333,shipped,False,0
6373,SITE-060,PART-2521,2025-06-20,2025-06-25,2025-06-25,716,shipped,False,0
6374,SITE-060,PART-5898,2025-02-27,2025-03-07,2025-03-07,14,pending,False,0
6375,SITE-060,PART-1240,2025-04-18,2025-04-26,2025-04-26,483,shipped,False,0
6376,SITE-017,PART-3715,2025-10-08,2025-10-12,2025-10-11,714,shipped,False,0
6377,SITE-078,PART-9648,2026-04-13,2026-04-18,2026-04-20,13,delivered,True,2
6378,SITE-032,PART-5661,2025-04-13,2025-04-18,2025-04-24,175,delivered,True,6
6379,SITE-007,PART-8529,2025-11-19,2025-11-24,2025-11-24,419,shipped,False,0
6380,SITE-025,PART-8302,2025-12-23,2025-12-27,2025-12-26,328,delivered,False,0
6381,SITE-034,PART-6107,2026-01-12,2026-01-21,2026-01-19,670,shipped,False,0
6382,SITE-081,PART-2994,2025-06-14,2025-06-23,2025-06-23,239,pending,False,0
6383,SITE-031,PART-9278,2025-03-08,2025-03-14,2025-03-13,300,pending,False,0
6384,SITE-054,PART-6209,2025-06-02,2025-06-10,2025-06-10,344,shipped,False,0
6385,SITE-088,PART-4663,2026-12-03,2026-12-11,2026-12-09,96,delivered,False,0
6386,SITE-096,PART-5999,2025-03-15,2025-03-22,2025-03-22,703,pending,False,0
6387,SITE-001,PART-3162,2026-01-04,2026-01-13,2026-01-11,441,shipped,False,0
6388,SITE-013,PART-8127,2025-06-24,2025-07-04,2025-07-02,631,pending,False,0
6389,SITE-018,PART-1236,2026-02-13,2026-02-16,2026-02-14,425,shipped,False,0
6390,SITE-006,PART-9374,2026-05-16,2026-05-21,2026-05-21,627,delivered,False,0
6391,SITE-053,PART-1942,2025-04-12,2025-04-22,2025-04-21,938,pending,False,0
6392,SITE-085,PART-2356,2026-07-15,2026-07-21,2026-07-21,501,pending,False,0
6393,SITE-048,PART-7213,2026-02-18,2026-02-25,2026-02-23,448,pending,False,0
6394,SITE-085,PART-8668,2025-06-26,2025-07-06,2025-07-04,601,delivered,False,0
6395,SITE-050,PART-5660,2025-07-08,2025-07-12,2025-07-12,367,delivered,False,0
6396,SITE-042,PART-5004,2026-12-08,2026-12-18,2026-12-17,738,pending,False,0
6397,SITE-080,PART-3274,2025-02-14,2025-02-22,2025-02-21,123,delivered,False,0
6398,SITE-042,PART-8841,2026-09-23,2026-09-27,2026-09-30,226,pending,True,3
6399,SITE-001,PART-5664,2026-12-14,2026-12-18,2026-12-16,493,delivered,False,0
6400,SITE-022,PART-6112,2026-12-08,2026-12-13,2026-12-13,138,shipped,False,0
6401,SITE-006,PART-8008,2025-03-19,2025-03-26,2025-03-26,348,shipped,False,0
6402,SITE-073,PART-8537,2026-08-09,2026-08-17,2026-09-01,687,pending,True,15
6403,SITE-073,PART-6522,2025-06-09,2025-06-14,2025-06-13,508,delivered,False,0
6404,SITE-067,PART-2007,2025-08-17,2025-08-23,2025-08-23,402,shipped,False,0
6405,SITE-097,PART-2148,2025-02-04,2025-02-07,2025-02-06,447,pending,False,0
6406,SITE-046,PART-2826,2026-06-20,2026-06-25,2026-06-25,269,delivered,False,0
6407,SITE-006,PART-8500,2025-02-02,2025-02-06,2025-02-05,284,shipped,False,0
6408,SITE-033,PART-7020,2025-08-21,2025-08-29,2025-08-28,786,shipped,False,0
6409,SITE-049,PART-2959,2026-11-25,2026-12-04,2026-12-04,833,delivered,False,0
6410,SITE-091,PART-7767,2025-07-16,2025-07-19,2025-07-17,599,shipped,False,0
6411,SITE-019,PART-5781,2026-12-09,2026-12-16,2026-12-15,758,pending,False,0
6412,SITE-014,PART-3858,2026-03-03,2026-03-12,2026-03-12,554,delivered,False,0
6413,SITE-019,PART-3289,2025-12-14,2025-12-23,2025-12-23,961,pending,False,0
6414,SITE-027,PART-3224,2025-11-28,2025-12-08,2025-12-07,135,delivered,False,0
6415,SITE-076,PART-3257,2026-08-28,2026-08-31,2026-08-30,276,delivered,False,0
6416,SITE-002,PART-1291,2025-09-11,2025-09-15,2025-09-14,925,shipped,False,0
6417,SITE-003,PART-3070,2026-08-21,2026-08-24,2026-08-23,122,delivered,False,0
6418,SITE-026,PART-2766,2025-08-21,2025-08-31,2025-09-09,516,shipped,True,9
6419,SITE-017,PART-9629,2026-08-20,2026-08-24,2026-08-22,696,shipped,False,0
6420,SITE-040,PART-1343,2025-07-07,2025-07-14,2025-07-12,302,pending,False,0
6421,SITE-011,PART-7433,2026-06-13,2026-06-22,2026-06-30,41,delivered,True,8
6422,SITE-082,PART-2897,2025-07-23,2025-07-28,2025-07-27,757,pending,False,0
6423,SITE-072,PART-2319,2025-05-20,2025-05-30,2025-05-30,991,shipped,False,0
6424,SITE-005,PART-1416,2026-10-16,2026-10-22,2026-10-20,809,shipped,False,0
6425,SITE-026,PART-6586,2026-02-23,2026-02-27,2026-03-03,603,delivered,True,4
6426,SITE-034,PART-2867,2026-08-07,2026-08-10,2026-08-10,151,pending,False,0
6427,SITE-021,PART-7240,2026-05-18,2026-05-26,2026-05-24,662,pending,False,0
6428,SITE-056,PART-8840,2025-02-11,2025-02-19,2025-02-17,621,pending,False,0
6429,SITE-068,PART-5539,2025-01-10,2025-01-17,2025-01-17,643,shipped,False,0
6430,SITE-080,PART-6803,2026-11-28,2026-12-06,2026-12-04,619,delivered,False,0
6431,SITE-093,PART-7498,2026-03-14,2026-03-19,2026-03-30,370,delivered,True,11
6432,SITE-059,PART-7177,2026-05-26,2026-06-05,2026-06-05,231,pending,False,0
6433,SITE-042,PART-6972,2026-08-28,2026-09-03,2026-09-02,632,delivered,False,0
6434,SITE-093,PART-1219,2025-11-18,2025-11-23,2025-11-21,244,pending,False,0
6435,SITE-039,PART-8823,2026-02-17,2026-02-22,2026-02-22,840,delivered,False,0
6436,SITE-063,PART-7020,2025-07-04,2025-07-12,2025-07-12,239,pending,False,0
6437,SITE-008,PART-6683,2026-04-19,2026-04-26,2026-04-24,548,shipped,False,0
6438,SITE-082,PART-3109,2025-02-14,2025-02-22,2025-02-21,240,delivered,False,0
6439,SITE-081,PART-3457,2025-08-04,2025-08-14,2025-08-12,686,pending,False,0
6440,SITE-040,PART-1363,2025-11-11,2025-11-14,2025-11-12,353,delivered,False,0
6441,SITE-061,PART-6922,2026-01-15,2026-01-21,2026-01-19,542,shipped,False,0
6442,SITE-086,PART-1483,2026-05-03,2026-05-09,2026-05-09,943,pending,False,0
6443,SITE-087,PART-1734,2025-04-02,2025-04-05,2025-04-04,153,shipped,False,0
6444,SITE-003,PART-9632,2025-12-27,2025-12-30,2025-12-30,980,delivered,False,0
6445,SITE-014,PART-5950,2025-06-15,2025-06-23,2025-06-21,411,delivered,False,0
6446,SITE-097,PART-2269,2026-02-08,2026-02-18,2026-02-16,675,shipped,False,0
6447,SITE-061,PART-8316,2025-06-03,2025-06-13,2025-06-12,221,delivered,False,0
6448,SITE-086,PART-9288,2025-04-26,2025-05-05,2025-05-04,524,shipped,False,0
6449,SITE-007,PART-1496,2026-07-03,2026-07-10,2026-07-09,869,delivered,False,0
6450,SITE-061,PART-5652,2026-09-07,2026-09-15,2026-09-13,857,shipped,False,0
6451,SITE-065,PART-1710,2026-11-13,2026-11-19,2026-11-18,935,delivered,False,0
6452,SITE-027,PART-9987,2025-01-14,2025-01-18,2025-01-16,918,delivered,False,0
6453,SITE-090,PART-6797,2026-03-04,2026-03-14,2026-03-13,367,delivered,False,0
6454,SITE-014,PART-9118,2026-07-24,2026-08-03,2026-08-02,471,shipped,False,0
6455,SITE-009,PART-7177,2026-04-23,2026-05-01,2026-05-01,192,delivered,False,0
6456,SITE-021,PART-7914,2025-11-02,2025-11-11,2025-11-10,259,pending,False,0
6457,SITE-048,PART-6814,2025-01-21,2025-01-31,2025-01-30,7,delivered,False,0
6458,SITE-011,PART-7419,2026-12-03,2026-12-06,2026-12-06,84,pending,False,0
6459,SITE-016,PART-1194,2026-08-24,2026-09-02,2026-08-31,267,pending,False,0
6460,SITE-064,PART-9363,2026-10-03,2026-10-11,2026-10-11,358,pending,False,0
6461,SITE-088,PART-9558,2026-09-13,2026-09-19,2026-09-18,994,pending,False,0
6462,SITE-010,PART-5982,2025-08-01,2025-08-08,2025-08-08,474,pending,False,0
6463,SITE-034,PART-2867,2026-04-22,2026-04-27,2026-04-25,397,shipped,False,0
6464,SITE-100,PART-8195,2025-01-21,2025-01-31,2025-01-30,571,shipped,False,0
6465,SITE-059,PART-3343,2026-12-05,2026-12-08,2026-12-08,304,pending,False,0
6466,SITE-076,PART-5411,2025-06-01,2025-06-05,2025-06-05,345,pending,False,0
6467,SITE-009,PART-7144,2026-02-24,2026-03-05,2026-03-03,94,shipped,False,0
6468,SITE-032,PART-7672,2025-03-11,2025-03-17,2025-03-16,284,pending,False,0
6469,SITE-078,PART-3452,2026-02-11,2026-02-19,2026-02-17,768,pending,False,0
6470,SITE-070,PART-8675,2025-11-24,2025-12-03,2025-12-01,687,pending,False,0
6471,SITE-090,PART-3209,2025-08-01,2025-08-11,2025-08-22,215,pending,True,11
6472,SITE-003,PART-2036,2025-11-08,2025-11-18,2025-11-16,830,delivered,False,0
6473,SITE-010,PART-7914,2026-09-20,2026-09-29,2026-09-28,190,shipped,False,0
6474,SITE-063,PART-9119,2026-04-17,2026-04-24,2026-04-22,90,pending,False,0
6475,SITE-006,PART-1219,2025-02-26,2025-03-08,2025-03-08,598,pending,False,0
6476,SITE-039,PART-1852,2025-04-24,2025-05-03,2025-05-01,106,delivered,False,0
6477,SITE-049,PART-6412,2026-06-12,2026-06-20,2026-06-18,803,shipped,False,0
6478,SITE-065,PART-9037,2026-12-28,2027-01-03,2027-01-01,143,delivered,False,0
6479,SITE-071,PART-6371,2025-06-15,2025-06-20,2025-06-19,140,shipped,False,0
6480,SITE-089,PART-4781,2026-03-16,2026-03-25,2026-03-25,176,delivered,False,0
6481,SITE-025,PART-6089,2026-10-27,2026-11-06,2026-11-06,840,pending,False,0
6482,SITE-040,PART-1081,2026-03-20,2026-03-23,2026-03-22,68,delivered,False,0
6483,SITE-036,PART-3663,2026-05-18,2026-05-21,2026-05-21,634,delivered,False,0
6484,SITE-059,PART-3188,2026-05-13,2026-05-21,2026-05-20,547,shipped,False,0
6485,SITE-048,PART-6615,2026-05-22,2026-05-31,2026-05-31,505,delivered,False,0
6486,SITE-089,PART-5664,2025-10-09,2025-10-13,2025-10-17,137,pending,True,4
6487,SITE-051,PART-5961,2025-09-10,2025-09-18,2025-09-17,438,shipped,False,0
6488,SITE-012,PART-9184,2026-12-01,2026-12-05,2026-12-04,395,delivered,False,0
6489,SITE-026,PART-2106,2025-03-13,2025-03-20,2025-03-18,428,pending,False,0
6490,SITE-011,PART-9128,2025-01-07,2025-01-10,2025-01-09,162,pending,False,0
6491,SITE-024,PART-4277,2026-01-14,2026-01-22,2026-02-01,178,shipped,True,10
6492,SITE-060,PART-2896,2026-10-07,2026-10-10,2026-10-19,725,shipped,True,9
6493,SITE-074,PART-6615,2025-05-21,2025-05-24,2025-05-24,918,delivered,False,0
6494,SITE-016,PART-4084,2025-08-17,2025-08-20,2025-08-19,743,pending,False,0
6495,SITE-070,PART-6107,2026-12-20,2026-12-26,2026-12-25,956,pending,False,0
6496,SITE-044,PART-3160,2026-03-27,2026-03-31,2026-03-30,833,pending,False,0
6497,SITE-083,PART-9833,2025-06-03,2025-06-10,2025-06-12,310,delivered,True,2
6498,SITE-087,PART-5354,2026-02-02,2026-02-06,2026-02-05,501,pending,False,0
6499,SITE-049,PART-5546,2026-03-26,2026-03-31,2026-03-31,109,pending,False,0
6500,SITE-028,PART-3653,2026-12-28,2027-01-05,2027-01-14,624,pending,True,9
6501,SITE-084,PART-6412,2025-06-10,2025-06-14,2025-06-13,975,pending,False,0
6502,SITE-008,PART-9374,2025-06-22,2025-07-02,2025-07-01,84,delivered,False,0
6503,SITE-061,PART-9167,2026-12-17,2026-12-27,2026-12-27,338,pending,False,0
6504,SITE-012,PART-1547,2025-11-07,2025-11-13,2025-11-13,805,shipped,False,0
6505,SITE-067,PART-6324,2025-05-21,2025-05-26,2025-05-24,285,pending,False,0
6506,SITE-051,PART-6430,2026-11-01,2026-11-09,2026-11-07,927,shipped,False,0
6507,SITE-009,PART-4501,2025-07-19,2025-07-29,2025-07-27,899,shipped,False,0
6508,SITE-031,PART-3718,2025-03-26,2025-04-03,2025-04-01,813,delivered,False,0
6509,SITE-031,PART-4216,2026-12-18,2026-12-22,2026-12-27,220,delivered,True,5
6510,SITE-041,PART-2487,2025-07-11,2025-07-17,2025-07-16,395,delivered,False,0
6511,SITE-007,PART-7672,2026-08-03,2026-08-06,2026-08-06,731,pending,False,0
6512,SITE-085,PART-6814,2025-01-17,2025-01-21,2025-01-19,337,pending,False,0
6513,SITE-100,PART-2464,2026-07-22,2026-07-31,2026-07-31,886,shipped,False,0
6514,SITE-003,PART-1647,2026-04-26,2026-05-05,2026-05-04,519,pending,False,0
6515,SITE-041,PART-9371,2026-03-17,2026-03-22,2026-04-01,839,delivered,True,10
6516,SITE-086,PART-5018,2026-10-18,2026-10-22,2026-10-20,149,shipped,False,0
6517,SITE-078,PART-1194,2025-05-13,2025-05-19,2025-05-17,780,delivered,False,0
6518,SITE-032,PART-5180,2026-04-04,2026-04-13,2026-04-11,421,delivered,False,0
6519,SITE-097,PART-8144,2025-06-19,2025-06-27,2025-06-25,556,shipped,False,0
6520,SITE-006,PART-1249,2026-10-11,2026-10-16,2026-10-16,695,pending,False,0
6521,SITE-005,PART-7053,2025-12-04,2025-12-11,2025-12-11,216,pending,False,0
6522,SITE-061,PART-1783,2026-08-19,2026-08-25,2026-08-23,706,pending,False,0
6523,SITE-046,PART-8156,2025-05-06,2025-05-10,2025-05-10,617,delivered,False,0
6524,SITE-046,PART-9933,2026-08-03,2026-08-06,2026-08-04,513,pending,False,0
6525,SITE-057,PART-7960,2026-04-04,2026-04-13,2026-04-11,520,delivered,False,0
6526,SITE-094,PART-8322,2026-10-14,2026-10-20,2026-10-19,929,pending,False,0
6527,SITE-025,PART-3781,2025-09-28,2025-10-04,2025-10-04,215,shipped,False,0
6528,SITE-055,PART-2451,2026-03-27,2026-04-01,2026-03-30,934,pending,False,0
6529,SITE-068,PART-2897,2025-06-11,2025-06-19,2025-06-19,604,pending,False,0
6530,SITE-012,PART-1660,2025-06-07,2025-06-16,2025-06-16,136,shipped,False,0
6531,SITE-097,PART-6768,2026-10-25,2026-11-02,2026-10-31,657,shipped,False,0
6532,SITE-040,PART-3732,2026-08-24,2026-09-03,2026-09-04,356,pending,True,1
6533,SITE-048,PART-3201,2026-10-13,2026-10-22,2026-10-22,946,delivered,False,0
6534,SITE-033,PART-5674,2026-10-01,2026-10-08,2026-10-08,776,pending,False,0
6535,SITE-036,PART-3109,2026-01-04,2026-01-08,2026-01-08,194,pending,False,0
6536,SITE-010,PART-1124,2026-07-07,2026-07-10,2026-07-09,293,pending,False,0
6537,SITE-007,PART-9666,2025-11-20,2025-11-29,2025-11-27,578,pending,False,0
6538,SITE-063,PART-3188,2026-08-17,2026-08-23,2026-08-23,365,shipped,False,0
6539,SITE-075,PART-2356,2026-06-18,2026-06-21,2026-06-21,923,delivered,False,0
6540,SITE-057,PART-3819,2026-12-12,2026-12-20,2026-12-26,285,shipped,True,6
6541,SITE-085,PART-5121,2026-06-15,2026-06-24,2026-06-23,90,delivered,False,0
6542,SITE-080,PART-3808,2025-08-15,2025-08-23,2025-08-21,110,pending,False,0
6543,SITE-059,PART-5115,2026-12-27,2027-01-01,2026-12-31,511,delivered,False,0
6544,SITE-094,PART-4752,2026-05-28,2026-06-01,2026-06-01,987,delivered,False,0
6545,SITE-078,PART-7967,2026-08-14,2026-08-22,2026-08-22,40,shipped,False,0
6546,SITE-050,PART-4290,2026-04-13,2026-04-19,2026-04-18,682,shipped,False,0
6547,SITE-066,PART-7240,2026-03-24,2026-03-29,2026-03-29,798,delivered,False,0
6548,SITE-011,PART-1891,2026-02-07,2026-02-14,2026-02-12,366,shipped,False,0
6549,SITE-036,PART-7290,2026-05-01,2026-05-04,2026-05-04,931,shipped,False,0
6550,SITE-063,PART-5661,2026-04-11,2026-04-18,2026-04-16,92,pending,False,0
6551,SITE-038,PART-4999,2026-12-28,2027-01-06,2027-01-05,682,delivered,False,0
6552,SITE-086,PART-8084,2026-11-03,2026-11-07,2026-11-06,556,delivered,False,0
6553,SITE-080,PART-2297,2025-07-20,2025-07-26,2025-07-26,152,pending,False,0
6554,SITE-047,PART-5121,2026-12-23,2026-12-28,2026-12-27,19,pending,False,0
6555,SITE-053,PART-2505,2025-09-07,2025-09-13,2025-09-13,188,pending,False,0
6556,SITE-092,PART-9309,2026-07-10,2026-07-13,2026-07-11,789,pending,False,0
6557,SITE-007,PART-8909,2026-09-03,2026-09-08,2026-09-07,148,shipped,False,0
6558,SITE-004,PART-9458,2026-03-21,2026-03-28,2026-03-26,169,shipped,False,0
6559,SITE-021,PART-2698,2026-03-10,2026-03-14,2026-03-12,387,pending,False,0
6560,SITE-055,PART-7140,2025-06-18,2025-06-23,2025-06-21,142,pending,False,0
6561,SITE-099,PART-6069,2025-08-24,2025-09-02,2025-09-10,266,delivered,True,8
6562,SITE-046,PART-2135,2025-04-03,2025-04-08,2025-04-06,289,pending,False,0
6563,SITE-052,PART-1405,2025-12-13,2025-12-17,2025-12-15,333,delivered,False,0
6564,SITE-048,PART-6811,2026-03-10,2026-03-14,2026-03-14,568,delivered,False,0
6565,SITE-099,PART-1696,2026-03-10,2026-03-18,2026-03-18,869,pending,False,0
6566,SITE-005,PART-3646,2026-11-22,2026-11-26,2026-12-06,759,shipped,True,10
6567,SITE-046,PART-5534,2025-01-18,2025-01-27,2025-01-27,453,delivered,False,0
6568,SITE-017,PART-3592,2025-02-01,2025-02-05,2025-02-03,552,delivered,False,0
6569,SITE-091,PART-5696,2025-07-24,2025-07-28,2025-07-26,421,shipped,False,0
6570,SITE-036,PART-4297,2026-07-02,2026-07-05,2026-07-05,255,shipped,False,0
6571,SITE-073,PART-8758,2025-08-08,2025-08-18,2025-08-17,549,shipped,False,0
6572,SITE-078,PART-2784,2026-06-09,2026-06-12,2026-06-11,594,delivered,False,0
6573,SITE-096,PART-5319,2025-11-17,2025-11-23,2025-11-23,911,delivered,False,0
6574,SITE-060,PART-5354,2026-12-25,2027-01-03,2027-01-11,552,delivered,True,8
6575,SITE-001,PART-3887,2026-07-27,2026-08-02,2026-07-31,950,delivered,False,0
6576,SITE-076,PART-2779,2025-10-11,2025-10-15,2025-10-15,300,shipped,False,0
6577,SITE-038,PART-5588,2025-02-22,2025-02-27,2025-02-27,63,delivered,False,0
6578,SITE-068,PART-8448,2025-06-19,2025-06-22,2025-07-06,9,shipped,True,14
6579,SITE-038,PART-3130,2025-04-19,2025-04-29,2025-04-29,210,shipped,False,0
6580,SITE-062,PART-2477,2025-08-12,2025-08-16,2025-08-14,643,shipped,False,0
6581,SITE-086,PART-9165,2025-04-22,2025-04-26,2025-04-24,449,shipped,False,0
6582,SITE-006,PART-8214,2026-08-20,2026-08-24,2026-08-23,303,pending,False,0
6583,SITE-094,PART-6924,2026-11-20,2026-11-23,2026-11-22,606,pending,False,0
6584,SITE-048,PART-4001,2026-04-25,2026-04-28,2026-04-28,148,pending,False,0
6585,SITE-092,PART-5543,2026-02-05,2026-02-08,2026-02-08,684,pending,False,0
6586,SITE-065,PART-4198,2025-04-15,2025-04-18,2025-04-17,885,pending,False,0
6587,SITE-083,PART-4297,2025-08-26,2025-09-03,2025-09-01,979,pending,False,0
6588,SITE-052,PART-2683,2025-05-01,2025-05-06,2025-05-04,441,pending,False,0
6589,SITE-007,PART-9118,2026-07-24,2026-07-29,2026-08-02,782,pending,True,4
6590,SITE-084,PART-8746,2026-02-14,2026-02-23,2026-02-23,693,shipped,False,0
6591,SITE-068,PART-3286,2026-08-12,2026-08-15,2026-08-13,710,shipped,False,0
6592,SITE-036,PART-2140,2025-12-18,2025-12-28,2025-12-27,624,shipped,False,0
6593,SITE-080,PART-2356,2026-01-08,2026-01-14,2026-01-14,968,delivered,False,0
6594,SITE-097,PART-4545,2025-06-06,2025-06-12,2025-06-12,251,pending,False,0
6595,SITE-059,PART-1228,2026-07-12,2026-07-22,2026-07-20,780,pending,False,0
6596,SITE-099,PART-6324,2025-12-25,2026-01-04,2026-01-02,428,pending,False,0
6597,SITE-021,PART-9377,2025-11-07,2025-11-14,2025-11-22,671,delivered,True,8
6598,SITE-041,PART-7083,2026-11-02,2026-11-10,2026-11-08,966,delivered,False,0
6599,SITE-077,PART-1759,2025-04-12,2025-04-20,2025-04-20,885,shipped,False,0
6600,SITE-039,PART-1236,2026-09-24,2026-10-01,2026-09-29,102,delivered,False,0
6601,SITE-033,PART-6627,2026-01-02,2026-01-11,2026-01-17,788,shipped,True,6
6602,SITE-037,PART-5876,2025-08-01,2025-08-06,2025-08-06,940,shipped,False,0
6603,SITE-061,PART-3896,2026-01-24,2026-01-27,2026-01-27,870,pending,False,0
6604,SITE-047,PART-1496,2026-03-02,2026-03-12,2026-03-11,792,delivered,False,0
6605,SITE-053,PART-1744,2026-12-05,2026-12-09,2026-12-09,889,shipped,False,0
6606,SITE-090,PART-7189,2026-02-20,2026-03-02,2026-03-13,236,delivered,True,11
6607,SITE-039,PART-4198,2025-06-21,2025-06-28,2025-07-05,44,shipped,True,7
6608,SITE-067,PART-5460,2025-11-21,2025-11-24,2025-11-23,75,pending,False,0
6609,SITE-082,PART-2404,2025-07-21,2025-07-25,2025-07-23,350,delivered,False,0
6610,SITE-027,PART-3798,2026-06-16,2026-06-25,2026-06-23,497,pending,False,0
6611,SITE-096,PART-7591,2026-01-08,2026-01-12,2026-01-10,462,pending,False,0
6612,SITE-087,PART-4897,2025-02-18,2025-02-25,2025-02-25,729,delivered,False,0
6613,SITE-097,PART-3201,2026-11-08,2026-11-11,2026-11-09,60,shipped,False,0
6614,SITE-021,PART-2443,2026-01-08,2026-01-15,2026-01-15,445,pending,False,0
6615,SITE-073,PART-4638,2026-10-02,2026-10-05,2026-10-03,202,shipped,False,0
6616,SITE-009,PART-6209,2025-03-28,2025-04-05,2025-04-05,941,shipped,False,0
6617,SITE-031,PART-7083,2025-07-02,2025-07-09,2025-07-07,324,pending,False,0
6618,SITE-073,PART-5442,2025-07-28,2025-08-07,2025-08-06,263,delivered,False,0
6619,SITE-061,PART-5959,2025-03-03,2025-03-11,2025-03-09,132,shipped,False,0
6620,SITE-015,PART-7388,2025-11-22,2025-11-29,2025-11-27,696,delivered,False,0
6621,SITE-049,PART-5959,2025-10-03,2025-10-12,2025-10-10,759,shipped,False,0
6622,SITE-066,PART-5225,2026-05-08,2026-05-15,2026-05-13,746,pending,False,0
6623,SITE-052,PART-1613,2026-07-04,2026-07-11,2026-07-17,138,shipped,True,6
6624,SITE-026,PART-4545,2026-12-13,2026-12-22,2026-12-21,496,delivered,False,0
6625,SITE-079,PART-6787,2025-02-01,2025-02-06,2025-02-04,793,shipped,False,0
6626,SITE-026,PART-3201,2026-08-27,2026-09-02,2026-09-02,824,shipped,False,0
6627,SITE-050,PART-8727,2026-08-11,2026-08-18,2026-08-16,454,shipped,False,0
6628,SITE-085,PART-7897,2025-08-16,2025-08-19,2025-08-18,844,delivered,False,0
6629,SITE-093,PART-5004,2025-06-27,2025-07-05,2025-07-03,526,shipped,False,0
6630,SITE-057,PART-2127,2026-03-23,2026-03-26,2026-03-24,534,delivered,False,0
6631,SITE-027,PART-2653,2025-10-09,2025-10-12,2025-10-12,788,delivered,False,0
6632,SITE-048,PART-1777,2025-11-09,2025-11-13,2025-11-13,890,pending,False,0
6633,SITE-040,PART-1768,2026-07-09,2026-07-13,2026-07-11,814,pending,False,0
6634,SITE-081,PART-6349,2026-11-28,2026-12-05,2026-12-05,273,pending,False,0
6635,SITE-091,PART-2799,2026-05-05,2026-05-11,2026-05-09,25,pending,False,0
6636,SITE-064,PART-7066,2026-03-13,2026-03-16,2026-03-14,267,pending,False,0
6637,SITE-098,PART-3349,2026-07-07,2026-07-15,2026-07-14,615,pending,False,0
6638,SITE-100,PART-8199,2026-09-27,2026-10-05,2026-10-03,94,delivered,False,0
6639,SITE-023,PART-3799,2025-02-17,2025-02-27,2025-02-27,91,shipped,False,0
6640,SITE-062,PART-1134,2026-09-07,2026-09-11,2026-09-10,299,delivered,False,0
6641,SITE-015,PART-3274,2025-11-22,2025-11-25,2025-11-23,758,shipped,False,0
6642,SITE-057,PART-9271,2026-05-08,2026-05-14,2026-05-12,773,delivered,False,0
6643,SITE-095,PART-3472,2026-12-14,2026-12-17,2026-12-17,803,shipped,False,0
6644,SITE-074,PART-8423,2025-09-15,2025-09-25,2025-09-23,279,pending,False,0
6645,SITE-027,PART-2356,2026-04-20,2026-04-26,2026-05-03,627,delivered,True,7
6646,SITE-048,PART-8042,2025-04-07,2025-04-17,2025-04-17,193,delivered,False,0
6647,SITE-003,PART-9255,2025-04-13,2025-04-17,2025-04-17,753,delivered,False,0
6648,SITE-098,PART-2135,2025-12-09,2025-12-17,2026-01-01,532,pending,True,15
6649,SITE-075,PART-4995,2025-12-05,2025-12-11,2025-12-09,52,delivered,False,0
6650,SITE-082,PART-1759,2026-10-10,2026-10-20,2026-10-19,617,pending,False,0
6651,SITE-021,PART-5150,2025-04-25,2025-05-05,2025-05-08,545,shipped,True,3
6652,SITE-048,PART-4638,2025-05-15,2025-05-21,2025-05-20,625,pending,False,0
6653,SITE-072,PART-7177,2025-10-06,2025-10-11,2025-10-18,283,pending,True,7
6654,SITE-057,PART-9284,2026-05-01,2026-05-05,2026-05-05,675,delivered,False,0
6655,SITE-049,PART-5011,2025-08-26,2025-08-30,2025-08-28,123,pending,False,0
6656,SITE-034,PART-7385,2026-09-09,2026-09-19,2026-09-18,913,shipped,False,0
6657,SITE-005,PART-8840,2026-10-04,2026-10-11,2026-10-09,347,shipped,False,0
6658,SITE-027,PART-3648,2025-10-13,2025-10-23,2025-10-21,986,shipped,False,0
6659,SITE-096,PART-3896,2025-04-26,2025-04-30,2025-04-30,577,pending,False,0
6660,SITE-011,PART-4802,2025-07-08,2025-07-15,2025-07-13,763,pending,False,0
6661,SITE-100,PART-6884,2025-09-19,2025-09-28,2025-09-28,431,delivered,False,0
6662,SITE-002,PART-5784,2026-12-28,2027-01-03,2027-01-02,707,shipped,False,0
6663,SITE-059,PART-3130,2025-01-24,2025-01-29,2025-01-27,428,pending,False,0
6664,SITE-062,PART-3415,2026-05-04,2026-05-09,2026-05-07,241,shipped,False,0
6665,SITE-052,PART-9768,2025-04-08,2025-04-18,2025-04-17,924,pending,False,0
6666,SITE-064,PART-4694,2025-01-10,2025-01-17,2025-01-16,471,pending,False,0
6667,SITE-038,PART-4370,2026-11-06,2026-11-16,2026-11-14,628,delivered,False,0
6668,SITE-042,PART-3896,2026-02-10,2026-02-20,2026-02-20,465,pending,False,0
6669,SITE-011,PART-1696,2026-11-03,2026-11-12,2026-11-12,571,shipped,False,0
6670,SITE-013,PART-2052,2026-02-04,2026-02-08,2026-02-17,950,pending,True,9
6671,SITE-015,PART-2477,2025-12-08,2025-12-13,2025-12-27,632,pending,True,14
6672,SITE-083,PART-6108,2026-11-17,2026-11-20,2026-11-22,872,delivered,True,2
6673,SITE-080,PART-8798,2025-08-22,2025-08-29,2025-08-28,812,pending,False,0
6674,SITE-078,PART-3286,2025-07-24,2025-08-02,2025-08-01,530,delivered,False,0
6675,SITE-019,PART-6975,2025-10-01,2025-10-11,2025-10-27,15,pending,True,16
6676,SITE-084,PART-6430,2025-10-02,2025-10-07,2025-10-18,858,pending,True,11
6677,SITE-002,PART-6183,2025-08-13,2025-08-20,2025-08-20,956,shipped,False,0
6678,SITE-040,PART-2477,2026-04-26,2026-05-06,2026-05-05,851,delivered,False,0
6679,SITE-068,PART-2422,2025-01-23,2025-01-27,2025-01-26,374,delivered,False,0
6680,SITE-030,PART-6766,2025-02-01,2025-02-10,2025-02-09,125,shipped,False,0
6681,SITE-035,PART-3162,2026-05-23,2026-06-02,2026-05-31,576,shipped,False,0
6682,SITE-043,PART-5180,2026-02-09,2026-02-16,2026-02-16,991,pending,False,0
6683,SITE-005,PART-7524,2025-05-12,2025-05-18,2025-05-16,475,pending,False,0
6684,SITE-094,PART-6683,2025-10-15,2025-10-25,2025-10-23,970,delivered,False,0
6685,SITE-017,PART-8279,2026-10-02,2026-10-10,2026-10-09,327,pending,False,0
6686,SITE-096,PART-8330,2025-05-20,2025-05-30,2025-05-30,447,delivered,False,0
6687,SITE-017,PART-2179,2026-07-19,2026-07-25,2026-07-25,933,shipped,False,0
6688,SITE-040,PART-5298,2026-11-06,2026-11-12,2026-11-12,430,shipped,False,0
6689,SITE-073,PART-5543,2025-12-22,2025-12-30,2025-12-29,355,pending,False,0
6690,SITE-034,PART-7942,2026-03-17,2026-03-22,2026-03-21,900,shipped,False,0
6691,SITE-018,PART-6618,2025-12-09,2025-12-18,2025-12-16,870,pending,False,0
6692,SITE-019,PART-5004,2026-05-27,2026-06-04,2026-06-03,528,shipped,False,0
6693,SITE-084,PART-4290,2026-01-13,2026-01-18,2026-01-16,211,pending,False,0
6694,SITE-065,PART-9834,2026-02-17,2026-02-21,2026-02-20,181,pending,False,0
6695,SITE-083,PART-9370,2025-06-06,2025-06-15,2025-06-14,866,shipped,False,0
6696,SITE-055,PART-2653,2026-04-28,2026-05-03,2026-05-01,255,delivered,False,0
6697,SITE-092,PART-6108,2025-07-06,2025-07-10,2025-07-10,21,delivered,False,0
6698,SITE-099,PART-3953,2026-02-27,2026-03-09,2026-03-07,332,delivered,False,0
6699,SITE-020,PART-9293,2026-06-13,2026-06-22,2026-06-22,779,pending,False,0
6700,SITE-012,PART-3549,2025-01-15,2025-01-19,2025-01-19,780,shipped,False,0
6701,SITE-018,PART-1405,2026-09-27,2026-10-05,2026-10-20,614,delivered,True,15
6702,SITE-086,PART-8581,2025-06-18,2025-06-21,2025-06-21,435,shipped,False,0
6703,SITE-003,PART-2852,2025-08-05,2025-08-15,2025-08-13,619,delivered,False,0
6704,SITE-079,PART-4370,2026-08-05,2026-08-12,2026-08-11,142,pending,False,0
6705,SITE-040,PART-9208,2026-08-17,2026-08-25,2026-08-23,364,pending,False,0
6706,SITE-097,PART-2802,2026-08-12,2026-08-21,2026-08-19,904,pending,False,0
6707,SITE-007,PART-6107,2025-05-01,2025-05-04,2025-05-03,871,pending,False,0
6708,SITE-084,PART-2799,2026-01-17,2026-01-24,2026-01-24,99,shipped,False,0
6709,SITE-036,PART-7269,2025-03-03,2025-03-09,2025-03-07,740,shipped,False,0
6710,SITE-054,PART-2779,2026-10-13,2026-10-21,2026-10-20,747,delivered,False,0
6711,SITE-061,PART-7441,2026-02-15,2026-02-18,2026-02-16,703,pending,False,0
6712,SITE-015,PART-2007,2026-07-15,2026-07-24,2026-07-23,150,shipped,False,0
6713,SITE-092,PART-2007,2025-07-25,2025-07-28,2025-07-27,655,delivered,False,0
6714,SITE-093,PART-1416,2026-09-23,2026-09-26,2026-09-24,208,shipped,False,0
6715,SITE-006,PART-3347,2026-04-11,2026-04-15,2026-04-15,68,shipped,False,0
6716,SITE-014,PART-2035,2026-01-10,2026-01-20,2026-01-18,19,shipped,False,0
6717,SITE-091,PART-5959,2025-07-23,2025-07-26,2025-07-31,676,shipped,True,5
6718,SITE-098,PART-8127,2025-03-21,2025-03-28,2025-03-27,297,pending,False,0
6719,SITE-020,PART-7200,2025-10-12,2025-10-21,2025-10-19,407,delivered,False,0
6720,SITE-014,PART-8496,2025-09-19,2025-09-23,2025-09-21,915,shipped,False,0
6721,SITE-095,PART-5298,2026-11-12,2026-11-21,2026-11-21,980,pending,False,0
6722,SITE-086,PART-7520,2025-01-16,2025-01-22,2025-01-22,281,pending,False,0
6723,SITE-022,PART-7991,2025-07-21,2025-07-25,2025-07-24,929,delivered,False,0
6724,SITE-030,PART-3274,2026-03-05,2026-03-15,2026-03-14,580,delivered,False,0
6725,SITE-024,PART-8537,2026-11-07,2026-11-13,2026-11-18,678,delivered,True,5
6726,SITE-004,PART-6293,2026-05-24,2026-05-28,2026-05-27,789,delivered,False,0
6727,SITE-070,PART-1142,2026-08-27,2026-08-30,2026-08-28,554,pending,False,0
6728,SITE-076,PART-2003,2026-01-17,2026-01-24,2026-01-23,248,delivered,False,0
6729,SITE-060,PART-8163,2025-02-05,2025-02-13,2025-02-13,817,pending,False,0
6730,SITE-033,PART-9106,2025-07-04,2025-07-08,2025-07-07,729,shipped,False,0
6731,SITE-011,PART-2739,2025-06-11,2025-06-15,2025-06-14,407,shipped,False,0
6732,SITE-032,PART-3915,2026-08-27,2026-08-30,2026-08-30,124,pending,False,0
6733,SITE-079,PART-7977,2025-01-28,2025-02-05,2025-02-05,930,shipped,False,0
6734,SITE-037,PART-6431,2025-03-22,2025-03-27,2025-03-26,311,shipped,False,0
6735,SITE-015,PART-7042,2025-11-04,2025-11-09,2025-11-09,569,delivered,False,0
6736,SITE-091,PART-2526,2025-02-23,2025-03-04,2025-03-03,808,shipped,False,0
6737,SITE-035,PART-7563,2025-02-15,2025-02-18,2025-02-18,253,shipped,False,0
6738,SITE-075,PART-9288,2026-12-27,2027-01-04,2027-01-02,461,shipped,False,0
6739,SITE-033,PART-8555,2025-02-12,2025-02-22,2025-02-22,602,delivered,False,0
6740,SITE-025,PART-2673,2025-04-18,2025-04-26,2025-05-08,614,shipped,True,12
6741,SITE-058,PART-1591,2025-12-19,2025-12-23,2025-12-23,274,pending,False,0
6742,SITE-014,PART-6784,2026-07-12,2026-07-19,2026-07-17,618,pending,False,0
6743,SITE-085,PART-3435,2026-12-23,2027-01-01,2026-12-31,951,pending,False,0
6744,SITE-011,PART-9165,2025-12-21,2025-12-28,2025-12-28,318,delivered,False,0
6745,SITE-095,PART-8273,2026-03-25,2026-04-03,2026-04-16,129,delivered,True,13
6746,SITE-018,PART-2380,2026-03-16,2026-03-19,2026-03-18,208,pending,False,0
6747,SITE-046,PART-6069,2026-05-08,2026-05-15,2026-05-15,504,pending,False,0
6748,SITE-039,PART-5805,2025-01-22,2025-01-30,2025-01-28,70,shipped,False,0
6749,SITE-072,PART-4092,2026-01-23,2026-02-01,2026-02-11,534,shipped,True,10
6750,SITE-088,PART-7914,2025-08-09,2025-08-15,2025-08-14,513,pending,False,0
6751,SITE-071,PART-7008,2025-08-11,2025-08-15,2025-08-13,151,delivered,False,0
6752,SITE-044,PART-7433,2025-09-25,2025-10-04,2025-10-04,582,shipped,False,0
6753,SITE-077,PART-3457,2026-09-03,2026-09-10,2026-09-09,808,shipped,False,0
6754,SITE-026,PART-9451,2026-10-18,2026-10-21,2026-10-19,131,shipped,False,0
6755,SITE-068,PART-4311,2026-05-26,2026-05-31,2026-05-30,306,pending,False,0
6756,SITE-019,PART-7641,2025-03-26,2025-04-05,2025-04-05,340,shipped,False,0
6757,SITE-037,PART-7136,2025-06-10,2025-06-14,2025-06-14,457,pending,False,0
6758,SITE-072,PART-1506,2026-06-04,2026-06-14,2026-06-13,771,shipped,False,0
6759,SITE-085,PART-6628,2025-10-18,2025-10-21,2025-10-21,310,shipped,False,0
6760,SITE-084,PART-4638,2026-06-20,2026-06-23,2026-06-22,955,shipped,False,0
6761,SITE-056,PART-1291,2026-01-24,2026-02-02,2026-01-31,253,shipped,False,0
6762,SITE-060,PART-6709,2025-01-26,2025-02-03,2025-02-03,568,shipped,False,0
6763,SITE-079,PART-9632,2025-02-19,2025-02-26,2025-02-25,496,pending,False,0
6764,SITE-056,PART-6412,2026-05-01,2026-05-10,2026-05-09,660,shipped,False,0
6765,SITE-055,PART-1942,2025-07-11,2025-07-21,2025-07-19,874,shipped,False,0
6766,SITE-004,PART-3199,2025-11-12,2025-11-15,2025-11-14,954,shipped,False,0
6767,SITE-005,PART-7237,2025-04-19,2025-04-25,2025-04-25,921,delivered,False,0
6768,SITE-073,PART-1283,2026-06-17,2026-06-22,2026-06-20,794,pending,False,0
6769,SITE-065,PART-8896,2026-05-21,2026-05-24,2026-05-23,461,pending,False,0
6770,SITE-008,PART-3349,2025-08-24,2025-08-29,2025-08-27,375,pending,False,0
6771,SITE-074,PART-1194,2025-06-22,2025-06-28,2025-06-28,188,pending,False,0
6772,SITE-070,PART-7520,2025-12-07,2025-12-11,2025-12-09,16,delivered,False,0
6773,SITE-003,PART-3867,2026-03-20,2026-03-24,2026-03-24,276,pending,False,0
6774,SITE-097,PART-1376,2026-07-27,2026-08-04,2026-08-02,410,pending,False,0
6775,SITE-051,PART-7093,2026-02-25,2026-03-03,2026-03-02,587,delivered,False,0
6776,SITE-040,PART-1534,2026-08-05,2026-08-12,2026-08-11,169,delivered,False,0
6777,SITE-020,PART-6391,2025-11-08,2025-11-14,2025-11-14,889,pending,False,0
6778,SITE-047,PART-6975,2025-09-22,2025-09-25,2025-09-24,722,pending,False,0
6779,SITE-048,PART-8254,2025-06-15,2025-06-25,2025-06-25,307,pending,False,0
6780,SITE-037,PART-6819,2026-09-09,2026-09-15,2026-09-13,544,pending,False,0
6781,SITE-030,PART-4663,2026-03-27,2026-03-30,2026-03-28,323,delivered,False,0
6782,SITE-045,PART-4505,2026-07-17,2026-07-24,2026-07-23,872,delivered,False,0
6783,SITE-075,PART-6023,2025-01-05,2025-01-15,2025-01-13,901,pending,False,0
6784,SITE-084,PART-1926,2026-01-22,2026-01-28,2026-01-26,434,pending,False,0
6785,SITE-090,PART-5121,2025-11-06,2025-11-10,2025-11-09,903,delivered,False,0
6786,SITE-092,PART-9334,2025-03-06,2025-03-14,2025-03-13,504,shipped,False,0
6787,SITE-073,PART-4694,2026-07-10,2026-07-14,2026-07-14,792,pending,False,0
6788,SITE-030,PART-3781,2026-02-13,2026-02-21,2026-02-20,240,pending,False,0
6789,SITE-050,PART-4997,2025-06-06,2025-06-14,2025-06-14,97,shipped,False,0
6790,SITE-065,PART-4449,2025-05-20,2025-05-24,2025-05-23,333,delivered,False,0
6791,SITE-064,PART-1930,2026-05-03,2026-05-06,2026-05-04,340,shipped,False,0
6792,SITE-089,PART-6811,2025-01-01,2025-01-07,2025-01-06,503,shipped,False,0
6793,SITE-055,PART-9549,2025-10-08,2025-10-13,2025-10-13,834,pending,False,0
6794,SITE-061,PART-2036,2026-03-16,2026-03-19,2026-03-18,536,delivered,False,0
6795,SITE-048,PART-2165,2025-07-14,2025-07-19,2025-07-19,431,shipped,False,0
6796,SITE-053,PART-8840,2025-11-02,2025-11-10,2025-11-26,649,delivered,True,16
6797,SITE-065,PART-7053,2026-07-07,2026-07-17,2026-07-15,234,shipped,False,0
6798,SITE-017,PART-6162,2026-01-23,2026-01-26,2026-01-25,38,pending,False,0
6799,SITE-008,PART-7067,2025-06-27,2025-07-04,2025-07-04,778,pending,False,0
6800,SITE-093,PART-9913,2026-01-19,2026-01-28,2026-01-26,846,pending,False,0
6801,SITE-069,PART-5664,2025-12-01,2025-12-05,2025-12-03,666,pending,False,0
6802,SITE-025,PART-7135,2026-03-02,2026-03-10,2026-03-08,909,shipped,False,0
6803,SITE-017,PART-3543,2026-04-10,2026-04-14,2026-04-14,806,delivered,False,0
6804,SITE-053,PART-1591,2026-01-08,2026-01-11,2026-01-10,356,pending,False,0
6805,SITE-064,PART-5037,2025-07-17,2025-07-25,2025-07-24,906,shipped,False,0
6806,SITE-034,PART-7240,2026-03-16,2026-03-19,2026-03-17,49,shipped,False,0
6807,SITE-045,PART-4573,2025-11-09,2025-11-13,2025-11-12,980,shipped,False,0
6808,SITE-022,PART-2404,2025-09-09,2025-09-15,2025-09-14,717,delivered,False,0
6809,SITE-058,PART-2973,2025-02-13,2025-02-22,2025-02-20,636,shipped,False,0
6810,SITE-031,PART-6522,2026-03-03,2026-03-09,2026-03-09,275,delivered,False,0
6811,SITE-099,PART-1734,2026-09-02,2026-09-09,2026-09-09,399,delivered,False,0
6812,SITE-036,PART-3285,2026-01-12,2026-01-15,2026-01-14,763,shipped,False,0
6813,SITE-094,PART-2516,2025-06-11,2025-06-17,2025-06-17,56,shipped,False,0
6814,SITE-002,PART-1266,2026-10-16,2026-10-21,2026-11-02,827,shipped,True,12
6815,SITE-086,PART-6522,2026-09-07,2026-09-14,2026-09-13,20,pending,False,0
6816,SITE-032,PART-7606,2025-07-05,2025-07-13,2025-07-12,506,pending,False,0
6817,SITE-005,PART-3959,2025-06-16,2025-06-20,2025-06-18,721,pending,False,0
6818,SITE-019,PART-3896,2025-03-18,2025-03-28,2025-03-26,498,shipped,False,0
6819,SITE-057,PART-8042,2025-09-12,2025-09-22,2025-09-22,140,shipped,False,0
6820,SITE-092,PART-3822,2025-04-01,2025-04-08,2025-04-07,282,pending,False,0
6821,SITE-025,PART-9467,2025-03-02,2025-03-05,2025-03-05,309,delivered,False,0
6822,SITE-045,PART-1503,2026-08-23,2026-08-31,2026-08-30,617,pending,False,0
6823,SITE-095,PART-3704,2026-11-26,2026-11-30,2026-11-29,779,delivered,False,0
6824,SITE-015,PART-2973,2026-03-04,2026-03-14,2026-03-14,964,delivered,False,0
6825,SITE-063,PART-8558,2026-05-22,2026-05-30,2026-06-15,869,delivered,True,16
6826,SITE-046,PART-3109,2025-05-21,2025-05-24,2025-05-22,200,pending,False,0
6827,SITE-088,PART-4538,2025-05-05,2025-05-11,2025-05-10,966,delivered,False,0
6828,SITE-079,PART-2140,2025-08-10,2025-08-17,2025-08-27,648,delivered,True,10
6829,SITE-061,PART-9037,2026-04-08,2026-04-17,2026-04-15,557,delivered,False,0
6830,SITE-004,PART-5660,2026-08-21,2026-08-29,2026-09-05,642,shipped,True,7
6831,SITE-072,PART-1897,2026-01-17,2026-01-23,2026-01-26,273,delivered,True,3
6832,SITE-061,PART-9948,2025-04-10,2025-04-13,2025-04-16,434,delivered,True,3
6833,SITE-098,PART-6922,2025-05-25,2025-06-03,2025-06-02,224,pending,False,0
6834,SITE-071,PART-2802,2026-11-20,2026-11-23,2026-11-22,295,pending,False,0
6835,SITE-038,PART-7625,2025-05-26,2025-06-02,2025-05-31,916,shipped,False,0
6836,SITE-071,PART-1892,2026-10-18,2026-10-28,2026-11-08,578,shipped,True,11
6837,SITE-008,PART-4335,2025-08-25,2025-09-04,2025-09-02,947,shipped,False,0
6838,SITE-048,PART-2235,2026-10-05,2026-10-09,2026-10-07,895,pending,False,0
6839,SITE-032,PART-9194,2025-12-01,2025-12-06,2025-12-06,521,shipped,False,0
6840,SITE-013,PART-6628,2025-06-24,2025-06-27,2025-06-26,74,delivered,False,0
6841,SITE-083,PART-6107,2025-09-05,2025-09-13,2025-09-13,432,shipped,False,0
6842,SITE-085,PART-4035,2026-12-07,2026-12-10,2026-12-09,547,delivered,False,0
6843,SITE-028,PART-5031,2025-11-12,2025-11-21,2025-11-19,232,shipped,False,0
6844,SITE-017,PART-4228,2026-10-12,2026-10-18,2026-10-17,863,shipped,False,0
6845,SITE-024,PART-2622,2026-03-21,2026-03-27,2026-03-25,495,delivered,False,0
6846,SITE-088,PART-4320,2026-11-15,2026-11-21,2026-11-25,929,shipped,True,4
6847,SITE-066,PART-4335,2025-03-25,2025-03-29,2025-03-29,773,shipped,False,0
6848,SITE-028,PART-1194,2026-01-20,2026-01-25,2026-01-25,715,pending,False,0
6849,SITE-091,PART-7384,2026-12-16,2026-12-21,2026-12-20,786,pending,False,0
6850,SITE-068,PART-7960,2025-08-22,2025-08-29,2025-09-11,394,shipped,True,13
6851,SITE-016,PART-6508,2026-04-03,2026-04-10,2026-04-08,885,shipped,False,0
6852,SITE-046,PART-3009,2025-05-16,2025-05-23,2025-05-21,136,pending,False,0
6853,SITE-016,PART-8994,2025-02-02,2025-02-10,2025-02-10,370,delivered,False,0
6854,SITE-008,PART-3657,2025-07-20,2025-07-30,2025-07-30,829,pending,False,0
6855,SITE-072,PART-3452,2025-04-01,2025-04-11,2025-04-10,512,pending,False,0
6856,SITE-056,PART-7203,2025-10-22,2025-10-30,2025-10-29,927,shipped,False,0
6857,SITE-031,PART-2100,2026-05-24,2026-05-28,2026-05-28,142,shipped,False,0
6858,SITE-033,PART-9629,2025-11-09,2025-11-12,2025-11-18,546,pending,True,6
6859,SITE-018,PART-8273,2026-08-16,2026-08-21,2026-08-19,169,delivered,False,0
6860,SITE-075,PART-5646,2025-03-22,2025-03-31,2025-03-29,932,shipped,False,0
6861,SITE-075,PART-5743,2025-02-12,2025-02-20,2025-02-23,562,delivered,True,3
6862,SITE-095,PART-7237,2026-09-09,2026-09-16,2026-09-15,756,delivered,False,0
6863,SITE-051,PART-1225,2026-02-24,2026-02-27,2026-02-26,311,delivered,False,0
6864,SITE-065,PART-7165,2025-09-22,2025-09-30,2025-09-29,878,delivered,False,0
6865,SITE-079,PART-9099,2025-09-28,2025-10-07,2025-10-07,316,pending,False,0
6866,SITE-089,PART-2735,2025-01-23,2025-02-01,2025-01-30,347,delivered,False,0
6867,SITE-039,PART-3657,2025-09-13,2025-09-16,2025-09-16,141,pending,False,0
6868,SITE-041,PART-5588,2026-04-17,2026-04-26,2026-04-25,828,delivered,False,0
6869,SITE-008,PART-2973,2026-01-04,2026-01-08,2026-01-08,472,shipped,False,0
6870,SITE-034,PART-7203,2025-03-09,2025-03-12,2025-03-18,18,shipped,True,6
6871,SITE-032,PART-5534,2025-09-08,2025-09-13,2025-09-16,685,pending,True,3
6872,SITE-086,PART-7277,2025-11-01,2025-11-05,2025-11-03,751,delivered,False,0
6873,SITE-080,PART-2830,2025-11-16,2025-11-19,2025-11-19,767,shipped,False,0
6874,SITE-013,PART-2739,2025-10-07,2025-10-10,2025-10-14,737,pending,True,4
6875,SITE-099,PART-9038,2025-08-04,2025-08-13,2025-08-13,439,pending,False,0
6876,SITE-082,PART-2758,2025-06-14,2025-06-20,2025-06-20,212,pending,False,0
6877,SITE-002,PART-2122,2025-06-07,2025-06-17,2025-06-15,371,delivered,False,0
6878,SITE-049,PART-3101,2025-05-25,2025-06-03,2025-06-02,839,shipped,False,0
6879,SITE-005,PART-2394,2026-09-19,2026-09-24,2026-09-23,602,delivered,False,0
6880,SITE-034,PART-2319,2026-08-09,2026-08-13,2026-08-11,853,pending,False,0
6881,SITE-096,PART-2035,2025-12-13,2025-12-19,2025-12-17,539,delivered,False,0
6882,SITE-099,PART-4055,2025-08-12,2025-08-17,2025-08-15,5,shipped,False,0
6883,SITE-069,PART-8535,2025-12-11,2025-12-15,2025-12-25,912,pending,True,10
6884,SITE-066,PART-2102,2026-12-24,2026-12-31,2026-12-29,942,delivered,False,0
6885,SITE-025,PART-2451,2026-09-20,2026-09-26,2026-09-25,557,pending,False,0
6886,SITE-061,PART-2590,2026-01-23,2026-01-30,2026-01-28,84,delivered,False,0
6887,SITE-096,PART-9512,2026-09-23,2026-10-02,2026-10-02,768,shipped,False,0
6888,SITE-001,PART-8202,2026-10-16,2026-10-21,2026-10-20,716,pending,False,0
6889,SITE-068,PART-7345,2025-07-26,2025-08-04,2025-08-11,323,shipped,True,7
6890,SITE-075,PART-6903,2026-06-18,2026-06-24,2026-06-22,538,shipped,False,0
6891,SITE-013,PART-4906,2026-11-24,2026-12-01,2026-12-01,33,pending,False,0
6892,SITE-044,PART-7537,2025-11-07,2025-11-16,2025-11-16,372,pending,False,0
6893,SITE-067,PART-3915,2026-07-06,2026-07-14,2026-07-14,686,delivered,False,0
6894,SITE-029,PART-1934,2026-03-11,2026-03-18,2026-03-17,533,pending,False,0
6895,SITE-075,PART-7942,2026-03-12,2026-03-20,2026-03-31,630,delivered,True,11
6896,SITE-091,PART-7563,2025-06-07,2025-06-15,2025-06-14,11,shipped,False,0
6897,SITE-019,PART-7277,2026-11-06,2026-11-15,2026-11-13,436,delivered,False,0
6898,SITE-015,PART-8316,2026-08-09,2026-08-19,2026-08-17,281,shipped,False,0
6899,SITE-004,PART-6101,2026-02-24,2026-03-03,2026-03-02,233,delivered,False,0
6900,SITE-085,PART-2673,2026-04-01,2026-04-05,2026-04-05,219,delivered,False,0
6901,SITE-080,PART-6183,2026-04-22,2026-05-02,2026-05-14,178,delivered,True,12
6902,SITE-047,PART-2422,2026-06-21,2026-06-30,2026-06-30,515,pending,False,0
6903,SITE-018,PART-1283,2025-12-04,2025-12-08,2025-12-06,581,delivered,False,0
6904,SITE-078,PART-3276,2025-11-24,2025-12-03,2025-12-01,887,pending,False,0
6905,SITE-057,PART-4320,2025-07-16,2025-07-26,2025-08-05,189,shipped,True,10
6906,SITE-050,PART-8943,2025-09-25,2025-10-04,2025-10-04,259,pending,False,0
6907,SITE-050,PART-1696,2025-08-06,2025-08-09,2025-08-08,377,shipped,False,0
6908,SITE-043,PART-4092,2026-02-08,2026-02-18,2026-02-20,541,delivered,True,2
6909,SITE-013,PART-7190,2026-01-12,2026-01-17,2026-01-16,518,pending,False,0
6910,SITE-079,PART-3360,2025-03-27,2025-04-01,2025-04-01,994,delivered,False,0
6911,SITE-098,PART-9284,2025-11-02,2025-11-09,2025-11-09,449,pending,False,0
6912,SITE-052,PART-7203,2025-07-04,2025-07-08,2025-07-08,794,pending,False,0
6913,SITE-002,PART-5354,2026-09-10,2026-09-20,2026-09-18,208,pending,False,0
6914,SITE-085,PART-1414,2026-04-09,2026-04-14,2026-04-12,283,pending,False,0
6915,SITE-063,PART-4572,2026-02-09,2026-02-19,2026-02-18,680,delivered,False,0
6916,SITE-024,PART-2396,2025-06-23,2025-07-02,2025-07-19,21,delivered,True,17
6917,SITE-050,PART-2422,2026-12-01,2026-12-07,2026-12-07,706,pending,False,0
6918,SITE-099,PART-6819,2026-03-17,2026-03-23,2026-03-21,976,shipped,False,0
6919,SITE-048,PART-8181,2025-04-17,2025-04-26,2025-04-24,971,shipped,False,0
6920,SITE-070,PART-9118,2025-03-22,2025-04-01,2025-03-30,758,delivered,False,0
6921,SITE-065,PART-6842,2025-10-15,2025-10-21,2025-10-20,18,delivered,False,0
6922,SITE-063,PART-9374,2026-12-03,2026-12-13,2026-12-12,762,shipped,False,0
6923,SITE-020,PART-6107,2025-12-15,2025-12-19,2025-12-18,794,pending,False,0
6924,SITE-013,PART-3254,2026-04-12,2026-04-21,2026-04-21,829,delivered,False,0
6925,SITE-086,PART-9629,2026-08-22,2026-08-29,2026-08-28,2,delivered,False,0
6926,SITE-049,PART-8727,2026-08-15,2026-08-23,2026-08-22,327,delivered,False,0
6927,SITE-083,PART-8974,2025-02-07,2025-02-16,2025-02-14,152,pending,False,0
6928,SITE-083,PART-4655,2026-05-28,2026-05-31,2026-05-31,370,delivered,False,0
6929,SITE-100,PART-9623,2026-02-17,2026-02-22,2026-02-21,836,shipped,False,0
6930,SITE-091,PART-5150,2025-04-12,2025-04-19,2025-04-19,10,delivered,False,0
6931,SITE-010,PART-7608,2025-01-24,2025-01-28,2025-01-26,668,shipped,False,0
6932,SITE-041,PART-3340,2025-04-23,2025-04-30,2025-04-28,774,pending,False,0
6933,SITE-087,PART-2499,2026-02-04,2026-02-12,2026-02-11,740,shipped,False,0
6934,SITE-010,PART-2075,2026-12-23,2027-01-02,2027-01-02,79,delivered,False,0
6935,SITE-055,PART-2974,2025-09-04,2025-09-08,2025-09-22,831,delivered,True,14
6936,SITE-037,PART-9340,2025-01-28,2025-01-31,2025-01-30,70,pending,False,0
6937,SITE-095,PART-4908,2025-12-26,2026-01-03,2026-01-01,336,pending,False,0
6938,SITE-091,PART-3343,2026-05-22,2026-06-01,2026-05-31,730,shipped,False,0
6939,SITE-006,PART-8143,2026-01-18,2026-01-21,2026-01-20,105,delivered,False,0
6940,SITE-070,PART-9167,2026-12-25,2027-01-02,2027-01-02,436,delivered,False,0
6941,SITE-025,PART-7537,2025-01-02,2025-01-06,2025-01-05,745,shipped,False,0
6942,SITE-014,PART-4836,2026-09-23,2026-09-29,2026-09-28,971,pending,False,0
6943,SITE-059,PART-2499,2026-04-13,2026-04-21,2026-04-21,121,shipped,False,0
6944,SITE-014,PART-6924,2025-08-10,2025-08-15,2025-08-14,59,pending,False,0
6945,SITE-067,PART-9775,2025-02-23,2025-02-26,2025-02-26,481,pending,False,0
6946,SITE-094,PART-9165,2025-12-19,2025-12-27,2025-12-25,345,pending,False,0
6947,SITE-027,PART-1142,2025-01-03,2025-01-11,2025-01-09,730,delivered,False,0
6948,SITE-012,PART-4762,2025-07-04,2025-07-14,2025-07-14,187,delivered,False,0
6949,SITE-028,PART-9165,2025-01-12,2025-01-17,2025-01-17,523,delivered,False,0
6950,SITE-015,PART-2052,2025-01-23,2025-01-31,2025-01-29,913,delivered,False,0
6951,SITE-078,PART-4774,2026-03-09,2026-03-14,2026-03-12,534,delivered,False,0
6952,SITE-025,PART-7008,2025-10-26,2025-10-31,2025-10-30,493,delivered,False,0
6953,SITE-005,PART-8524,2026-02-25,2026-03-06,2026-03-04,892,pending,False,0
6954,SITE-087,PART-8823,2025-10-17,2025-10-26,2025-10-24,945,delivered,False,0
6955,SITE-039,PART-5004,2026-09-22,2026-09-27,2026-09-27,222,shipped,False,0
6956,SITE-004,PART-9679,2026-06-28,2026-07-07,2026-07-05,943,shipped,False,0
6957,SITE-011,PART-2683,2026-04-13,2026-04-18,2026-04-18,210,shipped,False,0
6958,SITE-036,PART-3691,2025-02-23,2025-03-01,2025-03-03,390,pending,True,2
6959,SITE-035,PART-5121,2026-10-01,2026-10-06,2026-10-05,921,shipped,False,0
6960,SITE-041,PART-7202,2026-01-17,2026-01-21,2026-01-19,76,shipped,False,0
6961,SITE-038,PART-6031,2026-02-07,2026-02-16,2026-02-15,176,pending,False,0
6962,SITE-063,PART-3819,2026-07-14,2026-07-19,2026-07-18,840,pending,False,0
6963,SITE-018,PART-9605,2025-09-12,2025-09-21,2025-09-19,480,delivered,False,0
6964,SITE-073,PART-6618,2025-04-17,2025-04-26,2025-04-24,934,delivered,False,0
6965,SITE-025,PART-7416,2025-09-24,2025-09-28,2025-09-28,850,pending,False,0
6966,SITE-054,PART-1897,2025-09-15,2025-09-22,2025-09-21,967,delivered,False,0
6967,SITE-076,PART-2341,2025-11-17,2025-11-21,2025-11-25,994,delivered,True,4
6968,SITE-025,PART-5073,2026-06-01,2026-06-08,2026-06-07,733,shipped,False,0
6969,SITE-070,PART-4311,2026-06-08,2026-06-12,2026-06-12,642,shipped,False,0
6970,SITE-014,PART-7425,2025-05-13,2025-05-19,2025-05-18,170,shipped,False,0
6971,SITE-057,PART-7200,2026-05-10,2026-05-15,2026-05-14,932,shipped,False,0
6972,SITE-060,PART-5037,2025-11-09,2025-11-16,2025-11-21,364,shipped,True,5
6973,SITE-092,PART-1759,2025-09-04,2025-09-10,2025-09-10,207,pending,False,0
6974,SITE-074,PART-5401,2026-02-26,2026-03-01,2026-02-28,461,delivered,False,0
6975,SITE-003,PART-3867,2026-12-17,2026-12-24,2026-12-23,289,pending,False,0
6976,SITE-002,PART-7785,2025-08-22,2025-08-27,2025-09-11,153,pending,True,15
6977,SITE-020,PART-9167,2025-02-15,2025-02-24,2025-02-23,217,shipped,False,0
6978,SITE-098,PART-8534,2026-10-19,2026-10-28,2026-10-28,446,pending,False,0
6979,SITE-087,PART-1116,2026-12-18,2026-12-23,2026-12-22,261,pending,False,0
6980,SITE-027,PART-6391,2026-04-21,2026-05-01,2026-05-01,383,delivered,False,0
6981,SITE-047,PART-1405,2026-02-26,2026-03-07,2026-03-07,250,shipped,False,0
6982,SITE-055,PART-8690,2025-10-15,2025-10-23,2025-10-21,834,delivered,False,0
6983,SITE-044,PART-4382,2025-06-01,2025-06-09,2025-06-07,848,shipped,False,0
6984,SITE-053,PART-6829,2025-01-13,2025-01-21,2025-01-20,522,pending,False,0
6985,SITE-070,PART-4918,2025-02-15,2025-02-24,2025-02-24,173,shipped,False,0
6986,SITE-052,PART-7366,2025-08-12,2025-08-22,2025-08-25,844,pending,True,3
6987,SITE-004,PART-8874,2026-06-14,2026-06-21,2026-06-21,356,shipped,False,0
6988,SITE-076,PART-5127,2025-12-10,2025-12-17,2025-12-16,239,pending,False,0
6989,SITE-022,PART-8635,2026-12-21,2026-12-28,2027-01-13,650,shipped,True,16
6990,SITE-047,PART-2075,2026-01-26,2026-01-31,2026-02-02,106,pending,True,2
6991,SITE-015,PART-7684,2026-04-05,2026-04-12,2026-04-10,468,pending,False,0
6992,SITE-100,PART-6947,2026-06-05,2026-06-13,2026-06-19,145,delivered,True,6
6993,SITE-010,PART-7625,2026-12-04,2026-12-14,2026-12-13,353,pending,False,0
6994,SITE-040,PART-1591,2025-12-08,2025-12-13,2025-12-12,328,shipped,False,0
6995,SITE-047,PART-2122,2026-08-06,2026-08-15,2026-08-14,320,delivered,False,0
6996,SITE-073,PART-7066,2025-02-17,2025-02-23,2025-02-23,852,pending,False,0
6997,SITE-015,PART-6221,2025-11-04,2025-11-13,2025-11-13,870,shipped,False,0
6998,SITE-044,PART-1055,2025-07-25,2025-07-31,2025-07-29,90,shipped,False,0
6999,SITE-087,PART-4078,2026-06-07,2026-06-17,2026-06-15,385,delivered,False,0
7000,SITE-086,PART-8181,2026-04-14,2026-04-19,2026-04-18,850,pending,False,0
7001,SITE-065,PART-5875,2025-10-17,2025-10-24,2025-10-23,637,pending,False,0
7002,SITE-092,PART-4897,2026-04-20,2026-04-24,2026-04-23,916,pending,False,0
7003,SITE-019,PART-3188,2025-09-04,2025-09-07,2025-09-19,536,shipped,True,12
7004,SITE-012,PART-1937,2026-02-14,2026-02-23,2026-02-21,85,pending,False,0
7005,SITE-036,PART-5031,2026-05-26,2026-05-29,2026-06-05,836,pending,True,7
7006,SITE-062,PART-8500,2025-02-05,2025-02-08,2025-02-07,883,pending,False,0
7007,SITE-055,PART-5625,2025-07-15,2025-07-25,2025-07-24,312,pending,False,0
7008,SITE-043,PART-8505,2025-09-14,2025-09-17,2025-09-15,508,pending,False,0
7009,SITE-023,PART-2046,2025-12-07,2025-12-11,2025-12-11,100,delivered,False,0
7010,SITE-058,PART-7053,2026-05-04,2026-05-10,2026-05-10,264,pending,False,0
7011,SITE-088,PART-1771,2025-05-06,2025-05-09,2025-05-09,140,pending,False,0
7012,SITE-020,PART-1238,2026-10-11,2026-10-16,2026-10-16,724,pending,False,0
7013,SITE-005,PART-8273,2025-11-17,2025-11-23,2025-11-21,470,delivered,False,0
7014,SITE-070,PART-2131,2026-04-07,2026-04-16,2026-04-15,303,pending,False,0
7015,SITE-031,PART-4128,2026-01-24,2026-01-28,2026-01-27,242,delivered,False,0
7016,SITE-008,PART-7087,2026-01-02,2026-01-06,2026-01-05,942,shipped,False,0
7017,SITE-053,PART-7189,2025-06-22,2025-06-26,2025-07-03,702,delivered,True,7
7018,SITE-043,PART-1930,2025-01-25,2025-01-31,2025-01-31,481,shipped,False,0
7019,SITE-059,PART-7020,2026-10-05,2026-10-12,2026-10-11,860,delivered,False,0
7020,SITE-002,PART-9129,2025-03-06,2025-03-12,2025-03-11,55,shipped,False,0
7021,SITE-039,PART-6430,2026-10-27,2026-11-03,2026-11-02,224,pending,False,0
7022,SITE-067,PART-3729,2025-09-26,2025-10-06,2025-10-04,170,shipped,False,0
7023,SITE-097,PART-1074,2025-07-08,2025-07-14,2025-07-12,28,delivered,False,0
7024,SITE-086,PART-7971,2026-07-02,2026-07-11,2026-07-09,549,shipped,False,0
7025,SITE-040,PART-5682,2026-03-22,2026-03-28,2026-03-26,286,shipped,False,0
7026,SITE-084,PART-8084,2026-11-17,2026-11-26,2026-11-25,161,shipped,False,0
7027,SITE-054,PART-1198,2025-10-14,2025-10-24,2025-10-22,577,delivered,False,0
7028,SITE-052,PART-3704,2025-05-05,2025-05-13,2025-05-12,290,pending,False,0
7029,SITE-074,PART-8505,2026-02-17,2026-02-25,2026-02-23,331,delivered,False,0
7030,SITE-017,PART-5950,2025-09-19,2025-09-25,2025-09-23,796,delivered,False,0
7031,SITE-036,PART-9629,2025-10-27,2025-11-04,2025-11-02,684,delivered,False,0
7032,SITE-020,PART-2391,2025-10-16,2025-10-23,2025-10-23,891,pending,False,0
7033,SITE-064,PART-7534,2026-02-07,2026-02-15,2026-03-05,514,pending,True,18
7034,SITE-037,PART-5784,2025-04-28,2025-05-07,2025-05-05,293,delivered,False,0
7035,SITE-069,PART-6101,2026-08-03,2026-08-12,2026-08-10,940,delivered,False,0
7036,SITE-034,PART-1897,2026-11-24,2026-11-27,2026-11-26,201,delivered,False,0
7037,SITE-031,PART-2106,2026-09-03,2026-09-11,2026-09-10,938,delivered,False,0
7038,SITE-073,PART-8505,2025-09-27,2025-10-02,2025-10-02,966,pending,False,0
7039,SITE-024,PART-7433,2025-10-20,2025-10-30,2025-10-29,868,pending,False,0
7040,SITE-009,PART-2784,2026-03-19,2026-03-25,2026-03-28,803,delivered,True,3
7041,SITE-028,PART-7634,2025-11-18,2025-11-27,2025-11-25,572,shipped,False,0
7042,SITE-077,PART-1210,2026-10-21,2026-10-25,2026-10-25,21,shipped,False,0
7043,SITE-067,PART-7290,2026-10-23,2026-10-31,2026-10-31,738,delivered,False,0
7044,SITE-091,PART-8840,2025-03-04,2025-03-07,2025-03-05,235,shipped,False,0
7045,SITE-054,PART-1124,2025-01-26,2025-02-03,2025-02-03,269,shipped,False,0
7046,SITE-089,PART-2683,2025-08-26,2025-08-31,2025-08-31,58,shipped,False,0
7047,SITE-063,PART-8714,2026-09-25,2026-10-03,2026-10-03,681,pending,False,0
7048,SITE-018,PART-9099,2026-07-06,2026-07-13,2026-07-12,323,pending,False,0
7049,SITE-034,PART-2100,2025-04-25,2025-04-30,2025-05-12,986,pending,True,12
7050,SITE-043,PART-6412,2025-09-19,2025-09-25,2025-09-23,410,pending,False,0
7051,SITE-071,PART-8807,2026-08-10,2026-08-13,2026-08-11,364,pending,False,0
7052,SITE-084,PART-1768,2025-11-19,2025-11-22,2025-11-28,200,delivered,True,6
7053,SITE-052,PART-6683,2026-10-12,2026-10-15,2026-10-13,721,shipped,False,0
7054,SITE-085,PART-7428,2025-09-04,2025-09-07,2025-09-07,467,delivered,False,0
7055,SITE-015,PART-5543,2026-06-12,2026-06-17,2026-07-02,481,pending,True,15
7056,SITE-048,PART-8084,2026-11-26,2026-12-03,2026-12-02,156,shipped,False,0
7057,SITE-065,PART-3822,2025-10-01,2025-10-08,2025-10-07,620,pending,False,0
7058,SITE-061,PART-4582,2026-03-06,2026-03-16,2026-03-16,991,delivered,False,0
7059,SITE-050,PART-3811,2026-06-11,2026-06-15,2026-06-15,265,pending,False,0
7060,SITE-016,PART-2505,2026-11-06,2026-11-13,2026-11-11,542,shipped,False,0
7061,SITE-090,PART-5936,2026-05-21,2026-05-29,2026-05-27,446,shipped,False,0
7062,SITE-010,PART-4311,2025-05-24,2025-05-29,2025-05-28,610,shipped,False,0
7063,SITE-003,PART-1874,2026-08-06,2026-08-12,2026-08-16,476,pending,True,4
7064,SITE-075,PART-5534,2025-04-22,2025-04-29,2025-04-29,25,pending,False,0
7065,SITE-030,PART-8302,2026-08-07,2026-08-17,2026-08-16,780,shipped,False,0
7066,SITE-051,PART-2406,2026-07-18,2026-07-22,2026-07-22,272,pending,False,0
7067,SITE-082,PART-7942,2026-04-18,2026-04-27,2026-04-25,158,delivered,False,0
7068,SITE-013,PART-7240,2026-12-18,2026-12-28,2026-12-26,211,delivered,False,0
7069,SITE-089,PART-8423,2025-07-10,2025-07-15,2025-07-26,193,shipped,True,11
7070,SITE-005,PART-2297,2025-06-14,2025-06-17,2025-06-16,307,pending,False,0
7071,SITE-054,PART-2165,2025-12-21,2025-12-30,2025-12-29,21,pending,False,0
7072,SITE-014,PART-8427,2026-08-17,2026-08-22,2026-08-21,915,shipped,False,0
7073,SITE-095,PART-1591,2025-09-03,2025-09-06,2025-09-14,629,delivered,True,8
7074,SITE-030,PART-2430,2025-05-14,2025-05-20,2025-05-18,120,pending,False,0
7075,SITE-043,PART-9632,2025-10-04,2025-10-11,2025-10-11,134,delivered,False,0
7076,SITE-093,PART-4762,2026-12-06,2026-12-11,2026-12-11,925,delivered,False,0
7077,SITE-099,PART-6618,2026-04-08,2026-04-18,2026-04-18,516,delivered,False,0
7078,SITE-028,PART-2699,2026-04-12,2026-04-20,2026-04-18,296,delivered,False,0
7079,SITE-060,PART-1088,2025-04-07,2025-04-12,2025-04-10,621,delivered,False,0
7080,SITE-064,PART-4392,2025-12-10,2025-12-14,2025-12-12,925,shipped,False,0
7081,SITE-088,PART-6819,2025-09-07,2025-09-15,2025-09-14,828,shipped,False,0
7082,SITE-079,PART-4572,2026-09-01,2026-09-05,2026-09-03,279,delivered,False,0
7083,SITE-018,PART-5354,2026-02-14,2026-02-17,2026-02-16,461,shipped,False,0
7084,SITE-033,PART-4072,2026-06-28,2026-07-01,2026-06-30,829,shipped,False,0
7085,SITE-087,PART-4219,2026-07-27,2026-08-06,2026-08-06,598,pending,False,0
7086,SITE-015,PART-1129,2026-01-01,2026-01-08,2026-01-07,355,delivered,False,0
7087,SITE-063,PART-9211,2026-05-21,2026-05-31,2026-05-31,376,delivered,False,0
7088,SITE-056,PART-7944,2026-11-08,2026-11-11,2026-11-10,786,delivered,False,0
7089,SITE-004,PART-7468,2026-03-14,2026-03-21,2026-03-21,280,delivered,False,0
7090,SITE-076,PART-7053,2026-05-13,2026-05-23,2026-05-23,808,pending,False,0
7091,SITE-062,PART-6162,2025-07-22,2025-07-27,2025-07-26,845,delivered,False,0
7092,SITE-084,PART-9704,2026-08-24,2026-08-29,2026-08-27,855,pending,False,0
7093,SITE-038,PART-7935,2026-11-14,2026-11-17,2026-11-15,193,shipped,False,0
7094,SITE-017,PART-9329,2026-03-04,2026-03-07,2026-03-05,555,pending,False,0
7095,SITE-058,PART-7560,2026-03-21,2026-03-27,2026-04-07,362,shipped,True,11
7096,SITE-023,PART-9284,2025-02-22,2025-02-26,2025-03-17,333,shipped,True,19
7097,SITE-077,PART-8113,2025-03-18,2025-03-27,2025-04-09,120,pending,True,13
7098,SITE-056,PART-3704,2025-11-11,2025-11-20,2025-11-18,330,pending,False,0
7099,SITE-008,PART-2739,2025-12-10,2025-12-13,2025-12-13,51,pending,False,0
7100,SITE-100,PART-9554,2025-08-13,2025-08-18,2025-08-18,878,delivered,False,0
7101,SITE-018,PART-4741,2025-02-15,2025-02-23,2025-02-23,793,delivered,False,0
7102,SITE-021,PART-5646,2025-06-13,2025-06-22,2025-06-21,677,pending,False,0
7103,SITE-092,PART-2098,2026-09-23,2026-10-02,2026-10-02,674,delivered,False,0
7104,SITE-073,PART-3285,2025-02-11,2025-02-14,2025-02-13,107,delivered,False,0
7105,SITE-061,PART-5460,2025-12-03,2025-12-08,2025-12-08,813,shipped,False,0
7106,SITE-081,PART-9558,2025-07-26,2025-08-01,2025-07-30,685,pending,False,0
7107,SITE-005,PART-4518,2025-06-19,2025-06-28,2025-06-26,206,pending,False,0
7108,SITE-064,PART-1817,2025-07-04,2025-07-11,2025-07-11,315,pending,False,0
7109,SITE-095,PART-8214,2026-01-24,2026-02-01,2026-02-01,988,delivered,False,0
7110,SITE-071,PART-7563,2025-02-19,2025-02-25,2025-03-06,605,pending,True,9
7111,SITE-071,PART-7093,2026-11-15,2026-11-25,2026-11-25,353,delivered,False,0
7112,SITE-052,PART-5704,2026-05-23,2026-05-30,2026-05-28,352,pending,False,0
7113,SITE-075,PART-1783,2025-05-14,2025-05-17,2025-05-15,802,shipped,False,0
7114,SITE-092,PART-3064,2026-11-27,2026-12-03,2026-12-01,419,delivered,False,0
7115,SITE-017,PART-8448,2025-11-24,2025-11-29,2025-11-28,294,pending,False,0
7116,SITE-039,PART-4354,2026-04-12,2026-04-21,2026-04-20,304,shipped,False,0
7117,SITE-013,PART-2106,2026-04-05,2026-04-09,2026-04-17,460,pending,True,8
7118,SITE-068,PART-1557,2026-05-17,2026-05-21,2026-05-19,926,pending,False,0
7119,SITE-050,PART-2297,2025-07-22,2025-07-27,2025-07-25,250,delivered,False,0
7120,SITE-093,PART-7586,2025-01-05,2025-01-15,2025-01-16,844,pending,True,1
7121,SITE-054,PART-4694,2026-06-09,2026-06-16,2026-06-16,359,shipped,False,0
7122,SITE-043,PART-8202,2025-12-12,2025-12-19,2025-12-30,252,pending,True,11
7123,SITE-009,PART-3646,2025-02-03,2025-02-11,2025-02-11,706,shipped,False,0
7124,SITE-072,PART-5121,2025-12-25,2026-01-02,2026-01-02,446,shipped,False,0
7125,SITE-036,PART-5193,2025-04-27,2025-05-03,2025-05-01,676,delivered,False,0
7126,SITE-089,PART-2443,2026-04-19,2026-04-27,2026-04-25,111,pending,False,0
7127,SITE-060,PART-2100,2026-07-18,2026-07-21,2026-07-24,263,pending,True,3
7128,SITE-083,PART-2122,2025-11-19,2025-11-23,2025-11-21,383,pending,False,0
7129,SITE-092,PART-2748,2026-11-14,2026-11-24,2026-11-24,372,pending,False,0
7130,SITE-016,PART-8042,2026-01-23,2026-02-02,2026-02-10,544,pending,True,8
7131,SITE-048,PART-3592,2025-06-27,2025-07-06,2025-07-06,479,pending,False,0
7132,SITE-091,PART-3869,2025-08-06,2025-08-10,2025-08-09,312,pending,False,0
7133,SITE-032,PART-2445,2026-05-01,2026-05-08,2026-05-07,673,shipped,False,0
7134,SITE-036,PART-4260,2026-05-19,2026-05-29,2026-05-29,372,shipped,False,0
7135,SITE-074,PART-7486,2026-03-17,2026-03-22,2026-03-21,925,delivered,False,0
7136,SITE-092,PART-5534,2026-10-20,2026-10-27,2026-10-27,310,delivered,False,0
7137,SITE-100,PART-4078,2025-01-14,2025-01-17,2025-01-15,6,delivered,False,0
7138,SITE-086,PART-3657,2025-03-26,2025-03-30,2025-03-29,236,pending,False,0
7139,SITE-049,PART-1173,2025-07-04,2025-07-08,2025-07-07,70,pending,False,0
7140,SITE-016,PART-2106,2025-05-25,2025-05-29,2025-05-27,638,pending,False,0
7141,SITE-094,PART-5354,2025-10-25,2025-10-29,2025-10-27,607,pending,False,0
7142,SITE-082,PART-1816,2026-03-25,2026-04-04,2026-04-03,702,pending,False,0
7143,SITE-096,PART-8474,2026-08-05,2026-08-13,2026-08-11,826,shipped,False,0
7144,SITE-036,PART-4662,2025-02-15,2025-02-18,2025-02-17,370,shipped,False,0
7145,SITE-059,PART-8625,2026-05-25,2026-05-29,2026-05-28,686,shipped,False,0
7146,SITE-034,PART-7823,2025-01-22,2025-01-27,2025-01-27,356,shipped,False,0
7147,SITE-098,PART-7425,2026-08-23,2026-08-31,2026-08-30,366,shipped,False,0
7148,SITE-078,PART-5709,2026-09-14,2026-09-19,2026-09-17,835,pending,False,0
7149,SITE-061,PART-3553,2026-09-24,2026-09-28,2026-09-26,324,shipped,False,0
7150,SITE-001,PART-1937,2026-08-07,2026-08-15,2026-08-23,53,delivered,True,8
7151,SITE-055,PART-1138,2026-03-13,2026-03-18,2026-03-18,161,shipped,False,0
7152,SITE-032,PART-7008,2026-03-02,2026-03-05,2026-03-05,21,delivered,False,0
7153,SITE-075,PART-4320,2026-07-08,2026-07-14,2026-07-13,624,delivered,False,0
7154,SITE-008,PART-4032,2026-01-19,2026-01-23,2026-01-22,800,pending,False,0
7155,SITE-097,PART-1945,2025-06-06,2025-06-13,2025-06-12,581,shipped,False,0
7156,SITE-015,PART-7488,2025-06-17,2025-06-27,2025-06-26,418,shipped,False,0
7157,SITE-093,PART-4397,2025-07-12,2025-07-16,2025-07-14,377,pending,False,0
7158,SITE-026,PART-9993,2025-02-08,2025-02-15,2025-02-15,893,pending,False,0
7159,SITE-044,PART-1081,2026-07-22,2026-07-26,2026-08-08,37,shipped,True,13
7160,SITE-025,PART-8723,2026-05-14,2026-05-19,2026-05-18,247,shipped,False,0
7161,SITE-079,PART-1852,2026-04-17,2026-04-23,2026-04-21,971,delivered,False,0
7162,SITE-013,PART-5442,2025-08-18,2025-08-26,2025-08-24,952,delivered,False,0
7163,SITE-045,PART-4422,2025-06-22,2025-06-30,2025-06-30,802,pending,False,0
7164,SITE-082,PART-9306,2026-01-27,2026-02-05,2026-02-04,520,shipped,False,0
7165,SITE-029,PART-1456,2026-09-11,2026-09-19,2026-09-17,154,shipped,False,0
7166,SITE-047,PART-2445,2026-09-13,2026-09-16,2026-09-15,834,delivered,False,0
7167,SITE-088,PART-8261,2025-05-26,2025-06-02,2025-05-31,267,shipped,False,0
7168,SITE-014,PART-1647,2026-02-08,2026-02-16,2026-02-14,259,delivered,False,0
7169,SITE-099,PART-4084,2026-12-05,2026-12-10,2026-12-19,884,shipped,True,9
7170,SITE-060,PART-1463,2025-02-02,2025-02-05,2025-02-05,498,shipped,False,0
7171,SITE-086,PART-8746,2026-09-20,2026-09-30,2026-09-29,639,delivered,False,0
7172,SITE-004,PART-4001,2025-05-05,2025-05-11,2025-05-11,369,shipped,False,0
7173,SITE-041,PART-8524,2026-04-19,2026-04-23,2026-04-22,496,delivered,False,0
7174,SITE-058,PART-1832,2026-12-20,2026-12-27,2026-12-25,452,shipped,False,0
7175,SITE-048,PART-7269,2025-02-22,2025-03-02,2025-02-28,846,shipped,False,0
7176,SITE-032,PART-3715,2026-07-08,2026-07-15,2026-07-14,244,shipped,False,0
7177,SITE-062,PART-3343,2026-11-04,2026-11-13,2026-11-12,957,pending,False,0
7178,SITE-078,PART-7578,2025-07-24,2025-08-01,2025-08-01,800,delivered,False,0
7179,SITE-085,PART-8723,2025-03-14,2025-03-22,2025-03-21,257,pending,False,0
7180,SITE-037,PART-4035,2026-04-02,2026-04-07,2026-04-06,828,shipped,False,0
7181,SITE-087,PART-7144,2025-11-14,2025-11-17,2025-11-15,321,pending,False,0
7182,SITE-074,PART-8483,2026-09-28,2026-10-06,2026-10-05,763,pending,False,0
7183,SITE-059,PART-7606,2026-09-08,2026-09-12,2026-09-12,498,delivered,False,0
7184,SITE-020,PART-7578,2025-02-02,2025-02-12,2025-02-10,235,delivered,False,0
7185,SITE-065,PART-3109,2025-10-21,2025-10-30,2025-10-29,859,shipped,False,0
7186,SITE-055,PART-5200,2026-11-15,2026-11-23,2026-11-23,778,pending,False,0
7187,SITE-029,PART-7942,2025-01-17,2025-01-20,2025-01-19,671,delivered,False,0
7188,SITE-006,PART-6601,2026-12-14,2026-12-18,2026-12-17,478,shipped,False,0
7189,SITE-073,PART-9589,2025-10-07,2025-10-11,2025-10-11,660,shipped,False,0
7190,SITE-080,PART-5031,2025-03-04,2025-03-09,2025-03-09,539,shipped,False,0
7191,SITE-050,PART-2958,2026-10-14,2026-10-23,2026-10-23,7,pending,False,0
7192,SITE-016,PART-8758,2025-04-14,2025-04-24,2025-04-24,681,delivered,False,0
7193,SITE-089,PART-4638,2026-02-02,2026-02-06,2026-02-04,167,pending,False,0
7194,SITE-035,PART-1249,2025-12-18,2025-12-21,2025-12-21,594,shipped,False,0
7195,SITE-093,PART-5682,2026-02-23,2026-03-01,2026-02-27,494,pending,False,0
7196,SITE-007,PART-9883,2026-03-17,2026-03-26,2026-03-24,580,pending,False,0
7197,SITE-063,PART-4058,2025-09-28,2025-10-06,2025-10-04,871,pending,False,0
7198,SITE-028,PART-2106,2025-02-24,2025-03-02,2025-03-10,816,delivered,True,8
7199,SITE-002,PART-4184,2025-12-13,2025-12-16,2025-12-16,951,shipped,False,0
7200,SITE-036,PART-3959,2026-02-27,2026-03-05,2026-03-03,338,delivered,False,0
7201,SITE-075,PART-2577,2025-11-19,2025-11-24,2025-11-24,689,delivered,False,0
7202,SITE-068,PART-4297,2025-12-09,2025-12-14,2025-12-12,687,delivered,False,0
7203,SITE-061,PART-2445,2025-05-11,2025-05-16,2025-05-15,686,delivered,False,0
7204,SITE-058,PART-7767,2026-10-02,2026-10-08,2026-10-08,544,pending,False,0
7205,SITE-006,PART-9511,2026-07-18,2026-07-25,2026-07-25,269,delivered,False,0
7206,SITE-075,PART-9606,2025-01-18,2025-01-25,2025-01-25,589,shipped,False,0
7207,SITE-092,PART-4543,2026-03-12,2026-03-17,2026-03-23,417,pending,True,6
7208,SITE-061,PART-4741,2025-12-17,2025-12-20,2025-12-18,736,pending,False,0
7209,SITE-055,PART-2974,2026-07-03,2026-07-09,2026-07-09,436,pending,False,0
7210,SITE-008,PART-9363,2026-04-26,2026-05-01,2026-05-01,623,shipped,False,0
7211,SITE-050,PART-2003,2025-05-25,2025-06-01,2025-06-01,505,pending,False,0
7212,SITE-027,PART-7991,2026-04-24,2026-05-02,2026-05-02,612,delivered,False,0
7213,SITE-055,PART-8361,2025-02-23,2025-03-02,2025-03-01,230,delivered,False,0
7214,SITE-090,PART-3009,2025-06-11,2025-06-19,2025-06-18,890,delivered,False,0
7215,SITE-045,PART-2122,2026-11-09,2026-11-14,2026-11-14,437,shipped,False,0
7216,SITE-067,PART-9518,2026-09-09,2026-09-19,2026-09-30,200,shipped,True,11
7217,SITE-021,PART-7183,2026-10-16,2026-10-19,2026-10-19,354,pending,False,0
7218,SITE-055,PART-1613,2025-03-08,2025-03-16,2025-04-05,500,pending,True,20
7219,SITE-069,PART-2122,2026-04-06,2026-04-10,2026-04-20,614,shipped,True,10
7220,SITE-081,PART-5298,2026-10-02,2026-10-10,2026-10-10,145,pending,False,0
7221,SITE-098,PART-3285,2025-06-18,2025-06-27,2025-06-26,599,shipped,False,0
7222,SITE-007,PART-3655,2025-07-12,2025-07-15,2025-07-13,937,pending,False,0
7223,SITE-042,PART-9511,2025-04-12,2025-04-21,2025-04-21,379,shipped,False,0
7224,SITE-081,PART-2802,2025-08-11,2025-08-20,2025-08-18,539,shipped,False,0
7225,SITE-030,PART-7588,2025-09-05,2025-09-08,2025-09-06,15,delivered,False,0
7226,SITE-042,PART-1496,2026-07-04,2026-07-14,2026-07-13,984,pending,False,0
7227,SITE-072,PART-3435,2025-01-25,2025-02-01,2025-01-31,95,pending,False,0
7228,SITE-007,PART-1283,2025-08-26,2025-08-29,2025-09-01,636,pending,True,3
7229,SITE-091,PART-1363,2025-01-09,2025-01-18,2025-02-04,632,pending,True,17
7230,SITE-079,PART-4238,2026-03-25,2026-04-01,2026-04-01,587,pending,False,0
7231,SITE-018,PART-8675,2026-04-11,2026-04-14,2026-04-12,476,delivered,False,0
7232,SITE-011,PART-7202,2026-02-21,2026-02-24,2026-02-22,455,shipped,False,0
7233,SITE-080,PART-9097,2026-06-06,2026-06-10,2026-06-08,22,shipped,False,0
7234,SITE-020,PART-3161,2026-06-13,2026-06-19,2026-06-19,903,shipped,False,0
7235,SITE-084,PART-9284,2026-11-27,2026-12-02,2026-12-01,145,shipped,False,0
7236,SITE-100,PART-4886,2025-04-18,2025-04-21,2025-04-21,329,delivered,False,0
7237,SITE-094,PART-5298,2026-06-17,2026-06-27,2026-06-25,189,delivered,False,0
7238,SITE-034,PART-2974,2026-07-08,2026-07-17,2026-07-17,525,delivered,False,0
7239,SITE-057,PART-9336,2026-07-27,2026-08-04,2026-08-04,202,pending,False,0
7240,SITE-030,PART-7634,2025-08-01,2025-08-10,2025-08-10,408,pending,False,0
7241,SITE-063,PART-2099,2025-03-18,2025-03-23,2025-03-23,961,delivered,False,0
7242,SITE-070,PART-8581,2025-12-04,2025-12-08,2025-12-08,861,pending,False,0
7243,SITE-015,PART-7758,2026-11-11,2026-11-14,2026-11-13,901,shipped,False,0
7244,SITE-096,PART-5921,2025-03-16,2025-03-24,2025-03-24,758,delivered,False,0
7245,SITE-075,PART-2380,2026-04-13,2026-04-23,2026-04-21,916,delivered,False,0
7246,SITE-075,PART-7135,2026-08-11,2026-08-18,2026-08-16,910,shipped,False,0
7247,SITE-027,PART-9451,2026-03-06,2026-03-12,2026-03-10,934,pending,False,0
7248,SITE-051,PART-2036,2025-02-18,2025-02-27,2025-02-26,492,pending,False,0
7249,SITE-023,PART-8783,2025-07-23,2025-08-01,2025-08-04,218,shipped,True,3
7250,SITE-045,PART-6327,2026-12-07,2026-12-17,2026-12-17,531,shipped,False,0
7251,SITE-052,PART-3258,2026-09-19,2026-09-29,2026-09-29,188,delivered,False,0
7252,SITE-087,PART-8555,2025-10-09,2025-10-17,2025-10-15,21,shipped,False,0
7253,SITE-028,PART-2283,2025-03-13,2025-03-21,2025-03-21,922,delivered,False,0
7254,SITE-079,PART-1099,2026-05-27,2026-06-03,2026-06-02,484,delivered,False,0
7255,SITE-095,PART-5534,2025-01-09,2025-01-14,2025-01-13,644,pending,False,0
7256,SITE-057,PART-3715,2025-03-14,2025-03-20,2025-03-18,738,delivered,False,0
7257,SITE-070,PART-1695,2025-09-08,2025-09-13,2025-09-13,100,shipped,False,0
7258,SITE-094,PART-2790,2026-10-10,2026-10-18,2026-10-18,78,delivered,False,0
7259,SITE-016,PART-5704,2026-05-15,2026-05-24,2026-05-22,473,delivered,False,0
7260,SITE-026,PART-6013,2026-08-26,2026-09-02,2026-09-02,359,shipped,False,0
7261,SITE-029,PART-8723,2025-06-09,2025-06-12,2025-06-12,616,shipped,False,0
7262,SITE-059,PART-6908,2026-09-28,2026-10-03,2026-10-07,621,pending,True,4
7263,SITE-041,PART-2331,2025-02-26,2025-03-01,2025-03-01,727,pending,False,0
7264,SITE-042,PART-6023,2026-08-15,2026-08-21,2026-08-20,541,shipped,False,0
7265,SITE-036,PART-3937,2026-04-06,2026-04-10,2026-04-09,338,shipped,False,0
7266,SITE-021,PART-9097,2026-04-01,2026-04-11,2026-04-20,698,shipped,True,9
7267,SITE-058,PART-2106,2025-05-09,2025-05-12,2025-05-19,771,shipped,True,7
7268,SITE-034,PART-6947,2025-08-03,2025-08-13,2025-08-11,381,delivered,False,0
7269,SITE-014,PART-7413,2026-11-04,2026-11-08,2026-11-08,955,pending,False,0
7270,SITE-029,PART-9292,2025-07-13,2025-07-22,2025-07-22,823,shipped,False,0
7271,SITE-061,PART-9993,2026-06-04,2026-06-10,2026-06-16,170,pending,True,6
7272,SITE-055,PART-4906,2025-07-07,2025-07-13,2025-07-12,630,delivered,False,0
7273,SITE-012,PART-3531,2025-03-18,2025-03-25,2025-03-24,680,pending,False,0
7274,SITE-086,PART-9893,2026-04-15,2026-04-20,2026-04-20,583,shipped,False,0
7275,SITE-029,PART-2317,2026-10-20,2026-10-30,2026-10-28,305,shipped,False,0
7276,SITE-010,PART-5668,2025-07-12,2025-07-15,2025-07-14,195,pending,False,0
7277,SITE-096,PART-4908,2026-03-26,2026-04-03,2026-04-03,366,pending,False,0
7278,SITE-007,PART-2116,2026-09-17,2026-09-23,2026-09-22,906,delivered,False,0
7279,SITE-064,PART-9278,2026-03-24,2026-04-02,2026-04-14,149,shipped,True,12
7280,SITE-008,PART-9758,2025-08-24,2025-09-01,2025-09-20,623,shipped,True,19
7281,SITE-091,PART-2127,2025-03-05,2025-03-14,2025-03-12,436,pending,False,0
7282,SITE-056,PART-7345,2026-01-13,2026-01-21,2026-01-20,785,delivered,False,0
7283,SITE-004,PART-5127,2026-03-28,2026-04-07,2026-04-05,738,delivered,False,0
7284,SITE-080,PART-5094,2025-07-08,2025-07-12,2025-07-12,499,shipped,False,0
7285,SITE-024,PART-7586,2025-01-10,2025-01-20,2025-01-18,349,pending,False,0
7286,SITE-054,PART-2165,2025-05-28,2025-05-31,2025-05-30,436,shipped,False,0
7287,SITE-073,PART-2653,2025-01-14,2025-01-20,2025-01-19,149,pending,False,0
7288,SITE-020,PART-4582,2026-10-28,2026-11-01,2026-10-31,151,shipped,False,0
7289,SITE-024,PART-7200,2025-07-26,2025-07-29,2025-07-27,236,delivered,False,0
7290,SITE-014,PART-7935,2026-07-02,2026-07-09,2026-07-09,338,delivered,False,0
7291,SITE-061,PART-7144,2025-07-02,2025-07-12,2025-07-18,369,shipped,True,6
7292,SITE-042,PART-8524,2025-03-21,2025-03-27,2025-03-25,369,pending,False,0
7293,SITE-011,PART-2766,2026-10-18,2026-10-27,2026-10-25,159,shipped,False,0
7294,SITE-013,PART-3553,2025-03-21,2025-03-25,2025-03-25,730,shipped,False,0
7295,SITE-072,PART-9128,2025-08-25,2025-08-29,2025-08-28,844,shipped,False,0
7296,SITE-054,PART-7144,2026-08-27,2026-09-03,2026-09-02,326,pending,False,0
7297,SITE-009,PART-4206,2025-08-12,2025-08-16,2025-08-14,580,delivered,False,0
7298,SITE-094,PART-6072,2026-10-14,2026-10-24,2026-10-23,458,delivered,False,0
7299,SITE-015,PART-2653,2025-01-13,2025-01-19,2025-01-18,153,delivered,False,0
7300,SITE-071,PART-9492,2025-02-08,2025-02-13,2025-02-13,805,pending,False,0
7301,SITE-066,PART-1937,2025-11-26,2025-12-04,2025-12-04,263,pending,False,0
7302,SITE-015,PART-4545,2025-07-02,2025-07-12,2025-07-11,335,shipped,False,0
7303,SITE-033,PART-4748,2025-08-27,2025-09-02,2025-09-02,843,delivered,False,0
7304,SITE-012,PART-4906,2026-11-01,2026-11-05,2026-11-05,659,pending,False,0
7305,SITE-075,PART-9883,2025-05-03,2025-05-07,2025-05-06,613,shipped,False,0
7306,SITE-045,PART-3360,2026-10-05,2026-10-13,2026-10-12,771,pending,False,0
7307,SITE-060,PART-2830,2025-11-13,2025-11-19,2025-11-17,180,delivered,False,0
7308,SITE-090,PART-6766,2025-02-19,2025-02-23,2025-02-23,52,delivered,False,0
7309,SITE-018,PART-4309,2026-05-07,2026-05-15,2026-05-14,676,pending,False,0
7310,SITE-091,PART-1591,2025-09-21,2025-09-30,2025-10-05,16,shipped,True,5
7311,SITE-094,PART-7082,2026-05-03,2026-05-07,2026-05-07,33,shipped,False,0
7312,SITE-050,PART-3130,2025-04-13,2025-04-19,2025-04-17,624,delivered,False,0
7313,SITE-028,PART-1225,2025-09-21,2025-09-25,2025-09-24,684,delivered,False,0
7314,SITE-095,PART-9467,2026-03-03,2026-03-09,2026-03-08,970,pending,False,0
7315,SITE-054,PART-9374,2025-08-24,2025-08-31,2025-09-18,729,delivered,True,18
7316,SITE-064,PART-8861,2025-12-02,2025-12-08,2025-12-07,968,delivered,False,0
7317,SITE-035,PART-5238,2026-12-17,2026-12-20,2026-12-19,921,delivered,False,0
7318,SITE-092,PART-6805,2025-06-17,2025-06-20,2025-06-18,165,pending,False,0
7319,SITE-070,PART-2317,2026-09-26,2026-10-05,2026-10-16,739,shipped,True,11
7320,SITE-051,PART-4260,2025-10-25,2025-11-02,2025-10-31,494,pending,False,0
7321,SITE-093,PART-9856,2026-02-10,2026-02-17,2026-02-15,779,shipped,False,0
7322,SITE-036,PART-1817,2025-03-10,2025-03-19,2025-03-19,179,pending,False,0
7323,SITE-093,PART-8695,2025-10-28,2025-11-01,2025-10-31,217,pending,False,0
7324,SITE-099,PART-8625,2025-04-20,2025-04-24,2025-04-23,897,delivered,False,0
7325,SITE-084,PART-1891,2025-09-15,2025-09-20,2025-09-19,606,delivered,False,0
7326,SITE-036,PART-4655,2025-05-14,2025-05-21,2025-05-20,685,delivered,False,0
7327,SITE-040,PART-6153,2026-01-10,2026-01-13,2026-01-18,671,pending,True,5
7328,SITE-026,PART-7505,2025-02-14,2025-02-20,2025-03-03,332,pending,True,11
7329,SITE-010,PART-8874,2025-06-05,2025-06-11,2025-06-24,197,delivered,True,13
7330,SITE-098,PART-2297,2026-02-13,2026-02-19,2026-02-18,451,delivered,False,0
7331,SITE-043,PART-9632,2026-05-06,2026-05-15,2026-05-15,152,delivered,False,0
7332,SITE-096,PART-7135,2025-03-05,2025-03-13,2025-03-13,647,delivered,False,0
7333,SITE-008,PART-2445,2026-04-18,2026-04-26,2026-04-24,948,shipped,False,0
7334,SITE-088,PART-8214,2026-10-10,2026-10-19,2026-10-18,782,shipped,False,0
7335,SITE-044,PART-7199,2025-12-26,2026-01-05,2026-01-04,891,shipped,False,0
7336,SITE-001,PART-8211,2025-10-26,2025-11-02,2025-11-01,353,pending,False,0
7337,SITE-019,PART-3199,2025-07-22,2025-07-31,2025-07-30,149,delivered,False,0
7338,SITE-049,PART-1017,2026-11-26,2026-11-30,2026-11-28,978,shipped,False,0
7339,SITE-008,PART-3254,2026-04-21,2026-04-28,2026-04-28,841,pending,False,0
7340,SITE-071,PART-6355,2025-05-26,2025-05-30,2025-05-29,725,pending,False,0
7341,SITE-015,PART-5648,2026-07-16,2026-07-19,2026-07-19,287,pending,False,0
7342,SITE-094,PART-7486,2026-12-23,2026-12-31,2026-12-31,244,pending,False,0
7343,SITE-083,PART-1673,2026-03-04,2026-03-11,2026-03-12,651,shipped,True,1
7344,SITE-062,PART-5961,2026-09-09,2026-09-16,2026-09-23,592,pending,True,7
7345,SITE-042,PART-1534,2026-07-15,2026-07-19,2026-07-18,136,pending,False,0
7346,SITE-070,PART-9371,2025-11-11,2025-11-17,2025-11-15,647,delivered,False,0
7347,SITE-100,PART-5546,2025-07-24,2025-08-03,2025-08-05,134,shipped,True,2
7348,SITE-079,PART-3718,2025-02-20,2025-02-27,2025-03-15,621,delivered,True,16
7349,SITE-097,PART-7586,2026-09-24,2026-09-28,2026-10-04,768,delivered,True,6
7350,SITE-054,PART-3715,2025-11-26,2025-12-05,2025-12-03,972,shipped,False,0
7351,SITE-051,PART-3162,2025-06-13,2025-06-19,2025-06-18,406,pending,False,0
7352,SITE-099,PART-9370,2026-05-09,2026-05-12,2026-05-12,457,pending,False,0
7353,SITE-071,PART-2003,2026-02-21,2026-02-28,2026-02-28,705,shipped,False,0
7354,SITE-065,PART-4640,2026-08-09,2026-08-12,2026-08-10,215,delivered,False,0
7355,SITE-028,PART-9634,2026-06-17,2026-06-24,2026-06-24,146,pending,False,0
7356,SITE-035,PART-4774,2025-03-12,2025-03-19,2025-03-17,882,delivered,False,0
7357,SITE-098,PART-7121,2026-04-20,2026-04-25,2026-04-25,256,pending,False,0
7358,SITE-040,PART-4501,2025-01-19,2025-01-29,2025-01-29,579,delivered,False,0
7359,SITE-013,PART-4072,2025-12-02,2025-12-07,2025-12-07,260,delivered,False,0
7360,SITE-033,PART-6762,2025-04-03,2025-04-07,2025-04-09,716,pending,True,2
7361,SITE-081,PART-9913,2026-03-05,2026-03-09,2026-03-08,258,shipped,False,0
7362,SITE-052,PART-4392,2025-03-28,2025-04-05,2025-04-11,135,delivered,True,6
7363,SITE-052,PART-8555,2025-10-01,2025-10-11,2025-10-16,713,delivered,True,5
7364,SITE-020,PART-7082,2026-01-07,2026-01-14,2026-01-14,528,delivered,False,0
7365,SITE-069,PART-7056,2026-11-12,2026-11-16,2026-11-15,596,delivered,False,0
7366,SITE-041,PART-4829,2026-03-11,2026-03-15,2026-03-15,593,delivered,False,0
7367,SITE-046,PART-2007,2025-06-03,2025-06-07,2025-06-05,584,shipped,False,0
7368,SITE-080,PART-8451,2026-10-27,2026-11-02,2026-11-02,160,shipped,False,0
7369,SITE-094,PART-9340,2026-04-02,2026-04-11,2026-04-11,83,pending,False,0
7370,SITE-071,PART-5368,2026-10-15,2026-10-19,2026-10-21,318,delivered,True,2
7371,SITE-045,PART-2451,2026-07-05,2026-07-09,2026-07-08,181,shipped,False,0
7372,SITE-080,PART-4238,2025-04-09,2025-04-19,2025-04-19,504,delivered,False,0
7373,SITE-066,PART-9037,2026-03-14,2026-03-20,2026-03-20,533,delivered,False,0
7374,SITE-076,PART-1116,2025-07-10,2025-07-20,2025-07-18,75,pending,False,0
7375,SITE-038,PART-2213,2025-04-17,2025-04-25,2025-04-24,170,delivered,False,0
7376,SITE-083,PART-7746,2026-03-22,2026-03-28,2026-03-28,692,pending,False,0
7377,SITE-008,PART-8126,2026-03-02,2026-03-05,2026-03-03,339,delivered,False,0
7378,SITE-058,PART-5238,2025-04-09,2025-04-15,2025-04-13,626,pending,False,0
7379,SITE-063,PART-8694,2025-12-19,2025-12-22,2025-12-22,130,shipped,False,0
7380,SITE-020,PART-2974,2026-12-06,2026-12-16,2026-12-15,54,pending,False,0
7381,SITE-017,PART-3201,2025-10-13,2025-10-18,2025-10-16,294,shipped,False,0
7382,SITE-050,PART-3798,2025-03-16,2025-03-26,2025-04-11,639,shipped,True,16
7383,SITE-038,PART-9162,2025-08-23,2025-08-28,2025-08-26,988,pending,False,0
7384,SITE-066,PART-5646,2026-02-08,2026-02-11,2026-02-10,944,shipped,False,0
7385,SITE-049,PART-2927,2026-10-02,2026-10-08,2026-10-06,66,shipped,False,0
7386,SITE-085,PART-5319,2026-06-15,2026-06-24,2026-06-22,683,delivered,False,0
7387,SITE-036,PART-1872,2026-08-26,2026-08-29,2026-08-27,766,pending,False,0
7388,SITE-043,PART-7606,2026-08-15,2026-08-20,2026-08-20,613,delivered,False,0
7389,SITE-080,PART-6829,2026-06-13,2026-06-19,2026-06-19,67,shipped,False,0
7390,SITE-081,PART-4032,2025-03-06,2025-03-12,2025-03-12,515,shipped,False,0
7391,SITE-014,PART-5073,2025-02-07,2025-02-15,2025-02-13,255,pending,False,0
7392,SITE-021,PART-3531,2026-10-05,2026-10-08,2026-10-07,830,shipped,False,0
7393,SITE-082,PART-3867,2026-02-01,2026-02-05,2026-02-03,889,shipped,False,0
7394,SITE-065,PART-7232,2026-07-27,2026-08-04,2026-08-03,501,shipped,False,0
7395,SITE-001,PART-9739,2025-11-17,2025-11-21,2025-11-20,226,shipped,False,0
7396,SITE-005,PART-1134,2025-07-22,2025-07-27,2025-07-26,396,pending,False,0
7397,SITE-049,PART-4694,2025-03-22,2025-03-26,2025-03-26,521,pending,False,0
7398,SITE-083,PART-6588,2026-04-02,2026-04-10,2026-04-09,342,pending,False,0
7399,SITE-061,PART-9284,2026-11-23,2026-12-03,2026-12-03,583,pending,False,0
7400,SITE-021,PART-9629,2026-01-08,2026-01-13,2026-01-11,458,pending,False,0
7401,SITE-075,PART-2430,2026-08-09,2026-08-13,2026-08-11,89,shipped,False,0
7402,SITE-013,PART-2317,2026-02-02,2026-02-12,2026-02-12,969,delivered,False,0
7403,SITE-064,PART-2779,2025-04-26,2025-05-03,2025-05-03,490,pending,False,0
7404,SITE-052,PART-7944,2026-11-23,2026-11-26,2026-11-25,781,shipped,False,0
7405,SITE-016,PART-1456,2025-11-23,2025-11-30,2025-11-28,912,delivered,False,0
7406,SITE-026,PART-1055,2025-01-16,2025-01-25,2025-01-24,283,pending,False,0
7407,SITE-037,PART-6574,2026-01-15,2026-01-20,2026-01-23,897,shipped,True,3
7408,SITE-051,PART-1591,2026-09-07,2026-09-16,2026-09-16,568,shipped,False,0
7409,SITE-048,PART-6811,2025-07-09,2025-07-16,2025-07-14,813,shipped,False,0
7410,SITE-024,PART-5127,2025-10-04,2025-10-13,2025-10-11,495,pending,False,0
7411,SITE-056,PART-8676,2025-06-26,2025-06-30,2025-06-29,320,shipped,False,0
7412,SITE-094,PART-1210,2025-02-19,2025-02-22,2025-02-21,153,pending,False,0
7413,SITE-087,PART-9805,2026-03-11,2026-03-15,2026-03-13,346,delivered,False,0
7414,SITE-055,PART-3718,2025-11-03,2025-11-12,2025-11-12,676,delivered,False,0
7415,SITE-028,PART-1327,2026-07-22,2026-08-01,2026-07-31,940,delivered,False,0
7416,SITE-011,PART-1632,2025-03-25,2025-03-28,2025-03-28,860,delivered,False,0
7417,SITE-072,PART-7739,2026-07-05,2026-07-14,2026-07-12,339,delivered,False,0
7418,SITE-056,PART-3121,2026-11-27,2026-11-30,2026-11-30,953,pending,False,0
7419,SITE-071,PART-8876,2025-01-20,2025-01-25,2025-01-23,844,pending,False,0
7420,SITE-011,PART-9518,2026-02-20,2026-02-26,2026-02-24,488,shipped,False,0
7421,SITE-034,PART-4370,2025-02-21,2025-02-28,2025-02-28,213,delivered,False,0
7422,SITE-043,PART-5664,2026-09-17,2026-09-24,2026-09-22,318,shipped,False,0
7423,SITE-013,PART-9856,2025-05-05,2025-05-13,2025-05-12,245,pending,False,0
7424,SITE-090,PART-9564,2026-06-13,2026-06-21,2026-06-20,298,pending,False,0
7425,SITE-070,PART-2356,2025-09-19,2025-09-27,2025-09-25,618,pending,False,0
7426,SITE-089,PART-9271,2026-06-24,2026-07-03,2026-07-08,282,pending,True,5
7427,SITE-031,PART-3323,2026-07-01,2026-07-05,2026-07-05,140,shipped,False,0
7428,SITE-081,PART-3504,2026-02-14,2026-02-21,2026-02-20,607,shipped,False,0
7429,SITE-045,PART-8420,2025-03-05,2025-03-09,2025-03-09,980,pending,False,0
7430,SITE-017,PART-7740,2026-07-09,2026-07-16,2026-07-14,657,shipped,False,0
7431,SITE-077,PART-4886,2026-11-10,2026-11-19,2026-11-17,966,pending,False,0
7432,SITE-035,PART-9987,2026-05-27,2026-06-06,2026-06-06,229,pending,False,0
7433,SITE-017,PART-6072,2026-01-05,2026-01-15,2026-01-13,33,pending,False,0
7434,SITE-062,PART-2317,2025-09-02,2025-09-08,2025-09-07,196,delivered,False,0
7435,SITE-065,PART-5659,2026-06-22,2026-06-28,2026-07-08,254,pending,True,10
7436,SITE-084,PART-3347,2026-06-10,2026-06-13,2026-06-11,137,pending,False,0
7437,SITE-014,PART-4297,2026-03-10,2026-03-17,2026-03-17,385,shipped,False,0
7438,SITE-045,PART-2075,2025-05-03,2025-05-08,2025-05-08,707,delivered,False,0
7439,SITE-063,PART-9377,2025-11-13,2025-11-18,2025-11-17,631,shipped,False,0
7440,SITE-046,PART-2952,2025-06-08,2025-06-14,2025-06-20,879,shipped,True,6
7441,SITE-021,PART-2283,2025-08-04,2025-08-10,2025-08-08,862,delivered,False,0
7442,SITE-013,PART-5150,2025-02-17,2025-02-27,2025-02-25,421,pending,False,0
7443,SITE-043,PART-2317,2026-10-21,2026-10-30,2026-10-30,811,pending,False,0
7444,SITE-018,PART-8488,2025-09-02,2025-09-05,2025-09-03,686,shipped,False,0
7445,SITE-016,PART-9406,2026-01-17,2026-01-20,2026-01-18,37,pending,False,0
7446,SITE-082,PART-7949,2026-03-26,2026-03-31,2026-04-03,746,delivered,True,3
7447,SITE-015,PART-1534,2025-06-27,2025-07-05,2025-07-04,221,pending,False,0
7448,SITE-008,PART-9795,2026-08-18,2026-08-23,2026-08-22,722,delivered,False,0
7449,SITE-015,PART-9077,2026-12-24,2027-01-02,2026-12-31,996,delivered,False,0
7450,SITE-026,PART-3015,2026-01-19,2026-01-24,2026-01-24,479,pending,False,0
7451,SITE-062,PART-4880,2026-03-24,2026-03-29,2026-03-27,614,shipped,False,0
7452,SITE-044,PART-4781,2026-05-12,2026-05-16,2026-05-24,401,shipped,True,8
7453,SITE-002,PART-3105,2026-03-28,2026-04-01,2026-03-30,462,shipped,False,0
7454,SITE-072,PART-3808,2025-07-23,2025-07-30,2025-07-28,243,delivered,False,0
7455,SITE-058,PART-9511,2025-05-15,2025-05-19,2025-05-17,469,delivered,False,0
7456,SITE-062,PART-1259,2025-01-06,2025-01-13,2025-01-12,15,delivered,False,0
7457,SITE-059,PART-4078,2025-10-10,2025-10-13,2025-10-12,639,shipped,False,0
7458,SITE-015,PART-9037,2025-05-22,2025-05-27,2025-05-25,943,shipped,False,0
7459,SITE-037,PART-4880,2026-02-16,2026-02-26,2026-02-25,93,delivered,False,0
7460,SITE-046,PART-3574,2025-09-18,2025-09-24,2025-09-22,519,delivered,False,0
7461,SITE-024,PART-4206,2025-08-11,2025-08-21,2025-08-19,6,shipped,False,0
7462,SITE-069,PART-9739,2025-08-15,2025-08-23,2025-08-21,139,delivered,False,0
7463,SITE-019,PART-2276,2025-01-06,2025-01-15,2025-01-15,794,shipped,False,0
7464,SITE-065,PART-3653,2025-08-19,2025-08-24,2025-08-23,905,delivered,False,0
7465,SITE-039,PART-1724,2025-04-04,2025-04-09,2025-04-08,166,pending,False,0
7466,SITE-054,PART-2218,2025-06-12,2025-06-20,2025-06-19,163,delivered,False,0
7467,SITE-006,PART-7563,2025-01-19,2025-01-22,2025-01-20,964,delivered,False,0
7468,SITE-055,PART-3257,2025-02-20,2025-03-01,2025-02-27,668,pending,False,0
7469,SITE-097,PART-8355,2025-04-23,2025-04-27,2025-04-25,330,delivered,False,0
7470,SITE-069,PART-2784,2025-04-03,2025-04-12,2025-04-11,434,pending,False,0
7471,SITE-044,PART-7833,2026-04-16,2026-04-19,2026-04-17,573,delivered,False,0
7472,SITE-083,PART-4354,2025-08-07,2025-08-17,2025-08-16,258,shipped,False,0
7473,SITE-061,PART-6299,2025-05-12,2025-05-21,2025-05-20,372,shipped,False,0
7474,SITE-017,PART-9097,2025-06-08,2025-06-16,2025-06-14,185,shipped,False,0
7475,SITE-031,PART-3112,2026-04-17,2026-04-23,2026-04-21,561,pending,False,0
7476,SITE-054,PART-1218,2026-09-11,2026-09-17,2026-09-17,5,delivered,False,0
7477,SITE-039,PART-6221,2025-02-25,2025-03-03,2025-03-03,883,shipped,False,0
7478,SITE-023,PART-7991,2025-04-12,2025-04-19,2025-04-17,597,delivered,False,0
7479,SITE-064,PART-8062,2026-01-13,2026-01-17,2026-01-16,693,pending,False,0
7480,SITE-043,PART-8768,2025-01-16,2025-01-25,2025-01-24,843,shipped,False,0
7481,SITE-005,PART-3648,2026-11-23,2026-12-02,2026-12-02,792,shipped,False,0
7482,SITE-069,PART-3323,2026-02-12,2026-02-20,2026-02-19,230,shipped,False,0
7483,SITE-096,PART-9370,2026-12-04,2026-12-07,2026-12-07,775,shipped,False,0
7484,SITE-067,PART-5875,2025-11-26,2025-12-06,2025-12-05,552,shipped,False,0
7485,SITE-092,PART-9129,2025-06-11,2025-06-14,2025-06-14,788,pending,False,0
7486,SITE-090,PART-9754,2026-11-19,2026-11-24,2026-11-22,945,shipped,False,0
7487,SITE-002,PART-6601,2025-05-19,2025-05-24,2025-05-24,52,pending,False,0
7488,SITE-096,PART-6683,2026-10-01,2026-10-07,2026-10-06,75,delivered,False,0
7489,SITE-057,PART-1142,2026-05-13,2026-05-18,2026-05-17,769,pending,False,0
7490,SITE-019,PART-2419,2026-01-21,2026-01-26,2026-02-12,453,delivered,True,17
7491,SITE-002,PART-4181,2025-09-03,2025-09-11,2025-09-18,458,pending,True,7
7492,SITE-041,PART-3602,2026-08-02,2026-08-05,2026-08-15,96,pending,True,10
7493,SITE-100,PART-4072,2025-02-27,2025-03-04,2025-03-04,933,shipped,False,0
7494,SITE-001,PART-5907,2026-03-02,2026-03-07,2026-03-05,906,shipped,False,0
7495,SITE-073,PART-3360,2025-02-16,2025-02-21,2025-02-19,88,delivered,False,0
7496,SITE-097,PART-4324,2025-10-18,2025-10-24,2025-10-24,587,shipped,False,0
7497,SITE-076,PART-9165,2026-08-05,2026-08-10,2026-08-10,194,pending,False,0
7498,SITE-077,PART-7560,2026-08-05,2026-08-09,2026-08-08,394,shipped,False,0
7499,SITE-074,PART-4872,2025-08-25,2025-09-02,2025-09-02,172,shipped,False,0
7500,SITE-082,PART-7203,2026-04-25,2026-05-01,2026-05-09,746,delivered,True,8
7501,SITE-046,PART-8008,2026-11-16,2026-11-20,2026-11-18,354,pending,False,0
7502,SITE-046,PART-4128,2025-02-16,2025-02-24,2025-02-23,321,pending,False,0
7503,SITE-052,PART-4422,2026-06-10,2026-06-13,2026-06-13,668,shipped,False,0
7504,SITE-018,PART-5072,2026-01-13,2026-01-17,2026-01-16,122,pending,False,0
7505,SITE-086,PART-2140,2025-10-07,2025-10-11,2025-10-26,844,pending,True,15
7506,SITE-078,PART-7259,2025-01-12,2025-01-21,2025-01-19,787,shipped,False,0
7507,SITE-059,PART-9077,2025-02-28,2025-03-07,2025-03-05,359,pending,False,0
7508,SITE-088,PART-2406,2026-02-16,2026-02-20,2026-02-18,639,shipped,False,0
7509,SITE-047,PART-8714,2025-11-09,2025-11-12,2025-11-17,902,delivered,True,5
7510,SITE-070,PART-8635,2026-03-28,2026-04-02,2026-04-02,437,delivered,False,0
7511,SITE-021,PART-9467,2025-06-19,2025-06-26,2025-06-26,367,shipped,False,0
7512,SITE-010,PART-4128,2026-02-03,2026-02-13,2026-02-18,713,delivered,True,5
7513,SITE-055,PART-7056,2026-05-02,2026-05-10,2026-05-09,820,pending,False,0
7514,SITE-020,PART-2036,2026-10-24,2026-10-29,2026-10-29,552,delivered,False,0
7515,SITE-029,PART-1724,2025-06-03,2025-06-10,2025-06-09,444,shipped,False,0
7516,SITE-027,PART-2416,2025-10-11,2025-10-15,2025-10-14,763,shipped,False,0
7517,SITE-042,PART-5124,2025-12-25,2025-12-28,2025-12-26,864,delivered,False,0
7518,SITE-035,PART-5225,2025-01-04,2025-01-11,2025-01-09,348,shipped,False,0
7519,SITE-081,PART-3915,2026-03-08,2026-03-15,2026-04-01,255,pending,True,17
7520,SITE-012,PART-2148,2025-04-09,2025-04-17,2025-04-15,30,shipped,False,0
7521,SITE-055,PART-7189,2026-04-27,2026-05-06,2026-05-04,193,shipped,False,0
7522,SITE-065,PART-8841,2026-08-23,2026-08-28,2026-08-28,935,pending,False,0
7523,SITE-023,PART-7505,2026-04-27,2026-05-06,2026-05-05,641,pending,False,0
7524,SITE-086,PART-8746,2026-11-27,2026-12-05,2026-12-03,634,shipped,False,0
7525,SITE-091,PART-7524,2025-07-28,2025-08-07,2025-08-06,258,shipped,False,0
7526,SITE-093,PART-7250,2026-12-10,2026-12-19,2026-12-19,937,shipped,False,0
7527,SITE-053,PART-1236,2025-03-13,2025-03-19,2025-03-19,889,delivered,False,0
7528,SITE-054,PART-2305,2025-12-18,2025-12-22,2025-12-20,792,delivered,False,0
7529,SITE-071,PART-8384,2026-03-25,2026-04-01,2026-03-30,434,delivered,False,0
7530,SITE-057,PART-1816,2026-03-26,2026-04-01,2026-04-16,167,shipped,True,15
7531,SITE-044,PART-7366,2026-09-07,2026-09-13,2026-09-13,223,delivered,False,0
7532,SITE-025,PART-2773,2026-01-14,2026-01-18,2026-01-16,700,shipped,False,0
7533,SITE-032,PART-7903,2025-05-06,2025-05-12,2025-05-11,832,pending,False,0
7534,SITE-093,PART-1238,2026-07-22,2026-07-30,2026-07-30,422,shipped,False,0
7535,SITE-007,PART-3793,2025-02-17,2025-02-23,2025-02-23,285,pending,False,0
7536,SITE-032,PART-5990,2025-02-12,2025-02-20,2025-02-18,235,shipped,False,0
7537,SITE-074,PART-2331,2026-05-28,2026-06-05,2026-06-03,181,shipped,False,0
7538,SITE-083,PART-1777,2026-02-04,2026-02-12,2026-02-11,767,shipped,False,0
7539,SITE-040,PART-8199,2026-07-10,2026-07-17,2026-07-17,895,shipped,False,0
7540,SITE-026,PART-6430,2026-09-04,2026-09-14,2026-09-12,37,pending,False,0
7541,SITE-057,PART-7740,2025-05-08,2025-05-15,2025-05-14,117,delivered,False,0
7542,SITE-032,PART-9856,2025-06-16,2025-06-25,2025-06-24,679,shipped,False,0
7543,SITE-019,PART-9263,2026-05-06,2026-05-12,2026-05-12,63,shipped,False,0
7544,SITE-012,PART-6513,2026-12-16,2026-12-19,2026-12-19,260,pending,False,0
7545,SITE-022,PART-7577,2025-05-04,2025-05-07,2025-05-06,543,shipped,False,0
7546,SITE-028,PART-3691,2026-02-19,2026-02-22,2026-02-20,49,shipped,False,0
7547,SITE-031,PART-1283,2026-06-11,2026-06-17,2026-06-16,281,delivered,False,0
7548,SITE-046,PART-8423,2026-06-25,2026-07-04,2026-07-04,767,pending,False,0
7549,SITE-048,PART-6072,2026-09-17,2026-09-21,2026-09-30,4,shipped,True,9
7550,SITE-049,PART-8806,2026-03-02,2026-03-10,2026-03-10,535,delivered,False,0
7551,SITE-097,PART-4422,2026-08-01,2026-08-07,2026-08-05,45,delivered,False,0
7552,SITE-045,PART-2131,2025-07-21,2025-07-27,2025-07-26,18,delivered,False,0
7553,SITE-098,PART-9558,2026-05-26,2026-06-02,2026-05-31,350,pending,False,0
7554,SITE-067,PART-9162,2025-01-27,2025-01-30,2025-01-30,600,shipped,False,0
7555,SITE-064,PART-5011,2026-07-15,2026-07-19,2026-07-17,421,pending,False,0
7556,SITE-022,PART-5709,2026-11-01,2026-11-11,2026-11-11,803,pending,False,0
7557,SITE-098,PART-1198,2025-08-08,2025-08-18,2025-08-18,692,pending,False,0
7558,SITE-055,PART-3161,2026-08-10,2026-08-14,2026-08-13,844,shipped,False,0
7559,SITE-045,PART-4215,2026-01-20,2026-01-30,2026-01-28,920,delivered,False,0
7560,SITE-099,PART-2019,2026-08-13,2026-08-18,2026-08-18,984,delivered,False,0
7561,SITE-066,PART-2319,2026-05-01,2026-05-04,2026-05-04,662,shipped,False,0
7562,SITE-050,PART-2973,2026-09-02,2026-09-09,2026-09-08,657,delivered,False,0
7563,SITE-061,PART-1416,2026-06-08,2026-06-14,2026-06-14,849,delivered,False,0
7564,SITE-049,PART-1225,2025-10-12,2025-10-22,2025-10-30,804,shipped,True,8
7565,SITE-028,PART-8008,2026-08-20,2026-08-29,2026-08-28,935,shipped,False,0
7566,SITE-041,PART-3188,2025-08-25,2025-08-31,2025-08-29,85,delivered,False,0
7567,SITE-081,PART-5442,2025-12-21,2025-12-26,2025-12-26,263,shipped,False,0
7568,SITE-028,PART-9337,2025-10-18,2025-10-24,2025-10-24,454,pending,False,0
7569,SITE-048,PART-9994,2026-08-13,2026-08-23,2026-08-23,244,pending,False,0
7570,SITE-046,PART-8768,2026-09-19,2026-09-29,2026-09-27,981,pending,False,0
7571,SITE-015,PART-1134,2025-01-07,2025-01-10,2025-01-10,588,shipped,False,0
7572,SITE-041,PART-5646,2025-06-07,2025-06-10,2025-06-08,206,shipped,False,0
7573,SITE-033,PART-7722,2025-04-21,2025-04-27,2025-04-26,939,pending,False,0
7574,SITE-068,PART-9255,2025-01-17,2025-01-24,2025-01-24,64,pending,False,0
7575,SITE-057,PART-4545,2026-12-24,2027-01-02,2026-12-31,360,delivered,False,0
7576,SITE-049,PART-2487,2025-11-24,2025-11-30,2025-11-28,257,shipped,False,0
7577,SITE-059,PART-8273,2025-08-25,2025-08-28,2025-09-09,837,shipped,True,12
7578,SITE-026,PART-7672,2026-04-15,2026-04-19,2026-04-19,349,delivered,False,0
7579,SITE-039,PART-2622,2026-04-25,2026-04-28,2026-04-28,487,shipped,False,0
7580,SITE-012,PART-2046,2025-02-09,2025-02-12,2025-02-12,957,delivered,False,0
7581,SITE-035,PART-6572,2025-05-17,2025-05-22,2025-05-22,70,pending,False,0
7582,SITE-065,PART-2331,2025-05-14,2025-05-23,2025-05-21,357,shipped,False,0
7583,SITE-008,PART-2127,2025-06-10,2025-06-15,2025-06-14,551,pending,False,0
7584,SITE-022,PART-9038,2025-06-01,2025-06-06,2025-06-06,883,pending,False,0
7585,SITE-090,PART-8780,2026-12-27,2027-01-03,2027-01-02,369,delivered,False,0
7586,SITE-093,PART-3811,2026-02-01,2026-02-04,2026-02-04,645,shipped,False,0
7587,SITE-039,PART-1210,2025-04-15,2025-04-25,2025-04-25,905,delivered,False,0
7588,SITE-049,PART-2896,2026-01-18,2026-01-22,2026-01-20,93,delivered,False,0
7589,SITE-009,PART-2295,2025-07-17,2025-07-26,2025-07-24,993,pending,False,0
7590,SITE-037,PART-2487,2026-08-27,2026-09-02,2026-09-19,905,shipped,True,17
7591,SITE-071,PART-2295,2026-03-04,2026-03-08,2026-03-06,940,delivered,False,0
7592,SITE-100,PART-8959,2026-09-20,2026-09-27,2026-09-29,690,pending,True,2
7593,SITE-028,PART-4206,2026-10-17,2026-10-24,2026-10-23,591,pending,False,0
7594,SITE-078,PART-6768,2026-06-06,2026-06-09,2026-06-19,760,shipped,True,10
7595,SITE-004,PART-1816,2026-06-25,2026-07-05,2026-07-05,343,shipped,False,0
7596,SITE-088,PART-6797,2026-05-07,2026-05-12,2026-05-23,825,delivered,True,11
7597,SITE-073,PART-1259,2025-03-15,2025-03-22,2025-04-05,566,shipped,True,14
7598,SITE-057,PART-6574,2026-01-25,2026-02-02,2026-02-02,322,delivered,False,0
7599,SITE-088,PART-9528,2025-09-10,2025-09-14,2025-09-13,593,shipped,False,0
7600,SITE-062,PART-6819,2026-09-07,2026-09-14,2026-09-13,455,shipped,False,0
7601,SITE-039,PART-4215,2025-12-06,2025-12-15,2025-12-15,933,delivered,False,0
7602,SITE-097,PART-5070,2025-09-08,2025-09-18,2025-09-18,678,delivered,False,0
7603,SITE-018,PART-3858,2026-05-17,2026-05-20,2026-05-19,477,delivered,False,0
7604,SITE-081,PART-5921,2026-02-16,2026-02-21,2026-02-19,509,pending,False,0
7605,SITE-004,PART-1891,2026-01-15,2026-01-23,2026-01-22,585,shipped,False,0
7606,SITE-006,PART-1918,2026-01-24,2026-01-28,2026-01-28,670,shipped,False,0
7607,SITE-057,PART-5432,2026-11-07,2026-11-10,2026-11-10,243,delivered,False,0
7608,SITE-058,PART-1945,2026-03-10,2026-03-14,2026-03-12,873,delivered,False,0
7609,SITE-066,PART-3995,2025-04-25,2025-04-28,2025-04-27,757,delivered,False,0
7610,SITE-052,PART-5319,2026-06-13,2026-06-17,2026-06-23,729,shipped,True,6
7611,SITE-076,PART-2699,2026-02-24,2026-02-28,2026-02-28,326,delivered,False,0
7612,SITE-036,PART-3333,2025-07-01,2025-07-10,2025-07-08,598,shipped,False,0
7613,SITE-056,PART-6972,2025-09-19,2025-09-24,2025-09-22,208,shipped,False,0
7614,SITE-050,PART-3289,2026-10-13,2026-10-22,2026-10-30,804,delivered,True,8
7615,SITE-082,PART-2179,2025-01-26,2025-02-02,2025-01-31,511,delivered,False,0
7616,SITE-035,PART-7984,2025-09-09,2025-09-13,2025-09-12,177,pending,False,0
7617,SITE-060,PART-6176,2026-05-21,2026-05-26,2026-05-25,20,pending,False,0
7618,SITE-016,PART-3995,2025-03-06,2025-03-10,2025-03-10,195,shipped,False,0
7619,SITE-091,PART-6922,2025-01-26,2025-01-30,2025-01-28,10,shipped,False,0
7620,SITE-087,PART-3798,2026-06-08,2026-06-18,2026-06-18,185,shipped,False,0
7621,SITE-070,PART-7036,2026-09-05,2026-09-13,2026-09-16,535,delivered,True,3
7622,SITE-051,PART-7833,2026-10-07,2026-10-12,2026-10-11,198,shipped,False,0
7623,SITE-022,PART-1892,2026-06-24,2026-07-03,2026-07-03,299,pending,False,0
7624,SITE-099,PART-5100,2026-11-08,2026-11-14,2026-11-14,911,shipped,False,0
7625,SITE-067,PART-9549,2026-05-15,2026-05-19,2026-05-18,421,pending,False,0
7626,SITE-017,PART-4662,2026-11-13,2026-11-22,2026-12-02,110,pending,True,10
7627,SITE-041,PART-3895,2025-10-06,2025-10-16,2025-10-14,604,shipped,False,0
7628,SITE-039,PART-8273,2025-04-23,2025-05-03,2025-05-02,107,delivered,False,0
7629,SITE-004,PART-6108,2026-08-02,2026-08-09,2026-08-08,408,pending,False,0
7630,SITE-055,PART-6355,2025-03-10,2025-03-20,2025-03-20,734,delivered,False,0
7631,SITE-080,PART-5358,2026-08-11,2026-08-18,2026-08-16,430,pending,False,0
7632,SITE-053,PART-9272,2026-11-17,2026-11-24,2026-11-23,928,delivered,False,0
7633,SITE-050,PART-8261,2026-08-12,2026-08-19,2026-08-19,139,pending,False,0
7634,SITE-073,PART-4999,2026-05-03,2026-05-11,2026-05-10,505,pending,False,0
7635,SITE-028,PART-6615,2026-08-16,2026-08-19,2026-08-18,731,shipped,False,0
7636,SITE-064,PART-5726,2026-10-22,2026-10-29,2026-10-27,651,shipped,False,0
7637,SITE-047,PART-1897,2026-11-09,2026-11-16,2026-11-15,550,pending,False,0
7638,SITE-012,PART-7189,2026-01-25,2026-01-29,2026-02-08,380,delivered,True,10
7639,SITE-071,PART-1744,2026-04-09,2026-04-17,2026-04-15,119,shipped,False,0
7640,SITE-008,PART-3329,2026-10-08,2026-10-11,2026-10-10,713,pending,False,0
7641,SITE-074,PART-7486,2025-02-09,2025-02-19,2025-02-18,546,pending,False,0
7642,SITE-092,PART-5050,2026-11-26,2026-12-01,2026-11-29,826,delivered,False,0
7643,SITE-028,PART-7833,2025-07-08,2025-07-11,2025-07-10,770,delivered,False,0
7644,SITE-070,PART-3162,2025-11-08,2025-11-16,2025-11-14,5,pending,False,0
7645,SITE-036,PART-6768,2026-11-25,2026-12-04,2026-12-02,809,shipped,False,0
7646,SITE-047,PART-3349,2026-12-15,2026-12-23,2026-12-23,971,shipped,False,0
7647,SITE-001,PART-1891,2026-08-20,2026-08-30,2026-09-04,942,shipped,True,5
7648,SITE-053,PART-2590,2026-12-10,2026-12-20,2026-12-20,250,shipped,False,0
7649,SITE-073,PART-5018,2025-05-13,2025-05-22,2025-05-22,120,delivered,False,0
7650,SITE-011,PART-1347,2026-06-04,2026-06-12,2026-06-12,9,delivered,False,0
7651,SITE-038,PART-6108,2026-08-19,2026-08-24,2026-08-23,804,shipped,False,0
7652,SITE-034,PART-4092,2025-07-14,2025-07-17,2025-07-15,202,pending,False,0
7653,SITE-026,PART-6975,2025-05-23,2025-05-31,2025-06-06,696,pending,True,6
7654,SITE-039,PART-1937,2025-10-10,2025-10-20,2025-10-18,96,shipped,False,0
7655,SITE-044,PART-7209,2025-09-09,2025-09-17,2025-09-16,260,pending,False,0
7656,SITE-019,PART-9119,2026-10-17,2026-10-21,2026-10-21,479,delivered,False,0
7657,SITE-036,PART-2213,2025-01-22,2025-01-26,2025-01-24,606,pending,False,0
7658,SITE-023,PART-7588,2026-08-25,2026-08-29,2026-08-28,941,delivered,False,0
7659,SITE-085,PART-6183,2025-05-24,2025-05-30,2025-05-29,765,shipped,False,0
7660,SITE-022,PART-4804,2026-07-14,2026-07-22,2026-07-22,411,delivered,False,0
7661,SITE-086,PART-8113,2026-12-10,2026-12-19,2026-12-19,977,delivered,False,0
7662,SITE-077,PART-7735,2026-10-28,2026-10-31,2026-10-30,478,pending,False,0
7663,SITE-078,PART-6442,2026-06-10,2026-06-17,2026-06-23,705,pending,True,6
7664,SITE-029,PART-4804,2026-02-20,2026-03-01,2026-03-01,474,pending,False,0
7665,SITE-012,PART-7416,2025-05-24,2025-05-29,2025-05-28,233,delivered,False,0
7666,SITE-016,PART-3896,2026-02-07,2026-02-16,2026-02-16,489,shipped,False,0
7667,SITE-076,PART-2505,2025-02-15,2025-02-24,2025-02-24,116,delivered,False,0
7668,SITE-021,PART-9666,2025-12-19,2025-12-24,2025-12-23,534,shipped,False,0
7669,SITE-037,PART-9994,2026-04-18,2026-04-26,2026-04-24,595,delivered,False,0
7670,SITE-050,PART-4677,2026-01-18,2026-01-26,2026-01-24,719,shipped,False,0
7671,SITE-079,PART-2396,2025-11-01,2025-11-04,2025-11-04,652,shipped,False,0
7672,SITE-028,PART-4370,2025-01-21,2025-01-28,2025-01-27,953,shipped,False,0
7673,SITE-043,PART-9834,2025-10-02,2025-10-11,2025-10-11,585,pending,False,0
7674,SITE-076,PART-9097,2026-03-20,2026-03-27,2026-03-27,121,delivered,False,0
7675,SITE-036,PART-5445,2025-08-02,2025-08-05,2025-08-15,199,pending,True,10
7676,SITE-016,PART-4216,2026-01-25,2026-01-28,2026-01-27,794,pending,False,0
7677,SITE-054,PART-4603,2026-05-01,2026-05-11,2026-05-10,545,shipped,False,0
7678,SITE-014,PART-6417,2026-05-07,2026-05-11,2026-05-10,614,delivered,False,0
7679,SITE-035,PART-7767,2025-02-25,2025-03-07,2025-03-07,29,delivered,False,0
7680,SITE-053,PART-3323,2026-05-14,2026-05-18,2026-05-17,8,pending,False,0
7681,SITE-031,PART-3646,2025-07-15,2025-07-22,2025-07-22,603,pending,False,0
7682,SITE-032,PART-1416,2025-06-07,2025-06-14,2025-06-12,61,shipped,False,0
7683,SITE-007,PART-6784,2025-03-12,2025-03-17,2025-03-17,8,shipped,False,0
7684,SITE-055,PART-3793,2026-04-27,2026-05-01,2026-05-01,479,shipped,False,0
7685,SITE-012,PART-1873,2026-10-02,2026-10-07,2026-10-07,180,pending,False,0
7686,SITE-062,PART-2127,2026-02-08,2026-02-17,2026-02-16,964,delivered,False,0
7687,SITE-090,PART-7902,2025-11-14,2025-11-21,2025-11-25,335,shipped,True,4
7688,SITE-048,PART-2341,2025-04-26,2025-05-02,2025-05-01,904,pending,False,0
7689,SITE-082,PART-6430,2025-09-26,2025-10-06,2025-10-04,193,delivered,False,0
7690,SITE-058,PART-1816,2025-05-10,2025-05-20,2025-05-31,940,pending,True,11
7691,SITE-019,PART-9406,2026-03-04,2026-03-10,2026-03-09,158,delivered,False,0
7692,SITE-024,PART-7584,2026-12-03,2026-12-07,2026-12-06,116,pending,False,0
7693,SITE-002,PART-2735,2026-04-22,2026-05-02,2026-05-02,816,delivered,False,0
7694,SITE-091,PART-5127,2025-05-27,2025-05-31,2025-05-29,961,pending,False,0
7695,SITE-081,PART-7584,2025-11-20,2025-11-27,2025-11-26,200,delivered,False,0
7696,SITE-090,PART-5298,2026-07-15,2026-07-20,2026-07-18,397,shipped,False,0
7697,SITE-050,PART-3415,2025-08-07,2025-08-16,2025-08-29,355,delivered,True,13
7698,SITE-089,PART-3472,2026-02-13,2026-02-22,2026-02-22,801,pending,False,0
7699,SITE-012,PART-6618,2025-01-17,2025-01-26,2025-01-26,368,delivered,False,0
7700,SITE-049,PART-3731,2026-08-01,2026-08-08,2026-08-08,242,shipped,False,0
7701,SITE-095,PART-3839,2025-04-18,2025-04-23,2025-04-23,583,shipped,False,0
7702,SITE-076,PART-2122,2025-09-12,2025-09-22,2025-09-22,328,shipped,False,0
7703,SITE-056,PART-8451,2026-06-08,2026-06-12,2026-06-11,150,shipped,False,0
7704,SITE-063,PART-1710,2025-11-13,2025-11-21,2025-11-21,116,pending,False,0
7705,SITE-030,PART-9278,2026-10-20,2026-10-30,2026-10-30,396,pending,False,0
7706,SITE-075,PART-3193,2025-03-25,2025-04-02,2025-04-02,983,pending,False,0
7707,SITE-021,PART-3825,2026-02-06,2026-02-16,2026-02-16,661,delivered,False,0
7708,SITE-044,PART-2341,2025-06-16,2025-06-23,2025-06-23,65,shipped,False,0
7709,SITE-063,PART-9678,2026-03-01,2026-03-11,2026-03-09,442,pending,False,0
7710,SITE-081,PART-1897,2025-12-01,2025-12-06,2025-12-04,702,delivered,False,0
7711,SITE-092,PART-7897,2025-06-17,2025-06-22,2025-06-20,851,pending,False,0
7712,SITE-051,PART-8768,2026-03-06,2026-03-14,2026-03-13,493,shipped,False,0
7713,SITE-071,PART-5018,2026-04-24,2026-05-02,2026-05-02,375,delivered,False,0
7714,SITE-074,PART-9843,2026-10-04,2026-10-10,2026-10-08,888,pending,False,0
7715,SITE-060,PART-5124,2025-02-24,2025-02-28,2025-02-28,808,shipped,False,0
7716,SITE-058,PART-3781,2025-07-15,2025-07-25,2025-07-23,623,shipped,False,0
7717,SITE-016,PART-3602,2025-02-05,2025-02-11,2025-02-10,834,pending,False,0
7718,SITE-091,PART-8302,2026-02-25,2026-03-02,2026-03-02,561,shipped,False,0
7719,SITE-050,PART-5781,2026-01-26,2026-01-31,2026-01-30,106,shipped,False,0
7720,SITE-005,PART-9632,2026-06-03,2026-06-06,2026-06-05,620,pending,False,0
7721,SITE-048,PART-9184,2025-10-07,2025-10-16,2025-10-14,144,delivered,False,0
7722,SITE-048,PART-5743,2025-12-25,2026-01-03,2026-01-03,408,delivered,False,0
7723,SITE-016,PART-1547,2025-07-27,2025-07-30,2025-07-30,179,delivered,False,0
7724,SITE-021,PART-1650,2026-03-19,2026-03-28,2026-03-28,373,shipped,False,0
7725,SITE-095,PART-5898,2025-06-27,2025-07-02,2025-06-30,90,pending,False,0
7726,SITE-064,PART-3704,2025-12-18,2025-12-22,2026-01-08,348,pending,True,17
7727,SITE-092,PART-3895,2026-03-27,2026-04-06,2026-04-04,44,pending,False,0
7728,SITE-049,PART-6349,2025-12-19,2025-12-29,2025-12-27,161,pending,False,0
7729,SITE-018,PART-7138,2026-10-06,2026-10-13,2026-10-13,742,delivered,False,0
7730,SITE-028,PART-5539,2026-01-16,2026-01-26,2026-01-25,812,pending,False,0
7731,SITE-085,PART-3280,2025-11-09,2025-11-14,2025-11-14,488,shipped,False,0
7732,SITE-003,PART-2419,2025-09-23,2025-10-03,2025-10-01,66,pending,False,0
7733,SITE-041,PART-5693,2025-06-25,2025-06-29,2025-06-29,221,shipped,False,0
7734,SITE-032,PART-2516,2025-12-10,2025-12-13,2025-12-12,294,shipped,False,0
7735,SITE-040,PART-9292,2025-06-16,2025-06-20,2025-06-20,780,pending,False,0
7736,SITE-015,PART-7419,2025-09-17,2025-09-22,2025-09-22,112,delivered,False,0
7737,SITE-047,PART-3799,2025-03-25,2025-03-30,2025-03-29,92,pending,False,0
7738,SITE-045,PART-2698,2026-11-26,2026-12-06,2026-12-06,605,delivered,False,0
7739,SITE-095,PART-3553,2025-06-04,2025-06-10,2025-06-13,291,pending,True,3
7740,SITE-002,PART-6601,2026-08-07,2026-08-10,2026-08-09,503,shipped,False,0
7741,SITE-099,PART-7739,2026-07-28,2026-08-03,2026-08-01,815,delivered,False,0
7742,SITE-065,PART-4277,2025-09-15,2025-09-22,2025-09-21,3,delivered,False,0
7743,SITE-055,PART-1710,2025-09-13,2025-09-22,2025-09-22,552,delivered,False,0
7744,SITE-097,PART-2217,2026-09-27,2026-10-02,2026-10-02,806,shipped,False,0
7745,SITE-018,PART-9271,2025-01-09,2025-01-14,2025-01-14,309,pending,False,0
7746,SITE-036,PART-1872,2026-01-12,2026-01-15,2026-01-13,984,pending,False,0
7747,SITE-094,PART-3995,2025-10-07,2025-10-11,2025-10-09,219,shipped,False,0
7748,SITE-068,PART-1777,2025-01-04,2025-01-12,2025-01-10,908,shipped,False,0
7749,SITE-076,PART-4694,2025-02-18,2025-02-22,2025-02-20,544,pending,False,0
7750,SITE-039,PART-6023,2026-02-14,2026-02-24,2026-02-24,252,pending,False,0
7751,SITE-069,PART-9329,2025-12-07,2025-12-15,2025-12-14,442,pending,False,0
7752,SITE-072,PART-8723,2025-03-24,2025-03-27,2025-03-30,197,shipped,True,3
7753,SITE-006,PART-7578,2025-02-23,2025-03-03,2025-03-03,146,pending,False,0
7754,SITE-068,PART-6586,2025-08-18,2025-08-26,2025-08-25,819,delivered,False,0
7755,SITE-002,PART-6588,2026-07-23,2026-08-01,2026-08-01,671,delivered,False,0
7756,SITE-003,PART-8211,2026-08-07,2026-08-14,2026-08-12,441,pending,False,0
7757,SITE-027,PART-3691,2025-07-12,2025-07-21,2025-07-25,519,pending,True,4
7758,SITE-036,PART-2276,2025-01-08,2025-01-13,2025-01-15,682,shipped,True,2
7759,SITE-001,PART-4918,2025-05-15,2025-05-25,2025-05-28,704,delivered,True,3
7760,SITE-008,PART-5873,2025-08-07,2025-08-14,2025-08-13,207,pending,False,0
7761,SITE-027,PART-4072,2025-10-19,2025-10-27,2025-10-25,903,shipped,False,0
7762,SITE-004,PART-4906,2026-09-22,2026-09-25,2026-09-24,734,shipped,False,0
7763,SITE-099,PART-7177,2026-05-12,2026-05-21,2026-05-19,430,pending,False,0
7764,SITE-060,PART-3209,2025-08-13,2025-08-20,2025-08-18,676,shipped,False,0
7765,SITE-059,PART-9913,2026-03-08,2026-03-17,2026-03-15,383,pending,False,0
7766,SITE-024,PART-3602,2026-05-24,2026-05-27,2026-05-25,774,pending,False,0
7767,SITE-079,PART-9432,2026-08-02,2026-08-06,2026-08-06,712,delivered,False,0
7768,SITE-093,PART-9739,2025-08-10,2025-08-19,2025-08-19,192,pending,False,0
7769,SITE-022,PART-1613,2026-06-13,2026-06-20,2026-06-18,384,delivered,False,0
7770,SITE-029,PART-2131,2026-03-06,2026-03-14,2026-03-14,81,pending,False,0
7771,SITE-090,PART-2295,2025-12-11,2025-12-17,2025-12-16,45,pending,False,0
7772,SITE-014,PART-7971,2025-08-03,2025-08-08,2025-08-07,936,delivered,False,0
7773,SITE-079,PART-7121,2025-06-05,2025-06-13,2025-06-12,577,pending,False,0
7774,SITE-060,PART-1733,2026-06-02,2026-06-11,2026-06-11,135,shipped,False,0
7775,SITE-097,PART-2974,2026-10-18,2026-10-25,2026-10-23,889,pending,False,0
7776,SITE-009,PART-1074,2026-02-06,2026-02-13,2026-02-13,782,delivered,False,0
7777,SITE-007,PART-7282,2025-01-02,2025-01-08,2025-01-08,714,shipped,False,0
7778,SITE-089,PART-7606,2025-09-22,2025-09-26,2025-10-01,327,pending,True,5
7779,SITE-057,PART-9768,2026-01-16,2026-01-26,2026-01-24,607,delivered,False,0
7780,SITE-013,PART-9606,2026-11-22,2026-11-29,2026-11-27,271,pending,False,0
7781,SITE-059,PART-1099,2026-02-21,2026-02-24,2026-02-24,403,pending,False,0
7782,SITE-070,PART-3531,2026-07-09,2026-07-15,2026-07-13,43,pending,False,0
7783,SITE-009,PART-8181,2026-12-24,2027-01-03,2027-01-03,600,shipped,False,0
7784,SITE-046,PART-9309,2026-12-08,2026-12-14,2026-12-14,374,shipped,False,0
7785,SITE-069,PART-3553,2025-12-26,2026-01-02,2025-12-31,313,delivered,False,0
7786,SITE-030,PART-5919,2025-11-10,2025-11-16,2025-11-16,772,delivered,False,0
7787,SITE-041,PART-8084,2025-09-09,2025-09-18,2025-09-18,883,delivered,False,0
7788,SITE-067,PART-1987,2025-05-23,2025-05-30,2025-05-30,737,delivered,False,0
7789,SITE-097,PART-7416,2026-02-28,2026-03-07,2026-03-05,693,delivered,False,0
7790,SITE-058,PART-4603,2025-07-07,2025-07-15,2025-07-13,337,delivered,False,0
7791,SITE-066,PART-1249,2026-09-11,2026-09-14,2026-09-14,550,pending,False,0
7792,SITE-088,PART-2963,2025-11-15,2025-11-21,2025-11-21,720,pending,False,0
7793,SITE-073,PART-1405,2026-10-12,2026-10-17,2026-10-16,274,pending,False,0
7794,SITE-042,PART-2283,2026-10-02,2026-10-09,2026-10-08,775,pending,False,0
7795,SITE-095,PART-7949,2025-07-07,2025-07-11,2025-07-27,597,pending,True,16
7796,SITE-038,PART-7165,2025-03-23,2025-03-29,2025-03-28,811,delivered,False,0
7797,SITE-089,PART-8798,2025-05-27,2025-06-04,2025-06-02,762,pending,False,0
7798,SITE-026,PART-1557,2025-10-16,2025-10-25,2025-10-25,747,pending,False,0
7799,SITE-010,PART-1032,2026-10-01,2026-10-10,2026-10-10,755,delivered,False,0
7800,SITE-079,PART-7232,2026-04-23,2026-05-03,2026-05-01,950,delivered,False,0
7801,SITE-019,PART-2794,2026-07-04,2026-07-12,2026-07-11,575,delivered,False,0
7802,SITE-097,PART-5445,2026-01-03,2026-01-13,2026-01-13,324,shipped,False,0
7803,SITE-089,PART-9605,2026-04-09,2026-04-15,2026-04-14,343,pending,False,0
7804,SITE-016,PART-7971,2026-08-19,2026-08-25,2026-08-31,639,pending,True,6
7805,SITE-007,PART-6991,2026-02-12,2026-02-16,2026-02-28,605,pending,True,12
7806,SITE-056,PART-6803,2025-09-03,2025-09-11,2025-09-10,494,pending,False,0
7807,SITE-026,PART-1524,2026-03-25,2026-03-31,2026-03-29,14,pending,False,0
7808,SITE-042,PART-7767,2025-08-25,2025-09-02,2025-09-02,52,delivered,False,0
7809,SITE-076,PART-2036,2025-09-25,2025-10-04,2025-10-13,935,pending,True,9
7810,SITE-078,PART-1049,2025-07-07,2025-07-16,2025-07-14,277,pending,False,0
7811,SITE-052,PART-7495,2025-01-09,2025-01-18,2025-01-29,286,shipped,True,11
7812,SITE-079,PART-2116,2025-11-24,2025-12-04,2025-12-04,106,delivered,False,0
7813,SITE-058,PART-4781,2026-04-12,2026-04-19,2026-04-17,979,delivered,False,0
7814,SITE-001,PART-3257,2026-12-19,2026-12-23,2026-12-21,784,delivered,False,0
7815,SITE-071,PART-5415,2025-09-20,2025-09-25,2025-09-23,275,pending,False,0
7816,SITE-054,PART-9194,2026-10-12,2026-10-15,2026-10-15,367,shipped,False,0
7817,SITE-091,PART-6983,2026-06-02,2026-06-11,2026-06-11,774,delivered,False,0
7818,SITE-009,PART-5298,2026-11-11,2026-11-19,2026-11-19,717,delivered,False,0
7819,SITE-020,PART-2036,2025-01-27,2025-02-05,2025-02-17,270,pending,True,12
7820,SITE-018,PART-2036,2025-06-06,2025-06-12,2025-06-11,378,delivered,False,0
7821,SITE-074,PART-7560,2025-05-22,2025-05-29,2025-06-06,457,pending,True,8
7822,SITE-059,PART-4906,2026-07-28,2026-08-01,2026-08-01,837,pending,False,0
7823,SITE-094,PART-3663,2025-04-10,2025-04-15,2025-04-14,430,delivered,False,0
7824,SITE-066,PART-6107,2025-01-18,2025-01-28,2025-01-26,950,pending,False,0
7825,SITE-004,PART-6542,2026-05-20,2026-05-29,2026-05-29,453,pending,False,0
7826,SITE-037,PART-8727,2025-12-17,2025-12-22,2025-12-29,753,pending,True,7
7827,SITE-082,PART-2068,2025-04-25,2025-05-02,2025-05-01,959,shipped,False,0
7828,SITE-008,PART-1214,2026-04-15,2026-04-18,2026-04-18,514,delivered,False,0
7829,SITE-046,PART-9162,2025-05-25,2025-06-01,2025-06-01,37,pending,False,0
7830,SITE-043,PART-7794,2025-10-12,2025-10-20,2025-10-18,589,shipped,False,0
7831,SITE-076,PART-7606,2025-10-28,2025-11-07,2025-11-06,78,delivered,False,0
7832,SITE-026,PART-1225,2026-12-18,2026-12-22,2026-12-22,238,shipped,False,0
7833,SITE-062,PART-1249,2025-05-23,2025-05-26,2025-05-25,787,shipped,False,0
7834,SITE-053,PART-5180,2026-07-08,2026-07-15,2026-07-13,165,delivered,False,0
7835,SITE-031,PART-1291,2025-03-03,2025-03-10,2025-03-09,718,delivered,False,0
7836,SITE-065,PART-3109,2025-02-14,2025-02-19,2025-02-18,438,shipped,False,0
7837,SITE-039,PART-2802,2025-01-17,2025-01-25,2025-01-24,801,shipped,False,0
7838,SITE-041,PART-3887,2026-07-13,2026-07-23,2026-07-23,134,pending,False,0
7839,SITE-009,PART-1783,2025-06-16,2025-06-25,2025-07-09,430,pending,True,14
7840,SITE-096,PART-3781,2026-08-24,2026-09-02,2026-09-02,655,shipped,False,0
7841,SITE-019,PART-6221,2025-11-21,2025-11-24,2025-11-22,431,pending,False,0
7842,SITE-023,PART-4092,2025-09-03,2025-09-06,2025-09-06,345,pending,False,0
7843,SITE-012,PART-5546,2026-09-28,2026-10-05,2026-10-05,731,pending,False,0
7844,SITE-062,PART-5319,2026-11-28,2026-12-06,2026-12-06,752,delivered,False,0
7845,SITE-045,PART-5936,2025-03-16,2025-03-20,2025-03-19,178,pending,False,0
7846,SITE-070,PART-4603,2026-05-21,2026-05-31,2026-05-29,806,shipped,False,0
7847,SITE-040,PART-9038,2026-05-07,2026-05-15,2026-05-14,35,shipped,False,0
7848,SITE-013,PART-6787,2025-07-10,2025-07-15,2025-07-15,342,pending,False,0
7849,SITE-085,PART-1937,2025-03-07,2025-03-17,2025-03-17,244,delivered,False,0
7850,SITE-084,PART-9271,2025-10-21,2025-10-28,2025-10-28,988,shipped,False,0
7851,SITE-010,PART-5999,2026-01-26,2026-02-04,2026-02-04,936,shipped,False,0
7852,SITE-060,PART-5050,2025-07-24,2025-08-01,2025-07-30,181,delivered,False,0
7853,SITE-008,PART-1816,2025-08-15,2025-08-21,2025-08-20,27,delivered,False,0
7854,SITE-046,PART-1744,2026-02-25,2026-03-03,2026-03-03,414,pending,False,0
7855,SITE-077,PART-2422,2026-03-10,2026-03-14,2026-03-13,406,pending,False,0
7856,SITE-072,PART-7820,2025-01-28,2025-02-06,2025-02-06,616,delivered,False,0
7857,SITE-063,PART-8302,2026-03-17,2026-03-27,2026-03-27,474,shipped,False,0
7858,SITE-019,PART-1656,2026-02-27,2026-03-08,2026-03-06,217,shipped,False,0
7859,SITE-061,PART-1124,2026-08-27,2026-09-06,2026-09-19,149,delivered,True,13
7860,SITE-028,PART-6826,2025-11-01,2025-11-05,2025-11-03,234,pending,False,0
7861,SITE-043,PART-7020,2025-10-24,2025-10-27,2025-10-25,910,shipped,False,0
7862,SITE-008,PART-6811,2026-04-17,2026-04-25,2026-05-06,568,pending,True,11
7863,SITE-058,PART-3188,2026-10-27,2026-11-05,2026-11-05,572,shipped,False,0
7864,SITE-052,PART-6162,2026-12-23,2026-12-31,2026-12-30,624,shipped,False,0
7865,SITE-084,PART-1173,2025-07-23,2025-08-01,2025-07-30,518,pending,False,0
7866,SITE-064,PART-5124,2026-07-13,2026-07-21,2026-07-21,47,delivered,False,0
7867,SITE-067,PART-2406,2025-07-17,2025-07-27,2025-07-27,43,delivered,False,0
7868,SITE-060,PART-2068,2026-09-09,2026-09-14,2026-09-13,253,delivered,False,0
7869,SITE-028,PART-6894,2025-06-05,2025-06-08,2025-06-07,256,shipped,False,0
7870,SITE-036,PART-1049,2025-03-08,2025-03-11,2025-03-11,906,pending,False,0
7871,SITE-025,PART-2269,2025-02-26,2025-03-03,2025-03-01,435,shipped,False,0
7872,SITE-031,PART-9213,2026-02-02,2026-02-10,2026-02-09,584,delivered,False,0
7873,SITE-043,PART-7200,2026-10-26,2026-11-04,2026-11-02,892,delivered,False,0
7874,SITE-091,PART-7045,2026-05-01,2026-05-08,2026-05-08,399,shipped,False,0
7875,SITE-004,PART-4080,2026-02-16,2026-02-24,2026-02-23,585,delivered,False,0
7876,SITE-036,PART-3161,2026-02-25,2026-03-07,2026-03-05,44,delivered,False,0
7877,SITE-059,PART-2035,2025-08-08,2025-08-18,2025-08-22,809,delivered,True,4
7878,SITE-071,PART-4062,2026-10-01,2026-10-06,2026-10-06,121,delivered,False,0
7879,SITE-019,PART-1852,2026-04-14,2026-04-18,2026-04-18,982,delivered,False,0
7880,SITE-080,PART-9271,2025-12-08,2025-12-17,2025-12-15,709,shipped,False,0
7881,SITE-027,PART-1327,2025-12-10,2025-12-19,2025-12-19,728,shipped,False,0
7882,SITE-048,PART-8986,2026-06-07,2026-06-10,2026-06-08,195,delivered,False,0
7883,SITE-018,PART-5664,2026-06-21,2026-06-29,2026-06-27,562,delivered,False,0
7884,SITE-031,PART-9118,2025-05-13,2025-05-20,2025-05-19,552,pending,False,0
7885,SITE-041,PART-6842,2025-09-04,2025-09-07,2025-09-05,741,delivered,False,0
7886,SITE-082,PART-6894,2026-08-12,2026-08-19,2026-08-19,427,pending,False,0
7887,SITE-077,PART-7495,2026-03-16,2026-03-22,2026-03-22,341,shipped,False,0
7888,SITE-048,PART-9775,2026-05-25,2026-05-31,2026-05-30,196,delivered,False,0
7889,SITE-045,PART-3251,2026-05-13,2026-05-18,2026-05-18,493,shipped,False,0
7890,SITE-021,PART-8156,2025-07-14,2025-07-24,2025-07-31,674,delivered,True,7
7891,SITE-055,PART-3160,2025-08-03,2025-08-12,2025-08-12,244,pending,False,0
7892,SITE-040,PART-7560,2025-07-14,2025-07-22,2025-07-21,984,delivered,False,0
7893,SITE-066,PART-9754,2025-04-24,2025-05-02,2025-05-01,124,delivered,False,0
7894,SITE-069,PART-2705,2026-03-18,2026-03-28,2026-04-09,829,delivered,True,12
7895,SITE-040,PART-2419,2025-06-19,2025-06-25,2025-07-03,191,shipped,True,8
7896,SITE-024,PART-3663,2026-09-06,2026-09-13,2026-09-13,471,delivered,False,0
7897,SITE-024,PART-6924,2025-10-16,2025-10-20,2025-10-19,55,pending,False,0
7898,SITE-076,PART-4880,2026-04-20,2026-04-30,2026-04-29,844,pending,False,0
7899,SITE-079,PART-1088,2026-07-26,2026-08-02,2026-07-31,691,delivered,False,0
7900,SITE-046,PART-2766,2026-04-28,2026-05-05,2026-05-05,93,pending,False,0
7901,SITE-003,PART-1138,2026-11-08,2026-11-14,2026-11-13,946,delivered,False,0
7902,SITE-038,PART-8780,2026-11-08,2026-11-16,2026-11-14,820,pending,False,0
7903,SITE-057,PART-7488,2025-05-18,2025-05-22,2025-05-22,776,shipped,False,0
7904,SITE-075,PART-2165,2026-05-27,2026-05-31,2026-06-02,236,shipped,True,2
7905,SITE-081,PART-8505,2026-02-15,2026-02-19,2026-02-19,506,delivered,False,0
7906,SITE-064,PART-2135,2025-06-25,2025-07-05,2025-07-05,534,delivered,False,0
7907,SITE-022,PART-9883,2025-10-09,2025-10-12,2025-10-10,349,shipped,False,0
7908,SITE-071,PART-9099,2025-11-25,2025-12-02,2025-12-02,247,shipped,False,0
7909,SITE-076,PART-5148,2025-02-24,2025-02-27,2025-02-27,59,shipped,False,0
7910,SITE-022,PART-7203,2026-11-09,2026-11-18,2026-11-18,199,shipped,False,0
7911,SITE-001,PART-1129,2025-02-02,2025-02-06,2025-02-04,447,shipped,False,0
7912,SITE-093,PART-2958,2025-04-13,2025-04-22,2025-04-20,148,delivered,False,0
7913,SITE-028,PART-9492,2026-09-24,2026-09-30,2026-10-06,345,delivered,True,6
7914,SITE-032,PART-8535,2025-08-07,2025-08-14,2025-08-14,669,pending,False,0
7915,SITE-037,PART-6072,2025-07-27,2025-07-31,2025-07-30,50,shipped,False,0
7916,SITE-064,PART-2396,2026-06-18,2026-06-22,2026-06-20,754,delivered,False,0
7917,SITE-057,PART-4774,2026-10-15,2026-10-23,2026-10-28,452,shipped,True,5
7918,SITE-099,PART-7259,2025-02-25,2025-03-04,2025-03-03,321,shipped,False,0
7919,SITE-091,PART-7902,2025-11-21,2025-11-26,2025-12-02,919,shipped,True,6
7920,SITE-070,PART-3109,2026-01-15,2026-01-21,2026-01-20,915,pending,False,0
7921,SITE-094,PART-5781,2025-10-21,2025-10-25,2025-10-23,545,delivered,False,0
7922,SITE-013,PART-3574,2025-08-21,2025-08-29,2025-09-06,465,shipped,True,8
7923,SITE-085,PART-2653,2026-04-08,2026-04-16,2026-04-15,927,shipped,False,0
7924,SITE-084,PART-1124,2026-03-28,2026-04-03,2026-04-02,284,pending,False,0
7925,SITE-007,PART-4260,2026-05-19,2026-05-23,2026-05-21,62,pending,False,0
7926,SITE-074,PART-3793,2026-12-02,2026-12-09,2026-12-14,598,pending,True,5
7927,SITE-082,PART-2485,2026-12-19,2026-12-27,2026-12-25,28,pending,False,0
7928,SITE-010,PART-4538,2026-03-09,2026-03-17,2026-03-16,326,delivered,False,0
7929,SITE-049,PART-5121,2025-05-19,2025-05-24,2025-05-24,369,delivered,False,0
7930,SITE-050,PART-8322,2025-04-21,2025-04-25,2025-04-25,449,delivered,False,0
7931,SITE-082,PART-8500,2026-07-05,2026-07-12,2026-07-11,951,pending,False,0
7932,SITE-092,PART-2127,2025-10-03,2025-10-11,2025-10-10,758,pending,False,0
7933,SITE-020,PART-4505,2025-01-03,2025-01-11,2025-01-10,792,shipped,False,0
7934,SITE-055,PART-3280,2025-10-11,2025-10-20,2025-10-18,188,pending,False,0
7935,SITE-080,PART-1930,2026-01-03,2026-01-08,2026-01-07,580,delivered,False,0
7936,SITE-038,PART-4062,2025-09-06,2025-09-09,2025-09-08,17,delivered,False,0
7937,SITE-059,PART-1105,2026-01-06,2026-01-09,2026-01-07,338,delivered,False,0
7938,SITE-059,PART-4128,2025-11-12,2025-11-22,2025-11-21,141,delivered,False,0
7939,SITE-021,PART-7577,2025-10-25,2025-10-28,2025-10-27,830,shipped,False,0
7940,SITE-081,PART-1759,2026-01-22,2026-01-28,2026-01-28,260,pending,False,0
7941,SITE-005,PART-6812,2025-05-17,2025-05-25,2025-06-04,823,pending,True,10
7942,SITE-095,PART-2422,2025-02-18,2025-02-22,2025-02-21,803,pending,False,0
7943,SITE-096,PART-7140,2026-12-15,2026-12-22,2026-12-20,758,shipped,False,0
7944,SITE-071,PART-5100,2026-04-20,2026-04-29,2026-04-29,683,shipped,False,0
7945,SITE-052,PART-6371,2025-05-10,2025-05-13,2025-05-26,756,delivered,True,13
7946,SITE-019,PART-9309,2026-02-08,2026-02-17,2026-02-17,599,delivered,False,0
7947,SITE-036,PART-8322,2025-04-24,2025-05-03,2025-05-02,883,shipped,False,0
7948,SITE-030,PART-9856,2025-03-22,2025-04-01,2025-04-01,468,shipped,False,0
7949,SITE-040,PART-8959,2026-05-22,2026-05-27,2026-05-27,798,shipped,False,0
7950,SITE-017,PART-3201,2026-12-23,2026-12-28,2027-01-13,223,shipped,True,16
7951,SITE-013,PART-6784,2025-10-24,2025-10-28,2025-10-26,210,shipped,False,0
7952,SITE-034,PART-3452,2026-06-23,2026-06-30,2026-06-28,792,pending,False,0
7953,SITE-004,PART-8727,2026-01-17,2026-01-26,2026-01-25,182,pending,False,0
7954,SITE-040,PART-8279,2025-04-15,2025-04-21,2025-04-19,267,shipped,False,0
7955,SITE-013,PART-5298,2025-11-13,2025-11-16,2025-11-22,401,shipped,True,6
7956,SITE-068,PART-2099,2026-08-24,2026-08-28,2026-08-26,473,shipped,False,0
7957,SITE-062,PART-1696,2025-11-22,2025-11-25,2025-11-23,392,shipped,False,0
7958,SITE-097,PART-2281,2026-08-01,2026-08-10,2026-08-08,835,delivered,False,0
7959,SITE-001,PART-7345,2025-11-08,2025-11-12,2025-11-11,662,shipped,False,0
7960,SITE-003,PART-5961,2026-06-05,2026-06-13,2026-06-13,786,pending,False,0
7961,SITE-001,PART-1414,2025-02-04,2025-02-12,2025-02-12,658,shipped,False,0
7962,SITE-086,PART-5121,2025-02-15,2025-02-21,2025-02-19,151,shipped,False,0
7963,SITE-100,PART-3349,2025-02-09,2025-02-17,2025-02-16,19,shipped,False,0
7964,SITE-024,PART-1660,2026-03-20,2026-03-29,2026-03-27,456,pending,False,0
7965,SITE-070,PART-4080,2026-07-15,2026-07-18,2026-07-16,1000,pending,False,0
7966,SITE-049,PART-3193,2025-05-01,2025-05-05,2025-05-12,741,delivered,True,7
7967,SITE-026,PART-9272,2025-11-01,2025-11-04,2025-11-10,978,shipped,True,6
7968,SITE-091,PART-5873,2026-02-23,2026-03-05,2026-03-04,821,delivered,False,0
7969,SITE-015,PART-3819,2025-05-27,2025-05-30,2025-06-02,63,shipped,True,3
7970,SITE-073,PART-5225,2025-06-19,2025-06-25,2025-06-25,854,shipped,False,0
7971,SITE-096,PART-5907,2025-09-24,2025-10-04,2025-10-02,976,delivered,False,0
7972,SITE-062,PART-1891,2026-12-21,2026-12-28,2026-12-26,380,shipped,False,0
7973,SITE-088,PART-5828,2026-05-05,2026-05-10,2026-05-10,369,delivered,False,0
7974,SITE-029,PART-7020,2025-04-20,2025-04-23,2025-04-21,259,shipped,False,0
7975,SITE-008,PART-6803,2026-03-10,2026-03-17,2026-03-17,590,shipped,False,0
7976,SITE-090,PART-3160,2026-03-24,2026-03-27,2026-03-27,182,delivered,False,0
7977,SITE-090,PART-1138,2026-07-12,2026-07-16,2026-07-16,146,pending,False,0
7978,SITE-089,PART-7121,2026-04-23,2026-05-03,2026-05-01,456,pending,False,0
7979,SITE-091,PART-4582,2025-04-15,2025-04-25,2025-04-24,195,pending,False,0
7980,SITE-100,PART-2317,2026-03-16,2026-03-19,2026-03-19,892,delivered,False,0
7981,SITE-100,PART-4365,2026-02-07,2026-02-16,2026-02-27,842,delivered,True,11
7982,SITE-050,PART-9518,2025-02-09,2025-02-16,2025-02-16,83,delivered,False,0
7983,SITE-013,PART-2665,2025-11-13,2025-11-21,2025-11-19,931,pending,False,0
7984,SITE-034,PART-4324,2025-07-18,2025-07-25,2025-07-23,281,delivered,False,0
7985,SITE-002,PART-1433,2026-08-28,2026-09-01,2026-09-01,871,delivered,False,0
7986,SITE-056,PART-8783,2025-04-10,2025-04-18,2025-04-18,850,delivered,False,0
7987,SITE-068,PART-4846,2026-10-25,2026-11-01,2026-11-01,529,shipped,False,0
7988,SITE-053,PART-3257,2026-06-12,2026-06-20,2026-06-18,478,pending,False,0
7989,SITE-060,PART-2317,2026-05-26,2026-06-04,2026-06-04,712,delivered,False,0
7990,SITE-079,PART-4128,2026-12-03,2026-12-08,2026-12-08,887,delivered,False,0
7991,SITE-043,PART-7083,2026-06-20,2026-06-30,2026-06-29,445,delivered,False,0
7992,SITE-001,PART-3691,2026-10-24,2026-11-03,2026-11-02,869,delivered,False,0
7993,SITE-092,PART-9293,2025-09-27,2025-10-06,2025-10-05,201,pending,False,0
7994,SITE-008,PART-5496,2025-01-04,2025-01-11,2025-01-09,527,delivered,False,0
7995,SITE-088,PART-5115,2025-06-13,2025-06-22,2025-06-21,742,shipped,False,0
7996,SITE-031,PART-6431,2026-11-16,2026-11-24,2026-11-24,156,shipped,False,0
7997,SITE-043,PART-9272,2025-10-25,2025-10-31,2025-10-31,55,pending,False,0
7998,SITE-094,PART-7413,2026-05-25,2026-05-29,2026-05-28,990,pending,False,0
7999,SITE-074,PART-7259,2025-01-21,2025-01-31,2025-01-31,371,shipped,False,0
8000,SITE-068,PART-2148,2025-07-25,2025-07-29,2025-07-29,883,pending,False,0
8001,SITE-033,PART-7425,2026-10-09,2026-10-18,2026-11-01,670,delivered,True,14
8002,SITE-030,PART-1734,2025-12-25,2025-12-31,2025-12-30,189,delivered,False,0
8003,SITE-054,PART-3285,2026-11-27,2026-12-07,2026-12-06,846,delivered,False,0
8004,SITE-026,PART-8194,2025-08-17,2025-08-21,2025-08-26,845,delivered,True,5
8005,SITE-010,PART-1496,2026-11-24,2026-12-02,2026-12-02,257,shipped,False,0
8006,SITE-045,PART-3160,2025-12-17,2025-12-24,2026-01-01,710,shipped,True,8
8007,SITE-049,PART-8396,2026-01-22,2026-01-27,2026-01-26,458,delivered,False,0
8008,SITE-018,PART-2341,2026-04-04,2026-04-13,2026-04-11,479,shipped,False,0
8009,SITE-019,PART-1737,2025-02-07,2025-02-17,2025-02-17,332,delivered,False,0
8010,SITE-002,PART-2125,2026-10-11,2026-10-17,2026-10-16,668,delivered,False,0
8011,SITE-078,PART-2036,2025-03-09,2025-03-15,2025-03-23,605,pending,True,8
8012,SITE-003,PART-4640,2025-09-06,2025-09-13,2025-09-23,62,shipped,True,10
8013,SITE-093,PART-9549,2025-11-28,2025-12-07,2025-12-06,5,shipped,False,0
8014,SITE-024,PART-8008,2026-06-01,2026-06-07,2026-06-06,407,shipped,False,0
8015,SITE-093,PART-6926,2025-07-22,2025-07-27,2025-07-25,156,delivered,False,0
8016,SITE-074,PART-7020,2025-11-12,2025-11-22,2025-11-20,657,delivered,False,0
8017,SITE-036,PART-9165,2025-02-17,2025-02-24,2025-02-22,410,delivered,False,0
8018,SITE-067,PART-9090,2026-11-12,2026-11-19,2026-11-19,327,delivered,False,0
8019,SITE-071,PART-1138,2025-12-24,2025-12-28,2025-12-26,195,shipped,False,0
8020,SITE-076,PART-7486,2025-12-16,2025-12-25,2025-12-24,799,delivered,False,0
8021,SITE-043,PART-3663,2025-02-12,2025-02-21,2025-02-20,564,shipped,False,0
8022,SITE-084,PART-5543,2026-02-08,2026-02-14,2026-02-14,169,pending,False,0
8023,SITE-070,PART-2331,2025-09-18,2025-09-25,2025-09-23,828,pending,False,0
8024,SITE-100,PART-5183,2026-10-19,2026-10-26,2026-10-30,645,pending,True,4
8025,SITE-080,PART-7833,2025-04-04,2025-04-09,2025-04-08,663,shipped,False,0
8026,SITE-074,PART-7066,2025-10-28,2025-11-02,2025-10-31,250,pending,False,0
8027,SITE-055,PART-1414,2025-04-14,2025-04-20,2025-04-18,871,delivered,False,0
8028,SITE-033,PART-1225,2026-06-27,2026-07-05,2026-07-04,231,pending,False,0
8029,SITE-017,PART-1733,2025-08-17,2025-08-20,2025-08-20,458,shipped,False,0
8030,SITE-056,PART-7608,2026-09-09,2026-09-15,2026-09-19,7,shipped,True,4
8031,SITE-064,PART-8273,2025-04-05,2025-04-11,2025-04-10,212,delivered,False,0
8032,SITE-100,PART-6069,2025-02-08,2025-02-14,2025-02-12,839,delivered,False,0
8033,SITE-052,PART-6089,2025-09-18,2025-09-27,2025-10-06,306,delivered,True,9
8034,SITE-043,PART-9512,2025-03-07,2025-03-14,2025-03-13,958,shipped,False,0
8035,SITE-091,PART-6762,2026-01-08,2026-01-13,2026-01-11,880,shipped,False,0
8036,SITE-068,PART-8084,2025-02-25,2025-03-07,2025-03-07,672,pending,False,0
8037,SITE-094,PART-7165,2025-09-18,2025-09-28,2025-09-28,164,shipped,False,0
8038,SITE-032,PART-1358,2026-09-03,2026-09-07,2026-09-05,288,shipped,False,0
8039,SITE-030,PART-1695,2026-04-18,2026-04-23,2026-04-22,626,pending,False,0
8040,SITE-076,PART-5961,2026-03-23,2026-03-30,2026-03-29,84,shipped,False,0
8041,SITE-034,PART-5124,2026-10-08,2026-10-14,2026-10-21,316,shipped,True,7
8042,SITE-076,PART-1524,2026-02-04,2026-02-14,2026-02-14,756,delivered,False,0
8043,SITE-017,PART-4543,2026-10-15,2026-10-23,2026-10-21,768,delivered,False,0
8044,SITE-099,PART-9189,2026-06-07,2026-06-11,2026-06-11,364,shipped,False,0
8045,SITE-088,PART-2779,2026-12-08,2026-12-13,2026-12-11,150,delivered,False,0
8046,SITE-088,PART-1124,2025-10-25,2025-11-03,2025-11-03,319,shipped,False,0
8047,SITE-015,PART-6924,2026-01-17,2026-01-24,2026-01-23,910,shipped,False,0
8048,SITE-085,PART-7942,2025-08-28,2025-08-31,2025-08-31,107,pending,False,0
8049,SITE-071,PART-2477,2025-09-26,2025-10-06,2025-10-05,879,shipped,False,0
8050,SITE-066,PART-4062,2026-11-18,2026-11-23,2026-11-21,630,shipped,False,0
8051,SITE-058,PART-2100,2025-08-14,2025-08-22,2025-08-21,439,shipped,False,0
8052,SITE-036,PART-3819,2026-10-07,2026-10-12,2026-10-11,455,delivered,False,0
8053,SITE-023,PART-1363,2025-12-12,2025-12-20,2025-12-20,414,shipped,False,0
8054,SITE-086,PART-1934,2025-04-03,2025-04-09,2025-04-08,934,delivered,False,0
8055,SITE-100,PART-5124,2025-10-17,2025-10-27,2025-10-25,630,shipped,False,0
8056,SITE-057,PART-4181,2025-02-17,2025-02-27,2025-02-27,720,shipped,False,0
8057,SITE-048,PART-8211,2026-12-01,2026-12-04,2026-12-12,144,shipped,True,8
8058,SITE-058,PART-3959,2026-08-23,2026-08-26,2026-08-25,929,delivered,False,0
8059,SITE-019,PART-1733,2026-05-26,2026-06-03,2026-06-02,406,delivered,False,0
8060,SITE-033,PART-2952,2025-07-08,2025-07-12,2025-07-12,4,delivered,False,0
8061,SITE-034,PART-1240,2025-11-07,2025-11-14,2025-11-13,616,shipped,False,0
8062,SITE-003,PART-1416,2026-11-13,2026-11-17,2026-11-17,584,shipped,False,0
8063,SITE-046,PART-9374,2026-01-09,2026-01-19,2026-01-17,84,delivered,False,0
8064,SITE-004,PART-5072,2026-01-19,2026-01-24,2026-01-23,86,delivered,False,0
8065,SITE-016,PART-8384,2026-03-15,2026-03-23,2026-03-23,246,delivered,False,0
8066,SITE-075,PART-3435,2025-02-13,2025-02-17,2025-02-16,655,pending,False,0
8067,SITE-071,PART-3161,2025-01-20,2025-01-30,2025-01-30,856,pending,False,0
8068,SITE-092,PART-7203,2026-06-20,2026-06-29,2026-06-29,424,shipped,False,0
8069,SITE-023,PART-8427,2026-11-01,2026-11-07,2026-11-05,554,pending,False,0
8070,SITE-059,PART-3201,2025-02-04,2025-02-12,2025-02-17,135,pending,True,5
8071,SITE-037,PART-3953,2026-09-15,2026-09-22,2026-09-21,349,shipped,False,0
8072,SITE-044,PART-9181,2026-07-20,2026-07-29,2026-07-31,2,shipped,True,2
8073,SITE-065,PART-5674,2026-11-15,2026-11-25,2026-11-24,337,shipped,False,0
8074,SITE-068,PART-2826,2026-12-25,2026-12-31,2026-12-30,184,delivered,False,0
8075,SITE-018,PART-3246,2025-01-09,2025-01-12,2025-01-10,816,shipped,False,0
8076,SITE-098,PART-1696,2025-10-25,2025-10-29,2025-10-27,659,delivered,False,0
8077,SITE-003,PART-3333,2026-12-15,2026-12-25,2026-12-24,277,shipped,False,0
8078,SITE-013,PART-3280,2025-03-14,2025-03-19,2025-03-18,11,pending,False,0
8079,SITE-063,PART-5625,2025-10-02,2025-10-12,2025-10-12,436,delivered,False,0
8080,SITE-037,PART-8420,2026-08-08,2026-08-12,2026-08-11,930,pending,False,0
8081,SITE-043,PART-5193,2025-04-04,2025-04-09,2025-04-20,277,shipped,True,11
8082,SITE-035,PART-8518,2025-11-25,2025-12-02,2025-12-01,222,pending,False,0
8083,SITE-054,PART-2295,2025-03-07,2025-03-13,2025-03-28,494,shipped,True,15
8084,SITE-014,PART-1129,2025-09-02,2025-09-07,2025-09-06,216,shipped,False,0
8085,SITE-095,PART-5031,2026-01-10,2026-01-17,2026-01-16,74,shipped,False,0
8086,SITE-066,PART-7020,2025-03-22,2025-03-25,2025-03-25,864,pending,False,0
8087,SITE-055,PART-4694,2026-03-05,2026-03-12,2026-03-10,102,pending,False,0
8088,SITE-007,PART-1670,2025-03-22,2025-03-28,2025-03-27,408,delivered,False,0
8089,SITE-070,PART-2665,2026-07-09,2026-07-12,2026-07-11,545,shipped,False,0
8090,SITE-073,PART-5214,2025-07-24,2025-07-27,2025-07-27,114,shipped,False,0
8091,SITE-022,PART-5100,2025-10-18,2025-10-24,2025-10-24,167,shipped,False,0
8092,SITE-037,PART-8273,2026-05-22,2026-05-26,2026-05-26,356,pending,False,0
8093,SITE-068,PART-7560,2026-12-16,2026-12-25,2026-12-23,696,delivered,False,0
8094,SITE-030,PART-1684,2025-09-10,2025-09-15,2025-09-19,388,delivered,True,4
8095,SITE-048,PART-9037,2026-04-18,2026-04-23,2026-04-21,771,delivered,False,0
8096,SITE-093,PART-3070,2026-08-07,2026-08-12,2026-08-12,744,pending,False,0
8097,SITE-071,PART-1358,2026-05-23,2026-05-26,2026-05-31,169,pending,True,5
8098,SITE-100,PART-8279,2026-11-09,2026-11-16,2026-11-15,613,pending,False,0
8099,SITE-043,PART-7269,2026-02-23,2026-03-05,2026-03-04,785,pending,False,0
8100,SITE-099,PART-6709,2026-07-25,2026-07-28,2026-07-28,913,delivered,False,0
8101,SITE-088,PART-4080,2025-08-16,2025-08-26,2025-08-24,987,pending,False,0
8102,SITE-022,PART-4260,2026-06-08,2026-06-14,2026-06-12,456,delivered,False,0
8103,SITE-012,PART-7794,2025-07-23,2025-07-26,2025-07-24,283,delivered,False,0
8104,SITE-042,PART-5898,2026-09-12,2026-09-15,2026-09-15,259,shipped,False,0
8105,SITE-063,PART-1416,2025-04-13,2025-04-19,2025-04-18,872,delivered,False,0
8106,SITE-045,PART-1264,2025-03-04,2025-03-08,2025-03-14,144,delivered,True,6
8107,SITE-007,PART-4137,2025-07-20,2025-07-29,2025-07-27,177,delivered,False,0
8108,SITE-059,PART-4148,2026-08-21,2026-08-29,2026-08-31,900,shipped,True,2
8109,SITE-020,PART-5186,2026-08-27,2026-08-31,2026-08-29,38,pending,False,0
8110,SITE-016,PART-9037,2025-09-19,2025-09-27,2025-09-25,307,delivered,False,0
8111,SITE-013,PART-4290,2026-11-01,2026-11-05,2026-11-05,47,delivered,False,0
8112,SITE-037,PART-8675,2025-04-20,2025-04-29,2025-04-28,313,shipped,False,0
8113,SITE-029,PART-7104,2025-02-28,2025-03-03,2025-03-01,732,pending,False,0
8114,SITE-002,PART-2784,2026-02-05,2026-02-15,2026-02-14,630,pending,False,0
8115,SITE-070,PART-1734,2025-04-03,2025-04-06,2025-04-05,413,pending,False,0
8116,SITE-023,PART-8823,2025-06-17,2025-06-25,2025-06-24,653,pending,False,0
8117,SITE-011,PART-5172,2026-09-13,2026-09-23,2026-09-21,506,delivered,False,0
8118,SITE-058,PART-3798,2026-03-17,2026-03-23,2026-03-25,338,shipped,True,2
8119,SITE-080,PART-9554,2025-04-15,2025-04-23,2025-04-22,170,shipped,False,0
8120,SITE-072,PART-9007,2025-08-17,2025-08-27,2025-08-27,271,pending,False,0
8121,SITE-092,PART-8194,2026-06-04,2026-06-09,2026-06-07,218,pending,False,0
8122,SITE-019,PART-4072,2026-02-27,2026-03-05,2026-03-03,354,pending,False,0
8123,SITE-034,PART-9216,2025-10-27,2025-11-01,2025-10-31,389,pending,False,0
8124,SITE-080,PART-2784,2026-07-07,2026-07-13,2026-07-13,908,delivered,False,0
8125,SITE-049,PART-3781,2025-05-13,2025-05-16,2025-05-15,228,delivered,False,0
8126,SITE-092,PART-5214,2026-04-22,2026-04-26,2026-04-25,978,shipped,False,0
8127,SITE-023,PART-8488,2025-12-27,2026-01-01,2026-01-01,913,delivered,False,0
8128,SITE-007,PART-2356,2026-03-10,2026-03-20,2026-03-18,892,delivered,False,0
8129,SITE-073,PART-4582,2026-01-26,2026-02-03,2026-02-03,209,delivered,False,0
8130,SITE-029,PART-4215,2026-06-04,2026-06-09,2026-06-08,624,pending,False,0
8131,SITE-095,PART-3251,2026-04-18,2026-04-26,2026-04-26,927,shipped,False,0
8132,SITE-011,PART-2135,2026-05-20,2026-05-24,2026-05-30,81,delivered,True,6
8133,SITE-024,PART-8635,2025-02-09,2025-02-14,2025-02-27,603,delivered,True,13
8134,SITE-030,PART-2838,2025-02-04,2025-02-07,2025-02-06,314,shipped,False,0
8135,SITE-059,PART-1798,2026-04-07,2026-04-13,2026-04-12,334,delivered,False,0
8136,SITE-057,PART-8780,2026-04-20,2026-04-27,2026-04-27,302,delivered,False,0
8137,SITE-099,PART-3915,2026-04-19,2026-04-23,2026-04-21,503,delivered,False,0
8138,SITE-065,PART-3937,2026-04-05,2026-04-11,2026-04-10,21,delivered,False,0
8139,SITE-037,PART-1650,2026-03-09,2026-03-17,2026-03-16,253,pending,False,0
8140,SITE-023,PART-1228,2026-03-14,2026-03-20,2026-03-19,740,pending,False,0
8141,SITE-058,PART-5907,2026-03-19,2026-03-29,2026-04-04,851,shipped,True,6
8142,SITE-078,PART-2830,2025-07-12,2025-07-17,2025-07-15,134,shipped,False,0
8143,SITE-059,PART-1017,2026-03-17,2026-03-25,2026-03-23,877,delivered,False,0
8144,SITE-018,PART-4280,2026-10-21,2026-10-25,2026-10-23,345,shipped,False,0
8145,SITE-045,PART-3793,2025-06-08,2025-06-17,2025-06-17,183,pending,False,0
8146,SITE-006,PART-4662,2026-02-26,2026-03-05,2026-03-18,718,pending,True,13
8147,SITE-060,PART-1081,2025-08-05,2025-08-08,2025-08-08,803,pending,False,0
8148,SITE-049,PART-2419,2025-04-23,2025-05-03,2025-05-01,167,shipped,False,0
8149,SITE-015,PART-5749,2026-04-16,2026-04-24,2026-04-22,990,shipped,False,0
8150,SITE-096,PART-3349,2026-01-24,2026-01-30,2026-01-30,980,pending,False,0
8151,SITE-010,PART-5726,2026-01-11,2026-01-15,2026-01-13,999,shipped,False,0
8152,SITE-004,PART-4370,2026-07-04,2026-07-13,2026-07-12,764,pending,False,0
8153,SITE-066,PART-8537,2026-10-23,2026-10-28,2026-10-26,150,pending,False,0
8154,SITE-018,PART-7641,2025-02-22,2025-02-27,2025-02-27,737,shipped,False,0
8155,SITE-071,PART-6542,2025-12-07,2025-12-17,2025-12-15,463,shipped,False,0
8156,SITE-010,PART-3839,2026-01-06,2026-01-13,2026-01-16,281,delivered,True,3
8157,SITE-068,PART-3592,2026-11-09,2026-11-18,2026-11-17,383,shipped,False,0
8158,SITE-075,PART-1591,2025-05-11,2025-05-17,2025-05-15,689,shipped,False,0
8159,SITE-072,PART-3160,2025-05-22,2025-05-31,2025-05-31,809,delivered,False,0
8160,SITE-020,PART-2927,2026-01-20,2026-01-26,2026-01-25,341,shipped,False,0
8161,SITE-079,PART-5784,2026-05-01,2026-05-08,2026-05-08,598,shipped,False,0
8162,SITE-062,PART-1061,2026-06-25,2026-07-04,2026-07-02,932,delivered,False,0
8163,SITE-096,PART-7138,2025-02-06,2025-02-12,2025-02-22,153,delivered,True,10
8164,SITE-040,PART-5696,2026-11-23,2026-11-30,2026-11-30,128,pending,False,0
8165,SITE-043,PART-7746,2025-01-15,2025-01-23,2025-01-23,734,shipped,False,0
8166,SITE-075,PART-6991,2026-04-21,2026-05-01,2026-05-05,585,pending,True,4
8167,SITE-056,PART-4181,2026-06-16,2026-06-22,2026-06-20,21,shipped,False,0
8168,SITE-086,PART-8474,2026-08-16,2026-08-24,2026-08-24,651,shipped,False,0
8169,SITE-004,PART-9833,2025-04-23,2025-04-28,2025-04-26,343,shipped,False,0
8170,SITE-095,PART-5693,2026-12-26,2027-01-05,2027-01-04,141,shipped,False,0
8171,SITE-020,PART-6324,2025-06-14,2025-06-20,2025-06-20,533,shipped,False,0
8172,SITE-042,PART-3867,2026-04-10,2026-04-17,2026-04-17,643,pending,False,0
8173,SITE-080,PART-2218,2025-11-05,2025-11-10,2025-11-09,863,delivered,False,0
8174,SITE-069,PART-2276,2026-12-09,2026-12-16,2026-12-16,925,delivered,False,0
8175,SITE-061,PART-4058,2026-01-13,2026-01-16,2026-01-14,377,pending,False,0
8176,SITE-069,PART-6908,2026-12-24,2026-12-28,2026-12-28,46,pending,False,0
8177,SITE-010,PART-3825,2026-07-22,2026-07-27,2026-07-26,411,shipped,False,0
8178,SITE-013,PART-2852,2025-06-22,2025-06-29,2025-06-28,539,shipped,False,0
8179,SITE-019,PART-7240,2026-07-01,2026-07-07,2026-07-07,774,pending,False,0
8180,SITE-092,PART-9204,2026-02-09,2026-02-15,2026-02-13,271,delivered,False,0
8181,SITE-025,PART-7138,2025-11-01,2025-11-07,2025-11-07,231,shipped,False,0
8182,SITE-030,PART-7495,2025-11-14,2025-11-18,2025-11-16,204,delivered,False,0
8183,SITE-005,PART-4804,2026-09-15,2026-09-18,2026-09-18,590,delivered,False,0
8184,SITE-053,PART-4184,2026-02-14,2026-02-18,2026-02-18,692,shipped,False,0
8185,SITE-075,PART-2036,2026-01-17,2026-01-21,2026-01-19,871,delivered,False,0
8186,SITE-013,PART-8279,2026-09-04,2026-09-14,2026-09-24,809,pending,True,10
8187,SITE-058,PART-6768,2026-04-15,2026-04-19,2026-04-17,861,pending,False,0
8188,SITE-021,PART-1591,2025-09-17,2025-09-24,2025-09-23,698,pending,False,0
8189,SITE-088,PART-9549,2025-10-08,2025-10-12,2025-10-12,852,delivered,False,0
8190,SITE-005,PART-6568,2026-06-08,2026-06-18,2026-06-17,789,delivered,False,0
8191,SITE-081,PART-3276,2026-06-28,2026-07-01,2026-06-30,822,delivered,False,0
8192,SITE-010,PART-7419,2025-02-04,2025-02-13,2025-02-13,565,pending,False,0
8193,SITE-050,PART-9833,2026-06-18,2026-06-25,2026-06-23,689,pending,False,0
8194,SITE-012,PART-1926,2025-05-11,2025-05-16,2025-05-14,754,shipped,False,0
8195,SITE-045,PART-3811,2025-07-01,2025-07-11,2025-07-10,254,delivered,False,0
8196,SITE-068,PART-3274,2025-04-21,2025-04-30,2025-05-02,396,pending,True,2
8197,SITE-069,PART-9948,2026-09-05,2026-09-12,2026-09-12,692,shipped,False,0
8198,SITE-100,PART-6183,2025-03-01,2025-03-11,2025-03-09,565,shipped,False,0
8199,SITE-079,PART-4662,2025-07-15,2025-07-25,2025-07-23,564,pending,False,0
8200,SITE-006,PART-5709,2026-07-17,2026-07-23,2026-07-21,547,shipped,False,0
8201,SITE-023,PART-3333,2025-03-13,2025-03-17,2025-03-16,507,shipped,False,0
8202,SITE-037,PART-8322,2026-06-10,2026-06-13,2026-06-13,59,shipped,False,0
8203,SITE-041,PART-5999,2025-01-15,2025-01-24,2025-01-22,137,delivered,False,0
8204,SITE-035,PART-3472,2026-10-19,2026-10-22,2026-10-21,921,pending,False,0
8205,SITE-023,PART-7444,2026-06-16,2026-06-21,2026-06-24,522,delivered,True,3
8206,SITE-095,PART-7735,2026-02-08,2026-02-11,2026-02-11,923,shipped,False,0
8207,SITE-037,PART-5186,2026-08-08,2026-08-11,2026-08-11,434,pending,False,0
8208,SITE-005,PART-2422,2025-11-28,2025-12-06,2025-12-05,295,shipped,False,0
8209,SITE-032,PART-3161,2025-09-17,2025-09-24,2025-09-22,645,delivered,False,0
8210,SITE-044,PART-7442,2026-04-24,2026-04-29,2026-04-29,464,delivered,False,0
8211,SITE-011,PART-4844,2026-05-10,2026-05-14,2026-05-14,331,delivered,False,0
8212,SITE-043,PART-1474,2025-03-09,2025-03-18,2025-03-16,533,shipped,False,0
8213,SITE-056,PART-3030,2025-09-13,2025-09-16,2025-09-21,701,delivered,True,5
8214,SITE-082,PART-9679,2026-09-21,2026-09-26,2026-09-24,649,shipped,False,0
8215,SITE-097,PART-2397,2026-02-02,2026-02-06,2026-02-05,880,shipped,False,0
8216,SITE-003,PART-7200,2026-07-28,2026-08-06,2026-08-05,980,delivered,False,0
8217,SITE-066,PART-9993,2026-08-05,2026-08-09,2026-08-07,602,delivered,False,0
8218,SITE-097,PART-8163,2026-06-28,2026-07-06,2026-07-04,146,pending,False,0
8219,SITE-015,PART-9363,2026-12-08,2026-12-16,2026-12-16,874,shipped,False,0
8220,SITE-032,PART-6349,2026-05-20,2026-05-23,2026-05-22,849,delivered,False,0
8221,SITE-040,PART-7641,2026-09-21,2026-09-27,2026-09-25,153,delivered,False,0
8222,SITE-082,PART-3798,2025-06-21,2025-06-26,2025-06-24,217,pending,False,0
8223,SITE-058,PART-3392,2025-12-16,2025-12-21,2025-12-19,912,delivered,False,0
8224,SITE-091,PART-3715,2025-09-15,2025-09-25,2025-09-25,537,pending,False,0
8225,SITE-006,PART-5127,2025-04-06,2025-04-12,2025-04-10,977,pending,False,0
8226,SITE-081,PART-4804,2026-07-17,2026-07-27,2026-07-27,537,delivered,False,0
8227,SITE-045,PART-1198,2025-03-01,2025-03-07,2025-03-05,231,delivered,False,0
8228,SITE-043,PART-1798,2025-03-13,2025-03-21,2025-03-21,810,delivered,False,0
8229,SITE-018,PART-5401,2026-10-22,2026-10-26,2026-10-26,280,shipped,False,0
8230,SITE-030,PART-1768,2025-01-25,2025-01-28,2025-01-26,444,delivered,False,0
8231,SITE-021,PART-3289,2025-01-23,2025-02-02,2025-02-07,449,shipped,True,5
8232,SITE-032,PART-1673,2026-09-10,2026-09-15,2026-09-13,980,shipped,False,0
8233,SITE-028,PART-2443,2026-05-06,2026-05-10,2026-05-08,642,delivered,False,0
8234,SITE-065,PART-4238,2026-11-09,2026-11-15,2026-11-14,725,pending,False,0
8235,SITE-058,PART-1049,2025-04-10,2025-04-20,2025-04-19,24,pending,False,0
8236,SITE-029,PART-8474,2025-06-21,2025-06-24,2025-06-26,285,shipped,True,2
8237,SITE-009,PART-4228,2025-12-22,2025-12-28,2025-12-27,134,shipped,False,0
8238,SITE-001,PART-2974,2026-02-11,2026-02-21,2026-02-21,86,pending,False,0
8239,SITE-076,PART-3418,2026-04-24,2026-04-30,2026-04-30,773,pending,False,0
8240,SITE-076,PART-2434,2026-02-20,2026-03-02,2026-03-07,301,pending,True,5
8241,SITE-044,PART-9293,2026-04-14,2026-04-21,2026-04-19,999,pending,False,0
8242,SITE-099,PART-8555,2026-02-14,2026-02-20,2026-02-19,412,pending,False,0
8243,SITE-023,PART-4741,2025-07-03,2025-07-09,2025-07-13,80,pending,True,4
8244,SITE-048,PART-1105,2025-05-28,2025-06-05,2025-06-03,46,shipped,False,0
8245,SITE-041,PART-9805,2025-01-24,2025-01-31,2025-01-29,843,shipped,False,0
8246,SITE-081,PART-5652,2025-06-07,2025-06-13,2025-06-11,51,pending,False,0
8247,SITE-082,PART-3822,2025-03-15,2025-03-20,2025-03-20,122,delivered,False,0
8248,SITE-032,PART-7008,2026-10-12,2026-10-20,2026-10-18,61,pending,False,0
8249,SITE-036,PART-8127,2025-05-02,2025-05-08,2025-05-07,255,pending,False,0
8250,SITE-007,PART-8448,2026-09-18,2026-09-24,2026-10-08,401,delivered,True,14
8251,SITE-004,PART-4112,2026-03-12,2026-03-19,2026-03-17,585,shipped,False,0
8252,SITE-038,PART-5214,2025-08-24,2025-08-29,2025-08-27,380,delivered,False,0
8253,SITE-020,PART-7684,2026-01-19,2026-01-23,2026-01-21,759,shipped,False,0
8254,SITE-095,PART-7758,2025-05-19,2025-05-29,2025-05-29,70,pending,False,0
8255,SITE-056,PART-1798,2025-09-14,2025-09-23,2025-09-23,449,delivered,False,0
8256,SITE-010,PART-5990,2025-11-17,2025-11-24,2025-11-24,490,pending,False,0
8257,SITE-075,PART-4354,2026-09-15,2026-09-23,2026-09-21,948,pending,False,0
8258,SITE-068,PART-7232,2026-01-24,2026-01-27,2026-01-27,356,pending,False,0
8259,SITE-008,PART-3289,2025-04-23,2025-04-26,2025-04-26,799,pending,False,0
8260,SITE-072,PART-8003,2026-08-17,2026-08-23,2026-08-23,186,delivered,False,0
8261,SITE-055,PART-8322,2025-08-24,2025-09-03,2025-09-03,520,pending,False,0
8262,SITE-036,PART-2698,2025-10-23,2025-10-27,2025-10-27,248,delivered,False,0
8263,SITE-073,PART-5588,2026-05-28,2026-06-03,2026-06-01,584,shipped,False,0
8264,SITE-076,PART-8195,2025-03-21,2025-03-31,2025-03-29,177,pending,False,0
8265,SITE-048,PART-3732,2025-06-26,2025-07-05,2025-07-03,402,delivered,False,0
8266,SITE-078,PART-2295,2026-11-12,2026-11-22,2026-11-22,295,pending,False,0
8267,SITE-075,PART-8330,2026-08-16,2026-08-21,2026-08-20,307,pending,False,0
8268,SITE-097,PART-3286,2026-10-20,2026-10-23,2026-10-23,679,delivered,False,0
8269,SITE-001,PART-6183,2026-11-27,2026-12-04,2026-12-02,480,delivered,False,0
8270,SITE-045,PART-9833,2026-01-05,2026-01-11,2026-01-11,501,delivered,False,0
8271,SITE-029,PART-7823,2026-07-14,2026-07-19,2026-07-17,974,pending,False,0
8272,SITE-002,PART-7444,2025-10-12,2025-10-19,2025-10-17,568,pending,False,0
8273,SITE-082,PART-9388,2025-01-04,2025-01-11,2025-01-13,667,delivered,True,2
8274,SITE-005,PART-6412,2026-05-11,2026-05-18,2026-05-17,165,pending,False,0
8275,SITE-033,PART-7739,2025-03-23,2025-03-29,2025-03-27,326,delivered,False,0
8276,SITE-084,PART-8127,2026-05-02,2026-05-12,2026-05-12,10,shipped,False,0
8277,SITE-059,PART-3112,2026-06-06,2026-06-10,2026-06-09,206,pending,False,0
8278,SITE-100,PART-9263,2025-10-25,2025-11-03,2025-11-02,626,delivered,False,0
8279,SITE-051,PART-7144,2025-08-14,2025-08-21,2025-09-04,251,shipped,True,14
8280,SITE-074,PART-7425,2026-03-14,2026-03-23,2026-03-22,779,pending,False,0
8281,SITE-017,PART-1771,2026-01-02,2026-01-10,2026-01-08,610,shipped,False,0
8282,SITE-023,PART-6355,2025-03-13,2025-03-17,2025-03-16,96,pending,False,0
8283,SITE-025,PART-8483,2026-05-26,2026-06-05,2026-06-21,780,pending,True,16
8284,SITE-017,PART-1771,2025-03-23,2025-04-02,2025-04-01,524,pending,False,0
8285,SITE-064,PART-4014,2025-01-04,2025-01-11,2025-01-09,167,pending,False,0
8286,SITE-007,PART-9204,2026-08-13,2026-08-22,2026-08-21,452,delivered,False,0
8287,SITE-099,PART-7036,2025-03-20,2025-03-28,2025-03-26,653,delivered,False,0
8288,SITE-084,PART-1673,2026-06-04,2026-06-09,2026-06-09,169,pending,False,0
8289,SITE-035,PART-8361,2025-10-15,2025-10-21,2025-10-21,245,shipped,False,0
8290,SITE-023,PART-6829,2025-04-06,2025-04-09,2025-04-08,374,pending,False,0
8291,SITE-052,PART-7008,2026-05-10,2026-05-20,2026-05-18,161,delivered,False,0
8292,SITE-048,PART-8448,2025-05-28,2025-06-04,2025-06-03,317,delivered,False,0
8293,SITE-049,PART-3360,2025-01-13,2025-01-23,2025-01-22,395,delivered,False,0
8294,SITE-084,PART-3435,2026-09-24,2026-10-01,2026-10-01,525,pending,False,0
8295,SITE-080,PART-7087,2026-01-27,2026-01-31,2026-01-31,254,shipped,False,0
8296,SITE-029,PART-7977,2025-04-01,2025-04-04,2025-04-04,765,delivered,False,0
8297,SITE-064,PART-8084,2026-12-11,2026-12-15,2026-12-30,668,pending,True,15
8298,SITE-039,PART-1366,2025-07-23,2025-08-02,2025-07-31,557,delivered,False,0
8299,SITE-084,PART-8273,2025-11-23,2025-11-26,2025-11-24,626,shipped,False,0
8300,SITE-020,PART-7578,2025-07-21,2025-07-25,2025-07-24,337,delivered,False,0
8301,SITE-001,PART-1347,2026-08-23,2026-08-28,2026-08-27,124,delivered,False,0
8302,SITE-071,PART-7144,2026-08-02,2026-08-06,2026-08-05,874,pending,False,0
8303,SITE-001,PART-4543,2026-09-13,2026-09-23,2026-09-23,91,pending,False,0
8304,SITE-014,PART-6236,2025-11-21,2025-11-25,2025-11-24,203,pending,False,0
8305,SITE-026,PART-8625,2026-03-18,2026-03-28,2026-03-28,787,shipped,False,0
8306,SITE-067,PART-1872,2026-05-07,2026-05-12,2026-05-11,496,shipped,False,0
8307,SITE-061,PART-5876,2026-11-09,2026-11-18,2026-11-18,325,delivered,False,0
8308,SITE-015,PART-3286,2025-09-12,2025-09-20,2025-09-19,742,pending,False,0
8309,SITE-004,PART-8535,2025-05-28,2025-06-06,2025-06-04,261,pending,False,0
8310,SITE-043,PART-2396,2026-09-25,2026-09-28,2026-09-28,943,shipped,False,0
8311,SITE-083,PART-6803,2025-10-13,2025-10-20,2025-10-20,600,pending,False,0
8312,SITE-051,PART-1291,2025-10-15,2025-10-21,2025-10-19,139,pending,False,0
8313,SITE-049,PART-7823,2025-04-02,2025-04-05,2025-04-04,380,shipped,False,0
8314,SITE-048,PART-6072,2026-08-19,2026-08-28,2026-08-28,981,shipped,False,0
8315,SITE-097,PART-7634,2025-08-07,2025-08-10,2025-08-10,364,delivered,False,0
8316,SITE-070,PART-7177,2025-04-05,2025-04-08,2025-04-06,983,shipped,False,0
8317,SITE-096,PART-3895,2026-10-23,2026-10-29,2026-10-27,70,delivered,False,0
8318,SITE-014,PART-1673,2026-12-18,2026-12-25,2026-12-25,668,shipped,False,0
8319,SITE-053,PART-1591,2025-11-22,2025-11-28,2025-12-01,752,delivered,True,3
8320,SITE-039,PART-1591,2025-09-21,2025-09-26,2025-09-24,796,delivered,False,0
8321,SITE-042,PART-8806,2026-07-05,2026-07-13,2026-07-12,560,delivered,False,0
8322,SITE-063,PART-3684,2026-12-11,2026-12-18,2026-12-18,408,delivered,False,0
8323,SITE-029,PART-3112,2026-03-12,2026-03-16,2026-03-14,560,shipped,False,0
8324,SITE-086,PART-5298,2025-06-18,2025-06-21,2025-06-20,182,delivered,False,0
8325,SITE-083,PART-9038,2026-09-15,2026-09-25,2026-09-25,600,shipped,False,0
8326,SITE-065,PART-4335,2026-11-18,2026-11-21,2026-11-19,352,pending,False,0
8327,SITE-023,PART-8003,2026-09-05,2026-09-10,2026-09-09,270,shipped,False,0
8328,SITE-055,PART-1088,2026-08-09,2026-08-18,2026-08-17,889,shipped,False,0
8329,SITE-046,PART-4918,2026-06-07,2026-06-15,2026-06-15,154,delivered,False,0
8330,SITE-071,PART-9162,2025-01-07,2025-01-17,2025-01-17,119,delivered,False,0
8331,SITE-086,PART-4280,2025-11-28,2025-12-02,2025-11-30,63,delivered,False,0
8332,SITE-063,PART-6588,2026-02-16,2026-02-19,2026-02-17,697,delivered,False,0
8333,SITE-039,PART-1099,2026-04-18,2026-04-25,2026-04-23,711,pending,False,0
8334,SITE-060,PART-2927,2026-09-23,2026-10-02,2026-10-01,883,shipped,False,0
8335,SITE-060,PART-1124,2025-04-11,2025-04-16,2025-04-14,864,delivered,False,0
8336,SITE-058,PART-4181,2026-05-01,2026-05-10,2026-05-10,267,delivered,False,0
8337,SITE-011,PART-4748,2026-08-07,2026-08-12,2026-08-10,34,delivered,False,0
8338,SITE-052,PART-5959,2025-01-24,2025-02-02,2025-02-09,588,pending,True,7
8339,SITE-025,PART-1456,2026-02-06,2026-02-09,2026-02-09,714,shipped,False,0
8340,SITE-048,PART-8322,2025-08-09,2025-08-16,2025-08-27,818,pending,True,11
8341,SITE-051,PART-5225,2025-05-17,2025-05-24,2025-05-24,548,delivered,False,0
8342,SITE-064,PART-6926,2025-10-17,2025-10-20,2025-10-20,993,shipped,False,0
8343,SITE-028,PART-3224,2025-06-25,2025-06-29,2025-06-28,555,shipped,False,0
8344,SITE-058,PART-3472,2025-11-16,2025-11-25,2025-11-24,651,shipped,False,0
8345,SITE-035,PART-3418,2025-07-01,2025-07-08,2025-07-07,664,shipped,False,0
8346,SITE-005,PART-7944,2025-08-28,2025-09-03,2025-09-01,97,shipped,False,0
8347,SITE-071,PART-7020,2025-03-20,2025-03-27,2025-03-25,290,delivered,False,0
8348,SITE-071,PART-2838,2025-12-08,2025-12-11,2025-12-28,586,shipped,True,17
8349,SITE-050,PART-7746,2026-03-18,2026-03-25,2026-03-25,372,pending,False,0
8350,SITE-072,PART-5539,2026-01-11,2026-01-16,2026-01-28,685,delivered,True,12
8351,SITE-087,PART-7486,2026-09-05,2026-09-10,2026-09-08,655,delivered,False,0
8352,SITE-091,PART-1405,2026-08-28,2026-08-31,2026-08-29,139,shipped,False,0
8353,SITE-021,PART-7345,2026-06-01,2026-06-06,2026-06-04,19,pending,False,0
8354,SITE-050,PART-4072,2025-09-19,2025-09-29,2025-10-10,103,delivered,True,11
8355,SITE-058,PART-3732,2026-03-24,2026-04-03,2026-04-01,741,shipped,False,0
8356,SITE-008,PART-4640,2026-06-07,2026-06-16,2026-06-27,417,pending,True,11
8357,SITE-002,PART-3715,2026-11-28,2026-12-06,2026-12-06,679,pending,False,0
8358,SITE-066,PART-5919,2025-11-06,2025-11-15,2025-11-13,823,delivered,False,0
8359,SITE-073,PART-3258,2026-02-01,2026-02-07,2026-02-10,42,delivered,True,3
8360,SITE-062,PART-7321,2026-03-19,2026-03-29,2026-03-28,751,shipped,False,0
8361,SITE-060,PART-4277,2026-02-14,2026-02-22,2026-02-20,992,shipped,False,0
8362,SITE-075,PART-2099,2025-07-17,2025-07-21,2025-07-21,81,pending,False,0
8363,SITE-036,PART-2779,2026-01-27,2026-02-06,2026-02-04,140,delivered,False,0
8364,SITE-086,PART-5121,2025-10-02,2025-10-10,2025-10-08,900,delivered,False,0
8365,SITE-055,PART-4545,2025-08-19,2025-08-29,2025-08-29,322,shipped,False,0
8366,SITE-037,PART-1335,2025-09-16,2025-09-22,2025-09-20,138,delivered,False,0
8367,SITE-008,PART-1483,2026-04-22,2026-05-01,2026-05-07,369,shipped,True,6
8368,SITE-068,PART-8806,2026-04-07,2026-04-13,2026-04-12,240,shipped,False,0
8369,SITE-056,PART-1456,2025-05-15,2025-05-19,2025-05-18,273,pending,False,0
8370,SITE-084,PART-3360,2025-02-07,2025-02-10,2025-02-09,26,shipped,False,0
8371,SITE-092,PART-2973,2026-12-28,2027-01-06,2027-01-06,188,delivered,False,0
8372,SITE-081,PART-4277,2026-11-21,2026-11-26,2026-11-26,96,delivered,False,0
8373,SITE-098,PART-7200,2026-06-09,2026-06-19,2026-06-18,858,shipped,False,0
8374,SITE-008,PART-6683,2026-06-28,2026-07-08,2026-07-16,797,delivered,True,8
8375,SITE-067,PART-9564,2026-09-06,2026-09-12,2026-09-15,588,pending,True,3
8376,SITE-061,PART-2396,2025-08-11,2025-08-19,2025-08-19,139,pending,False,0
8377,SITE-038,PART-9263,2026-08-02,2026-08-06,2026-08-04,879,delivered,False,0
8378,SITE-078,PART-4228,2025-09-19,2025-09-23,2025-09-22,186,delivered,False,0
8379,SITE-092,PART-6615,2026-05-12,2026-05-16,2026-05-14,780,pending,False,0
8380,SITE-010,PART-7949,2026-11-15,2026-11-23,2026-11-23,446,shipped,False,0
8381,SITE-057,PART-9467,2025-05-09,2025-05-19,2025-05-18,353,delivered,False,0
8382,SITE-075,PART-8062,2026-03-25,2026-03-28,2026-03-28,985,delivered,False,0
8383,SITE-095,PART-2102,2026-09-17,2026-09-21,2026-09-20,60,pending,False,0
8384,SITE-007,PART-2269,2025-03-12,2025-03-19,2025-03-18,810,delivered,False,0
8385,SITE-060,PART-8746,2025-07-03,2025-07-10,2025-07-10,5,shipped,False,0
8386,SITE-069,PART-4748,2026-09-04,2026-09-11,2026-09-10,271,shipped,False,0
8387,SITE-001,PART-2852,2026-12-26,2027-01-03,2027-01-02,285,shipped,False,0
8388,SITE-054,PART-4324,2026-04-09,2026-04-17,2026-04-17,650,delivered,False,0
8389,SITE-002,PART-8219,2026-05-21,2026-05-30,2026-05-29,165,shipped,False,0
8390,SITE-010,PART-1402,2025-11-08,2025-11-16,2025-11-16,233,pending,False,0
8391,SITE-050,PART-9329,2026-05-14,2026-05-17,2026-05-17,877,delivered,False,0
8392,SITE-051,PART-7020,2025-01-18,2025-01-26,2025-02-01,860,delivered,True,6
8393,SITE-070,PART-2297,2026-12-28,2026-12-31,2026-12-29,921,shipped,False,0
8394,SITE-064,PART-5661,2026-09-11,2026-09-21,2026-09-20,25,delivered,False,0
8395,SITE-039,PART-1335,2025-11-09,2025-11-18,2025-11-16,351,delivered,False,0
8396,SITE-057,PART-9883,2025-07-14,2025-07-19,2025-07-18,427,delivered,False,0
8397,SITE-034,PART-8427,2025-06-18,2025-06-24,2025-06-23,904,pending,False,0
8398,SITE-062,PART-8500,2026-02-12,2026-02-15,2026-02-15,823,delivered,False,0
8399,SITE-004,PART-1724,2025-08-13,2025-08-19,2025-08-18,46,pending,False,0
8400,SITE-064,PART-3291,2025-03-20,2025-03-30,2025-03-29,904,delivered,False,0
8401,SITE-012,PART-7442,2025-07-10,2025-07-19,2025-07-19,247,shipped,False,0
8402,SITE-087,PART-9948,2026-09-22,2026-10-02,2026-10-02,842,pending,False,0
8403,SITE-053,PART-8202,2026-10-10,2026-10-17,2026-10-15,254,shipped,False,0
8404,SITE-002,PART-4741,2026-02-04,2026-02-09,2026-02-08,109,pending,False,0
8405,SITE-067,PART-2380,2026-08-26,2026-08-29,2026-08-28,185,delivered,False,0
8406,SITE-061,PART-5539,2026-05-23,2026-05-31,2026-05-29,3,delivered,False,0
8407,SITE-099,PART-2052,2025-02-08,2025-02-16,2025-02-16,623,shipped,False,0
8408,SITE-052,PART-4092,2026-06-11,2026-06-15,2026-06-14,139,delivered,False,0
8409,SITE-083,PART-1214,2025-12-06,2025-12-09,2025-12-07,910,shipped,False,0
8410,SITE-092,PART-3472,2026-01-25,2026-01-29,2026-01-27,109,delivered,False,0
8411,SITE-007,PART-1416,2026-03-12,2026-03-21,2026-03-19,456,shipped,False,0
8412,SITE-012,PART-8823,2025-01-23,2025-01-26,2025-01-26,9,delivered,False,0
8413,SITE-037,PART-7740,2025-10-14,2025-10-23,2025-10-23,749,shipped,False,0
8414,SITE-062,PART-6221,2025-08-13,2025-08-20,2025-08-19,924,shipped,False,0
8415,SITE-073,PART-6330,2025-07-06,2025-07-16,2025-07-15,979,pending,False,0
8416,SITE-080,PART-8316,2026-10-02,2026-10-08,2026-10-06,955,shipped,False,0
8417,SITE-011,PART-6797,2025-01-24,2025-01-27,2025-01-27,548,pending,False,0
8418,SITE-002,PART-7535,2026-12-25,2027-01-03,2027-01-15,253,shipped,True,12
8419,SITE-002,PART-4392,2025-07-14,2025-07-19,2025-07-17,965,shipped,False,0
8420,SITE-036,PART-3819,2025-01-01,2025-01-08,2025-01-08,329,delivered,False,0
8421,SITE-004,PART-8807,2025-07-15,2025-07-24,2025-07-24,313,delivered,False,0
8422,SITE-040,PART-9648,2026-09-12,2026-09-20,2026-10-06,283,shipped,True,16
8423,SITE-068,PART-6112,2026-01-20,2026-01-23,2026-01-23,225,pending,False,0
8424,SITE-002,PART-4713,2025-08-23,2025-08-27,2025-08-27,799,pending,False,0
8425,SITE-064,PART-2773,2025-03-03,2025-03-11,2025-03-23,265,delivered,True,12
8426,SITE-021,PART-8330,2026-06-06,2026-06-13,2026-06-20,281,delivered,True,7
8427,SITE-077,PART-4572,2026-06-27,2026-07-07,2026-07-05,220,shipped,False,0
8428,SITE-021,PART-8876,2026-01-28,2026-02-06,2026-02-06,810,delivered,False,0
8429,SITE-088,PART-5907,2025-04-23,2025-04-30,2025-04-28,820,delivered,False,0
8430,SITE-085,PART-7942,2025-04-07,2025-04-12,2025-04-12,933,delivered,False,0
8431,SITE-070,PART-4582,2026-07-04,2026-07-10,2026-07-20,118,delivered,True,10
8432,SITE-034,PART-2415,2026-04-17,2026-04-25,2026-04-23,68,shipped,False,0
8433,SITE-017,PART-6628,2025-04-08,2025-04-11,2025-04-09,135,shipped,False,0
8434,SITE-057,PART-8505,2025-10-02,2025-10-12,2025-10-11,274,shipped,False,0
8435,SITE-010,PART-9284,2026-03-27,2026-03-30,2026-03-29,537,delivered,False,0
8436,SITE-068,PART-3729,2026-04-09,2026-04-14,2026-04-13,873,delivered,False,0
8437,SITE-024,PART-6072,2025-04-16,2025-04-22,2025-04-21,500,shipped,False,0
8438,SITE-070,PART-3793,2025-07-10,2025-07-14,2025-07-14,528,pending,False,0
8439,SITE-041,PART-1874,2026-09-27,2026-10-02,2026-09-30,395,delivered,False,0
8440,SITE-061,PART-1061,2026-08-23,2026-08-29,2026-08-27,411,pending,False,0
8441,SITE-041,PART-4032,2026-09-06,2026-09-13,2026-09-19,565,delivered,True,6
8442,SITE-013,PART-4662,2025-07-07,2025-07-15,2025-07-21,574,shipped,True,6
8443,SITE-087,PART-1768,2026-12-13,2026-12-23,2026-12-23,8,shipped,False,0
8444,SITE-017,PART-1682,2026-01-24,2026-02-03,2026-02-01,625,delivered,False,0
8445,SITE-031,PART-8841,2026-06-10,2026-06-13,2026-06-11,598,pending,False,0
8446,SITE-044,PART-9758,2025-02-04,2025-02-13,2025-02-11,634,shipped,False,0
8447,SITE-087,PART-8593,2026-08-18,2026-08-28,2026-08-28,873,pending,False,0
8448,SITE-023,PART-9213,2025-04-15,2025-04-24,2025-04-24,523,delivered,False,0
8449,SITE-014,PART-4545,2025-12-10,2025-12-20,2025-12-19,775,pending,False,0
8450,SITE-065,PART-1124,2025-05-05,2025-05-11,2025-05-11,765,delivered,False,0
8451,SITE-086,PART-8806,2026-08-13,2026-08-23,2026-08-21,248,delivered,False,0
8452,SITE-057,PART-4505,2026-03-16,2026-03-19,2026-03-17,62,shipped,False,0
8453,SITE-014,PART-7782,2026-08-11,2026-08-20,2026-08-20,595,pending,False,0
8454,SITE-043,PART-8194,2026-06-04,2026-06-13,2026-06-12,946,pending,False,0
8455,SITE-017,PART-4215,2026-12-27,2026-12-31,2026-12-29,525,shipped,False,0
8456,SITE-023,PART-4228,2026-07-16,2026-07-25,2026-07-23,238,delivered,False,0
8457,SITE-033,PART-1236,2026-05-28,2026-06-04,2026-06-14,917,delivered,True,10
8458,SITE-027,PART-5781,2025-03-01,2025-03-05,2025-03-04,990,delivered,False,0
8459,SITE-012,PART-1832,2026-12-27,2026-12-30,2026-12-28,321,pending,False,0
8460,SITE-072,PART-2356,2026-08-15,2026-08-24,2026-08-24,974,shipped,False,0
8461,SITE-050,PART-7419,2025-09-22,2025-09-29,2025-09-29,518,shipped,False,0
8462,SITE-091,PART-6107,2025-10-22,2025-10-27,2025-10-25,624,shipped,False,0
8463,SITE-089,PART-7944,2026-09-26,2026-09-29,2026-09-28,622,pending,False,0
8464,SITE-099,PART-8322,2026-10-16,2026-10-26,2026-10-25,555,shipped,False,0
8465,SITE-083,PART-2867,2026-02-25,2026-03-04,2026-03-04,285,delivered,False,0
8466,SITE-013,PART-7535,2025-01-17,2025-01-20,2025-01-19,79,shipped,False,0
8467,SITE-036,PART-3160,2026-01-28,2026-02-06,2026-02-06,267,shipped,False,0
8468,SITE-024,PART-5321,2025-03-11,2025-03-15,2025-03-14,793,delivered,False,0
8469,SITE-046,PART-2739,2025-03-10,2025-03-16,2025-03-15,582,delivered,False,0
8470,SITE-003,PART-8126,2026-02-23,2026-03-05,2026-03-04,657,delivered,False,0
8471,SITE-001,PART-8396,2025-08-03,2025-08-09,2025-08-08,495,pending,False,0
8472,SITE-060,PART-4080,2025-07-23,2025-07-31,2025-07-30,492,pending,False,0
8473,SITE-041,PART-2415,2026-08-02,2026-08-06,2026-08-04,292,pending,False,0
8474,SITE-061,PART-1942,2025-04-18,2025-04-22,2025-04-21,288,pending,False,0
8475,SITE-058,PART-4297,2026-08-22,2026-08-28,2026-08-26,175,shipped,False,0
8476,SITE-090,PART-3193,2025-03-02,2025-03-05,2025-03-03,382,pending,False,0
8477,SITE-062,PART-9388,2025-06-19,2025-06-27,2025-06-27,119,pending,False,0
8478,SITE-070,PART-6884,2026-12-16,2026-12-26,2026-12-25,371,shipped,False,0
8479,SITE-002,PART-5659,2026-07-13,2026-07-23,2026-07-21,96,pending,False,0
8480,SITE-033,PART-6140,2025-11-18,2025-11-26,2025-11-25,663,delivered,False,0
8481,SITE-048,PART-5411,2026-01-28,2026-02-05,2026-02-04,476,pending,False,0
8482,SITE-013,PART-6513,2025-06-19,2025-06-25,2025-06-23,945,shipped,False,0
8483,SITE-081,PART-1173,2026-01-20,2026-01-27,2026-01-26,938,delivered,False,0
8484,SITE-034,PART-8003,2026-05-05,2026-05-13,2026-05-11,840,pending,False,0
8485,SITE-067,PART-4354,2025-05-11,2025-05-16,2025-05-14,204,delivered,False,0
8486,SITE-085,PART-3251,2026-10-27,2026-10-30,2026-10-28,289,shipped,False,0
8487,SITE-026,PART-7121,2025-12-27,2026-01-06,2026-01-06,417,shipped,False,0
8488,SITE-043,PART-9987,2025-11-16,2025-11-20,2025-11-20,697,shipped,False,0
8489,SITE-042,PART-5646,2026-04-25,2026-05-04,2026-05-03,754,shipped,False,0
8490,SITE-054,PART-4572,2026-10-06,2026-10-13,2026-10-12,937,pending,False,0
8491,SITE-096,PART-9613,2026-12-15,2026-12-23,2026-12-23,497,shipped,False,0
8492,SITE-024,PART-2046,2025-09-15,2025-09-19,2025-09-19,953,shipped,False,0
8493,SITE-067,PART-3276,2026-12-15,2026-12-18,2026-12-18,326,shipped,False,0
8494,SITE-020,PART-8675,2025-04-11,2025-04-21,2025-04-19,354,delivered,False,0
8495,SITE-027,PART-9288,2025-12-03,2025-12-10,2025-12-10,546,shipped,False,0
8496,SITE-097,PART-4072,2025-02-04,2025-02-09,2025-02-15,377,delivered,True,6
8497,SITE-090,PART-6991,2026-02-25,2026-03-04,2026-03-02,633,delivered,False,0
8498,SITE-090,PART-8084,2026-09-12,2026-09-21,2026-09-21,344,shipped,False,0
8499,SITE-021,PART-4032,2025-08-21,2025-08-29,2025-08-27,303,shipped,False,0
8500,SITE-002,PART-6442,2026-08-02,2026-08-10,2026-08-21,607,shipped,True,11
8501,SITE-028,PART-2218,2026-09-08,2026-09-17,2026-09-16,312,shipped,False,0
8502,SITE-088,PART-6508,2025-04-16,2025-04-19,2025-04-18,931,shipped,False,0
8503,SITE-034,PART-6101,2026-04-03,2026-04-07,2026-04-07,334,pending,False,0
8504,SITE-003,PART-3691,2025-12-23,2025-12-26,2025-12-25,177,pending,False,0
8505,SITE-031,PART-6766,2026-11-09,2026-11-13,2026-11-12,244,delivered,False,0
8506,SITE-039,PART-6819,2025-11-01,2025-11-04,2025-11-04,185,pending,False,0
8507,SITE-038,PART-1061,2025-07-05,2025-07-14,2025-07-14,708,delivered,False,0
8508,SITE-069,PART-3732,2026-12-07,2026-12-10,2026-12-08,900,shipped,False,0
8509,SITE-041,PART-7794,2025-06-07,2025-06-12,2025-06-11,75,delivered,False,0
8510,SITE-099,PART-3822,2026-07-03,2026-07-10,2026-07-10,920,delivered,False,0
8511,SITE-047,PART-3130,2026-10-13,2026-10-23,2026-10-23,744,delivered,False,0
8512,SITE-057,PART-8254,2026-09-18,2026-09-27,2026-09-25,911,shipped,False,0
8513,SITE-045,PART-7792,2026-03-07,2026-03-13,2026-03-12,392,pending,False,0
8514,SITE-012,PART-9090,2026-08-11,2026-08-15,2026-08-15,607,shipped,False,0
8515,SITE-100,PART-5183,2026-05-27,2026-06-05,2026-06-05,787,pending,False,0
8516,SITE-017,PART-8723,2025-04-08,2025-04-17,2025-04-17,417,shipped,False,0
8517,SITE-017,PART-5100,2025-01-06,2025-01-12,2025-01-11,624,delivered,False,0
8518,SITE-094,PART-5503,2026-06-08,2026-06-12,2026-06-12,858,shipped,False,0
8519,SITE-012,PART-2784,2025-01-01,2025-01-06,2025-01-06,491,shipped,False,0
8520,SITE-040,PART-6884,2026-02-15,2026-02-21,2026-02-21,953,delivered,False,0
8521,SITE-078,PART-5070,2026-04-01,2026-04-07,2026-04-06,968,shipped,False,0
8522,SITE-050,PART-6492,2026-04-15,2026-04-19,2026-04-17,286,shipped,False,0
8523,SITE-044,PART-3254,2025-04-28,2025-05-07,2025-05-06,623,delivered,False,0
8524,SITE-019,PART-7833,2026-12-25,2026-12-30,2027-01-06,146,shipped,True,7
8525,SITE-062,PART-7739,2026-11-20,2026-11-29,2026-11-28,354,delivered,False,0
8526,SITE-056,PART-6089,2026-02-21,2026-02-28,2026-02-27,608,pending,False,0
8527,SITE-030,PART-8986,2025-09-23,2025-09-28,2025-10-08,899,pending,True,10
8528,SITE-075,PART-9119,2025-01-27,2025-02-01,2025-02-01,140,shipped,False,0
8529,SITE-100,PART-3798,2025-11-09,2025-11-17,2025-11-17,544,delivered,False,0
8530,SITE-024,PART-3188,2025-01-13,2025-01-21,2025-01-21,737,delivered,False,0
8531,SITE-081,PART-7833,2025-09-19,2025-09-22,2025-09-22,753,delivered,False,0
8532,SITE-076,PART-4663,2025-04-22,2025-05-01,2025-04-30,557,delivered,False,0
8533,SITE-035,PART-9511,2026-05-23,2026-06-02,2026-05-31,707,pending,False,0
8534,SITE-085,PART-1506,2025-06-20,2025-06-29,2025-07-03,311,shipped,True,4
8535,SITE-064,PART-1347,2025-09-14,2025-09-22,2025-09-20,864,shipped,False,0
8536,SITE-008,PART-2276,2025-08-23,2025-08-27,2025-08-27,666,shipped,False,0
8537,SITE-040,PART-8768,2026-05-07,2026-05-14,2026-05-14,293,pending,False,0
8538,SITE-062,PART-3392,2025-02-01,2025-02-05,2025-02-05,22,pending,False,0
8539,SITE-010,PART-8355,2026-03-11,2026-03-18,2026-03-17,315,pending,False,0
8540,SITE-097,PART-8505,2025-10-01,2025-10-05,2025-10-04,38,delivered,False,0
8541,SITE-033,PART-8008,2025-07-11,2025-07-17,2025-07-16,591,pending,False,0
8542,SITE-013,PART-7159,2025-12-20,2025-12-26,2025-12-24,408,shipped,False,0
8543,SITE-082,PART-7794,2025-02-13,2025-02-16,2025-02-14,261,pending,False,0
8544,SITE-005,PART-3452,2026-04-11,2026-04-17,2026-04-15,451,pending,False,0
8545,SITE-001,PART-4829,2026-06-13,2026-06-23,2026-06-21,468,delivered,False,0
8546,SITE-066,PART-9272,2025-04-08,2025-04-15,2025-04-13,738,delivered,False,0
8547,SITE-079,PART-5200,2026-12-20,2026-12-27,2026-12-26,994,delivered,False,0
8548,SITE-004,PART-6013,2025-07-24,2025-08-03,2025-08-03,297,delivered,False,0
8549,SITE-005,PART-6371,2025-06-21,2025-06-25,2025-06-25,716,shipped,False,0
8550,SITE-046,PART-1852,2025-11-02,2025-11-05,2025-11-03,896,shipped,False,0
8551,SITE-031,PART-1099,2026-01-08,2026-01-13,2026-01-11,479,pending,False,0
8552,SITE-027,PART-9893,2025-09-28,2025-10-08,2025-10-08,917,pending,False,0
8553,SITE-043,PART-8273,2025-03-14,2025-03-19,2025-03-18,54,delivered,False,0
8554,SITE-084,PART-6431,2026-07-24,2026-07-30,2026-07-30,399,shipped,False,0
8555,SITE-018,PART-2036,2026-04-20,2026-04-26,2026-05-13,935,delivered,True,17
8556,SITE-045,PART-6542,2026-08-20,2026-08-30,2026-08-30,370,pending,False,0
8557,SITE-042,PART-5046,2026-09-15,2026-09-23,2026-09-22,923,pending,False,0
8558,SITE-018,PART-6618,2025-06-04,2025-06-13,2025-06-11,18,delivered,False,0
8559,SITE-022,PART-2276,2026-05-15,2026-05-18,2026-06-01,753,delivered,True,14
8560,SITE-084,PART-4206,2026-11-06,2026-11-11,2026-11-19,342,delivered,True,8
8561,SITE-067,PART-2356,2025-09-16,2025-09-25,2025-09-23,111,pending,False,0
8562,SITE-053,PART-8474,2026-04-25,2026-05-05,2026-05-03,510,delivered,False,0
8563,SITE-031,PART-5652,2026-12-26,2027-01-01,2027-01-13,661,pending,True,12
8564,SITE-097,PART-1759,2026-05-17,2026-05-27,2026-05-27,921,delivered,False,0
8565,SITE-045,PART-3887,2025-11-08,2025-11-12,2025-11-11,278,delivered,False,0
8566,SITE-069,PART-1695,2026-03-17,2026-03-22,2026-03-21,496,pending,False,0
8567,SITE-090,PART-1347,2025-09-18,2025-09-28,2025-09-26,555,pending,False,0
8568,SITE-071,PART-4663,2026-11-19,2026-11-22,2026-11-20,55,pending,False,0
8569,SITE-063,PART-7935,2025-11-08,2025-11-17,2025-11-15,252,delivered,False,0
8570,SITE-086,PART-3103,2026-03-15,2026-03-19,2026-03-18,674,shipped,False,0
8571,SITE-066,PART-1264,2026-01-08,2026-01-16,2026-01-16,729,shipped,False,0
8572,SITE-097,PART-8007,2025-09-09,2025-09-17,2025-09-15,976,delivered,False,0
8573,SITE-023,PART-2499,2025-10-20,2025-10-23,2025-10-23,319,pending,False,0
8574,SITE-056,PART-7082,2025-01-09,2025-01-14,2025-01-14,247,pending,False,0
8575,SITE-059,PART-3879,2026-02-23,2026-03-05,2026-03-03,54,shipped,False,0
8576,SITE-032,PART-5674,2025-04-18,2025-04-24,2025-04-24,954,pending,False,0
8577,SITE-086,PART-7524,2026-08-14,2026-08-20,2026-08-19,221,pending,False,0
8578,SITE-084,PART-7121,2025-06-08,2025-06-16,2025-06-14,95,shipped,False,0
8579,SITE-071,PART-8126,2026-09-26,2026-09-30,2026-09-29,676,shipped,False,0
8580,SITE-032,PART-3718,2025-11-09,2025-11-13,2025-11-13,957,shipped,False,0
8581,SITE-042,PART-6162,2026-09-24,2026-10-01,2026-09-30,722,delivered,False,0
8582,SITE-048,PART-3161,2026-01-09,2026-01-19,2026-01-18,921,pending,False,0
8583,SITE-070,PART-2165,2025-04-15,2025-04-21,2025-04-20,107,pending,False,0
8584,SITE-049,PART-8273,2026-09-18,2026-09-21,2026-09-21,630,delivered,False,0
8585,SITE-099,PART-4297,2026-05-25,2026-05-31,2026-05-29,811,shipped,False,0
8586,SITE-001,PART-9993,2026-03-28,2026-04-04,2026-04-02,664,delivered,False,0
8587,SITE-014,PART-6431,2025-05-20,2025-05-27,2025-05-26,938,pending,False,0
8588,SITE-059,PART-5503,2025-09-07,2025-09-13,2025-09-13,387,pending,False,0
8589,SITE-058,PART-4908,2026-11-21,2026-11-26,2026-11-25,158,delivered,False,0
8590,SITE-075,PART-3735,2025-12-01,2025-12-10,2025-12-10,830,delivered,False,0
8591,SITE-061,PART-3811,2026-07-09,2026-07-18,2026-07-21,281,delivered,True,3
8592,SITE-039,PART-4872,2026-09-19,2026-09-25,2026-09-25,710,shipped,False,0
8593,SITE-013,PART-1771,2026-07-16,2026-07-25,2026-07-25,787,shipped,False,0
8594,SITE-053,PART-1647,2026-11-03,2026-11-10,2026-11-09,589,shipped,False,0
8595,SITE-094,PART-2036,2025-03-04,2025-03-08,2025-03-08,923,pending,False,0
8596,SITE-082,PART-2140,2025-03-12,2025-03-22,2025-03-20,767,shipped,False,0
8597,SITE-011,PART-7942,2025-10-07,2025-10-15,2025-10-14,404,delivered,False,0
8598,SITE-002,PART-2106,2026-01-04,2026-01-10,2026-01-08,282,delivered,False,0
8599,SITE-025,PART-8127,2026-02-16,2026-02-24,2026-02-22,507,shipped,False,0
8600,SITE-045,PART-8322,2025-04-16,2025-04-23,2025-04-21,295,delivered,False,0
8601,SITE-050,PART-3161,2026-04-22,2026-04-28,2026-05-08,122,shipped,True,10
8602,SITE-007,PART-2046,2025-10-11,2025-10-21,2025-10-21,537,shipped,False,0
8603,SITE-029,PART-8195,2026-08-15,2026-08-18,2026-08-18,738,shipped,False,0
8604,SITE-033,PART-8084,2026-05-22,2026-05-31,2026-05-31,469,pending,False,0
8605,SITE-067,PART-3290,2026-11-28,2026-12-04,2026-12-02,844,shipped,False,0
8606,SITE-023,PART-2283,2025-07-19,2025-07-28,2025-07-27,798,pending,False,0
8607,SITE-037,PART-4001,2026-05-06,2026-05-14,2026-05-14,244,shipped,False,0
8608,SITE-072,PART-4216,2026-02-19,2026-02-23,2026-02-22,652,delivered,False,0
8609,SITE-072,PART-8910,2025-05-10,2025-05-17,2025-05-15,525,shipped,False,0
8610,SITE-048,PART-7202,2026-08-25,2026-08-28,2026-08-26,652,pending,False,0
8611,SITE-044,PART-6768,2026-06-12,2026-06-20,2026-07-04,801,delivered,True,14
8612,SITE-011,PART-1116,2026-08-02,2026-08-10,2026-08-08,149,shipped,False,0
8613,SITE-024,PART-7431,2026-05-20,2026-05-23,2026-05-27,360,delivered,True,4
8614,SITE-009,PART-8558,2026-12-15,2026-12-20,2026-12-18,320,pending,False,0
8615,SITE-019,PART-7135,2025-02-12,2025-02-20,2025-02-19,461,pending,False,0
8616,SITE-097,PART-1214,2025-12-08,2025-12-15,2025-12-15,591,shipped,False,0
8617,SITE-015,PART-3160,2026-04-15,2026-04-19,2026-04-19,261,shipped,False,0
8618,SITE-047,PART-7135,2025-08-16,2025-08-22,2025-08-22,10,pending,False,0
8619,SITE-056,PART-3323,2025-10-24,2025-10-30,2025-10-29,890,shipped,False,0
8620,SITE-021,PART-1632,2025-07-08,2025-07-13,2025-07-13,980,shipped,False,0
8621,SITE-056,PART-9558,2026-03-26,2026-03-31,2026-03-30,979,pending,False,0
8622,SITE-073,PART-8758,2025-12-20,2025-12-29,2025-12-28,873,delivered,False,0
8623,SITE-025,PART-8144,2026-07-19,2026-07-25,2026-07-25,886,pending,False,0
8624,SITE-056,PART-7735,2026-08-16,2026-08-24,2026-08-22,947,delivered,False,0
8625,SITE-038,PART-6442,2025-11-05,2025-11-10,2025-11-08,226,delivered,False,0
8626,SITE-033,PART-7590,2025-10-19,2025-10-24,2025-10-22,58,pending,False,0
8627,SITE-007,PART-4505,2026-09-03,2026-09-07,2026-09-05,862,shipped,False,0
8628,SITE-080,PART-4215,2025-04-17,2025-04-25,2025-04-25,622,shipped,False,0
8629,SITE-062,PART-9458,2026-06-15,2026-06-18,2026-06-18,977,shipped,False,0
8630,SITE-052,PART-1777,2025-08-04,2025-08-12,2025-08-12,246,pending,False,0
8631,SITE-025,PART-5368,2026-04-15,2026-04-22,2026-04-24,876,shipped,True,2
8632,SITE-009,PART-1228,2026-04-27,2026-05-06,2026-05-05,138,delivered,False,0
8633,SITE-023,PART-4846,2025-08-25,2025-09-01,2025-08-31,156,shipped,False,0
8634,SITE-074,PART-2396,2025-10-20,2025-10-30,2025-10-30,681,shipped,False,0
8635,SITE-020,PART-4354,2025-05-07,2025-05-16,2025-05-15,786,delivered,False,0
8636,SITE-095,PART-1737,2026-04-12,2026-04-15,2026-04-14,813,shipped,False,0
8637,SITE-075,PART-8535,2026-12-26,2027-01-01,2026-12-31,842,shipped,False,0
8638,SITE-098,PART-4404,2025-10-14,2025-10-24,2025-10-24,327,shipped,False,0
8639,SITE-038,PART-9768,2026-11-20,2026-11-25,2026-11-23,760,shipped,False,0
8640,SITE-038,PART-5183,2026-08-02,2026-08-09,2026-08-09,618,shipped,False,0
8641,SITE-066,PART-4802,2025-06-03,2025-06-11,2025-06-10,327,shipped,False,0
8642,SITE-073,PART-8279,2026-02-22,2026-02-25,2026-02-23,29,delivered,False,0
8643,SITE-084,PART-7190,2025-08-04,2025-08-13,2025-08-13,940,pending,False,0
8644,SITE-063,PART-2419,2025-10-27,2025-11-06,2025-11-05,478,shipped,False,0
8645,SITE-064,PART-3360,2025-03-01,2025-03-06,2025-03-05,859,pending,False,0
8646,SITE-063,PART-3172,2025-01-01,2025-01-11,2025-01-11,85,pending,False,0
8647,SITE-013,PART-2794,2026-02-24,2026-03-04,2026-03-05,200,shipped,True,1
8648,SITE-024,PART-1911,2025-12-14,2025-12-23,2025-12-23,631,shipped,False,0
8649,SITE-076,PART-7761,2025-05-25,2025-05-30,2025-05-28,731,delivered,False,0
8650,SITE-094,PART-1937,2026-05-12,2026-05-18,2026-05-16,911,pending,False,0
8651,SITE-087,PART-3224,2025-02-23,2025-02-26,2025-02-26,730,delivered,False,0
8652,SITE-043,PART-9007,2026-02-22,2026-03-01,2026-03-01,671,pending,False,0
8653,SITE-036,PART-4303,2025-04-06,2025-04-11,2025-04-10,968,pending,False,0
8654,SITE-011,PART-1366,2025-01-24,2025-01-30,2025-01-29,56,delivered,False,0
8655,SITE-012,PART-1930,2026-09-18,2026-09-24,2026-09-23,519,pending,False,0
8656,SITE-002,PART-9167,2026-01-13,2026-01-23,2026-01-23,825,delivered,False,0
8657,SITE-055,PART-5100,2026-07-25,2026-08-04,2026-08-04,335,pending,False,0
8658,SITE-008,PART-8423,2025-08-02,2025-08-10,2025-08-12,315,shipped,True,2
8659,SITE-048,PART-8558,2025-05-25,2025-06-01,2025-05-31,278,shipped,False,0
8660,SITE-054,PART-9805,2025-03-03,2025-03-10,2025-03-09,74,shipped,False,0
8661,SITE-094,PART-6162,2025-08-05,2025-08-08,2025-08-06,926,delivered,False,0
8662,SITE-084,PART-6293,2026-01-05,2026-01-13,2026-01-13,218,delivered,False,0
8663,SITE-094,PART-4277,2026-02-28,2026-03-10,2026-03-10,603,shipped,False,0
8664,SITE-062,PART-3231,2025-01-26,2025-02-02,2025-01-31,243,delivered,False,0
8665,SITE-009,PART-8762,2026-08-03,2026-08-09,2026-08-07,847,delivered,False,0
8666,SITE-044,PART-9038,2026-06-20,2026-06-23,2026-06-22,679,shipped,False,0
8667,SITE-014,PART-4216,2026-08-02,2026-08-08,2026-08-12,324,delivered,True,4
8668,SITE-028,PART-9987,2025-08-11,2025-08-20,2025-08-31,776,shipped,True,11
8669,SITE-025,PART-9181,2025-10-06,2025-10-10,2025-10-10,685,shipped,False,0
8670,SITE-099,PART-8668,2026-05-24,2026-05-27,2026-05-26,425,pending,False,0
8671,SITE-057,PART-9278,2025-12-04,2025-12-13,2025-12-11,810,shipped,False,0
8672,SITE-055,PART-3193,2025-06-12,2025-06-22,2025-06-22,41,delivered,False,0
8673,SITE-059,PART-4280,2026-12-02,2026-12-11,2026-12-18,659,shipped,True,7
8674,SITE-068,PART-4148,2026-10-10,2026-10-17,2026-10-15,920,shipped,False,0
8675,SITE-050,PART-7232,2025-08-16,2025-08-19,2025-08-17,444,delivered,False,0
8676,SITE-015,PART-6812,2025-05-13,2025-05-16,2025-05-14,82,pending,False,0
8677,SITE-011,PART-4032,2025-06-23,2025-07-01,2025-07-01,680,shipped,False,0
8678,SITE-051,PART-7008,2026-06-16,2026-06-22,2026-06-22,97,shipped,False,0
8679,SITE-057,PART-9334,2026-10-25,2026-11-04,2026-11-04,914,pending,False,0
8680,SITE-100,PART-8330,2025-10-14,2025-10-23,2025-10-23,765,shipped,False,0
8681,SITE-095,PART-2698,2025-06-28,2025-07-08,2025-07-20,490,shipped,True,12
8682,SITE-048,PART-8994,2026-03-05,2026-03-08,2026-03-06,711,shipped,False,0
8683,SITE-050,PART-5588,2026-09-19,2026-09-28,2026-10-03,16,shipped,True,5
8684,SITE-033,PART-2213,2025-07-11,2025-07-14,2025-07-14,616,shipped,False,0
8685,SITE-069,PART-5726,2026-09-21,2026-10-01,2026-10-01,127,pending,False,0
8686,SITE-022,PART-8003,2025-12-11,2025-12-17,2025-12-16,541,pending,False,0
8687,SITE-072,PART-7388,2026-11-17,2026-11-24,2026-11-24,617,pending,False,0
8688,SITE-007,PART-3121,2025-07-08,2025-07-16,2025-07-16,145,delivered,False,0
8689,SITE-007,PART-1937,2026-10-01,2026-10-04,2026-10-21,982,pending,True,17
8690,SITE-044,PART-9528,2025-06-11,2025-06-18,2025-06-18,916,shipped,False,0
8691,SITE-020,PART-7897,2026-02-21,2026-02-26,2026-02-24,984,pending,False,0
8692,SITE-031,PART-2098,2025-03-14,2025-03-17,2025-03-15,763,delivered,False,0
8693,SITE-076,PART-4392,2026-04-01,2026-04-11,2026-04-09,903,delivered,False,0
8694,SITE-035,PART-4215,2025-07-23,2025-07-29,2025-08-04,20,shipped,True,6
8695,SITE-024,PART-1259,2025-12-28,2026-01-03,2026-01-03,165,pending,False,0
8696,SITE-085,PART-7785,2025-01-15,2025-01-25,2025-01-25,219,pending,False,0
8697,SITE-010,PART-4324,2026-06-04,2026-06-11,2026-06-23,380,shipped,True,12
8698,SITE-032,PART-3808,2026-04-02,2026-04-12,2026-04-10,156,shipped,False,0
8699,SITE-071,PART-7584,2025-04-18,2025-04-23,2025-04-22,676,shipped,False,0
8700,SITE-054,PART-3182,2025-12-16,2025-12-23,2025-12-21,743,pending,False,0
8701,SITE-083,PART-9795,2026-06-12,2026-06-21,2026-06-20,29,pending,False,0
8702,SITE-051,PART-8261,2025-07-23,2025-08-01,2025-08-01,962,shipped,False,0
8703,SITE-097,PART-6522,2026-02-26,2026-03-01,2026-03-09,961,delivered,True,8
8704,SITE-041,PART-7563,2025-02-17,2025-02-21,2025-02-21,682,delivered,False,0
8705,SITE-042,PART-2106,2025-01-24,2025-01-31,2025-01-30,353,delivered,False,0
8706,SITE-033,PART-2487,2025-05-28,2025-06-06,2025-06-23,739,delivered,True,17
8707,SITE-060,PART-3798,2026-07-15,2026-07-24,2026-07-24,381,delivered,False,0
8708,SITE-010,PART-6176,2026-05-24,2026-05-30,2026-06-02,64,shipped,True,3
8709,SITE-043,PART-6926,2025-07-21,2025-07-29,2025-07-28,307,delivered,False,0
8710,SITE-091,PART-3388,2026-07-09,2026-07-17,2026-07-17,900,delivered,False,0
8711,SITE-039,PART-7181,2025-12-24,2025-12-31,2026-01-10,397,shipped,True,10
8712,SITE-094,PART-7524,2026-10-24,2026-10-31,2026-10-30,458,pending,False,0
8713,SITE-062,PART-7053,2026-03-11,2026-03-17,2026-03-16,605,shipped,False,0
8714,SITE-034,PART-1218,2026-04-22,2026-04-30,2026-04-28,603,shipped,False,0
8715,SITE-061,PART-9606,2026-06-28,2026-07-08,2026-07-07,176,pending,False,0
8716,SITE-062,PART-1456,2026-09-26,2026-10-03,2026-10-01,167,delivered,False,0
8717,SITE-090,PART-3704,2025-08-18,2025-08-25,2025-08-25,251,shipped,False,0
8718,SITE-020,PART-6819,2025-05-09,2025-05-16,2025-05-15,228,shipped,False,0
8719,SITE-043,PART-8807,2026-12-16,2026-12-19,2026-12-17,573,pending,False,0
8720,SITE-006,PART-4547,2025-06-04,2025-06-11,2025-06-10,272,pending,False,0
8721,SITE-017,PART-3543,2025-02-18,2025-02-25,2025-02-23,43,delivered,False,0
8722,SITE-069,PART-9554,2025-11-27,2025-12-06,2025-12-04,299,shipped,False,0
8723,SITE-042,PART-7298,2025-09-04,2025-09-07,2025-09-07,806,shipped,False,0
8724,SITE-066,PART-3895,2026-06-09,2026-06-15,2026-06-14,854,delivered,False,0
8725,SITE-051,PART-6762,2026-10-01,2026-10-09,2026-10-07,918,shipped,False,0
8726,SITE-066,PART-8723,2026-01-15,2026-01-24,2026-01-24,166,delivered,False,0
8727,SITE-045,PART-8113,2025-12-21,2025-12-26,2026-01-10,541,shipped,True,15
8728,SITE-016,PART-5029,2026-05-07,2026-05-15,2026-05-15,793,pending,False,0
8729,SITE-017,PART-1724,2025-02-25,2025-03-06,2025-03-05,246,shipped,False,0
8730,SITE-009,PART-1524,2025-08-12,2025-08-20,2025-08-19,62,shipped,False,0
8731,SITE-090,PART-1733,2026-10-10,2026-10-13,2026-10-17,367,shipped,True,4
8732,SITE-044,PART-4084,2026-10-18,2026-10-25,2026-10-25,984,pending,False,0
8733,SITE-095,PART-8007,2026-11-03,2026-11-07,2026-11-05,947,shipped,False,0
8734,SITE-041,PART-5427,2025-10-04,2025-10-07,2025-10-06,337,pending,False,0
8735,SITE-056,PART-1873,2025-10-27,2025-10-31,2025-10-31,11,delivered,False,0
8736,SITE-078,PART-1926,2025-09-22,2025-09-30,2025-09-28,372,shipped,False,0
8737,SITE-082,PART-3201,2025-11-02,2025-11-10,2025-11-10,643,delivered,False,0
8738,SITE-097,PART-4370,2025-07-21,2025-07-28,2025-07-27,600,pending,False,0
8739,SITE-003,PART-5743,2026-12-12,2026-12-22,2026-12-22,72,delivered,False,0
8740,SITE-046,PART-5219,2025-05-09,2025-05-18,2025-05-16,150,shipped,False,0
8741,SITE-024,PART-2784,2026-07-22,2026-08-01,2026-07-31,888,delivered,False,0
8742,SITE-030,PART-7722,2026-01-18,2026-01-28,2026-01-28,384,pending,False,0
8743,SITE-052,PART-1347,2026-03-21,2026-03-30,2026-04-09,625,delivered,True,10
8744,SITE-022,PART-3543,2026-12-03,2026-12-11,2026-12-11,412,delivered,False,0
8745,SITE-023,PART-4198,2026-09-02,2026-09-09,2026-09-08,722,pending,False,0
8746,SITE-092,PART-2585,2025-04-25,2025-05-01,2025-04-30,232,pending,False,0
8747,SITE-023,PART-2235,2026-03-21,2026-03-27,2026-04-10,469,shipped,True,14
8748,SITE-070,PART-5004,2026-10-11,2026-10-17,2026-10-27,411,shipped,True,10
8749,SITE-048,PART-4573,2026-06-21,2026-06-27,2026-07-03,961,delivered,True,6
8750,SITE-044,PART-1017,2025-07-16,2025-07-21,2025-07-21,179,delivered,False,0
8751,SITE-050,PART-2380,2025-07-12,2025-07-17,2025-07-15,65,delivered,False,0
8752,SITE-002,PART-7559,2026-01-09,2026-01-16,2026-01-14,351,delivered,False,0
8753,SITE-012,PART-2036,2026-10-17,2026-10-22,2026-10-21,549,pending,False,0
8754,SITE-047,PART-7534,2026-09-16,2026-09-21,2026-09-20,955,pending,False,0
8755,SITE-008,PART-1124,2026-10-21,2026-10-28,2026-10-28,451,shipped,False,0
8756,SITE-052,PART-6888,2025-01-28,2025-02-04,2025-02-03,837,shipped,False,0
8757,SITE-032,PART-9292,2025-02-20,2025-02-28,2025-02-28,984,pending,False,0
8758,SITE-062,PART-6894,2025-11-28,2025-12-02,2025-11-30,170,shipped,False,0
8759,SITE-012,PART-8876,2026-05-02,2026-05-12,2026-05-10,174,shipped,False,0
8760,SITE-077,PART-3121,2026-01-12,2026-01-17,2026-01-15,689,pending,False,0
8761,SITE-037,PART-9211,2025-07-04,2025-07-08,2025-07-07,198,pending,False,0
8762,SITE-062,PART-5898,2026-03-18,2026-03-21,2026-03-20,953,shipped,False,0
8763,SITE-053,PART-2297,2026-09-16,2026-09-26,2026-09-25,810,delivered,False,0
8764,SITE-041,PART-9805,2026-03-14,2026-03-21,2026-03-20,25,pending,False,0
8765,SITE-030,PART-9336,2026-01-22,2026-02-01,2026-01-30,874,delivered,False,0
8766,SITE-052,PART-6542,2025-06-24,2025-06-29,2025-07-17,828,delivered,True,18
8767,SITE-052,PART-2838,2025-11-16,2025-11-22,2025-11-21,232,shipped,False,0
8768,SITE-037,PART-2838,2025-03-24,2025-03-29,2025-03-29,905,shipped,False,0
8769,SITE-099,PART-6983,2025-06-04,2025-06-11,2025-06-11,867,delivered,False,0
8770,SITE-046,PART-3343,2025-03-10,2025-03-14,2025-03-24,591,pending,True,10
8771,SITE-085,PART-3201,2025-04-18,2025-04-21,2025-04-20,258,shipped,False,0
8772,SITE-017,PART-1591,2026-10-25,2026-10-30,2026-10-29,186,pending,False,0
8773,SITE-045,PART-2331,2025-01-22,2025-01-27,2025-01-25,330,delivered,False,0
8774,SITE-076,PART-2477,2026-06-15,2026-06-25,2026-06-25,131,shipped,False,0
8775,SITE-007,PART-6391,2026-01-26,2026-02-05,2026-02-04,227,delivered,False,0
8776,SITE-092,PART-2485,2026-09-18,2026-09-25,2026-10-01,24,delivered,True,6
8777,SITE-056,PART-9118,2025-02-19,2025-02-28,2025-02-27,372,pending,False,0
8778,SITE-064,PART-2735,2025-01-07,2025-01-16,2025-01-16,761,delivered,False,0
8779,SITE-096,PART-7121,2026-12-01,2026-12-06,2026-12-06,95,delivered,False,0
8780,SITE-035,PART-4335,2025-12-17,2025-12-26,2025-12-26,469,shipped,False,0
8781,SITE-035,PART-5198,2025-04-20,2025-04-27,2025-04-27,642,shipped,False,0
8782,SITE-078,PART-8727,2026-06-11,2026-06-15,2026-06-13,498,delivered,False,0
8783,SITE-066,PART-1715,2025-12-24,2026-01-01,2025-12-31,405,delivered,False,0
8784,SITE-054,PART-3735,2026-01-04,2026-01-09,2026-01-09,105,shipped,False,0
8785,SITE-025,PART-2356,2025-12-02,2025-12-08,2025-12-06,749,delivered,False,0
8786,SITE-083,PART-1945,2026-03-11,2026-03-21,2026-03-20,844,shipped,False,0
8787,SITE-095,PART-5743,2026-08-23,2026-08-26,2026-08-25,331,shipped,False,0
8788,SITE-097,PART-4836,2026-09-24,2026-09-29,2026-09-27,844,shipped,False,0
8789,SITE-032,PART-7560,2026-02-25,2026-03-05,2026-03-05,652,shipped,False,0
8790,SITE-092,PART-5698,2026-06-22,2026-07-01,2026-07-01,906,shipped,False,0
8791,SITE-075,PART-4547,2026-01-26,2026-02-04,2026-02-14,578,shipped,True,10
8792,SITE-019,PART-4663,2025-08-14,2025-08-23,2025-08-21,949,pending,False,0
8793,SITE-058,PART-8823,2025-02-13,2025-02-21,2025-02-21,236,shipped,False,0
8794,SITE-069,PART-8451,2025-02-09,2025-02-17,2025-02-15,977,pending,False,0
8795,SITE-081,PART-2963,2025-12-15,2025-12-20,2025-12-19,49,shipped,False,0
8796,SITE-087,PART-2317,2026-04-06,2026-04-11,2026-04-09,635,pending,False,0
8797,SITE-049,PART-7203,2026-06-16,2026-06-19,2026-06-18,510,shipped,False,0
8798,SITE-009,PART-5100,2026-09-25,2026-10-04,2026-10-02,557,delivered,False,0
8799,SITE-096,PART-5238,2025-05-09,2025-05-18,2025-05-17,322,delivered,False,0
8800,SITE-066,PART-4450,2025-01-17,2025-01-24,2025-01-23,936,pending,False,0
8801,SITE-100,PART-6431,2026-02-02,2026-02-07,2026-02-07,166,pending,False,0
8802,SITE-046,PART-6107,2025-03-17,2025-03-20,2025-03-20,893,delivered,False,0
8803,SITE-098,PART-8113,2025-10-23,2025-10-28,2025-10-27,823,delivered,False,0
8804,SITE-034,PART-1405,2025-04-23,2025-05-02,2025-04-30,117,pending,False,0
8805,SITE-012,PART-9165,2026-03-23,2026-03-31,2026-04-02,312,shipped,True,2
8806,SITE-051,PART-4206,2026-07-18,2026-07-25,2026-07-23,250,delivered,False,0
8807,SITE-078,PART-5534,2025-03-05,2025-03-12,2025-03-10,467,delivered,False,0
8808,SITE-096,PART-7740,2025-11-18,2025-11-21,2025-11-20,664,delivered,False,0
8809,SITE-079,PART-3015,2026-02-15,2026-02-21,2026-02-28,558,delivered,True,7
8810,SITE-021,PART-3858,2025-10-07,2025-10-15,2025-10-15,111,delivered,False,0
8811,SITE-024,PART-6089,2025-02-01,2025-02-06,2025-02-06,728,delivered,False,0
8812,SITE-098,PART-9432,2026-11-10,2026-11-16,2026-11-15,645,pending,False,0
8813,SITE-032,PART-3349,2026-03-23,2026-03-27,2026-03-27,623,delivered,False,0
8814,SITE-036,PART-8537,2026-08-14,2026-08-23,2026-08-22,163,shipped,False,0
8815,SITE-038,PART-9121,2025-11-13,2025-11-20,2025-11-24,174,pending,True,4
8816,SITE-036,PART-1124,2026-11-26,2026-12-04,2026-12-04,58,delivered,False,0
8817,SITE-046,PART-1433,2026-05-15,2026-05-23,2026-05-22,914,pending,False,0
8818,SITE-072,PART-1892,2025-09-09,2025-09-12,2025-09-11,700,pending,False,0
8819,SITE-048,PART-7210,2025-02-23,2025-02-26,2025-02-25,608,shipped,False,0
8820,SITE-057,PART-8008,2026-12-19,2026-12-26,2026-12-25,133,delivered,False,0
8821,SITE-042,PART-8163,2025-05-25,2025-05-29,2025-05-29,641,pending,False,0
8822,SITE-072,PART-7442,2026-08-25,2026-08-29,2026-08-28,488,pending,False,0
8823,SITE-070,PART-5225,2025-01-01,2025-01-08,2025-01-07,404,delivered,False,0
8824,SITE-092,PART-3435,2026-06-12,2026-06-18,2026-07-01,777,delivered,True,13
8825,SITE-023,PART-1937,2025-02-22,2025-03-02,2025-03-01,101,pending,False,0
8826,SITE-036,PART-3329,2026-10-12,2026-10-18,2026-10-16,917,shipped,False,0
8827,SITE-071,PART-9623,2026-04-28,2026-05-01,2026-04-30,859,delivered,False,0
8828,SITE-071,PART-1575,2026-01-05,2026-01-08,2026-01-06,993,pending,False,0
8829,SITE-058,PART-7203,2025-02-05,2025-02-12,2025-02-22,471,delivered,True,10
8830,SITE-073,PART-1363,2026-06-22,2026-06-29,2026-06-27,961,delivered,False,0
8831,SITE-093,PART-6324,2026-04-18,2026-04-27,2026-04-26,869,delivered,False,0
8832,SITE-094,PART-7053,2025-09-25,2025-10-01,2025-09-30,26,delivered,False,0
8833,SITE-013,PART-4032,2025-01-04,2025-01-08,2025-01-06,689,shipped,False,0
8834,SITE-097,PART-1945,2026-02-24,2026-02-28,2026-02-26,949,pending,False,0
8835,SITE-065,PART-7559,2026-08-13,2026-08-20,2026-08-20,569,shipped,False,0
8836,SITE-069,PART-2122,2025-01-09,2025-01-15,2025-01-15,408,shipped,False,0
8837,SITE-057,PART-4219,2026-02-19,2026-02-24,2026-02-23,26,pending,False,0
8838,SITE-041,PART-7213,2025-07-02,2025-07-07,2025-07-11,355,pending,True,4
8839,SITE-072,PART-6101,2025-02-03,2025-02-07,2025-02-06,784,delivered,False,0
8840,SITE-031,PART-2867,2026-11-12,2026-11-15,2026-11-13,960,pending,False,0
8841,SITE-057,PART-5503,2026-05-27,2026-06-06,2026-06-04,861,shipped,False,0
8842,SITE-034,PART-4663,2025-10-28,2025-11-01,2025-10-31,752,pending,False,0
8843,SITE-079,PART-2297,2025-07-23,2025-07-31,2025-07-29,657,pending,False,0
8844,SITE-013,PART-1105,2025-07-07,2025-07-11,2025-07-11,858,pending,False,0
8845,SITE-051,PART-2416,2026-01-08,2026-01-14,2026-01-14,113,delivered,False,0
8846,SITE-008,PART-1228,2025-03-08,2025-03-12,2025-03-11,577,pending,False,0
8847,SITE-004,PART-5432,2026-03-23,2026-03-30,2026-03-30,738,pending,False,0
8848,SITE-078,PART-1081,2026-02-11,2026-02-18,2026-02-16,812,delivered,False,0
8849,SITE-037,PART-9606,2025-02-06,2025-02-15,2025-02-14,984,pending,False,0
8850,SITE-074,PART-4181,2025-05-20,2025-05-30,2025-06-10,330,shipped,True,11
8851,SITE-096,PART-8219,2025-08-06,2025-08-15,2025-08-15,113,delivered,False,0
8852,SITE-070,PART-9549,2025-09-01,2025-09-05,2025-09-03,638,delivered,False,0
8853,SITE-083,PART-1327,2025-11-17,2025-11-20,2025-11-18,439,delivered,False,0
8854,SITE-008,PART-2416,2026-10-22,2026-10-27,2026-10-26,918,pending,False,0
8855,SITE-007,PART-1363,2025-10-26,2025-10-30,2025-10-30,778,delivered,False,0
8856,SITE-054,PART-1724,2026-10-07,2026-10-15,2026-10-15,755,pending,False,0
8857,SITE-031,PART-7488,2025-08-04,2025-08-13,2025-08-11,79,shipped,False,0
8858,SITE-043,PART-6628,2026-03-05,2026-03-12,2026-03-25,54,delivered,True,13
8859,SITE-046,PART-4781,2026-03-24,2026-04-01,2026-03-30,617,delivered,False,0
8860,SITE-074,PART-9129,2026-10-11,2026-10-15,2026-10-15,688,pending,False,0
8861,SITE-066,PART-6627,2026-03-25,2026-04-04,2026-04-02,430,delivered,False,0
8862,SITE-061,PART-5646,2025-11-22,2025-11-27,2025-11-25,855,delivered,False,0
8863,SITE-056,PART-2331,2026-08-04,2026-08-11,2026-08-11,836,delivered,False,0
8864,SITE-063,PART-3655,2025-01-05,2025-01-12,2025-01-12,781,pending,False,0
8865,SITE-095,PART-4582,2025-09-19,2025-09-28,2025-09-28,541,shipped,False,0
8866,SITE-072,PART-3285,2026-12-18,2026-12-27,2026-12-25,686,pending,False,0
8867,SITE-056,PART-5460,2026-07-02,2026-07-07,2026-07-07,404,delivered,False,0
8868,SITE-011,PART-8943,2025-06-23,2025-06-30,2025-06-29,293,delivered,False,0
8869,SITE-065,PART-3915,2025-06-21,2025-07-01,2025-06-29,862,delivered,False,0
8870,SITE-085,PART-3349,2025-10-19,2025-10-24,2025-10-22,185,pending,False,0
8871,SITE-071,PART-6814,2026-06-27,2026-07-02,2026-07-01,458,delivered,False,0
8872,SITE-046,PART-6107,2025-08-14,2025-08-22,2025-08-22,458,delivered,False,0
8873,SITE-051,PART-3684,2025-12-12,2025-12-15,2025-12-15,219,pending,False,0
8874,SITE-034,PART-5919,2025-04-04,2025-04-10,2025-04-21,43,pending,True,11
8875,SITE-033,PART-6615,2026-05-21,2026-05-31,2026-05-30,288,pending,False,0
8876,SITE-077,PART-5148,2026-09-04,2026-09-08,2026-09-06,387,shipped,False,0
8877,SITE-048,PART-6811,2025-09-18,2025-09-22,2025-09-20,317,shipped,False,0
8878,SITE-014,PART-3793,2026-06-25,2026-07-01,2026-07-01,788,delivered,False,0
8879,SITE-046,PART-5664,2026-01-18,2026-01-21,2026-01-20,49,delivered,False,0
8880,SITE-062,PART-8635,2026-04-11,2026-04-14,2026-04-13,946,pending,False,0
8881,SITE-027,PART-2283,2026-10-08,2026-10-11,2026-10-09,508,shipped,False,0
8882,SITE-095,PART-9181,2026-08-20,2026-08-30,2026-08-29,832,pending,False,0
8883,SITE-023,PART-5094,2026-04-13,2026-04-19,2026-04-19,415,shipped,False,0
8884,SITE-070,PART-8783,2025-11-20,2025-11-29,2025-11-29,426,delivered,False,0
8885,SITE-071,PART-6417,2025-12-25,2026-01-02,2025-12-31,155,shipped,False,0
8886,SITE-080,PART-7977,2026-02-02,2026-02-10,2026-02-10,712,shipped,False,0
8887,SITE-002,PART-7298,2025-08-03,2025-08-12,2025-08-10,953,shipped,False,0
8888,SITE-063,PART-7833,2025-10-06,2025-10-10,2025-10-08,934,shipped,False,0
8889,SITE-092,PART-5427,2026-12-02,2026-12-05,2026-12-12,680,delivered,True,7
8890,SITE-072,PART-1264,2026-12-09,2026-12-19,2026-12-18,512,shipped,False,0
8891,SITE-002,PART-8156,2026-06-06,2026-06-09,2026-06-07,569,delivered,False,0
8892,SITE-008,PART-3657,2026-10-21,2026-10-27,2026-10-27,52,pending,False,0
8893,SITE-086,PART-7189,2026-07-17,2026-07-20,2026-07-19,511,pending,False,0
8894,SITE-044,PART-2075,2026-10-25,2026-11-03,2026-11-03,590,pending,False,0
8895,SITE-077,PART-1759,2025-02-26,2025-03-05,2025-03-03,771,shipped,False,0
8896,SITE-052,PART-3162,2026-09-07,2026-09-11,2026-09-10,93,pending,False,0
8897,SITE-031,PART-3819,2025-09-23,2025-09-26,2025-09-26,621,pending,False,0
8898,SITE-097,PART-8625,2026-07-26,2026-08-01,2026-08-01,135,pending,False,0
8899,SITE-085,PART-6330,2025-01-24,2025-02-02,2025-02-02,67,shipped,False,0
8900,SITE-079,PART-1759,2026-10-13,2026-10-18,2026-10-18,366,delivered,False,0
8901,SITE-019,PART-2380,2025-11-09,2025-11-14,2025-11-12,166,shipped,False,0
8902,SITE-005,PART-8384,2025-02-07,2025-02-15,2025-02-13,824,pending,False,0
8903,SITE-080,PART-8780,2026-11-22,2026-11-29,2026-11-27,827,pending,False,0
8904,SITE-099,PART-9795,2025-10-20,2025-10-30,2025-10-29,538,pending,False,0
8905,SITE-073,PART-6668,2025-06-07,2025-06-12,2025-06-11,431,delivered,False,0
8906,SITE-100,PART-2035,2025-10-24,2025-11-01,2025-10-30,641,pending,False,0
8907,SITE-020,PART-1416,2026-03-17,2026-03-21,2026-03-21,987,shipped,False,0
8908,SITE-035,PART-7505,2026-02-16,2026-02-19,2026-02-17,575,delivered,False,0
8909,SITE-001,PART-4072,2025-10-22,2025-11-01,2025-10-30,586,delivered,False,0
8910,SITE-060,PART-7782,2025-08-08,2025-08-11,2025-08-10,920,pending,False,0
8911,SITE-080,PART-5950,2025-06-27,2025-07-04,2025-07-03,224,delivered,False,0
8912,SITE-071,PART-2165,2026-12-01,2026-12-04,2026-12-02,580,shipped,False,0
8913,SITE-053,PART-2773,2025-12-27,2026-01-04,2026-01-03,215,shipped,False,0
8914,SITE-002,PART-3286,2026-05-08,2026-05-11,2026-05-20,886,delivered,True,9
8915,SITE-005,PART-7625,2025-09-14,2025-09-20,2025-09-19,690,shipped,False,0
8916,SITE-019,PART-4181,2025-03-28,2025-04-01,2025-04-01,846,delivered,False,0
8917,SITE-096,PART-7036,2026-11-11,2026-11-15,2026-11-15,598,pending,False,0
8918,SITE-094,PART-9605,2026-07-17,2026-07-21,2026-07-19,770,shipped,False,0
8919,SITE-070,PART-8181,2025-11-20,2025-11-23,2025-11-22,499,delivered,False,0
8920,SITE-069,PART-9856,2026-08-21,2026-08-25,2026-08-23,853,delivered,False,0
8921,SITE-009,PART-1759,2026-08-22,2026-08-27,2026-08-25,963,shipped,False,0
8922,SITE-027,PART-6842,2025-11-25,2025-11-29,2025-11-27,627,shipped,False,0
8923,SITE-087,PART-3224,2026-07-21,2026-07-31,2026-07-30,897,delivered,False,0
8924,SITE-034,PART-4573,2025-11-07,2025-11-16,2025-11-14,948,shipped,False,0
8925,SITE-016,PART-3291,2025-08-18,2025-08-25,2025-08-24,789,pending,False,0
8926,SITE-068,PART-7165,2026-01-16,2026-01-23,2026-01-21,716,shipped,False,0
8927,SITE-038,PART-1017,2025-03-09,2025-03-12,2025-03-11,592,shipped,False,0
8928,SITE-037,PART-5046,2025-04-07,2025-04-17,2025-04-16,969,shipped,False,0
8929,SITE-013,PART-3343,2025-11-01,2025-11-11,2025-11-10,224,pending,False,0
8930,SITE-024,PART-9097,2025-04-20,2025-04-23,2025-04-30,690,delivered,True,7
8931,SITE-055,PART-4547,2026-03-03,2026-03-07,2026-03-07,989,pending,False,0
8932,SITE-029,PART-2419,2025-07-18,2025-07-25,2025-07-25,331,shipped,False,0
8933,SITE-077,PART-7740,2026-10-25,2026-10-29,2026-10-29,997,delivered,False,0
8934,SITE-034,PART-1673,2026-04-13,2026-04-18,2026-04-18,945,delivered,False,0
8935,SITE-019,PART-1194,2026-01-20,2026-01-23,2026-01-21,259,delivered,False,0
8936,SITE-032,PART-2585,2025-02-01,2025-02-04,2025-02-04,41,shipped,False,0
8937,SITE-050,PART-4547,2025-12-28,2026-01-03,2026-01-01,413,pending,False,0
8938,SITE-007,PART-6972,2026-02-19,2026-02-24,2026-03-02,880,shipped,True,6
8939,SITE-039,PART-6430,2026-09-16,2026-09-21,2026-09-21,281,pending,False,0
8940,SITE-017,PART-9211,2026-10-06,2026-10-13,2026-10-11,733,delivered,False,0
8941,SITE-059,PART-5771,2025-08-16,2025-08-22,2025-08-21,984,shipped,False,0
8942,SITE-076,PART-1335,2025-10-03,2025-10-07,2025-10-05,972,delivered,False,0
8943,SITE-045,PART-4804,2025-10-27,2025-11-02,2025-11-01,979,delivered,False,0
8944,SITE-089,PART-5186,2026-10-18,2026-10-21,2026-10-19,863,shipped,False,0
8945,SITE-095,PART-9204,2026-09-12,2026-09-16,2026-09-14,298,pending,False,0
8946,SITE-070,PART-8144,2026-05-27,2026-06-03,2026-06-01,464,delivered,False,0
8947,SITE-082,PART-7591,2025-12-01,2025-12-05,2025-12-08,251,delivered,True,3
8948,SITE-058,PART-2165,2026-11-04,2026-11-14,2026-11-13,379,delivered,False,0
8949,SITE-087,PART-4392,2026-10-16,2026-10-20,2026-10-27,498,delivered,True,7
8950,SITE-010,PART-2733,2026-04-21,2026-04-24,2026-04-23,272,delivered,False,0
8951,SITE-058,PART-6913,2025-09-21,2025-09-27,2025-09-25,846,delivered,False,0
8952,SITE-002,PART-9605,2026-01-26,2026-02-02,2026-02-19,118,delivered,True,17
8953,SITE-034,PART-2165,2025-05-16,2025-05-21,2025-05-20,615,delivered,False,0
8954,SITE-097,PART-8783,2025-04-05,2025-04-10,2025-04-08,940,delivered,False,0
8955,SITE-086,PART-1138,2026-08-01,2026-08-06,2026-08-06,444,shipped,False,0
8956,SITE-087,PART-2927,2025-09-26,2025-09-29,2025-09-27,678,shipped,False,0
8957,SITE-015,PART-8625,2026-08-15,2026-08-23,2026-08-22,308,shipped,False,0
8958,SITE-096,PART-3103,2026-10-13,2026-10-18,2026-10-16,964,pending,False,0
8959,SITE-084,PART-7209,2025-01-25,2025-02-04,2025-02-02,551,pending,False,0
8960,SITE-083,PART-6113,2025-09-05,2025-09-10,2025-09-16,865,delivered,True,6
8961,SITE-039,PART-4397,2026-10-02,2026-10-10,2026-10-09,910,delivered,False,0
8962,SITE-036,PART-4080,2025-04-14,2025-04-20,2025-04-18,893,pending,False,0
8963,SITE-036,PART-7202,2025-06-21,2025-06-26,2025-06-24,649,shipped,False,0
8964,SITE-076,PART-5534,2026-06-24,2026-06-29,2026-06-28,62,pending,False,0
8965,SITE-031,PART-3663,2025-08-18,2025-08-23,2025-08-21,206,delivered,False,0
8966,SITE-078,PART-7388,2025-11-17,2025-11-23,2025-11-21,527,shipped,False,0
8967,SITE-019,PART-6826,2026-03-07,2026-03-12,2026-03-12,492,pending,False,0
8968,SITE-012,PART-6913,2026-12-18,2026-12-22,2026-12-22,833,pending,False,0
8969,SITE-100,PART-3015,2026-11-11,2026-11-16,2026-11-15,134,pending,False,0
8970,SITE-098,PART-2394,2025-04-03,2025-04-10,2025-04-10,92,pending,False,0
8971,SITE-091,PART-4290,2026-03-26,2026-04-01,2026-03-30,489,delivered,False,0
8972,SITE-065,PART-7586,2026-03-04,2026-03-14,2026-03-12,146,shipped,False,0
8973,SITE-089,PART-8448,2026-12-03,2026-12-06,2026-12-05,973,pending,False,0
8974,SITE-099,PART-2577,2026-11-27,2026-12-04,2026-12-02,366,delivered,False,0
8975,SITE-068,PART-1891,2025-05-08,2025-05-15,2025-05-15,198,delivered,False,0
8976,SITE-035,PART-6618,2025-02-08,2025-02-17,2025-02-17,990,delivered,False,0
8977,SITE-030,PART-1219,2026-12-09,2026-12-17,2026-12-16,668,pending,False,0
8978,SITE-073,PART-9589,2025-07-18,2025-07-28,2025-07-27,480,shipped,False,0
8979,SITE-057,PART-6567,2025-07-22,2025-07-27,2025-07-27,423,pending,False,0
8980,SITE-084,PART-1632,2025-12-01,2025-12-05,2025-12-14,803,delivered,True,9
8981,SITE-057,PART-1613,2025-05-07,2025-05-17,2025-05-17,85,delivered,False,0
8982,SITE-015,PART-7045,2025-12-07,2025-12-12,2025-12-10,657,pending,False,0
8983,SITE-098,PART-8625,2025-12-08,2025-12-12,2025-12-12,692,delivered,False,0
8984,SITE-089,PART-4198,2026-03-12,2026-03-17,2026-03-20,895,pending,True,3
8985,SITE-065,PART-9623,2026-02-01,2026-02-07,2026-02-05,991,pending,False,0
8986,SITE-072,PART-3657,2026-02-04,2026-02-11,2026-02-19,890,shipped,True,8
8987,SITE-021,PART-9119,2026-01-06,2026-01-15,2026-01-15,170,pending,False,0
8988,SITE-027,PART-7136,2026-03-02,2026-03-09,2026-03-09,428,pending,False,0
8989,SITE-090,PART-4422,2025-05-25,2025-06-01,2025-06-01,329,shipped,False,0
8990,SITE-043,PART-4078,2026-07-02,2026-07-12,2026-07-10,176,shipped,False,0
8991,SITE-024,PART-4260,2026-05-02,2026-05-05,2026-05-04,601,delivered,False,0
8992,SITE-015,PART-5921,2026-08-17,2026-08-27,2026-08-27,688,delivered,False,0
8993,SITE-081,PART-4215,2026-04-02,2026-04-09,2026-04-08,636,shipped,False,0
8994,SITE-007,PART-3504,2026-08-04,2026-08-09,2026-08-07,967,pending,False,0
8995,SITE-075,PART-3739,2026-03-23,2026-03-27,2026-03-26,682,shipped,False,0
8996,SITE-088,PART-3869,2026-04-15,2026-04-18,2026-04-22,396,pending,True,4
8997,SITE-003,PART-3333,2025-11-25,2025-12-04,2025-12-03,339,shipped,False,0
8998,SITE-070,PART-9511,2025-08-02,2025-08-10,2025-08-10,304,delivered,False,0
8999,SITE-042,PART-9528,2025-08-16,2025-08-22,2025-09-04,774,pending,True,13
9000,SITE-069,PART-5781,2025-12-28,2026-01-02,2026-01-01,232,delivered,False,0
9001,SITE-024,PART-8355,2026-03-01,2026-03-05,2026-03-05,901,pending,False,0
9002,SITE-071,PART-6107,2026-07-14,2026-07-23,2026-07-22,749,pending,False,0
9003,SITE-016,PART-9090,2026-08-04,2026-08-14,2026-08-12,994,delivered,False,0
9004,SITE-035,PART-5648,2025-06-15,2025-06-25,2025-07-09,191,shipped,True,14
9005,SITE-010,PART-4311,2026-02-14,2026-02-17,2026-02-15,630,shipped,False,0
9006,SITE-026,PART-4995,2026-03-02,2026-03-10,2026-03-08,308,delivered,False,0
9007,SITE-017,PART-9758,2026-02-23,2026-03-01,2026-03-01,437,shipped,False,0
9008,SITE-075,PART-2897,2025-07-18,2025-07-23,2025-07-23,543,shipped,False,0
9009,SITE-065,PART-7534,2025-01-15,2025-01-18,2025-01-16,471,delivered,False,0
9010,SITE-092,PART-2590,2026-12-13,2026-12-16,2026-12-15,287,pending,False,0
9011,SITE-036,PART-7588,2026-05-10,2026-05-14,2026-05-13,566,shipped,False,0
9012,SITE-097,PART-4181,2025-03-25,2025-03-29,2025-03-27,269,pending,False,0
9013,SITE-060,PART-2019,2025-06-08,2025-06-16,2025-06-16,813,delivered,False,0
9014,SITE-025,PART-6349,2026-11-09,2026-11-18,2026-11-16,911,shipped,False,0
9015,SITE-084,PART-9632,2026-10-18,2026-10-22,2026-10-21,302,delivered,False,0
9016,SITE-090,PART-3329,2026-03-06,2026-03-12,2026-03-10,131,pending,False,0
9017,SITE-060,PART-1496,2026-01-14,2026-01-19,2026-01-18,867,pending,False,0
9018,SITE-084,PART-4247,2025-11-08,2025-11-12,2025-11-10,660,shipped,False,0
9019,SITE-021,PART-7563,2025-05-16,2025-05-22,2025-05-22,493,delivered,False,0
9020,SITE-010,PART-5121,2025-12-03,2025-12-06,2025-12-05,591,shipped,False,0
9021,SITE-075,PART-1496,2025-12-18,2025-12-26,2025-12-24,864,pending,False,0
9022,SITE-046,PART-6803,2026-01-13,2026-01-21,2026-01-29,906,delivered,True,8
9023,SITE-076,PART-4501,2026-11-07,2026-11-14,2026-11-12,745,delivered,False,0
9024,SITE-099,PART-1892,2026-07-06,2026-07-16,2026-07-16,311,shipped,False,0
9025,SITE-036,PART-6683,2026-12-06,2026-12-11,2026-12-10,139,shipped,False,0
9026,SITE-003,PART-1363,2025-06-22,2025-06-30,2025-06-29,323,pending,False,0
9027,SITE-023,PART-7442,2025-09-18,2025-09-27,2025-09-27,751,pending,False,0
9028,SITE-063,PART-3160,2025-07-13,2025-07-23,2025-07-29,531,pending,True,6
9029,SITE-071,PART-3718,2026-06-17,2026-06-27,2026-06-27,106,shipped,False,0
9030,SITE-068,PART-1798,2026-07-12,2026-07-21,2026-07-20,498,pending,False,0
9031,SITE-055,PART-1105,2025-01-20,2025-01-23,2025-01-23,158,delivered,False,0
9032,SITE-008,PART-4181,2026-11-23,2026-11-30,2026-11-30,524,shipped,False,0
9033,SITE-056,PART-8723,2026-07-26,2026-07-29,2026-07-28,83,pending,False,0
9034,SITE-046,PART-4181,2026-11-04,2026-11-09,2026-11-08,91,pending,False,0
9035,SITE-072,PART-3347,2025-09-12,2025-09-18,2025-09-16,509,pending,False,0
9036,SITE-042,PART-2135,2026-10-12,2026-10-19,2026-10-19,679,shipped,False,0
9037,SITE-006,PART-4392,2025-10-03,2025-10-08,2025-10-22,137,delivered,True,14
9038,SITE-096,PART-6113,2025-11-22,2025-11-26,2025-11-25,856,pending,False,0
9039,SITE-031,PART-5150,2025-04-10,2025-04-20,2025-04-19,706,pending,False,0
9040,SITE-096,PART-5743,2026-03-24,2026-04-03,2026-04-03,156,pending,False,0
9041,SITE-085,PART-5070,2025-12-20,2025-12-24,2025-12-24,557,pending,False,0
9042,SITE-059,PART-9320,2026-01-24,2026-01-27,2026-01-25,491,pending,False,0
9043,SITE-028,PART-5543,2026-03-28,2026-04-01,2026-03-31,566,shipped,False,0
9044,SITE-088,PART-1670,2025-04-02,2025-04-07,2025-04-05,618,delivered,False,0
9045,SITE-035,PART-8163,2026-06-10,2026-06-17,2026-06-17,47,pending,False,0
9046,SITE-044,PART-1105,2026-02-11,2026-02-15,2026-02-14,395,delivered,False,0
9047,SITE-096,PART-9194,2026-03-19,2026-03-24,2026-03-22,879,shipped,False,0
9048,SITE-033,PART-5543,2026-02-23,2026-03-04,2026-03-03,645,delivered,False,0
9049,SITE-095,PART-2127,2025-07-09,2025-07-19,2025-08-04,884,shipped,True,16
9050,SITE-026,PART-1710,2026-01-27,2026-02-03,2026-02-02,368,pending,False,0
9051,SITE-066,PART-2784,2025-09-08,2025-09-12,2025-09-11,26,delivered,False,0
9052,SITE-051,PART-5876,2026-10-22,2026-11-01,2026-10-31,648,delivered,False,0
9053,SITE-096,PART-4055,2025-07-24,2025-07-28,2025-07-28,663,delivered,False,0
9054,SITE-083,PART-2039,2026-07-17,2026-07-23,2026-07-26,457,pending,True,3
9055,SITE-013,PART-9211,2025-01-06,2025-01-09,2025-01-07,699,pending,False,0
9056,SITE-004,PART-7577,2025-03-10,2025-03-15,2025-03-14,276,pending,False,0
9057,SITE-031,PART-7424,2025-04-10,2025-04-15,2025-04-14,714,pending,False,0
9058,SITE-063,PART-1264,2025-05-25,2025-06-04,2025-06-03,971,pending,False,0
9059,SITE-039,PART-9204,2026-10-23,2026-11-02,2026-11-01,128,pending,False,0
9060,SITE-054,PART-6709,2025-12-15,2025-12-20,2025-12-18,250,shipped,False,0
9061,SITE-004,PART-5050,2025-07-23,2025-07-27,2025-07-26,844,delivered,False,0
9062,SITE-011,PART-8505,2025-05-16,2025-05-26,2025-05-26,921,delivered,False,0
9063,SITE-093,PART-2927,2026-09-25,2026-09-30,2026-09-29,743,delivered,False,0
9064,SITE-098,PART-3917,2025-11-14,2025-11-18,2025-11-16,315,pending,False,0
9065,SITE-009,PART-6975,2025-04-22,2025-04-25,2025-04-24,866,delivered,False,0
9066,SITE-024,PART-4062,2026-06-19,2026-06-26,2026-06-26,404,pending,False,0
9067,SITE-023,PART-9297,2026-04-07,2026-04-14,2026-04-13,255,pending,False,0
9068,SITE-071,PART-7232,2026-07-15,2026-07-20,2026-07-20,240,delivered,False,0
9069,SITE-038,PART-4942,2026-01-14,2026-01-17,2026-01-16,803,delivered,False,0
9070,SITE-044,PART-5133,2026-03-04,2026-03-12,2026-03-10,142,shipped,False,0
9071,SITE-082,PART-7537,2026-02-13,2026-02-18,2026-02-17,992,shipped,False,0
9072,SITE-066,PART-4370,2026-08-16,2026-08-22,2026-08-22,909,pending,False,0
9073,SITE-001,PART-9329,2025-04-11,2025-04-18,2025-04-17,797,shipped,False,0
9074,SITE-007,PART-1656,2025-10-04,2025-10-09,2025-10-08,78,delivered,False,0
9075,SITE-063,PART-5121,2025-09-03,2025-09-07,2025-09-05,437,pending,False,0
9076,SITE-038,PART-8427,2026-07-02,2026-07-08,2026-07-06,899,shipped,False,0
9077,SITE-054,PART-9758,2025-11-12,2025-11-19,2025-11-30,157,shipped,True,11
9078,SITE-079,PART-2799,2025-01-23,2025-01-31,2025-01-29,203,delivered,False,0
9079,SITE-049,PART-8202,2025-12-16,2025-12-21,2025-12-21,617,shipped,False,0
9080,SITE-066,PART-7897,2026-09-07,2026-09-16,2026-09-15,981,pending,False,0
9081,SITE-083,PART-8690,2025-04-01,2025-04-07,2025-04-06,119,delivered,False,0
9082,SITE-027,PART-1798,2026-04-02,2026-04-11,2026-04-10,425,pending,False,0
9083,SITE-054,PART-2135,2025-09-01,2025-09-11,2025-09-09,652,pending,False,0
9084,SITE-076,PART-2505,2026-07-14,2026-07-20,2026-07-20,36,shipped,False,0
9085,SITE-015,PART-2106,2025-12-15,2025-12-24,2025-12-24,166,delivered,False,0
9086,SITE-016,PART-1124,2025-07-10,2025-07-13,2025-07-13,8,shipped,False,0
9087,SITE-031,PART-6829,2025-06-25,2025-06-28,2025-06-27,920,delivered,False,0
9088,SITE-058,PART-7785,2025-03-18,2025-03-28,2025-03-26,386,pending,False,0
9089,SITE-040,PART-4392,2026-06-22,2026-06-25,2026-06-25,664,shipped,False,0
9090,SITE-019,PART-3704,2026-01-02,2026-01-09,2026-01-07,692,shipped,False,0
9091,SITE-063,PART-6140,2026-07-01,2026-07-07,2026-07-05,425,delivered,False,0
9092,SITE-071,PART-3344,2026-05-17,2026-05-26,2026-05-25,248,pending,False,0
9093,SITE-030,PART-4137,2026-08-02,2026-08-08,2026-08-13,32,delivered,True,5
9094,SITE-025,PART-5950,2026-12-10,2026-12-20,2026-12-19,509,pending,False,0
9095,SITE-010,PART-4804,2026-09-17,2026-09-27,2026-09-26,15,shipped,False,0
9096,SITE-065,PART-8807,2026-07-10,2026-07-16,2026-07-15,287,shipped,False,0
9097,SITE-076,PART-3392,2025-09-19,2025-09-26,2025-09-26,377,pending,False,0
9098,SITE-038,PART-1259,2025-07-28,2025-08-05,2025-08-05,111,delivered,False,0
9099,SITE-093,PART-7190,2026-07-09,2026-07-17,2026-07-17,361,delivered,False,0
9100,SITE-077,PART-7135,2025-07-17,2025-07-25,2025-07-23,647,shipped,False,0
9101,SITE-051,PART-4309,2026-11-05,2026-11-12,2026-11-11,942,delivered,False,0
9102,SITE-023,PART-8474,2025-04-05,2025-04-10,2025-04-09,688,shipped,False,0
9103,SITE-041,PART-7093,2026-10-04,2026-10-08,2026-10-07,214,delivered,False,0
9104,SITE-072,PART-7967,2025-10-05,2025-10-11,2025-10-14,843,pending,True,3
9105,SITE-047,PART-4392,2026-02-21,2026-02-27,2026-02-25,469,pending,False,0
9106,SITE-074,PART-1138,2026-09-09,2026-09-12,2026-09-11,313,delivered,False,0
9107,SITE-047,PART-1470,2026-08-09,2026-08-17,2026-08-17,675,pending,False,0
9108,SITE-074,PART-9320,2026-04-01,2026-04-04,2026-04-03,160,pending,False,0
9109,SITE-086,PART-1416,2025-12-07,2025-12-11,2025-12-11,772,shipped,False,0
9110,SITE-021,PART-7967,2026-11-09,2026-11-18,2026-11-17,71,pending,False,0
9111,SITE-068,PART-7486,2026-08-09,2026-08-17,2026-08-17,973,shipped,False,0
9112,SITE-045,PART-6884,2026-05-04,2026-05-12,2026-05-11,82,shipped,False,0
9113,SITE-072,PART-8910,2025-01-24,2025-02-01,2025-01-31,595,delivered,False,0
9114,SITE-040,PART-5401,2026-01-13,2026-01-21,2026-01-21,437,delivered,False,0
9115,SITE-050,PART-4655,2025-06-08,2025-06-14,2025-06-13,213,delivered,False,0
9116,SITE-031,PART-2946,2026-06-05,2026-06-13,2026-06-13,211,shipped,False,0
9117,SITE-079,PART-4999,2025-12-27,2026-01-05,2026-01-04,924,delivered,False,0
9118,SITE-009,PART-3895,2026-04-16,2026-04-24,2026-04-24,527,shipped,False,0
9119,SITE-099,PART-8896,2026-05-25,2026-05-31,2026-05-31,562,delivered,False,0
9120,SITE-035,PART-9090,2026-03-25,2026-03-30,2026-03-28,673,delivered,False,0
9121,SITE-054,PART-3258,2026-03-20,2026-03-30,2026-03-28,485,delivered,False,0
9122,SITE-013,PART-8219,2025-01-21,2025-01-29,2025-01-28,750,delivered,False,0
9123,SITE-031,PART-9284,2025-01-25,2025-02-02,2025-02-02,680,delivered,False,0
9124,SITE-067,PART-7833,2025-04-11,2025-04-20,2025-04-20,73,shipped,False,0
9125,SITE-083,PART-5907,2026-07-26,2026-08-04,2026-08-02,521,pending,False,0
9126,SITE-080,PART-9099,2026-05-10,2026-05-16,2026-05-15,529,pending,False,0
9127,SITE-081,PART-2963,2025-01-07,2025-01-13,2025-01-13,228,shipped,False,0
9128,SITE-003,PART-2516,2026-05-19,2026-05-22,2026-06-01,452,delivered,True,10
9129,SITE-095,PART-2779,2025-10-24,2025-10-31,2025-10-31,252,delivered,False,0
9130,SITE-091,PART-7823,2025-05-02,2025-05-10,2025-05-15,233,pending,True,5
9131,SITE-002,PART-9337,2025-12-05,2025-12-08,2025-12-08,664,delivered,False,0
9132,SITE-001,PART-9306,2026-08-24,2026-08-28,2026-08-28,237,delivered,False,0
9133,SITE-058,PART-3646,2026-11-24,2026-12-01,2026-11-30,137,pending,False,0
9134,SITE-049,PART-1696,2025-04-05,2025-04-13,2025-04-11,31,delivered,False,0
9135,SITE-017,PART-2341,2026-08-01,2026-08-11,2026-08-11,998,pending,False,0
9136,SITE-049,PART-6983,2025-11-19,2025-11-24,2025-11-22,786,pending,False,0
9137,SITE-049,PART-4999,2025-11-08,2025-11-17,2025-11-16,490,pending,False,0
9138,SITE-059,PART-6588,2025-09-26,2025-10-06,2025-10-20,265,delivered,True,14
9139,SITE-048,PART-3793,2026-09-28,2026-10-07,2026-10-05,579,shipped,False,0
9140,SITE-092,PART-2135,2026-08-21,2026-08-31,2026-08-29,189,shipped,False,0
9141,SITE-082,PART-1376,2026-05-25,2026-05-29,2026-05-28,719,delivered,False,0
9142,SITE-073,PART-2068,2025-07-20,2025-07-25,2025-07-24,476,pending,False,0
9143,SITE-048,PART-1777,2026-10-08,2026-10-13,2026-10-11,251,shipped,False,0
9144,SITE-050,PART-5354,2025-01-25,2025-01-29,2025-01-27,89,delivered,False,0
9145,SITE-033,PART-3704,2025-10-19,2025-10-24,2025-10-23,879,delivered,False,0
9146,SITE-020,PART-7560,2025-04-08,2025-04-11,2025-04-14,659,delivered,True,3
9147,SITE-024,PART-9194,2025-06-03,2025-06-08,2025-06-06,85,pending,False,0
9148,SITE-042,PART-7082,2025-06-10,2025-06-20,2025-06-18,347,delivered,False,0
9149,SITE-005,PART-8910,2026-10-06,2026-10-12,2026-10-11,137,shipped,False,0
9150,SITE-013,PART-9432,2026-06-19,2026-06-24,2026-06-22,7,shipped,False,0
9151,SITE-084,PART-5698,2026-01-16,2026-01-25,2026-01-23,552,delivered,False,0
9152,SITE-024,PART-2959,2026-09-07,2026-09-15,2026-09-15,63,pending,False,0
9153,SITE-018,PART-9993,2025-11-17,2025-11-27,2025-11-27,776,shipped,False,0
9154,SITE-096,PART-4228,2026-02-26,2026-03-06,2026-03-06,127,shipped,False,0
9155,SITE-016,PART-7606,2025-08-04,2025-08-11,2025-08-09,100,shipped,False,0
9156,SITE-060,PART-6371,2025-07-25,2025-08-04,2025-08-02,409,shipped,False,0
9157,SITE-028,PART-3825,2026-08-09,2026-08-18,2026-08-16,783,pending,False,0
9158,SITE-033,PART-3657,2025-04-06,2025-04-16,2025-04-23,534,pending,True,7
9159,SITE-016,PART-8779,2026-06-16,2026-06-19,2026-06-17,578,delivered,False,0
9160,SITE-071,PART-2068,2026-01-13,2026-01-22,2026-01-21,35,pending,False,0
9161,SITE-047,PART-6829,2025-03-17,2025-03-22,2025-03-21,364,pending,False,0
9162,SITE-025,PART-3655,2025-04-20,2025-04-29,2025-04-29,953,delivered,False,0
9163,SITE-046,PART-9432,2026-06-05,2026-06-08,2026-06-06,4,shipped,False,0
9164,SITE-074,PART-3811,2025-05-28,2025-05-31,2025-05-30,387,delivered,False,0
9165,SITE-088,PART-1937,2026-07-26,2026-08-02,2026-08-01,612,pending,False,0
9166,SITE-036,PART-5704,2025-07-28,2025-08-02,2025-08-01,274,delivered,False,0
9167,SITE-060,PART-4215,2026-01-14,2026-01-18,2026-01-16,454,delivered,False,0
9168,SITE-092,PART-5225,2026-04-06,2026-04-15,2026-04-15,970,delivered,False,0
9169,SITE-059,PART-4582,2025-06-17,2025-06-27,2025-06-25,462,shipped,False,0
9170,SITE-031,PART-6719,2026-08-17,2026-08-23,2026-08-23,222,shipped,False,0
9171,SITE-005,PART-7345,2025-12-26,2026-01-04,2026-01-02,85,pending,False,0
9172,SITE-013,PART-2733,2025-04-20,2025-04-29,2025-04-28,892,pending,False,0
9173,SITE-005,PART-7067,2026-11-17,2026-11-27,2026-11-25,959,pending,False,0
9174,SITE-083,PART-2035,2026-04-18,2026-04-27,2026-04-27,497,delivered,False,0
9175,SITE-033,PART-8361,2025-01-05,2025-01-09,2025-01-07,63,delivered,False,0
9176,SITE-053,PART-5534,2026-11-25,2026-11-29,2026-11-27,500,delivered,False,0
9177,SITE-030,PART-6797,2025-04-11,2025-04-17,2025-04-17,131,delivered,False,0
9178,SITE-025,PART-9623,2025-08-06,2025-08-09,2025-08-09,16,delivered,False,0
9179,SITE-062,PART-2958,2026-02-20,2026-02-25,2026-02-23,275,shipped,False,0
9180,SITE-033,PART-4906,2026-07-13,2026-07-17,2026-07-16,657,delivered,False,0
9181,SITE-033,PART-8714,2025-11-24,2025-11-29,2025-11-29,167,delivered,False,0
9182,SITE-066,PART-1724,2025-03-03,2025-03-08,2025-03-07,722,delivered,False,0
9183,SITE-061,PART-5646,2026-05-14,2026-05-20,2026-05-20,511,delivered,False,0
9184,SITE-019,PART-7190,2026-03-02,2026-03-06,2026-03-05,14,shipped,False,0
9185,SITE-073,PART-5401,2026-04-26,2026-05-01,2026-04-30,299,shipped,False,0
9186,SITE-020,PART-6778,2026-08-16,2026-08-25,2026-08-25,66,delivered,False,0
9187,SITE-042,PART-2331,2025-03-13,2025-03-19,2025-03-17,668,shipped,False,0
9188,SITE-028,PART-2281,2026-08-24,2026-09-03,2026-09-02,573,shipped,False,0
9189,SITE-002,PART-2526,2026-08-02,2026-08-05,2026-08-03,428,shipped,False,0
9190,SITE-069,PART-8723,2025-07-20,2025-07-24,2025-07-24,203,shipped,False,0
9191,SITE-037,PART-5046,2025-04-25,2025-05-04,2025-05-22,923,shipped,True,18
9192,SITE-070,PART-4320,2025-12-01,2025-12-09,2025-12-07,288,pending,False,0
9193,SITE-068,PART-4448,2025-12-02,2025-12-06,2025-12-05,696,pending,False,0
9194,SITE-019,PART-7209,2025-05-22,2025-05-26,2025-06-04,641,pending,True,9
9195,SITE-057,PART-9337,2026-12-17,2026-12-20,2026-12-18,674,delivered,False,0
9196,SITE-082,PART-7588,2026-10-15,2026-10-23,2026-10-23,715,delivered,False,0
9197,SITE-005,PART-5539,2025-06-24,2025-07-03,2025-07-02,524,shipped,False,0
9198,SITE-098,PART-1737,2025-05-19,2025-05-25,2025-05-25,242,pending,False,0
9199,SITE-054,PART-7277,2026-01-16,2026-01-20,2026-01-18,101,pending,False,0
9200,SITE-055,PART-1463,2026-09-14,2026-09-17,2026-09-17,821,pending,False,0
9201,SITE-024,PART-2897,2025-07-27,2025-08-05,2025-08-04,887,pending,False,0
9202,SITE-023,PART-1228,2026-07-23,2026-08-01,2026-07-30,14,delivered,False,0
9203,SITE-069,PART-2699,2025-06-20,2025-06-23,2025-06-21,37,pending,False,0
9204,SITE-010,PART-9255,2025-11-15,2025-11-24,2025-11-24,248,pending,False,0
9205,SITE-009,PART-1210,2025-09-09,2025-09-19,2025-09-19,62,shipped,False,0
9206,SITE-081,PART-2585,2026-01-19,2026-01-27,2026-01-27,276,shipped,False,0
9207,SITE-098,PART-8916,2026-02-07,2026-02-11,2026-02-09,122,delivered,False,0
9208,SITE-054,PART-7524,2026-11-21,2026-11-30,2026-11-28,897,pending,False,0
9209,SITE-035,PART-8534,2026-07-25,2026-07-30,2026-08-15,945,shipped,True,16
9210,SITE-029,PART-4080,2026-05-23,2026-05-31,2026-05-30,963,delivered,False,0
9211,SITE-040,PART-5921,2026-03-24,2026-03-30,2026-03-30,831,shipped,False,0
9212,SITE-019,PART-4846,2026-04-20,2026-04-25,2026-04-23,15,pending,False,0
9213,SITE-021,PART-3811,2025-07-07,2025-07-17,2025-07-15,203,delivered,False,0
9214,SITE-031,PART-8910,2025-01-26,2025-01-31,2025-01-29,83,shipped,False,0
9215,SITE-053,PART-7345,2025-12-20,2025-12-30,2025-12-29,548,pending,False,0
9216,SITE-011,PART-6668,2026-12-04,2026-12-09,2026-12-17,469,shipped,True,8
9217,SITE-070,PART-5959,2026-01-18,2026-01-28,2026-01-28,798,shipped,False,0
9218,SITE-062,PART-8214,2025-08-27,2025-09-06,2025-09-05,758,pending,False,0
9219,SITE-040,PART-6951,2026-03-10,2026-03-19,2026-03-17,91,pending,False,0
9220,SITE-034,PART-7298,2026-08-06,2026-08-11,2026-08-11,531,delivered,False,0
9221,SITE-023,PART-7321,2025-08-08,2025-08-11,2025-08-15,808,shipped,True,4
9222,SITE-037,PART-1055,2026-08-02,2026-08-06,2026-08-06,641,shipped,False,0
9223,SITE-001,PART-7745,2025-11-17,2025-11-21,2025-11-20,979,pending,False,0
9224,SITE-020,PART-3896,2026-12-16,2026-12-22,2026-12-20,620,delivered,False,0
9225,SITE-040,PART-2046,2026-03-08,2026-03-15,2026-03-13,842,pending,False,0
9226,SITE-010,PART-4206,2025-09-02,2025-09-10,2025-09-09,263,shipped,False,0
9227,SITE-076,PART-2897,2025-11-16,2025-11-22,2025-11-21,885,pending,False,0
9228,SITE-070,PART-4216,2026-07-04,2026-07-09,2026-07-21,35,pending,True,12
9229,SITE-051,PART-1737,2026-04-17,2026-04-21,2026-04-21,913,shipped,False,0
9230,SITE-006,PART-2970,2026-02-16,2026-02-25,2026-02-24,759,pending,False,0
9231,SITE-059,PART-5659,2025-07-22,2025-07-31,2025-07-30,879,pending,False,0
9232,SITE-097,PART-3009,2025-05-14,2025-05-18,2025-05-17,906,pending,False,0
9233,SITE-076,PART-9320,2026-05-15,2026-05-21,2026-05-19,81,shipped,False,0
9234,SITE-032,PART-3953,2026-12-07,2026-12-12,2026-12-11,761,pending,False,0
9235,SITE-063,PART-3101,2026-11-16,2026-11-25,2026-11-23,564,shipped,False,0
9236,SITE-047,PART-7794,2026-11-05,2026-11-14,2026-11-22,95,pending,True,8
9237,SITE-080,PART-4856,2026-01-16,2026-01-26,2026-01-26,473,delivered,False,0
9238,SITE-010,PART-7886,2026-05-08,2026-05-13,2026-05-17,683,pending,True,4
9239,SITE-049,PART-7606,2025-04-01,2025-04-08,2025-04-07,627,pending,False,0
9240,SITE-017,PART-3392,2025-10-17,2025-10-22,2025-10-20,735,shipped,False,0
9241,SITE-010,PART-3224,2025-11-26,2025-12-04,2025-12-03,555,shipped,False,0
9242,SITE-089,PART-3732,2026-12-05,2026-12-13,2026-12-12,608,shipped,False,0
9243,SITE-019,PART-7250,2025-05-14,2025-05-19,2025-05-17,217,shipped,False,0
9244,SITE-007,PART-9165,2025-09-04,2025-09-07,2025-09-05,119,pending,False,0
9245,SITE-063,PART-4277,2026-12-01,2026-12-10,2026-12-10,917,pending,False,0
9246,SITE-083,PART-3009,2025-05-16,2025-05-21,2025-05-20,590,pending,False,0
9247,SITE-044,PART-4084,2026-03-07,2026-03-12,2026-03-17,106,delivered,True,5
9248,SITE-064,PART-7156,2025-07-04,2025-07-08,2025-07-07,948,delivered,False,0
9249,SITE-021,PART-6811,2025-11-19,2025-11-24,2025-11-22,799,shipped,False,0
9250,SITE-095,PART-2830,2025-12-05,2025-12-11,2025-12-11,530,delivered,False,0
9251,SITE-067,PART-7498,2026-11-06,2026-11-10,2026-11-10,61,delivered,False,0
9252,SITE-024,PART-8200,2025-04-18,2025-04-25,2025-04-23,904,delivered,False,0
9253,SITE-087,PART-5664,2026-12-03,2026-12-13,2026-12-12,634,pending,False,0
9254,SITE-034,PART-9128,2025-11-11,2025-11-20,2025-11-20,221,shipped,False,0
9255,SITE-008,PART-9181,2026-12-13,2026-12-19,2026-12-18,488,pending,False,0
9256,SITE-045,PART-3064,2026-11-10,2026-11-19,2026-11-19,254,delivered,False,0
9257,SITE-075,PART-1142,2025-10-16,2025-10-19,2025-10-17,580,pending,False,0
9258,SITE-010,PART-6924,2026-04-12,2026-04-18,2026-04-18,286,pending,False,0
9259,SITE-051,PART-4084,2025-04-07,2025-04-17,2025-04-17,268,shipped,False,0
9260,SITE-037,PART-8427,2025-10-24,2025-10-31,2025-10-31,270,pending,False,0
9261,SITE-010,PART-3103,2026-08-24,2026-09-01,2026-09-01,135,pending,False,0
9262,SITE-038,PART-2477,2025-07-24,2025-07-27,2025-08-04,954,pending,True,8
9263,SITE-028,PART-3329,2025-01-04,2025-01-12,2025-01-10,736,shipped,False,0
9264,SITE-082,PART-1366,2026-02-15,2026-02-22,2026-02-20,662,shipped,False,0
9265,SITE-074,PART-7298,2026-03-09,2026-03-19,2026-03-18,569,delivered,False,0
9266,SITE-094,PART-9129,2026-01-01,2026-01-06,2026-01-04,378,pending,False,0
9267,SITE-015,PART-4058,2025-04-17,2025-04-24,2025-04-23,590,pending,False,0
9268,SITE-093,PART-7782,2025-08-01,2025-08-06,2025-08-06,229,delivered,False,0
9269,SITE-046,PART-6072,2026-04-24,2026-05-01,2026-04-29,222,delivered,False,0
9270,SITE-080,PART-7082,2025-09-01,2025-09-05,2025-09-05,367,delivered,False,0
9271,SITE-026,PART-4908,2025-05-26,2025-06-03,2025-06-01,461,delivered,False,0
9272,SITE-056,PART-4062,2026-02-24,2026-03-02,2026-02-28,255,shipped,False,0
9273,SITE-061,PART-9921,2026-12-28,2027-01-03,2027-01-01,265,shipped,False,0
9274,SITE-005,PART-9037,2026-07-14,2026-07-17,2026-07-15,848,shipped,False,0
9275,SITE-058,PART-5907,2026-01-11,2026-01-21,2026-01-21,375,shipped,False,0
9276,SITE-018,PART-2422,2026-10-06,2026-10-09,2026-10-08,583,pending,False,0
9277,SITE-033,PART-1240,2025-08-16,2025-08-24,2025-08-24,900,delivered,False,0
9278,SITE-082,PART-9370,2025-03-11,2025-03-14,2025-03-14,396,pending,False,0
9279,SITE-032,PART-6972,2026-06-04,2026-06-11,2026-06-28,933,delivered,True,17
9280,SITE-079,PART-2826,2025-09-12,2025-09-15,2025-09-15,586,shipped,False,0
9281,SITE-071,PART-9119,2025-10-24,2025-11-03,2025-11-03,932,shipped,False,0
9282,SITE-098,PART-7535,2026-11-27,2026-12-05,2026-12-04,525,shipped,False,0
9283,SITE-079,PART-8523,2026-01-17,2026-01-20,2026-01-19,990,pending,False,0
9284,SITE-011,PART-1124,2026-05-03,2026-05-10,2026-05-08,188,shipped,False,0
9285,SITE-072,PART-5988,2026-04-03,2026-04-06,2026-04-06,207,pending,False,0
9286,SITE-018,PART-8316,2025-04-09,2025-04-17,2025-04-16,468,shipped,False,0
9287,SITE-040,PART-4677,2026-11-17,2026-11-27,2026-11-25,648,shipped,False,0
9288,SITE-071,PART-3655,2025-04-23,2025-05-03,2025-05-01,294,pending,False,0
9289,SITE-042,PART-6072,2026-01-01,2026-01-06,2026-01-16,549,shipped,True,10
9290,SITE-091,PART-3531,2025-08-08,2025-08-12,2025-08-12,384,delivered,False,0
9291,SITE-016,PART-6221,2026-09-21,2026-09-25,2026-09-25,137,shipped,False,0
9292,SITE-037,PART-2125,2026-10-08,2026-10-17,2026-10-15,513,pending,False,0
9293,SITE-030,PART-4680,2025-07-23,2025-07-28,2025-07-27,722,pending,False,0
9294,SITE-027,PART-5214,2026-12-05,2026-12-12,2026-12-20,673,pending,True,8
9295,SITE-068,PART-9467,2025-11-28,2025-12-03,2025-12-01,25,pending,False,0
9296,SITE-033,PART-1926,2025-03-23,2025-03-26,2025-03-25,749,delivered,False,0
9297,SITE-079,PART-7210,2025-06-28,2025-07-05,2025-07-03,965,shipped,False,0
9298,SITE-082,PART-7967,2025-11-07,2025-11-16,2025-11-14,818,shipped,False,0
9299,SITE-075,PART-3415,2025-05-15,2025-05-23,2025-05-22,257,pending,False,0
9300,SITE-081,PART-3995,2026-10-11,2026-10-18,2026-10-17,46,shipped,False,0
9301,SITE-015,PART-9406,2025-03-13,2025-03-16,2025-03-15,286,delivered,False,0
9302,SITE-078,PART-1817,2025-12-24,2025-12-28,2025-12-28,254,shipped,False,0
9303,SITE-067,PART-7020,2025-04-08,2025-04-12,2025-04-23,677,shipped,True,11
9304,SITE-100,PART-8524,2026-09-18,2026-09-27,2026-09-25,83,shipped,False,0
9305,SITE-090,PART-7036,2026-05-27,2026-05-30,2026-05-30,403,shipped,False,0
9306,SITE-017,PART-7971,2025-03-05,2025-03-13,2025-03-20,365,shipped,True,7
9307,SITE-049,PART-2331,2025-08-09,2025-08-18,2025-08-17,727,pending,False,0
9308,SITE-039,PART-1496,2026-02-09,2026-02-18,2026-02-16,600,delivered,False,0
9309,SITE-063,PART-7358,2025-04-22,2025-04-28,2025-04-26,510,pending,False,0
9310,SITE-087,PART-7782,2025-12-04,2025-12-10,2025-12-24,6,shipped,True,14
9311,SITE-087,PART-1684,2025-06-27,2025-07-03,2025-07-03,168,shipped,False,0
9312,SITE-014,PART-5693,2026-11-25,2026-12-04,2026-12-02,556,pending,False,0
9313,SITE-022,PART-1503,2025-02-04,2025-02-07,2025-02-07,950,shipped,False,0
9314,SITE-083,PART-7590,2025-04-17,2025-04-27,2025-04-25,355,delivered,False,0
9315,SITE-018,PART-8694,2025-04-11,2025-04-21,2025-04-19,422,pending,False,0
9316,SITE-077,PART-4035,2026-06-25,2026-07-02,2026-07-02,28,pending,False,0
9317,SITE-030,PART-5539,2025-01-01,2025-01-05,2025-01-05,108,delivered,False,0
9318,SITE-086,PART-9623,2025-04-27,2025-05-02,2025-05-02,972,delivered,False,0
9319,SITE-008,PART-7672,2026-09-10,2026-09-15,2026-09-13,847,delivered,False,0
9320,SITE-094,PART-1733,2025-09-24,2025-09-30,2025-09-30,51,pending,False,0
9321,SITE-023,PART-3329,2025-05-01,2025-05-08,2025-05-06,53,pending,False,0
9322,SITE-001,PART-7606,2026-07-03,2026-07-08,2026-07-13,65,pending,True,5
9323,SITE-080,PART-4062,2025-05-01,2025-05-07,2025-05-06,232,delivered,False,0
9324,SITE-089,PART-8529,2025-04-28,2025-05-03,2025-05-03,268,shipped,False,0
9325,SITE-049,PART-5668,2025-08-13,2025-08-17,2025-08-15,591,pending,False,0
9326,SITE-089,PART-5646,2026-01-25,2026-01-31,2026-01-30,855,shipped,False,0
9327,SITE-100,PART-2784,2026-11-11,2026-11-18,2026-11-28,421,shipped,True,10
9328,SITE-040,PART-9108,2025-05-09,2025-05-14,2025-05-12,359,delivered,False,0
9329,SITE-062,PART-9451,2026-11-03,2026-11-10,2026-11-10,910,pending,False,0
9330,SITE-090,PART-2098,2026-04-21,2026-04-27,2026-04-25,909,shipped,False,0
9331,SITE-078,PART-3274,2025-03-09,2025-03-12,2025-03-12,572,pending,False,0
9332,SITE-065,PART-2896,2026-01-07,2026-01-10,2026-01-20,134,shipped,True,10
9333,SITE-050,PART-4303,2025-11-07,2025-11-12,2025-11-12,40,delivered,False,0
9334,SITE-091,PART-9038,2026-03-06,2026-03-14,2026-03-27,243,pending,True,13
9335,SITE-091,PART-6567,2026-05-24,2026-05-31,2026-06-06,115,pending,True,6
9336,SITE-080,PART-4880,2026-11-26,2026-12-01,2026-11-29,143,shipped,False,0
9337,SITE-083,PART-9204,2026-11-23,2026-11-26,2026-11-26,680,shipped,False,0
9338,SITE-018,PART-6983,2026-11-15,2026-11-24,2026-12-10,976,shipped,True,16
9339,SITE-005,PART-1081,2026-08-19,2026-08-26,2026-08-24,389,delivered,False,0
9340,SITE-068,PART-8505,2026-02-05,2026-02-15,2026-02-14,780,shipped,False,0
9341,SITE-056,PART-8581,2026-05-24,2026-05-29,2026-05-27,523,delivered,False,0
9342,SITE-047,PART-1557,2026-02-14,2026-02-20,2026-02-18,4,pending,False,0
9343,SITE-028,PART-4836,2025-04-20,2025-04-26,2025-04-26,166,pending,False,0
9344,SITE-025,PART-9037,2025-06-08,2025-06-15,2025-06-27,942,pending,True,12
9345,SITE-096,PART-4572,2026-07-20,2026-07-24,2026-07-23,40,delivered,False,0
9346,SITE-083,PART-5659,2026-09-02,2026-09-09,2026-09-09,727,shipped,False,0
9347,SITE-041,PART-8986,2025-02-09,2025-02-19,2025-02-19,650,pending,False,0
9348,SITE-010,PART-3879,2026-09-19,2026-09-28,2026-09-28,278,delivered,False,0
9349,SITE-034,PART-9768,2026-07-12,2026-07-22,2026-07-20,310,shipped,False,0
9350,SITE-059,PART-5652,2025-12-16,2025-12-23,2025-12-23,668,pending,False,0
9351,SITE-056,PART-4752,2025-07-21,2025-07-31,2025-07-30,221,pending,False,0
9352,SITE-014,PART-9278,2025-06-06,2025-06-10,2025-06-08,162,delivered,False,0
9353,SITE-009,PART-2035,2026-04-06,2026-04-14,2026-04-14,859,pending,False,0
9354,SITE-034,PART-7419,2026-01-18,2026-01-21,2026-01-20,173,delivered,False,0
9355,SITE-013,PART-7563,2026-01-14,2026-01-24,2026-01-22,182,delivered,False,0
9356,SITE-083,PART-7413,2025-03-04,2025-03-14,2025-03-17,832,delivered,True,3
9357,SITE-027,PART-7199,2026-04-06,2026-04-15,2026-04-14,322,pending,False,0
9358,SITE-062,PART-7202,2026-06-05,2026-06-10,2026-06-09,270,pending,False,0
9359,SITE-077,PART-8396,2026-10-15,2026-10-25,2026-10-24,647,delivered,False,0
9360,SITE-016,PART-1817,2026-07-01,2026-07-10,2026-07-08,529,pending,False,0
9361,SITE-016,PART-1134,2026-05-20,2026-05-30,2026-05-29,968,shipped,False,0
9362,SITE-005,PART-8084,2026-10-27,2026-11-06,2026-11-06,218,shipped,False,0
9363,SITE-087,PART-5828,2026-10-07,2026-10-16,2026-10-28,198,shipped,True,12
9364,SITE-064,PART-5432,2025-09-11,2025-09-16,2025-09-30,502,pending,True,14
9365,SITE-080,PART-9739,2025-03-05,2025-03-10,2025-03-23,682,shipped,True,13
9366,SITE-061,PART-1759,2026-02-04,2026-02-09,2026-02-08,636,pending,False,0
9367,SITE-037,PART-6842,2025-11-17,2025-11-23,2025-11-23,911,delivered,False,0
9368,SITE-035,PART-6894,2026-07-09,2026-07-12,2026-07-12,171,shipped,False,0
9369,SITE-015,PART-9271,2025-07-06,2025-07-13,2025-07-27,306,delivered,True,14
9370,SITE-043,PART-7949,2025-07-04,2025-07-11,2025-07-11,486,delivered,False,0
9371,SITE-058,PART-7045,2025-07-22,2025-07-25,2025-07-23,939,pending,False,0
9372,SITE-070,PART-5148,2025-08-28,2025-09-05,2025-09-04,430,shipped,False,0
9373,SITE-096,PART-2165,2026-04-22,2026-04-29,2026-04-29,749,shipped,False,0
9374,SITE-032,PART-9037,2025-12-26,2026-01-03,2026-01-01,819,shipped,False,0
9375,SITE-061,PART-7761,2025-09-07,2025-09-15,2025-09-14,898,pending,False,0
9376,SITE-022,PART-1564,2025-11-06,2025-11-14,2025-11-13,189,shipped,False,0
9377,SITE-073,PART-4694,2025-05-15,2025-05-18,2025-05-16,750,pending,False,0
9378,SITE-035,PART-6803,2026-06-06,2026-06-15,2026-06-13,526,shipped,False,0
9379,SITE-036,PART-5805,2025-01-15,2025-01-22,2025-01-28,268,shipped,True,6
9380,SITE-061,PART-9263,2026-11-02,2026-11-05,2026-11-04,241,delivered,False,0
9381,SITE-014,PART-5588,2026-08-02,2026-08-11,2026-08-09,372,shipped,False,0
9382,SITE-015,PART-1934,2026-04-10,2026-04-19,2026-04-26,916,shipped,True,7
9383,SITE-077,PART-2970,2025-05-06,2025-05-12,2025-05-17,590,shipped,True,5
9384,SITE-059,PART-2046,2025-09-18,2025-09-27,2025-10-09,924,delivered,True,12
9385,SITE-004,PART-3574,2026-05-05,2026-05-09,2026-05-24,71,shipped,True,15
9386,SITE-044,PART-4206,2025-06-26,2025-07-01,2025-06-30,294,pending,False,0
9387,SITE-003,PART-5936,2026-12-28,2027-01-01,2026-12-31,282,pending,False,0
9388,SITE-025,PART-2281,2026-11-08,2026-11-14,2026-11-14,366,shipped,False,0
9389,SITE-037,PART-9320,2025-02-04,2025-02-08,2025-02-06,586,pending,False,0
9390,SITE-026,PART-9388,2026-04-27,2026-05-01,2026-04-29,227,pending,False,0
9391,SITE-011,PART-7641,2025-04-24,2025-05-03,2025-05-03,404,pending,False,0
9392,SITE-020,PART-8896,2025-10-03,2025-10-13,2025-10-12,787,pending,False,0
9393,SITE-039,PART-7960,2025-07-24,2025-07-31,2025-07-31,22,shipped,False,0
9394,SITE-004,PART-8084,2025-01-04,2025-01-13,2025-01-12,833,delivered,False,0
9395,SITE-073,PART-7209,2025-09-22,2025-09-30,2025-09-29,988,pending,False,0
9396,SITE-091,PART-6293,2026-12-06,2026-12-16,2026-12-15,863,delivered,False,0
9397,SITE-031,PART-8505,2025-07-13,2025-07-21,2025-07-29,746,shipped,True,8
9398,SITE-016,PART-8861,2025-05-10,2025-05-16,2025-05-16,604,shipped,False,0
9399,SITE-036,PART-6069,2025-10-03,2025-10-09,2025-10-08,820,delivered,False,0
9400,SITE-080,PART-5588,2025-02-12,2025-02-20,2025-02-18,226,shipped,False,0
9401,SITE-002,PART-9648,2026-11-06,2026-11-09,2026-11-09,581,pending,False,0
9402,SITE-034,PART-8555,2026-10-21,2026-10-27,2026-10-26,201,shipped,False,0
9403,SITE-089,PART-9037,2025-02-24,2025-02-27,2025-02-26,250,pending,False,0
9404,SITE-027,PART-8987,2025-04-16,2025-04-23,2025-04-22,287,shipped,False,0
9405,SITE-032,PART-7468,2025-11-04,2025-11-10,2025-11-10,327,pending,False,0
9406,SITE-093,PART-5961,2025-06-21,2025-07-01,2025-06-29,228,shipped,False,0
9407,SITE-084,PART-9129,2026-11-11,2026-11-14,2026-11-13,394,pending,False,0
9408,SITE-080,PART-5698,2026-12-14,2026-12-19,2026-12-19,242,pending,False,0
9409,SITE-052,PART-1647,2026-05-01,2026-05-04,2026-05-02,783,delivered,False,0
9410,SITE-028,PART-9451,2026-09-18,2026-09-26,2026-09-26,872,pending,False,0
9411,SITE-092,PART-4309,2026-06-23,2026-06-27,2026-06-26,708,shipped,False,0
9412,SITE-087,PART-2035,2026-04-07,2026-04-11,2026-04-11,725,shipped,False,0
9413,SITE-008,PART-4198,2025-08-14,2025-08-19,2025-08-19,812,delivered,False,0
9414,SITE-093,PART-4303,2026-10-05,2026-10-08,2026-10-07,498,delivered,False,0
9415,SITE-006,PART-8876,2025-07-17,2025-07-23,2025-07-22,427,pending,False,0
9416,SITE-048,PART-3251,2026-12-04,2026-12-09,2026-12-08,877,pending,False,0
9417,SITE-014,PART-1228,2025-11-03,2025-11-10,2025-11-10,293,pending,False,0
9418,SITE-085,PART-9108,2025-11-08,2025-11-14,2025-11-27,755,shipped,True,13
9419,SITE-091,PART-7641,2025-07-10,2025-07-14,2025-07-13,713,pending,False,0
9420,SITE-010,PART-1897,2025-12-26,2026-01-05,2026-01-03,755,shipped,False,0
9421,SITE-030,PART-9118,2026-04-15,2026-04-22,2026-04-22,57,pending,False,0
9422,SITE-032,PART-1416,2025-07-06,2025-07-10,2025-07-10,688,shipped,False,0
9423,SITE-063,PART-2739,2026-12-09,2026-12-15,2026-12-14,102,delivered,False,0
9424,SITE-031,PART-7259,2026-10-09,2026-10-16,2026-10-22,620,delivered,True,6
9425,SITE-039,PART-8396,2026-08-27,2026-09-04,2026-09-04,87,delivered,False,0
9426,SITE-010,PART-4802,2025-04-06,2025-04-12,2025-04-10,581,delivered,False,0
9427,SITE-060,PART-1032,2025-06-03,2025-06-13,2025-06-13,422,delivered,False,0
9428,SITE-034,PART-3162,2026-10-19,2026-10-22,2026-10-22,146,shipped,False,0
9429,SITE-014,PART-9948,2026-03-25,2026-04-02,2026-04-02,315,shipped,False,0
9430,SITE-063,PART-5982,2025-04-22,2025-04-30,2025-04-29,814,pending,False,0
9431,SITE-083,PART-3655,2025-04-06,2025-04-10,2025-04-09,998,shipped,False,0
9432,SITE-048,PART-7121,2025-09-05,2025-09-13,2025-09-12,183,delivered,False,0
9433,SITE-020,PART-7263,2025-02-22,2025-02-28,2025-02-26,916,shipped,False,0
9434,SITE-006,PART-3133,2026-12-25,2027-01-03,2027-01-15,745,shipped,True,12
9435,SITE-014,PART-3193,2025-05-24,2025-05-31,2025-05-31,591,shipped,False,0
9436,SITE-069,PART-2140,2026-05-19,2026-05-24,2026-05-22,245,shipped,False,0
9437,SITE-030,PART-4897,2026-07-23,2026-07-28,2026-07-28,484,pending,False,0
9438,SITE-068,PART-4215,2026-11-25,2026-12-03,2026-12-03,698,delivered,False,0
9439,SITE-086,PART-4804,2026-04-10,2026-04-18,2026-04-18,450,shipped,False,0
9440,SITE-075,PART-8896,2025-12-15,2025-12-21,2025-12-19,302,delivered,False,0
9441,SITE-064,PART-2735,2025-02-22,2025-03-01,2025-02-28,62,delivered,False,0
9442,SITE-012,PART-2477,2026-07-28,2026-08-07,2026-08-07,24,pending,False,0
9443,SITE-097,PART-1656,2026-03-25,2026-04-03,2026-04-01,901,delivered,False,0
9444,SITE-020,PART-5693,2026-05-23,2026-05-28,2026-05-27,241,delivered,False,0
9445,SITE-011,PART-5659,2025-02-21,2025-02-27,2025-02-28,296,shipped,True,1
9446,SITE-087,PART-2451,2025-01-07,2025-01-14,2025-01-13,443,pending,False,0
9447,SITE-025,PART-9467,2025-11-04,2025-11-08,2025-11-06,123,shipped,False,0
9448,SITE-081,PART-3531,2025-06-08,2025-06-16,2025-06-14,63,shipped,False,0
9449,SITE-089,PART-9768,2026-05-23,2026-05-28,2026-05-26,652,delivered,False,0
9450,SITE-037,PART-3015,2025-08-02,2025-08-06,2025-08-04,510,delivered,False,0
9451,SITE-039,PART-9297,2025-03-05,2025-03-15,2025-03-21,153,delivered,True,6
9452,SITE-074,PART-8565,2026-04-22,2026-04-27,2026-04-27,368,pending,False,0
9453,SITE-052,PART-1214,2026-10-26,2026-10-31,2026-10-29,688,shipped,False,0
9454,SITE-072,PART-6183,2026-10-27,2026-11-01,2026-11-01,434,shipped,False,0
9455,SITE-086,PART-2394,2026-12-03,2026-12-08,2026-12-08,127,pending,False,0
9456,SITE-081,PART-5648,2026-10-21,2026-10-29,2026-10-28,571,shipped,False,0
9457,SITE-036,PART-7690,2026-01-23,2026-01-27,2026-01-27,130,shipped,False,0
9458,SITE-001,PART-9913,2025-08-27,2025-09-01,2025-08-31,768,pending,False,0
9459,SITE-013,PART-8194,2025-06-15,2025-06-25,2025-06-23,230,pending,False,0
9460,SITE-080,PART-3472,2026-11-19,2026-11-25,2026-11-23,447,shipped,False,0
9461,SITE-015,PART-9883,2025-10-20,2025-10-23,2025-10-22,198,delivered,False,0
9462,SITE-056,PART-6908,2026-05-26,2026-06-02,2026-05-31,79,shipped,False,0
9463,SITE-058,PART-5664,2025-10-20,2025-10-27,2025-10-25,803,delivered,False,0
9464,SITE-062,PART-2052,2026-10-16,2026-10-21,2026-10-19,515,delivered,False,0
9465,SITE-027,PART-2867,2026-09-19,2026-09-22,2026-09-20,918,shipped,False,0
9466,SITE-035,PART-3162,2025-03-20,2025-03-24,2025-03-23,88,delivered,False,0
9467,SITE-075,PART-2577,2025-10-15,2025-10-23,2025-10-22,37,pending,False,0
9468,SITE-017,PART-8909,2025-06-20,2025-06-23,2025-06-22,38,pending,False,0
9469,SITE-071,PART-5919,2025-01-21,2025-01-29,2025-01-29,358,shipped,False,0
9470,SITE-074,PART-8062,2026-07-15,2026-07-25,2026-08-01,761,shipped,True,7
9471,SITE-099,PART-5115,2025-05-04,2025-05-10,2025-05-09,372,pending,False,0
9472,SITE-076,PART-6924,2026-04-01,2026-04-10,2026-04-08,705,pending,False,0
9473,SITE-032,PART-2036,2025-02-06,2025-02-11,2025-02-09,106,shipped,False,0
9474,SITE-085,PART-5873,2025-01-21,2025-01-24,2025-01-28,203,shipped,True,4
9475,SITE-027,PART-7067,2025-11-12,2025-11-18,2025-11-18,237,shipped,False,0
9476,SITE-095,PART-7232,2026-05-27,2026-05-30,2026-05-30,387,pending,False,0
9477,SITE-021,PART-8163,2026-05-27,2026-06-03,2026-06-03,229,delivered,False,0
9478,SITE-074,PART-5876,2026-10-01,2026-10-05,2026-10-03,533,shipped,False,0
9479,SITE-065,PART-7016,2026-06-15,2026-06-20,2026-06-18,916,pending,False,0
9480,SITE-092,PART-6719,2026-06-07,2026-06-12,2026-06-12,247,pending,False,0
9481,SITE-073,PART-1416,2026-03-26,2026-03-30,2026-03-30,41,delivered,False,0
9482,SITE-025,PART-1575,2026-11-03,2026-11-07,2026-11-07,772,shipped,False,0
9483,SITE-019,PART-4638,2025-12-12,2025-12-16,2025-12-16,282,delivered,False,0
9484,SITE-090,PART-8361,2025-10-17,2025-10-27,2025-10-26,30,pending,False,0
9485,SITE-049,PART-3162,2026-08-13,2026-08-17,2026-08-16,85,shipped,False,0
9486,SITE-079,PART-8555,2025-02-26,2025-03-05,2025-03-05,785,shipped,False,0
9487,SITE-064,PART-5018,2025-02-15,2025-02-22,2025-02-21,969,pending,False,0
9488,SITE-031,PART-7240,2025-01-06,2025-01-15,2025-01-15,719,pending,False,0
9489,SITE-073,PART-2434,2025-12-09,2025-12-19,2025-12-17,77,pending,False,0
9490,SITE-098,PART-4062,2026-10-21,2026-10-31,2026-11-05,176,delivered,True,5
9491,SITE-049,PART-9255,2025-06-02,2025-06-10,2025-06-09,474,pending,False,0
9492,SITE-092,PART-6069,2025-04-16,2025-04-26,2025-04-26,537,delivered,False,0
9493,SITE-013,PART-7820,2025-11-25,2025-12-02,2025-11-30,598,shipped,False,0
9494,SITE-059,PART-3959,2025-07-26,2025-08-02,2025-08-02,297,pending,False,0
9495,SITE-090,PART-6349,2026-07-27,2026-08-02,2026-08-02,450,delivered,False,0
9496,SITE-083,PART-5771,2025-04-24,2025-05-02,2025-05-02,837,pending,False,0
9497,SITE-072,PART-1700,2026-11-01,2026-11-10,2026-11-08,709,delivered,False,0
9498,SITE-082,PART-8581,2025-03-08,2025-03-15,2025-03-13,3,pending,False,0
9499,SITE-043,PART-2036,2025-03-15,2025-03-18,2025-03-18,81,shipped,False,0
9500,SITE-014,PART-7277,2026-05-25,2026-05-30,2026-05-28,16,delivered,False,0
9501,SITE-075,PART-2826,2025-07-04,2025-07-12,2025-07-10,13,delivered,False,0
9502,SITE-027,PART-2422,2025-08-14,2025-08-22,2025-08-20,868,pending,False,0
9503,SITE-040,PART-1219,2026-04-28,2026-05-01,2026-04-30,830,pending,False,0
9504,SITE-033,PART-2404,2025-08-10,2025-08-16,2025-08-15,787,delivered,False,0
9505,SITE-067,PART-6508,2025-07-28,2025-08-01,2025-08-01,836,shipped,False,0
9506,SITE-066,PART-2445,2026-05-12,2026-05-20,2026-05-18,378,shipped,False,0
9507,SITE-069,PART-7358,2025-04-21,2025-05-01,2025-04-29,803,shipped,False,0
9508,SITE-017,PART-7416,2025-03-08,2025-03-12,2025-03-11,88,pending,False,0
9509,SITE-084,PART-2799,2026-10-07,2026-10-12,2026-10-10,620,shipped,False,0
9510,SITE-055,PART-3349,2025-07-13,2025-07-20,2025-07-18,524,shipped,False,0
9511,SITE-024,PART-4072,2025-04-11,2025-04-20,2025-04-20,749,shipped,False,0
9512,SITE-056,PART-8181,2026-07-01,2026-07-06,2026-07-04,224,shipped,False,0
9513,SITE-087,PART-5999,2026-02-18,2026-02-24,2026-02-24,427,delivered,False,0
9514,SITE-029,PART-4804,2026-11-24,2026-11-28,2026-11-26,104,delivered,False,0
9515,SITE-094,PART-7960,2026-08-15,2026-08-24,2026-08-22,898,pending,False,0
9516,SITE-024,PART-2445,2026-12-13,2026-12-21,2026-12-29,935,pending,True,8
9517,SITE-081,PART-5073,2025-09-09,2025-09-18,2025-09-18,481,delivered,False,0
9518,SITE-067,PART-3343,2025-02-19,2025-03-01,2025-03-01,173,delivered,False,0
9519,SITE-016,PART-3285,2025-06-22,2025-06-30,2025-07-03,56,delivered,True,3
9520,SITE-010,PART-7240,2025-05-28,2025-06-02,2025-05-31,648,delivered,False,0
9521,SITE-058,PART-6768,2026-02-23,2026-03-04,2026-03-04,463,delivered,False,0
9522,SITE-028,PART-3549,2025-12-14,2025-12-22,2025-12-21,749,delivered,False,0
9523,SITE-032,PART-7903,2025-04-09,2025-04-13,2025-04-13,201,pending,False,0
9524,SITE-085,PART-7903,2026-08-15,2026-08-22,2026-08-21,54,delivered,False,0
9525,SITE-028,PART-3793,2025-04-04,2025-04-10,2025-04-10,73,pending,False,0
9526,SITE-100,PART-7056,2025-09-24,2025-09-28,2025-09-27,460,shipped,False,0
9527,SITE-062,PART-2867,2025-10-12,2025-10-18,2025-10-17,519,pending,False,0
9528,SITE-027,PART-6628,2025-06-19,2025-06-22,2025-06-22,883,shipped,False,0
9529,SITE-004,PART-7211,2026-07-25,2026-08-01,2026-07-31,584,pending,False,0
9530,SITE-019,PART-1266,2025-03-24,2025-03-31,2025-03-29,724,delivered,False,0
9531,SITE-048,PART-3258,2026-10-13,2026-10-18,2026-10-29,754,shipped,True,11
9532,SITE-076,PART-9679,2025-05-04,2025-05-07,2025-05-06,437,shipped,False,0
9533,SITE-027,PART-4062,2026-06-15,2026-06-24,2026-06-24,731,delivered,False,0
9534,SITE-066,PART-5214,2025-06-21,2025-06-25,2025-06-24,409,shipped,False,0
9535,SITE-028,PART-2039,2026-05-20,2026-05-27,2026-05-26,931,delivered,False,0
9536,SITE-013,PART-9184,2025-11-18,2025-11-23,2025-11-23,678,shipped,False,0
9537,SITE-032,PART-3231,2025-07-12,2025-07-20,2025-07-19,689,shipped,False,0
9538,SITE-018,PART-4538,2026-08-15,2026-08-19,2026-08-31,771,delivered,True,12
9539,SITE-059,PART-6072,2025-01-08,2025-01-15,2025-01-15,942,pending,False,0
9540,SITE-024,PART-3729,2025-04-28,2025-05-02,2025-04-30,608,delivered,False,0
9541,SITE-006,PART-8987,2025-06-12,2025-06-19,2025-06-17,903,pending,False,0
9542,SITE-018,PART-5781,2026-03-11,2026-03-17,2026-03-17,427,pending,False,0
9543,SITE-093,PART-2451,2025-02-19,2025-02-25,2025-02-25,167,shipped,False,0
9544,SITE-030,PART-6522,2026-11-22,2026-11-28,2026-11-26,840,pending,False,0
9545,SITE-031,PART-7444,2026-10-06,2026-10-14,2026-10-14,138,pending,False,0
9546,SITE-007,PART-9216,2025-02-09,2025-02-15,2025-02-15,915,delivered,False,0
9547,SITE-024,PART-8211,2026-09-21,2026-09-30,2026-09-29,40,shipped,False,0
9548,SITE-079,PART-3917,2025-11-11,2025-11-14,2025-11-19,307,pending,True,5
9549,SITE-082,PART-6508,2025-04-21,2025-04-28,2025-04-27,727,delivered,False,0
9550,SITE-071,PART-2790,2025-05-15,2025-05-24,2025-05-23,544,pending,False,0
9551,SITE-085,PART-9284,2026-07-26,2026-08-01,2026-07-31,6,delivered,False,0
9552,SITE-064,PART-8316,2026-07-03,2026-07-13,2026-07-12,638,pending,False,0
9553,SITE-043,PART-7082,2025-02-26,2025-03-06,2025-03-05,462,shipped,False,0
9554,SITE-002,PART-3231,2026-05-01,2026-05-11,2026-05-11,767,pending,False,0
9555,SITE-085,PART-1503,2025-03-25,2025-03-29,2025-03-29,98,pending,False,0
9556,SITE-057,PART-5648,2026-07-28,2026-08-05,2026-08-04,748,shipped,False,0
9557,SITE-062,PART-9775,2026-06-09,2026-06-17,2026-06-17,729,shipped,False,0
9558,SITE-057,PART-5546,2026-03-19,2026-03-26,2026-03-25,150,shipped,False,0
9559,SITE-029,PART-4215,2025-05-22,2025-05-27,2025-05-25,951,pending,False,0
9560,SITE-039,PART-1783,2026-02-19,2026-03-01,2026-02-28,953,delivered,False,0
9561,SITE-048,PART-3199,2025-08-07,2025-08-17,2025-08-16,926,pending,False,0
9562,SITE-005,PART-7560,2025-12-09,2025-12-12,2025-12-10,489,pending,False,0
9563,SITE-050,PART-2927,2026-04-01,2026-04-05,2026-04-03,680,delivered,False,0
9564,SITE-003,PART-4804,2025-03-20,2025-03-28,2025-04-03,15,delivered,True,6
9565,SITE-040,PART-5959,2026-09-22,2026-09-29,2026-10-04,682,pending,True,5
9566,SITE-056,PART-6324,2025-02-05,2025-02-10,2025-02-08,36,delivered,False,0
9567,SITE-034,PART-1891,2025-09-06,2025-09-13,2025-09-12,986,delivered,False,0
9568,SITE-008,PART-5200,2026-04-08,2026-04-16,2026-04-14,130,shipped,False,0
9569,SITE-056,PART-3574,2025-09-18,2025-09-23,2025-09-23,17,shipped,False,0
9570,SITE-099,PART-7606,2026-12-03,2026-12-06,2026-12-04,304,pending,False,0
9571,SITE-088,PART-9678,2026-05-12,2026-05-17,2026-05-17,737,delivered,False,0
9572,SITE-024,PART-9518,2025-01-24,2025-01-28,2025-01-26,727,delivered,False,0
9573,SITE-054,PART-3349,2025-09-01,2025-09-10,2025-09-09,705,pending,False,0
9574,SITE-050,PART-7833,2025-12-27,2026-01-02,2026-01-01,343,pending,False,0
9575,SITE-077,PART-5037,2025-06-06,2025-06-10,2025-06-09,293,shipped,False,0
9576,SITE-021,PART-2397,2026-05-20,2026-05-25,2026-05-23,786,pending,False,0
9577,SITE-094,PART-7735,2025-05-08,2025-05-11,2025-05-10,400,pending,False,0
9578,SITE-027,PART-6766,2025-04-11,2025-04-21,2025-04-21,197,shipped,False,0
9579,SITE-023,PART-1483,2025-11-01,2025-11-08,2025-11-06,307,delivered,False,0
9580,SITE-055,PART-5959,2026-12-13,2026-12-21,2026-12-19,890,pending,False,0
9581,SITE-032,PART-4080,2026-01-16,2026-01-22,2026-01-22,868,pending,False,0
9582,SITE-077,PART-2735,2026-03-17,2026-03-21,2026-03-21,428,shipped,False,0
9583,SITE-033,PART-3731,2025-06-21,2025-06-26,2025-06-26,353,delivered,False,0
9584,SITE-028,PART-6236,2025-08-02,2025-08-05,2025-08-03,281,shipped,False,0
9585,SITE-008,PART-2487,2025-12-15,2025-12-22,2025-12-20,471,shipped,False,0
9586,SITE-072,PART-4582,2025-01-04,2025-01-12,2025-01-11,337,pending,False,0
9587,SITE-021,PART-7210,2026-08-18,2026-08-27,2026-08-31,550,delivered,True,4
9588,SITE-032,PART-9554,2025-04-17,2025-04-22,2025-04-21,123,pending,False,0
9589,SITE-080,PART-3781,2025-09-09,2025-09-14,2025-09-13,721,shipped,False,0
9590,SITE-067,PART-8488,2025-11-03,2025-11-12,2025-11-10,244,pending,False,0
9591,SITE-091,PART-4335,2026-07-09,2026-07-16,2026-07-16,636,shipped,False,0
9592,SITE-019,PART-7505,2026-03-02,2026-03-10,2026-03-09,929,delivered,False,0
9593,SITE-026,PART-3663,2025-08-11,2025-08-17,2025-08-29,593,delivered,True,12
9594,SITE-078,PART-2590,2025-07-26,2025-07-31,2025-07-29,523,pending,False,0
9595,SITE-078,PART-7121,2026-03-13,2026-03-20,2026-03-18,556,delivered,False,0
9596,SITE-026,PART-8840,2025-12-17,2025-12-25,2025-12-24,855,delivered,False,0
9597,SITE-016,PART-1506,2025-12-26,2026-01-04,2026-01-04,39,shipped,False,0
9598,SITE-054,PART-2003,2026-01-22,2026-01-27,2026-01-27,133,shipped,False,0
9599,SITE-070,PART-9309,2026-07-09,2026-07-12,2026-07-10,546,shipped,False,0
9600,SITE-015,PART-3867,2026-07-11,2026-07-16,2026-07-14,510,pending,False,0
9601,SITE-069,PART-7259,2026-09-10,2026-09-15,2026-09-13,611,shipped,False,0
9602,SITE-099,PART-8779,2026-12-23,2026-12-30,2027-01-01,997,delivered,True,2
9603,SITE-002,PART-9320,2025-07-20,2025-07-26,2025-07-24,974,delivered,False,0
9604,SITE-032,PART-2039,2025-11-27,2025-12-06,2025-12-05,598,delivered,False,0
9605,SITE-027,PART-5959,2026-01-02,2026-01-10,2026-01-09,411,delivered,False,0
9606,SITE-089,PART-3228,2026-09-09,2026-09-15,2026-09-13,41,delivered,False,0
9607,SITE-090,PART-7416,2026-04-21,2026-04-29,2026-05-08,344,shipped,True,9
9608,SITE-097,PART-7165,2025-05-14,2025-05-19,2025-05-19,816,delivered,False,0
9609,SITE-073,PART-3531,2025-11-28,2025-12-07,2025-12-07,142,shipped,False,0
9610,SITE-057,PART-9406,2025-02-27,2025-03-08,2025-03-07,586,delivered,False,0
9611,SITE-080,PART-5100,2025-06-10,2025-06-13,2025-06-27,709,pending,True,14
9612,SITE-095,PART-9458,2025-07-03,2025-07-09,2025-07-09,809,delivered,False,0
9613,SITE-087,PART-9648,2025-04-25,2025-04-30,2025-04-30,245,shipped,False,0
9614,SITE-041,PART-9108,2026-10-21,2026-10-27,2026-10-30,247,shipped,True,3
9615,SITE-010,PART-8143,2026-09-17,2026-09-24,2026-09-23,214,delivered,False,0
9616,SITE-090,PART-3188,2025-03-08,2025-03-15,2025-03-14,886,delivered,False,0
9617,SITE-039,PART-2451,2025-05-01,2025-05-04,2025-05-03,765,shipped,False,0
9618,SITE-036,PART-9704,2026-02-25,2026-03-07,2026-03-05,402,pending,False,0
9619,SITE-086,PART-1402,2026-04-26,2026-04-30,2026-05-06,341,shipped,True,6
9620,SITE-093,PART-2499,2026-07-05,2026-07-13,2026-07-12,388,shipped,False,0
9621,SITE-037,PART-4762,2025-02-01,2025-02-11,2025-02-09,259,pending,False,0
9622,SITE-035,PART-6236,2026-11-17,2026-11-22,2026-11-22,998,delivered,False,0
9623,SITE-080,PART-5875,2025-08-20,2025-08-26,2025-08-24,690,delivered,False,0
9624,SITE-013,PART-5072,2025-02-22,2025-02-25,2025-02-23,329,shipped,False,0
9625,SITE-023,PART-7588,2025-08-11,2025-08-19,2025-08-18,653,shipped,False,0
9626,SITE-042,PART-6113,2025-11-07,2025-11-16,2025-11-16,876,pending,False,0
9627,SITE-038,PART-8518,2025-06-16,2025-06-22,2025-06-22,332,pending,False,0
9628,SITE-095,PART-3415,2026-12-11,2026-12-18,2026-12-17,51,shipped,False,0
9629,SITE-049,PART-4058,2025-01-05,2025-01-09,2025-01-08,470,pending,False,0
9630,SITE-050,PART-4303,2025-01-23,2025-02-01,2025-01-30,686,delivered,False,0
9631,SITE-009,PART-2317,2025-01-07,2025-01-16,2025-01-14,719,shipped,False,0
9632,SITE-057,PART-9340,2025-01-21,2025-01-24,2025-01-23,53,shipped,False,0
9633,SITE-086,PART-7177,2026-08-05,2026-08-10,2026-08-09,907,delivered,False,0
9634,SITE-070,PART-2341,2026-11-03,2026-11-09,2026-11-18,503,delivered,True,9
9635,SITE-051,PART-3819,2026-10-15,2026-10-22,2026-10-29,676,pending,True,7
9636,SITE-016,PART-7213,2025-10-15,2025-10-20,2025-10-19,8,shipped,False,0
9637,SITE-038,PART-2404,2026-09-02,2026-09-07,2026-09-10,594,pending,True,3
9638,SITE-019,PART-7298,2026-07-27,2026-08-06,2026-08-06,843,delivered,False,0
9639,SITE-074,PART-2748,2025-02-24,2025-03-06,2025-03-06,292,shipped,False,0
9640,SITE-097,PART-3543,2025-07-15,2025-07-23,2025-07-23,947,pending,False,0
9641,SITE-002,PART-1376,2025-04-25,2025-05-04,2025-05-04,968,delivered,False,0
9642,SITE-031,PART-3549,2025-01-19,2025-01-26,2025-01-25,133,shipped,False,0
9643,SITE-097,PART-2415,2026-04-02,2026-04-08,2026-04-08,149,delivered,False,0
9644,SITE-041,PART-6947,2025-04-27,2025-04-30,2025-05-07,814,shipped,True,7
9645,SITE-096,PART-2406,2026-07-14,2026-07-19,2026-07-19,181,delivered,False,0
9646,SITE-070,PART-3731,2025-07-10,2025-07-19,2025-07-19,858,pending,False,0
9647,SITE-025,PART-7045,2025-08-17,2025-08-21,2025-08-20,342,shipped,False,0
9648,SITE-065,PART-2281,2025-10-15,2025-10-22,2025-10-20,410,delivered,False,0
9649,SITE-091,PART-8126,2025-08-17,2025-08-24,2025-08-23,207,pending,False,0
9650,SITE-013,PART-7366,2025-05-17,2025-05-23,2025-05-22,546,shipped,False,0
9651,SITE-050,PART-3655,2026-10-19,2026-10-25,2026-10-24,488,shipped,False,0
9652,SITE-084,PART-2098,2026-06-10,2026-06-18,2026-07-01,562,pending,True,13
9653,SITE-082,PART-8144,2025-11-04,2025-11-13,2025-11-13,888,delivered,False,0
9654,SITE-088,PART-1987,2025-03-17,2025-03-25,2025-03-23,910,shipped,False,0
9655,SITE-093,PART-9165,2025-10-02,2025-10-07,2025-10-07,731,delivered,False,0
9656,SITE-009,PART-6811,2025-11-04,2025-11-09,2025-11-07,649,pending,False,0
9657,SITE-023,PART-3193,2025-02-07,2025-02-15,2025-02-14,765,shipped,False,0
9658,SITE-047,PART-8524,2025-07-21,2025-07-26,2025-08-06,854,shipped,True,11
9659,SITE-079,PART-9292,2026-09-28,2026-10-01,2026-09-30,182,shipped,False,0
9660,SITE-091,PART-1124,2026-11-14,2026-11-24,2026-11-23,613,delivered,False,0
9661,SITE-003,PART-9833,2026-09-13,2026-09-16,2026-09-16,658,delivered,False,0
9662,SITE-062,PART-1291,2025-06-24,2025-06-30,2025-06-28,168,pending,False,0
9663,SITE-041,PART-3105,2026-07-07,2026-07-11,2026-07-11,351,delivered,False,0
9664,SITE-045,PART-5646,2026-01-08,2026-01-15,2026-01-14,807,delivered,False,0
9665,SITE-083,PART-6013,2026-11-16,2026-11-23,2026-11-22,432,shipped,False,0
9666,SITE-017,PART-6112,2026-10-03,2026-10-13,2026-10-12,769,shipped,False,0
9667,SITE-031,PART-1987,2025-07-12,2025-07-16,2025-07-15,240,shipped,False,0
9668,SITE-067,PART-8974,2026-01-22,2026-01-26,2026-01-25,444,pending,False,0
9669,SITE-047,PART-4215,2025-03-06,2025-03-09,2025-03-08,384,pending,False,0
9670,SITE-075,PART-5358,2025-06-27,2025-07-06,2025-07-06,423,pending,False,0
9671,SITE-039,PART-8254,2025-04-03,2025-04-11,2025-04-24,983,shipped,True,13
9672,SITE-042,PART-4662,2026-04-06,2026-04-12,2026-04-11,224,delivered,False,0
9673,SITE-090,PART-8635,2025-03-27,2025-04-02,2025-04-02,131,pending,False,0
9674,SITE-063,PART-7722,2026-06-20,2026-06-26,2026-06-26,232,pending,False,0
9675,SITE-085,PART-1470,2025-03-27,2025-03-31,2025-03-29,102,delivered,False,0
9676,SITE-094,PART-7690,2026-11-05,2026-11-08,2026-11-06,965,delivered,False,0
9677,SITE-089,PART-7240,2025-01-07,2025-01-13,2025-01-12,880,pending,False,0
9678,SITE-042,PART-2116,2026-08-21,2026-08-27,2026-08-27,634,pending,False,0
9679,SITE-016,PART-8427,2025-02-04,2025-02-12,2025-02-12,230,delivered,False,0
9680,SITE-088,PART-1105,2026-01-10,2026-01-17,2026-01-16,112,pending,False,0
9681,SITE-060,PART-5805,2026-10-03,2026-10-10,2026-10-08,356,pending,False,0
9682,SITE-026,PART-8042,2025-01-01,2025-01-05,2025-01-04,985,delivered,False,0
9683,SITE-011,PART-5415,2026-07-04,2026-07-10,2026-07-09,874,shipped,False,0
9684,SITE-049,PART-4092,2026-11-08,2026-11-11,2026-11-10,826,delivered,False,0
9685,SITE-078,PART-5543,2025-02-05,2025-02-08,2025-02-08,678,pending,False,0
9686,SITE-082,PART-4215,2026-12-08,2026-12-11,2026-12-09,477,delivered,False,0
9687,SITE-084,PART-1081,2026-07-05,2026-07-08,2026-07-07,446,shipped,False,0
9688,SITE-020,PART-2422,2025-03-12,2025-03-16,2025-03-16,177,pending,False,0
9689,SITE-078,PART-3201,2025-06-05,2025-06-15,2025-06-14,454,shipped,False,0
9690,SITE-014,PART-8194,2026-07-14,2026-07-24,2026-07-23,937,pending,False,0
9691,SITE-039,PART-4582,2025-02-09,2025-02-13,2025-02-13,488,shipped,False,0
9692,SITE-016,PART-5749,2026-03-06,2026-03-14,2026-03-12,738,shipped,False,0
9693,SITE-034,PART-6072,2025-10-11,2025-10-21,2025-10-19,780,delivered,False,0
9694,SITE-077,PART-9390,2026-11-08,2026-11-12,2026-11-11,548,pending,False,0
9695,SITE-079,PART-8143,2025-11-17,2025-11-21,2025-11-21,212,shipped,False,0
9696,SITE-092,PART-4092,2025-07-25,2025-08-04,2025-08-02,62,pending,False,0
9697,SITE-038,PART-9564,2025-05-16,2025-05-19,2025-05-17,919,shipped,False,0
9698,SITE-059,PART-4031,2025-01-02,2025-01-07,2025-01-14,245,pending,True,7
9699,SITE-046,PART-9213,2026-04-01,2026-04-07,2026-04-05,786,shipped,False,0
9700,SITE-072,PART-4320,2026-03-16,2026-03-21,2026-04-07,991,delivered,True,17
9701,SITE-011,PART-5659,2025-10-18,2025-10-23,2025-10-22,897,delivered,False,0
9702,SITE-011,PART-4999,2026-07-13,2026-07-23,2026-07-23,957,delivered,False,0
9703,SITE-034,PART-9037,2025-02-08,2025-02-16,2025-02-14,213,pending,False,0
9704,SITE-065,PART-4181,2025-05-12,2025-05-17,2025-05-15,419,pending,False,0
9705,SITE-085,PART-3684,2026-09-01,2026-09-10,2026-09-10,356,shipped,False,0
9706,SITE-078,PART-1832,2026-12-21,2026-12-28,2026-12-31,817,delivered,True,3
9707,SITE-021,PART-5950,2025-07-11,2025-07-14,2025-07-14,276,delivered,False,0
9708,SITE-024,PART-1124,2025-03-06,2025-03-14,2025-03-14,138,shipped,False,0
9709,SITE-026,PART-8003,2025-07-05,2025-07-11,2025-07-20,936,pending,True,9
9710,SITE-044,PART-9634,2025-05-04,2025-05-10,2025-05-09,519,shipped,False,0
9711,SITE-068,PART-2039,2025-01-11,2025-01-17,2025-01-17,192,shipped,False,0
9712,SITE-064,PART-2140,2025-07-18,2025-07-25,2025-07-23,601,shipped,False,0
9713,SITE-090,PART-2098,2025-08-23,2025-08-26,2025-08-24,802,shipped,False,0
9714,SITE-015,PART-1138,2025-02-08,2025-02-12,2025-02-10,476,pending,False,0
9715,SITE-016,PART-5127,2026-06-07,2026-06-14,2026-06-27,963,pending,True,13
9716,SITE-096,PART-9704,2025-05-12,2025-05-17,2025-05-15,747,shipped,False,0
9717,SITE-094,PART-6572,2025-09-20,2025-09-27,2025-09-25,74,shipped,False,0
9718,SITE-061,PART-2790,2025-02-01,2025-02-05,2025-02-04,23,shipped,False,0
9719,SITE-092,PART-5950,2026-02-21,2026-03-02,2026-03-01,270,delivered,False,0
9720,SITE-083,PART-8194,2026-09-16,2026-09-21,2026-10-09,473,pending,True,18
9721,SITE-083,PART-4297,2025-04-02,2025-04-08,2025-04-08,283,delivered,False,0
9722,SITE-041,PART-2317,2026-12-07,2026-12-12,2026-12-11,385,shipped,False,0
9723,SITE-032,PART-9370,2025-01-03,2025-01-13,2025-01-13,545,shipped,False,0
9724,SITE-086,PART-2451,2026-11-17,2026-11-24,2026-11-24,706,pending,False,0
9725,SITE-069,PART-2464,2025-01-15,2025-01-24,2025-01-23,424,pending,False,0
9726,SITE-028,PART-6627,2026-09-19,2026-09-25,2026-09-23,442,pending,False,0
9727,SITE-044,PART-4238,2026-07-23,2026-07-29,2026-07-27,506,delivered,False,0
9728,SITE-092,PART-1402,2026-10-06,2026-10-10,2026-10-13,796,delivered,True,3
9729,SITE-094,PART-2959,2026-03-15,2026-03-22,2026-03-22,996,pending,False,0
9730,SITE-053,PART-7121,2026-02-15,2026-02-22,2026-02-20,155,shipped,False,0
9731,SITE-003,PART-7428,2026-06-27,2026-07-01,2026-06-29,574,delivered,False,0
9732,SITE-072,PART-1405,2026-12-13,2026-12-23,2027-01-06,560,pending,True,14
9733,SITE-097,PART-9605,2025-10-21,2025-10-24,2025-10-23,726,pending,False,0
9734,SITE-001,PART-4547,2026-04-08,2026-04-12,2026-04-17,150,delivered,True,5
9735,SITE-051,PART-1405,2025-03-26,2025-04-03,2025-04-03,369,pending,False,0
9736,SITE-055,PART-1225,2026-03-27,2026-04-06,2026-04-06,954,shipped,False,0
9737,SITE-082,PART-6922,2025-10-23,2025-10-29,2025-10-27,757,pending,False,0
9738,SITE-034,PART-4080,2025-01-06,2025-01-09,2025-01-08,757,pending,False,0
9739,SITE-092,PART-3276,2026-10-16,2026-10-20,2026-10-20,826,shipped,False,0
9740,SITE-043,PART-5368,2025-07-05,2025-07-09,2025-07-28,802,delivered,True,19
9741,SITE-055,PART-1660,2025-08-13,2025-08-21,2025-08-19,138,pending,False,0
9742,SITE-023,PART-7425,2026-12-13,2026-12-18,2026-12-17,754,shipped,False,0
9743,SITE-096,PART-7977,2026-02-05,2026-02-09,2026-02-09,857,pending,False,0
9744,SITE-048,PART-2283,2026-01-11,2026-01-19,2026-01-17,858,delivered,False,0
9745,SITE-027,PART-5950,2025-05-04,2025-05-08,2025-05-08,488,pending,False,0
9746,SITE-020,PART-1210,2026-04-27,2026-05-05,2026-05-05,132,delivered,False,0
9747,SITE-045,PART-3781,2025-09-11,2025-09-16,2025-09-14,825,pending,False,0
9748,SITE-057,PART-6430,2025-12-04,2025-12-09,2025-12-09,846,delivered,False,0
9749,SITE-035,PART-7505,2025-08-14,2025-08-24,2025-08-22,885,pending,False,0
9750,SITE-009,PART-8042,2025-11-13,2025-11-21,2025-12-02,848,delivered,True,11
9751,SITE-096,PART-2802,2026-04-24,2026-05-02,2026-05-01,763,shipped,False,0
9752,SITE-027,PART-6894,2026-10-13,2026-10-20,2026-10-18,495,shipped,False,0
9753,SITE-041,PART-4128,2026-12-16,2026-12-23,2026-12-22,687,delivered,False,0
9754,SITE-055,PART-5543,2026-11-20,2026-11-23,2026-11-22,845,shipped,False,0
9755,SITE-076,PART-4260,2026-01-02,2026-01-09,2026-01-09,577,delivered,False,0
9756,SITE-060,PART-4449,2025-04-05,2025-04-14,2025-04-12,916,shipped,False,0
9757,SITE-059,PART-2165,2026-10-22,2026-10-28,2026-10-26,974,delivered,False,0
9758,SITE-014,PART-9263,2025-12-21,2025-12-28,2025-12-26,480,pending,False,0
9759,SITE-064,PART-6412,2026-10-19,2026-10-23,2026-10-22,417,delivered,False,0
9760,SITE-093,PART-5646,2025-05-08,2025-05-11,2025-05-10,989,pending,False,0
9761,SITE-094,PART-1874,2026-09-21,2026-09-28,2026-10-11,898,shipped,True,13
9762,SITE-066,PART-2406,2026-05-08,2026-05-12,2026-05-10,860,delivered,False,0
9763,SITE-040,PART-6894,2026-03-08,2026-03-18,2026-03-17,197,delivered,False,0
9764,SITE-013,PART-6574,2025-02-14,2025-02-21,2025-02-20,23,shipped,False,0
9765,SITE-093,PART-2852,2025-08-28,2025-09-05,2025-09-03,893,pending,False,0
9766,SITE-010,PART-5073,2025-08-03,2025-08-11,2025-08-11,817,shipped,False,0
9767,SITE-037,PART-9554,2026-01-04,2026-01-14,2026-01-13,194,delivered,False,0
9768,SITE-031,PART-6983,2026-04-26,2026-05-03,2026-05-02,36,pending,False,0
9769,SITE-011,PART-4582,2026-10-25,2026-10-28,2026-10-27,849,shipped,False,0
9770,SITE-028,PART-1816,2025-05-18,2025-05-24,2025-05-22,390,shipped,False,0
9771,SITE-079,PART-7942,2025-10-08,2025-10-13,2025-10-12,956,shipped,False,0
9772,SITE-085,PART-6349,2026-05-05,2026-05-14,2026-05-12,183,shipped,False,0
9773,SITE-006,PART-2317,2025-07-26,2025-07-30,2025-07-29,208,pending,False,0
9774,SITE-045,PART-5743,2025-08-18,2025-08-22,2025-08-20,521,pending,False,0
9775,SITE-067,PART-5704,2025-12-25,2025-12-31,2025-12-29,140,delivered,False,0
9776,SITE-017,PART-3064,2025-06-25,2025-07-05,2025-07-05,276,shipped,False,0
9777,SITE-064,PART-1402,2025-11-04,2025-11-14,2025-11-12,684,delivered,False,0
9778,SITE-043,PART-6628,2026-05-14,2026-05-17,2026-05-15,485,delivered,False,0
9779,SITE-091,PART-9162,2025-04-18,2025-04-22,2025-04-21,303,shipped,False,0
9780,SITE-033,PART-5784,2026-02-05,2026-02-12,2026-02-10,289,pending,False,0
9781,SITE-057,PART-6778,2026-09-23,2026-09-27,2026-09-27,684,shipped,False,0
9782,SITE-054,PART-8780,2025-08-23,2025-09-01,2025-09-01,757,delivered,False,0
9783,SITE-006,PART-6013,2025-04-09,2025-04-15,2025-04-13,866,delivered,False,0
9784,SITE-088,PART-5321,2025-04-06,2025-04-15,2025-04-14,302,delivered,False,0
9785,SITE-047,PART-2422,2026-07-03,2026-07-07,2026-07-18,819,shipped,True,11
9786,SITE-083,PART-7211,2025-01-28,2025-02-07,2025-02-05,957,shipped,False,0
9787,SITE-079,PART-1463,2026-03-06,2026-03-15,2026-03-14,849,pending,False,0
9788,SITE-019,PART-6221,2026-09-08,2026-09-11,2026-09-11,6,pending,False,0
9789,SITE-038,PART-5200,2026-07-07,2026-07-12,2026-07-12,314,delivered,False,0
9790,SITE-080,PART-5460,2025-06-27,2025-07-06,2025-07-12,879,delivered,True,6
9791,SITE-045,PART-9883,2025-04-23,2025-05-03,2025-05-02,657,delivered,False,0
9792,SITE-023,PART-5936,2025-01-14,2025-01-18,2025-01-16,694,pending,False,0
9793,SITE-019,PART-7424,2026-04-13,2026-04-21,2026-04-20,683,shipped,False,0
9794,SITE-061,PART-7735,2025-12-27,2025-12-30,2025-12-28,940,pending,False,0
9795,SITE-095,PART-2297,2025-04-06,2025-04-09,2025-04-07,733,delivered,False,0
9796,SITE-075,PART-9099,2025-12-09,2025-12-13,2025-12-12,631,shipped,False,0
9797,SITE-013,PART-7794,2026-11-23,2026-11-26,2026-11-24,50,shipped,False,0
9798,SITE-032,PART-6944,2026-02-13,2026-02-23,2026-03-12,424,delivered,True,17
9799,SITE-003,PART-5011,2025-01-20,2025-01-28,2025-02-01,900,shipped,True,4
9800,SITE-090,PART-2451,2026-11-04,2026-11-13,2026-11-26,510,pending,True,13
9801,SITE-002,PART-9037,2025-09-06,2025-09-16,2025-09-14,385,delivered,False,0
9802,SITE-046,PART-1240,2026-04-03,2026-04-13,2026-04-11,830,delivered,False,0
9803,SITE-011,PART-8676,2025-08-17,2025-08-21,2025-08-24,646,shipped,True,3
9804,SITE-050,PART-1660,2025-05-07,2025-05-14,2025-05-14,483,shipped,False,0
9805,SITE-066,PART-1142,2025-11-26,2025-12-02,2025-11-30,659,pending,False,0
9806,SITE-015,PART-4836,2026-06-03,2026-06-07,2026-06-07,668,pending,False,0
9807,SITE-012,PART-4216,2026-07-08,2026-07-16,2026-07-15,626,shipped,False,0
9808,SITE-057,PART-2356,2025-02-04,2025-02-08,2025-02-09,628,pending,True,1
9809,SITE-042,PART-2896,2025-04-07,2025-04-11,2025-04-10,472,shipped,False,0
9810,SITE-002,PART-3959,2026-11-09,2026-11-12,2026-11-12,566,pending,False,0
9811,SITE-094,PART-8518,2025-07-18,2025-07-27,2025-07-25,180,shipped,False,0
9812,SITE-095,PART-1142,2025-10-01,2025-10-05,2025-10-03,811,pending,False,0
9813,SITE-045,PART-8084,2026-04-25,2026-04-28,2026-04-27,328,shipped,False,0
9814,SITE-039,PART-1194,2026-04-23,2026-05-01,2026-05-01,648,pending,False,0
9815,SITE-027,PART-5698,2026-04-24,2026-05-04,2026-05-18,942,pending,True,14
9816,SITE-016,PART-7745,2025-05-06,2025-05-13,2025-05-11,495,pending,False,0
9817,SITE-030,PART-6113,2026-04-10,2026-04-14,2026-04-13,35,delivered,False,0
9818,SITE-004,PART-6221,2026-06-23,2026-07-03,2026-07-02,626,shipped,False,0
9819,SITE-088,PART-9211,2025-04-15,2025-04-23,2025-04-21,843,pending,False,0
9820,SITE-078,PART-4184,2025-12-03,2025-12-08,2025-12-06,28,delivered,False,0
9821,SITE-006,PART-4001,2025-02-05,2025-02-10,2025-02-08,337,delivered,False,0
9822,SITE-023,PART-7534,2026-01-20,2026-01-27,2026-01-27,731,pending,False,0
9823,SITE-079,PART-4518,2026-02-17,2026-02-23,2026-02-22,494,pending,False,0
9824,SITE-092,PART-9340,2025-05-15,2025-05-21,2025-05-20,503,pending,False,0
9825,SITE-020,PART-9549,2025-11-28,2025-12-01,2025-11-29,533,pending,False,0
9826,SITE-043,PART-3160,2025-09-24,2025-09-27,2025-09-26,135,delivered,False,0
9827,SITE-087,PART-2122,2026-12-14,2026-12-20,2026-12-19,902,delivered,False,0
9828,SITE-015,PART-3781,2026-07-22,2026-07-30,2026-07-29,31,delivered,False,0
9829,SITE-057,PART-4450,2025-04-12,2025-04-18,2025-04-16,455,pending,False,0
9830,SITE-084,PART-9108,2026-05-12,2026-05-21,2026-05-19,902,pending,False,0
9831,SITE-060,PART-8084,2025-03-21,2025-03-26,2025-03-26,446,shipped,False,0
9832,SITE-052,PART-8909,2026-11-20,2026-11-30,2026-11-30,672,delivered,False,0
9833,SITE-064,PART-2974,2026-09-22,2026-09-30,2026-09-30,402,delivered,False,0
9834,SITE-077,PART-6072,2025-06-25,2025-06-29,2025-06-28,917,delivered,False,0
9835,SITE-031,PART-9288,2026-03-03,2026-03-08,2026-03-06,224,pending,False,0
9836,SITE-055,PART-9666,2025-05-24,2025-06-03,2025-06-03,434,delivered,False,0
9837,SITE-002,PART-1934,2025-03-04,2025-03-11,2025-03-09,444,delivered,False,0
9838,SITE-077,PART-5401,2026-03-11,2026-03-15,2026-03-15,494,pending,False,0
9839,SITE-082,PART-2451,2026-09-07,2026-09-17,2026-09-16,461,delivered,False,0
9840,SITE-075,PART-4181,2026-06-22,2026-06-25,2026-06-23,591,pending,False,0
9841,SITE-047,PART-3347,2026-06-02,2026-06-09,2026-06-23,143,delivered,True,14
9842,SITE-083,PART-2052,2026-03-16,2026-03-24,2026-04-03,285,delivered,True,10
9843,SITE-065,PART-5534,2025-01-28,2025-02-01,2025-02-01,138,shipped,False,0
9844,SITE-097,PART-2035,2025-06-10,2025-06-19,2025-06-18,308,shipped,False,0
9845,SITE-099,PART-6492,2025-10-02,2025-10-08,2025-10-07,48,delivered,False,0
9846,SITE-096,PART-2434,2025-09-07,2025-09-16,2025-09-14,553,pending,False,0
9847,SITE-059,PART-3592,2025-03-08,2025-03-16,2025-03-14,857,shipped,False,0
9848,SITE-090,PART-5771,2026-06-19,2026-06-28,2026-06-28,994,shipped,False,0
9849,SITE-042,PART-6107,2026-02-25,2026-03-04,2026-03-15,247,shipped,True,11
9850,SITE-004,PART-7690,2026-05-07,2026-05-11,2026-05-10,868,pending,False,0
9851,SITE-054,PART-2487,2025-07-06,2025-07-10,2025-07-08,935,delivered,False,0
9852,SITE-062,PART-4198,2026-04-05,2026-04-13,2026-04-13,323,shipped,False,0
9853,SITE-088,PART-8758,2026-01-05,2026-01-15,2026-01-13,156,pending,False,0
9854,SITE-087,PART-1366,2025-10-25,2025-10-30,2025-11-03,871,delivered,True,4
9855,SITE-069,PART-3793,2025-11-25,2025-11-29,2025-11-28,636,pending,False,0
9856,SITE-044,PART-1218,2025-07-25,2025-07-30,2025-07-29,431,pending,False,0
9857,SITE-012,PART-8163,2025-08-15,2025-08-24,2025-08-23,483,pending,False,0
9858,SITE-088,PART-4655,2026-08-23,2026-08-27,2026-08-25,202,shipped,False,0
9859,SITE-045,PART-1238,2026-10-27,2026-10-31,2026-10-31,398,shipped,False,0
9860,SITE-058,PART-7428,2025-02-23,2025-02-27,2025-02-27,180,delivered,False,0
9861,SITE-079,PART-4014,2026-06-07,2026-06-17,2026-06-15,460,pending,False,0
9862,SITE-086,PART-5898,2026-12-08,2026-12-14,2026-12-17,799,shipped,True,3
9863,SITE-076,PART-5674,2026-02-03,2026-02-09,2026-02-07,4,shipped,False,0
9864,SITE-058,PART-7211,2026-03-16,2026-03-21,2026-03-24,794,shipped,True,3
9865,SITE-064,PART-8714,2026-05-28,2026-06-01,2026-05-30,956,pending,False,0
9866,SITE-021,PART-7935,2026-02-23,2026-02-26,2026-02-26,154,shipped,False,0
9867,SITE-064,PART-8219,2026-08-09,2026-08-13,2026-08-11,515,delivered,False,0
9868,SITE-014,PART-9451,2026-03-15,2026-03-23,2026-03-22,680,shipped,False,0
9869,SITE-064,PART-9284,2026-10-20,2026-10-28,2026-10-26,547,delivered,False,0
9870,SITE-067,PART-5988,2025-06-07,2025-06-14,2025-06-14,407,pending,False,0
9871,SITE-050,PART-2305,2025-02-11,2025-02-18,2025-02-18,936,pending,False,0
9872,SITE-047,PART-2959,2025-11-01,2025-11-07,2025-11-05,412,delivered,False,0
9873,SITE-079,PART-1918,2026-05-01,2026-05-10,2026-05-09,977,delivered,False,0
9874,SITE-035,PART-5762,2026-12-16,2026-12-20,2026-12-18,236,pending,False,0
9875,SITE-002,PART-1768,2025-05-02,2025-05-09,2025-05-22,717,delivered,True,13
9876,SITE-013,PART-6888,2026-08-22,2026-08-28,2026-08-26,698,pending,False,0
9877,SITE-042,PART-5219,2026-01-15,2026-01-20,2026-01-20,807,delivered,False,0
9878,SITE-004,PART-3691,2025-12-15,2025-12-25,2026-01-05,792,pending,True,11
9879,SITE-035,PART-5183,2026-08-02,2026-08-08,2026-08-08,457,shipped,False,0
9880,SITE-081,PART-7498,2025-10-23,2025-11-02,2025-10-31,758,pending,False,0
9881,SITE-006,PART-1874,2026-09-18,2026-09-25,2026-09-25,598,delivered,False,0
9882,SITE-099,PART-3009,2026-09-01,2026-09-05,2026-09-03,562,shipped,False,0
9883,SITE-072,PART-1129,2026-05-19,2026-05-24,2026-05-23,470,pending,False,0
9884,SITE-048,PART-1921,2025-08-15,2025-08-18,2025-08-17,7,shipped,False,0
9885,SITE-098,PART-9165,2026-11-13,2026-11-17,2026-11-17,759,delivered,False,0
9886,SITE-054,PART-3798,2025-06-03,2025-06-13,2025-06-13,778,pending,False,0
9887,SITE-046,PART-9775,2025-07-28,2025-08-05,2025-08-04,412,delivered,False,0
9888,SITE-084,PART-8558,2025-12-08,2025-12-15,2025-12-14,383,shipped,False,0
9889,SITE-015,PART-1138,2026-03-04,2026-03-10,2026-03-10,571,pending,False,0
9890,SITE-093,PART-6327,2025-06-13,2025-06-17,2025-06-16,526,shipped,False,0
9891,SITE-064,PART-8909,2025-02-27,2025-03-04,2025-03-04,719,delivered,False,0
9892,SITE-003,PART-6031,2025-12-22,2025-12-30,2025-12-28,356,pending,False,0
9893,SITE-079,PART-3201,2026-04-13,2026-04-16,2026-04-14,637,shipped,False,0
9894,SITE-083,PART-8959,2026-02-05,2026-02-14,2026-02-13,148,pending,False,0
9895,SITE-075,PART-8555,2025-09-25,2025-10-05,2025-10-03,510,pending,False,0
9896,SITE-051,PART-5921,2026-10-01,2026-10-11,2026-10-11,181,pending,False,0
9897,SITE-021,PART-3280,2026-07-24,2026-08-03,2026-08-02,778,delivered,False,0
9898,SITE-043,PART-3349,2025-06-18,2025-06-21,2025-06-21,166,shipped,False,0
9899,SITE-027,PART-6330,2025-08-17,2025-08-27,2025-08-31,785,delivered,True,4
9900,SITE-074,PART-1768,2025-10-08,2025-10-12,2025-10-12,208,shipped,False,0
9901,SITE-049,PART-3602,2025-05-24,2025-05-31,2025-05-29,221,delivered,False,0
9902,SITE-026,PART-9775,2026-12-07,2026-12-16,2026-12-26,671,pending,True,10
9903,SITE-068,PART-1116,2025-03-21,2025-03-26,2025-03-25,108,pending,False,0
9904,SITE-015,PART-3009,2026-09-19,2026-09-22,2026-09-22,702,delivered,False,0
9905,SITE-033,PART-3917,2025-08-16,2025-08-24,2025-08-22,460,shipped,False,0
9906,SITE-010,PART-3731,2026-10-18,2026-10-22,2026-10-21,791,shipped,False,0
9907,SITE-006,PART-2946,2025-11-12,2025-11-16,2025-11-16,201,shipped,False,0
9908,SITE-075,PART-2341,2025-09-13,2025-09-23,2025-09-22,277,shipped,False,0
9909,SITE-098,PART-7104,2025-08-15,2025-08-20,2025-08-18,366,delivered,False,0
9910,SITE-024,PART-1347,2026-12-23,2026-12-27,2026-12-25,50,shipped,False,0
9911,SITE-075,PART-9189,2025-09-24,2025-10-04,2025-10-04,782,pending,False,0
9912,SITE-012,PART-1264,2026-03-06,2026-03-11,2026-03-10,705,pending,False,0
9913,SITE-012,PART-2217,2026-05-05,2026-05-13,2026-05-12,99,delivered,False,0
9914,SITE-047,PART-3808,2026-05-20,2026-05-26,2026-05-25,545,shipped,False,0
9915,SITE-082,PART-3285,2026-04-14,2026-04-18,2026-04-16,683,pending,False,0
9916,SITE-040,PART-7559,2025-09-13,2025-09-23,2025-09-21,283,pending,False,0
9917,SITE-046,PART-7897,2025-08-19,2025-08-23,2025-09-04,906,delivered,True,12
9918,SITE-040,PART-7967,2026-01-12,2026-01-21,2026-01-21,898,pending,False,0
9919,SITE-084,PART-3290,2025-04-10,2025-04-16,2025-04-14,5,shipped,False,0
9920,SITE-099,PART-5646,2026-01-25,2026-01-29,2026-01-28,927,shipped,False,0
9921,SITE-037,PART-1225,2026-02-26,2026-03-05,2026-03-15,196,delivered,True,10
9922,SITE-013,PART-8758,2025-08-20,2025-08-23,2025-08-21,526,pending,False,0
9923,SITE-045,PART-4640,2026-11-21,2026-11-26,2026-11-25,976,shipped,False,0
9924,SITE-040,PART-2443,2025-02-17,2025-02-23,2025-02-21,598,delivered,False,0
9925,SITE-004,PART-7722,2025-08-02,2025-08-05,2025-08-04,228,delivered,False,0
9926,SITE-042,PART-2794,2026-10-19,2026-10-22,2026-10-20,519,pending,False,0
9927,SITE-012,PART-5037,2025-03-04,2025-03-14,2025-03-14,335,delivered,False,0
9928,SITE-006,PART-2963,2025-01-21,2025-01-26,2025-01-25,464,shipped,False,0
9929,SITE-081,PART-8581,2025-01-18,2025-01-22,2025-01-22,58,shipped,False,0
9930,SITE-069,PART-8840,2025-03-24,2025-04-03,2025-04-02,719,shipped,False,0
9931,SITE-089,PART-5133,2025-05-01,2025-05-05,2025-05-05,202,pending,False,0
9932,SITE-025,PART-9337,2025-12-19,2025-12-22,2025-12-20,642,delivered,False,0
9933,SITE-067,PART-5193,2025-12-25,2026-01-01,2025-12-31,842,shipped,False,0
9934,SITE-088,PART-8254,2025-02-08,2025-02-13,2025-02-11,906,shipped,False,0
9935,SITE-027,PART-6513,2026-10-25,2026-11-04,2026-11-03,873,pending,False,0
9936,SITE-078,PART-2075,2026-04-26,2026-05-02,2026-05-02,690,delivered,False,0
9937,SITE-060,PART-8986,2026-07-27,2026-07-31,2026-07-30,921,pending,False,0
9938,SITE-038,PART-1236,2025-09-08,2025-09-13,2025-09-11,253,shipped,False,0
9939,SITE-099,PART-4694,2025-02-03,2025-02-10,2025-02-08,662,pending,False,0
9940,SITE-030,PART-2218,2026-08-14,2026-08-23,2026-08-25,880,shipped,True,2
9941,SITE-035,PART-7745,2025-04-04,2025-04-08,2025-04-06,21,shipped,False,0
9942,SITE-036,PART-7431,2025-12-06,2025-12-09,2025-12-09,53,delivered,False,0
9943,SITE-040,PART-7584,2026-07-02,2026-07-11,2026-07-26,8,delivered,True,15
9944,SITE-050,PART-8084,2026-05-05,2026-05-14,2026-05-13,918,delivered,False,0
9945,SITE-075,PART-3105,2026-06-25,2026-07-01,2026-07-01,733,pending,False,0
9946,SITE-082,PART-7584,2026-05-26,2026-06-03,2026-06-03,725,pending,False,0
9947,SITE-023,PART-4999,2026-09-09,2026-09-15,2026-09-13,505,pending,False,0
9948,SITE-061,PART-4311,2026-05-20,2026-05-27,2026-05-27,855,pending,False,0
9949,SITE-073,PART-9554,2025-03-09,2025-03-18,2025-03-16,952,delivered,False,0
9950,SITE-045,PART-3602,2025-04-16,2025-04-25,2025-04-23,932,pending,False,0
9951,SITE-080,PART-4897,2026-01-09,2026-01-13,2026-01-11,121,shipped,False,0
9952,SITE-099,PART-8355,2026-12-21,2026-12-25,2026-12-23,852,pending,False,0
9953,SITE-087,PART-3735,2025-07-13,2025-07-22,2025-07-20,872,shipped,False,0
9954,SITE-052,PART-1715,2026-06-12,2026-06-20,2026-06-20,693,pending,False,0
9955,SITE-028,PART-4741,2025-09-10,2025-09-20,2025-09-19,971,pending,False,0
9956,SITE-082,PART-8423,2026-10-17,2026-10-24,2026-10-22,399,delivered,False,0
9957,SITE-022,PART-8003,2026-07-26,2026-07-29,2026-07-27,876,pending,False,0
9958,SITE-090,PART-4290,2025-08-06,2025-08-13,2025-08-12,147,shipped,False,0
9959,SITE-045,PART-7020,2025-08-23,2025-08-27,2025-08-26,844,pending,False,0
9960,SITE-093,PART-3858,2026-02-08,2026-02-15,2026-02-13,582,pending,False,0
9961,SITE-082,PART-4804,2026-09-06,2026-09-12,2026-09-12,956,shipped,False,0
9962,SITE-013,PART-1987,2025-05-24,2025-05-27,2025-05-25,694,pending,False,0
9963,SITE-011,PART-4771,2026-02-06,2026-02-14,2026-02-12,361,delivered,False,0
9964,SITE-075,PART-3472,2025-07-14,2025-07-19,2025-07-17,429,delivered,False,0
9965,SITE-018,PART-6894,2025-09-05,2025-09-09,2025-09-22,320,pending,True,13
9966,SITE-065,PART-3937,2025-10-03,2025-10-06,2025-10-16,662,shipped,True,10
9967,SITE-027,PART-7314,2026-03-03,2026-03-13,2026-03-13,238,shipped,False,0
9968,SITE-038,PART-6140,2026-08-06,2026-08-15,2026-08-20,896,shipped,True,5
9969,SITE-064,PART-7042,2025-01-10,2025-01-18,2025-01-16,174,delivered,False,0
9970,SITE-011,PART-7020,2025-02-16,2025-02-22,2025-02-20,83,shipped,False,0
9971,SITE-005,PART-7949,2026-03-11,2026-03-14,2026-03-14,605,shipped,False,0
9972,SITE-019,PART-5183,2025-06-24,2025-06-28,2025-06-27,357,delivered,False,0
9973,SITE-087,PART-2758,2026-06-11,2026-06-18,2026-06-16,876,pending,False,0
9974,SITE-073,PART-4251,2025-06-04,2025-06-14,2025-06-14,172,shipped,False,0
9975,SITE-059,PART-9739,2025-02-01,2025-02-08,2025-02-12,304,shipped,True,4
9976,SITE-062,PART-3101,2026-11-07,2026-11-11,2026-11-11,169,shipped,False,0
9977,SITE-045,PART-8529,2025-04-28,2025-05-03,2025-05-01,721,pending,False,0
9978,SITE-086,PART-6709,2025-06-24,2025-07-01,2025-06-29,297,pending,False,0
9979,SITE-043,PART-7486,2026-09-12,2026-09-15,2026-09-14,441,pending,False,0
9980,SITE-045,PART-8181,2025-04-09,2025-04-18,2025-04-18,120,pending,False,0
9981,SITE-062,PART-1327,2026-08-13,2026-08-19,2026-08-17,961,pending,False,0
9982,SITE-078,PART-9118,2026-01-11,2026-01-19,2026-01-19,952,delivered,False,0
9983,SITE-070,PART-7641,2026-07-12,2026-07-21,2026-07-20,672,delivered,False,0
9984,SITE-068,PART-6797,2025-04-14,2025-04-18,2025-04-18,500,pending,False,0
9985,SITE-039,PART-8581,2026-05-27,2026-05-30,2026-05-29,404,delivered,False,0
9986,SITE-004,PART-3735,2026-09-02,2026-09-07,2026-09-07,374,pending,False,0
9987,SITE-027,PART-2952,2025-01-26,2025-02-01,2025-01-31,256,delivered,False,0
9988,SITE-034,PART-1405,2025-12-03,2025-12-09,2025-12-07,808,delivered,False,0
9989,SITE-035,PART-6768,2026-06-27,2026-06-30,2026-07-10,136,shipped,True,10
9990,SITE-035,PART-4297,2026-10-18,2026-10-25,2026-10-24,818,shipped,False,0
9991,SITE-076,PART-1798,2026-10-18,2026-10-27,2026-10-26,600,shipped,False,0
9992,SITE-087,PART-9586,2025-03-23,2025-04-01,2025-04-15,450,pending,True,14
9993,SITE-076,PART-2218,2025-07-26,2025-08-05,2025-08-05,107,delivered,False,0
9994,SITE-100,PART-7209,2025-09-13,2025-09-16,2025-09-15,486,delivered,False,0
9995,SITE-023,PART-8062,2026-03-16,2026-03-19,2026-03-19,10,shipped,False,0
9996,SITE-093,PART-7121,2025-09-11,2025-09-20,2025-09-18,382,pending,False,0
9997,SITE-091,PART-6236,2026-11-06,2026-11-12,2026-11-12,531,shipped,False,0
9998,SITE-051,PART-7441,2026-10-12,2026-10-16,2026-10-16,447,shipped,False,0
9999,SITE-080,PART-8423,2025-11-03,2025-11-10,2025-11-10,680,shipped,False,0
10000,SITE-049,PART-1099,2026-05-21,2026-05-29,2026-05-29,29,shipped,False,0
