order_id,order_supplier_name,order_supplier_id,order_part_id,order_quantity,order_status,order_created_at,order_updated_at
1,Apex Defense Components,ADC,534,10,shipped,2025-10-24,2025-11-02
2,Gulf Coast Maintenance Parts,GCMP,96,571,pending,2023-03-02,2023-03-10
3,Prairie Technical Components,PTC,431,401,pending,2026-04-28,2026-05-14
4,Mesa Tactical Manufacturing,MTM,560,416,shipped,2026-11-11,2026-11-17
5,Harborline Industrial Supply,HIS,933,514,delivered,2024-09-06,2024-10-05
6,Blue Ridge Defense Manufacturing,BRDM,959,314,shipped,2026-03-10,2026-03-12
7,Trident Marine Components,TMC,871,323,shipped,2026-10-01,2026-10-30
8,Trident Marine Components,TMC,287,947,shipped,2026-05-24,2026-06-21
9,Granite State Components,GSC,70,834,pending,2025-08-19,2025-09-16
10,Evergreen Field Support,EFS,741,461,delivered,2024-09-09,2024-09-25
11,Lone Star Equipment Group,LSEG,781,92,shipped,2024-02-12,2024-03-10
12,Ranger Vehicle Parts,RVP,757,545,shipped,2024-05-01,2024-05-13
13,Granite State Components,GSC,476,659,pending,2023-07-19,2023-07-30
14,Sterling Power Systems,SPS,588,262,pending,2023-02-02,2023-02-24
15,Vector Aerospace Supply,VAS,981,318,delivered,2023-12-26,2024-01-09
16,Gulf Coast Maintenance Parts,GCMP,550,313,delivered,2025-07-04,2025-07-23
17,Sterling Power Systems,SPS,233,253,shipped,2023-07-15,2023-07-20
18,Northstar Defense Supply,NDS,408,268,pending,2023-09-23,2023-10-17
19,Gulf Coast Maintenance Parts,GCMP,630,773,pending,2025-09-14,2025-09-27
20,Atlas Ground Support,AGS,316,154,pending,2026-08-20,2026-08-21
21,Ranger Vehicle Parts,RVP,698,611,shipped,2023-09-01,2023-09-02
22,Ranger Vehicle Parts,RVP,958,718,shipped,2026-03-20,2026-04-09
23,Atlas Ground Support,AGS,320,823,shipped,2024-07-04,2024-07-11
24,Frontier Aviation Components,FAC,271,738,shipped,2026-03-22,2026-04-06
25,Vector Aerospace Supply,VAS,255,28,pending,2023-07-17,2023-07-21
26,Summit Tactical Supply,STS,287,626,delivered,2026-02-01,2026-02-26
27,Frontier Aviation Components,FAC,876,135,pending,2025-11-02,2025-11-13
28,Northstar Defense Supply,NDS,263,445,shipped,2023-09-23,2023-09-28
29,Granite State Components,GSC,785,237,shipped,2025-11-27,2025-12-10
30,Falcon Electronics Group,FEG,439,259,shipped,2025-09-25,2025-10-25
31,Falcon Electronics Group,FEG,817,44,pending,2024-02-18,2024-03-11
32,Frontier Aviation Components,FAC,409,522,delivered,2026-06-02,2026-06-18
33,Mesa Tactical Manufacturing,MTM,977,734,delivered,2024-07-13,2024-08-09
34,Granite State Components,GSC,649,925,delivered,2023-02-24,2023-02-28
35,Summit Tactical Supply,STS,390,185,delivered,2023-07-03,2023-07-28
36,Vector Aerospace Supply,VAS,556,651,shipped,2025-05-15,2025-05-25
37,Sentinel Equipment Supply,SES,932,243,delivered,2024-08-11,2024-08-17
38,Keystone Industrial Supply,KIS,842,631,pending,2026-03-10,2026-04-03
39,Blue Ridge Defense Manufacturing,BRDM,56,121,shipped,2025-06-13,2025-07-03
40,Granite State Components,GSC,290,12,shipped,2024-06-07,2024-06-24
41,Gulf Coast Maintenance Parts,GCMP,667,350,pending,2023-12-26,2024-01-13
42,Keystone Industrial Supply,KIS,664,342,shipped,2026-01-16,2026-01-31
43,Northstar Defense Supply,NDS,186,567,delivered,2023-11-24,2023-12-04
44,Blue Ridge Defense Manufacturing,BRDM,981,348,pending,2026-01-23,2026-02-16
45,Compass Maritime Supply,CMS,894,542,delivered,2025-01-01,2025-01-13
46,Keystone Industrial Supply,KIS,761,389,shipped,2024-03-04,2024-03-10
47,Northstar Defense Supply,NDS,800,919,shipped,2026-08-04,2026-08-25
48,Patriot Precision Parts,PPP,340,867,shipped,2025-10-10,2025-10-12
49,Northstar Defense Supply,NDS,889,154,pending,2023-07-05,2023-07-09
50,Ranger Vehicle Parts,RVP,649,72,shipped,2023-12-21,2023-12-29
51,Apex Defense Components,ADC,567,645,delivered,2023-02-27,2023-03-12
52,Keystone Industrial Supply,KIS,772,468,pending,2025-10-01,2025-10-18
53,Sterling Power Systems,SPS,687,954,shipped,2025-03-16,2025-03-22
54,Ranger Vehicle Parts,RVP,661,777,delivered,2023-12-25,2023-12-31
55,Keystone Industrial Supply,KIS,657,947,shipped,2023-11-07,2023-12-06
56,Prairie Technical Components,PTC,140,921,delivered,2025-08-13,2025-08-21
57,Mesa Tactical Manufacturing,MTM,729,467,delivered,2023-10-06,2023-10-30
58,Lone Star Equipment Group,LSEG,3,49,pending,2025-01-21,2025-02-04
59,Cascade Aerospace Systems,CAS,956,373,shipped,2026-08-16,2026-09-06
60,Cedar Valley Manufacturing,CVM,197,207,shipped,2025-11-23,2025-12-11
61,Ironclad Industrial Systems,IIS,946,642,delivered,2025-06-03,2025-07-02
62,Harborline Industrial Supply,HIS,752,635,shipped,2023-09-18,2023-09-28
63,Lone Star Equipment Group,LSEG,184,964,delivered,2026-10-01,2026-10-08
64,Titan Mobility Systems,TMS,129,826,shipped,2023-02-25,2023-03-03
65,Granite State Components,GSC,51,472,pending,2024-01-26,2024-02-19
66,Keystone Industrial Supply,KIS,875,143,delivered,2025-09-03,2025-09-25
67,Cascade Aerospace Systems,CAS,169,851,delivered,2026-02-16,2026-02-28
68,Cedar Valley Manufacturing,CVM,823,889,delivered,2023-02-05,2023-03-02
69,Mesa Tactical Manufacturing,MTM,20,830,pending,2025-04-19,2025-05-13
70,Summit Tactical Supply,STS,980,92,shipped,2025-06-23,2025-07-08
71,Trident Marine Components,TMC,762,898,pending,2023-06-22,2023-07-04
72,Mesa Tactical Manufacturing,MTM,181,462,shipped,2023-12-22,2023-12-28
73,Redstone Logistics Group,RLG,111,922,delivered,2026-10-08,2026-11-06
74,Sentinel Equipment Supply,SES,712,329,pending,2025-01-14,2025-01-15
75,Trident Marine Components,TMC,169,994,shipped,2023-03-14,2023-03-15
76,Cedar Valley Manufacturing,CVM,741,636,delivered,2024-10-25,2024-11-13
77,Prairie Technical Components,PTC,729,182,shipped,2024-11-14,2024-11-22
78,Titan Mobility Systems,TMS,164,17,delivered,2024-11-09,2024-11-15
79,Cascade Aerospace Systems,CAS,688,130,delivered,2025-07-13,2025-07-30
80,Northstar Defense Supply,NDS,153,522,shipped,2025-06-18,2025-07-03
81,Vector Aerospace Supply,VAS,204,573,pending,2025-07-01,2025-07-05
82,Pinnacle Hydraulic Systems,PHS,590,942,shipped,2026-12-16,2026-12-30
83,Evergreen Field Support,EFS,591,666,delivered,2023-07-10,2023-07-28
84,Sterling Power Systems,SPS,764,312,shipped,2023-06-14,2023-06-18
85,Frontier Aviation Components,FAC,291,948,shipped,2024-12-15,2025-01-11
86,Trident Marine Components,TMC,724,582,shipped,2025-03-18,2025-03-19
87,Cascade Aerospace Systems,CAS,646,858,delivered,2024-10-10,2024-10-24
88,Gulf Coast Maintenance Parts,GCMP,410,796,shipped,2025-07-19,2025-07-30
89,Blue Ridge Defense Manufacturing,BRDM,500,246,delivered,2024-05-23,2024-06-12
90,Sentinel Equipment Supply,SES,991,543,pending,2026-09-17,2026-10-03
91,Liberty Mechanical Systems,LMS,924,393,delivered,2025-10-28,2025-10-29
92,Summit Tactical Supply,STS,344,716,pending,2025-08-21,2025-09-03
93,Falcon Electronics Group,FEG,464,466,pending,2023-08-27,2023-09-24
94,Apex Defense Components,ADC,760,764,pending,2025-07-18,2025-07-27
95,Summit Tactical Supply,STS,712,495,pending,2025-05-24,2025-05-31
96,Keystone Industrial Supply,KIS,441,98,pending,2023-03-04,2023-03-26
97,Apex Defense Components,ADC,667,922,delivered,2024-05-15,2024-05-16
98,Vector Aerospace Supply,VAS,574,856,pending,2026-01-22,2026-02-20
99,Blue Ridge Defense Manufacturing,BRDM,993,196,pending,2024-05-23,2024-06-19
100,Prairie Technical Components,PTC,449,729,delivered,2023-05-16,2023-05-21
101,Sterling Power Systems,SPS,231,74,delivered,2026-10-11,2026-11-06
102,Atlas Ground Support,AGS,833,770,pending,2026-04-15,2026-04-21
103,Ranger Vehicle Parts,RVP,869,601,pending,2023-12-11,2023-12-28
104,Redstone Logistics Group,RLG,10,847,delivered,2026-12-06,2026-12-14
105,Heritage Logistics Supply,HLS,129,193,pending,2023-05-07,2023-05-14
106,Frontier Aviation Components,FAC,635,372,shipped,2025-11-06,2025-11-17
107,Evergreen Field Support,EFS,957,225,pending,2025-07-06,2025-07-21
108,Heritage Logistics Supply,HLS,447,831,delivered,2026-03-17,2026-04-01
109,Pinnacle Hydraulic Systems,PHS,234,830,shipped,2025-03-20,2025-04-05
110,Titan Mobility Systems,TMS,448,662,delivered,2026-12-26,2027-01-16
111,Evergreen Field Support,EFS,631,438,shipped,2026-04-20,2026-05-19
112,Frontier Aviation Components,FAC,304,940,delivered,2024-01-16,2024-02-01
113,Gulf Coast Maintenance Parts,GCMP,280,63,delivered,2025-10-08,2025-10-28
114,Frontier Aviation Components,FAC,35,852,delivered,2026-11-10,2026-12-06
115,Harborline Industrial Supply,HIS,66,487,pending,2023-09-22,2023-10-04
116,Frontier Aviation Components,FAC,512,474,shipped,2026-03-11,2026-03-19
117,Granite State Components,GSC,310,398,shipped,2026-10-27,2026-11-01
118,Lone Star Equipment Group,LSEG,636,399,shipped,2025-11-09,2025-11-24
119,Titan Mobility Systems,TMS,197,399,delivered,2026-05-16,2026-06-01
120,Cedar Valley Manufacturing,CVM,957,968,delivered,2024-07-10,2024-07-12
121,Cascade Aerospace Systems,CAS,446,12,pending,2026-09-21,2026-10-01
122,Heritage Logistics Supply,HLS,926,844,shipped,2024-01-15,2024-02-14
123,Ranger Vehicle Parts,RVP,114,645,shipped,2025-10-17,2025-11-15
124,Liberty Mechanical Systems,LMS,327,509,shipped,2024-02-15,2024-03-06
125,Falcon Electronics Group,FEG,147,443,shipped,2023-09-04,2023-09-21
126,Cascade Aerospace Systems,CAS,245,704,shipped,2026-08-20,2026-08-26
127,Cascade Aerospace Systems,CAS,728,707,pending,2023-05-17,2023-06-03
128,Cedar Valley Manufacturing,CVM,662,232,pending,2024-08-20,2024-09-04
129,Prairie Technical Components,PTC,964,478,pending,2024-10-07,2024-10-20
130,Frontier Aviation Components,FAC,441,229,delivered,2026-08-13,2026-09-04
131,Compass Maritime Supply,CMS,889,925,pending,2024-09-26,2024-10-02
132,Mesa Tactical Manufacturing,MTM,568,948,delivered,2023-01-23,2023-02-03
133,Cascade Aerospace Systems,CAS,52,156,delivered,2026-11-11,2026-11-27
134,Keystone Industrial Supply,KIS,664,492,shipped,2026-05-22,2026-05-27
135,Summit Tactical Supply,STS,562,888,shipped,2023-03-08,2023-03-28
136,Prairie Technical Components,PTC,82,692,shipped,2025-09-23,2025-10-16
137,Trident Marine Components,TMC,361,660,delivered,2023-07-10,2023-08-05
138,Falcon Electronics Group,FEG,294,105,delivered,2025-10-19,2025-11-01
139,Liberty Mechanical Systems,LMS,923,304,delivered,2026-03-03,2026-03-10
140,Redstone Logistics Group,RLG,481,487,pending,2026-03-10,2026-04-09
141,Evergreen Field Support,EFS,573,993,delivered,2023-09-07,2023-09-18
142,Titan Mobility Systems,TMS,295,355,pending,2023-04-09,2023-05-04
143,Apex Defense Components,ADC,363,841,shipped,2025-03-17,2025-04-04
144,Atlas Ground Support,AGS,797,56,delivered,2026-10-19,2026-11-09
145,Lone Star Equipment Group,LSEG,450,421,shipped,2026-05-17,2026-05-23
146,Harborline Industrial Supply,HIS,793,577,delivered,2025-04-06,2025-04-26
147,Ranger Vehicle Parts,RVP,871,606,pending,2024-05-19,2024-06-16
148,Keystone Industrial Supply,KIS,333,501,delivered,2026-05-24,2026-06-11
149,Lone Star Equipment Group,LSEG,46,241,pending,2025-05-28,2025-06-14
150,Liberty Mechanical Systems,LMS,8,878,delivered,2023-08-12,2023-08-23
151,Prairie Technical Components,PTC,881,118,delivered,2023-02-01,2023-02-19
152,Vector Aerospace Supply,VAS,98,371,pending,2025-04-10,2025-04-29
153,Summit Tactical Supply,STS,10,95,delivered,2023-08-19,2023-09-18
154,Apex Defense Components,ADC,930,790,pending,2024-08-28,2024-09-16
155,Gulf Coast Maintenance Parts,GCMP,620,234,pending,2023-01-19,2023-02-15
156,Mesa Tactical Manufacturing,MTM,261,915,pending,2025-09-10,2025-09-18
157,Gulf Coast Maintenance Parts,GCMP,956,578,shipped,2023-03-24,2023-03-27
158,Trident Marine Components,TMC,176,534,pending,2024-09-25,2024-10-06
159,Granite State Components,GSC,277,576,shipped,2025-05-12,2025-05-27
160,Evergreen Field Support,EFS,942,851,pending,2024-08-07,2024-09-06
161,Ironclad Industrial Systems,IIS,9,612,shipped,2024-09-17,2024-10-02
162,Compass Maritime Supply,CMS,174,620,pending,2024-07-04,2024-07-28
163,Sentinel Equipment Supply,SES,487,843,delivered,2023-04-02,2023-04-12
164,Evergreen Field Support,EFS,798,765,pending,2025-01-04,2025-02-01
165,Patriot Precision Parts,PPP,403,158,delivered,2025-01-01,2025-01-23
166,Sentinel Equipment Supply,SES,139,820,delivered,2025-02-06,2025-02-12
167,Northstar Defense Supply,NDS,601,393,delivered,2025-08-13,2025-08-18
168,Blue Ridge Defense Manufacturing,BRDM,273,627,pending,2023-10-18,2023-11-17
169,Lone Star Equipment Group,LSEG,316,799,shipped,2023-08-15,2023-09-04
170,Sterling Power Systems,SPS,194,536,shipped,2023-06-16,2023-06-29
171,Atlas Ground Support,AGS,274,689,delivered,2023-06-13,2023-07-08
172,Northstar Defense Supply,NDS,722,971,pending,2026-06-23,2026-07-13
173,Heritage Logistics Supply,HLS,43,994,delivered,2023-09-01,2023-09-14
174,Redstone Logistics Group,RLG,657,910,pending,2025-05-07,2025-05-11
175,Atlas Ground Support,AGS,623,455,pending,2024-07-12,2024-07-13
176,Vector Aerospace Supply,VAS,721,389,shipped,2026-11-14,2026-11-24
177,Heritage Logistics Supply,HLS,471,272,shipped,2024-12-10,2024-12-26
178,Falcon Electronics Group,FEG,591,428,pending,2025-03-25,2025-03-30
179,Compass Maritime Supply,CMS,388,15,shipped,2025-07-09,2025-07-26
180,Apex Defense Components,ADC,37,253,shipped,2023-07-20,2023-08-18
181,Summit Tactical Supply,STS,997,651,delivered,2023-07-14,2023-08-06
182,Liberty Mechanical Systems,LMS,676,968,shipped,2023-07-14,2023-08-12
183,Titan Mobility Systems,TMS,446,76,shipped,2024-02-15,2024-02-20
184,Mesa Tactical Manufacturing,MTM,668,780,shipped,2025-05-19,2025-06-05
185,Prairie Technical Components,PTC,427,757,delivered,2023-04-26,2023-05-04
186,Ranger Vehicle Parts,RVP,166,164,shipped,2026-01-05,2026-01-08
187,Vector Aerospace Supply,VAS,561,766,pending,2024-01-17,2024-01-24
188,Redstone Logistics Group,RLG,247,724,pending,2026-07-11,2026-07-18
189,Granite State Components,GSC,89,776,pending,2024-11-28,2024-12-24
190,Frontier Aviation Components,FAC,579,320,pending,2024-07-03,2024-07-23
191,Northstar Defense Supply,NDS,905,107,delivered,2025-07-12,2025-07-16
192,Sentinel Equipment Supply,SES,917,152,delivered,2023-10-26,2023-11-03
193,Vector Aerospace Supply,VAS,71,368,pending,2025-12-11,2025-12-21
194,Gulf Coast Maintenance Parts,GCMP,572,857,pending,2026-01-17,2026-01-30
195,Apex Defense Components,ADC,293,380,delivered,2026-03-15,2026-04-14
196,Ironclad Industrial Systems,IIS,668,91,pending,2026-03-04,2026-04-01
197,Granite State Components,GSC,965,725,pending,2025-10-28,2025-11-04
198,Keystone Industrial Supply,KIS,859,17,pending,2023-01-05,2023-01-06
199,Patriot Precision Parts,PPP,795,718,pending,2023-04-02,2023-04-21
200,Titan Mobility Systems,TMS,370,537,shipped,2024-11-21,2024-12-19
201,Atlas Ground Support,AGS,129,811,pending,2024-10-12,2024-10-23
202,Keystone Industrial Supply,KIS,46,206,pending,2024-01-01,2024-01-12
203,Lone Star Equipment Group,LSEG,853,326,pending,2025-12-11,2025-12-13
204,Apex Defense Components,ADC,903,388,delivered,2023-06-07,2023-06-15
205,Compass Maritime Supply,CMS,832,880,shipped,2026-02-04,2026-03-02
206,Atlas Ground Support,AGS,140,393,delivered,2025-05-02,2025-05-18
207,Mesa Tactical Manufacturing,MTM,409,102,shipped,2025-04-07,2025-04-21
208,Sentinel Equipment Supply,SES,373,953,pending,2024-06-08,2024-06-25
209,Lone Star Equipment Group,LSEG,768,439,delivered,2023-07-19,2023-08-01
210,Compass Maritime Supply,CMS,984,944,pending,2026-11-11,2026-11-12
211,Sterling Power Systems,SPS,397,19,delivered,2023-11-15,2023-12-03
212,Frontier Aviation Components,FAC,460,160,delivered,2025-02-05,2025-02-13
213,Falcon Electronics Group,FEG,733,792,shipped,2025-10-19,2025-11-09
214,Sterling Power Systems,SPS,63,310,shipped,2026-03-17,2026-04-01
215,Mesa Tactical Manufacturing,MTM,39,53,shipped,2026-11-06,2026-11-13
216,Falcon Electronics Group,FEG,738,688,shipped,2023-04-09,2023-04-12
217,Sentinel Equipment Supply,SES,460,395,pending,2024-04-22,2024-05-21
218,Redstone Logistics Group,RLG,302,656,delivered,2024-08-22,2024-08-29
219,Patriot Precision Parts,PPP,507,986,delivered,2023-02-06,2023-02-16
220,Patriot Precision Parts,PPP,106,531,delivered,2025-07-05,2025-07-25
221,Vector Aerospace Supply,VAS,404,678,shipped,2023-05-15,2023-05-28
222,Ranger Vehicle Parts,RVP,925,374,shipped,2025-02-07,2025-03-04
223,Compass Maritime Supply,CMS,3,975,shipped,2023-07-10,2023-07-24
224,Heritage Logistics Supply,HLS,272,21,shipped,2025-12-16,2025-12-17
225,Titan Mobility Systems,TMS,240,904,delivered,2024-05-03,2024-05-29
226,Cedar Valley Manufacturing,CVM,545,44,delivered,2023-03-06,2023-03-14
227,Compass Maritime Supply,CMS,432,943,pending,2026-08-24,2026-08-27
228,Falcon Electronics Group,FEG,742,522,pending,2024-12-12,2024-12-24
229,Evergreen Field Support,EFS,421,422,shipped,2023-04-14,2023-05-04
230,Sentinel Equipment Supply,SES,534,608,pending,2024-02-01,2024-02-13
231,Summit Tactical Supply,STS,852,671,pending,2026-10-19,2026-11-12
232,Sterling Power Systems,SPS,974,147,pending,2026-11-21,2026-12-14
233,Granite State Components,GSC,260,524,pending,2023-02-21,2023-03-02
234,Titan Mobility Systems,TMS,392,259,pending,2024-01-13,2024-01-17
235,Pinnacle Hydraulic Systems,PHS,607,924,shipped,2024-10-23,2024-11-11
236,Sterling Power Systems,SPS,662,623,shipped,2025-08-28,2025-09-20
237,Ranger Vehicle Parts,RVP,198,244,delivered,2025-08-06,2025-09-03
238,Frontier Aviation Components,FAC,323,346,shipped,2025-09-27,2025-10-17
239,Mesa Tactical Manufacturing,MTM,585,222,delivered,2026-03-04,2026-03-12
240,Blue Ridge Defense Manufacturing,BRDM,130,619,pending,2025-06-24,2025-07-18
241,Titan Mobility Systems,TMS,440,470,shipped,2024-02-13,2024-02-21
242,Atlas Ground Support,AGS,490,358,shipped,2026-12-24,2027-01-01
243,Sterling Power Systems,SPS,50,738,pending,2023-02-13,2023-02-16
244,Ironclad Industrial Systems,IIS,413,474,shipped,2025-01-11,2025-02-06
245,Blue Ridge Defense Manufacturing,BRDM,844,206,pending,2026-07-08,2026-07-23
246,Gulf Coast Maintenance Parts,GCMP,390,365,pending,2024-08-18,2024-09-11
247,Mesa Tactical Manufacturing,MTM,802,382,delivered,2026-08-14,2026-08-19
248,Frontier Aviation Components,FAC,937,165,shipped,2026-12-04,2026-12-24
249,Redstone Logistics Group,RLG,686,996,pending,2024-04-16,2024-05-02
250,Redstone Logistics Group,RLG,908,532,pending,2026-12-28,2027-01-13
251,Northstar Defense Supply,NDS,887,833,pending,2026-10-21,2026-10-30
252,Northstar Defense Supply,NDS,592,755,shipped,2024-10-24,2024-10-27
253,Compass Maritime Supply,CMS,721,159,pending,2024-11-28,2024-12-06
254,Lone Star Equipment Group,LSEG,930,999,pending,2026-11-08,2026-12-02
255,Titan Mobility Systems,TMS,118,638,pending,2024-01-14,2024-02-13
256,Trident Marine Components,TMC,294,738,delivered,2023-07-01,2023-07-09
257,Harborline Industrial Supply,HIS,999,208,delivered,2023-02-01,2023-02-26
258,Northstar Defense Supply,NDS,256,517,shipped,2023-12-09,2023-12-30
259,Summit Tactical Supply,STS,351,276,shipped,2023-08-18,2023-08-29
260,Cedar Valley Manufacturing,CVM,956,727,pending,2026-08-08,2026-08-13
261,Liberty Mechanical Systems,LMS,59,166,delivered,2025-07-18,2025-07-31
262,Heritage Logistics Supply,HLS,276,406,delivered,2023-12-18,2023-12-29
263,Patriot Precision Parts,PPP,24,29,delivered,2025-08-11,2025-08-13
264,Ranger Vehicle Parts,RVP,1,337,delivered,2026-12-08,2026-12-29
265,Ranger Vehicle Parts,RVP,680,571,pending,2024-04-12,2024-04-30
266,Keystone Industrial Supply,KIS,857,33,delivered,2026-07-02,2026-07-09
267,Prairie Technical Components,PTC,858,520,pending,2023-04-02,2023-04-28
268,Harborline Industrial Supply,HIS,180,650,delivered,2023-06-12,2023-06-22
269,Keystone Industrial Supply,KIS,391,790,shipped,2026-11-22,2026-12-10
270,Falcon Electronics Group,FEG,505,400,shipped,2024-03-28,2024-04-19
271,Heritage Logistics Supply,HLS,902,660,delivered,2025-04-07,2025-04-23
272,Sterling Power Systems,SPS,975,154,pending,2023-01-18,2023-01-31
273,Titan Mobility Systems,TMS,135,260,shipped,2026-05-15,2026-06-01
274,Falcon Electronics Group,FEG,851,630,shipped,2025-04-26,2025-05-13
275,Pinnacle Hydraulic Systems,PHS,190,761,pending,2024-12-24,2025-01-15
276,Granite State Components,GSC,592,228,pending,2025-02-13,2025-02-14
277,Mesa Tactical Manufacturing,MTM,323,541,pending,2024-10-23,2024-11-12
278,Mesa Tactical Manufacturing,MTM,750,284,pending,2026-08-27,2026-09-08
279,Falcon Electronics Group,FEG,96,931,delivered,2025-07-16,2025-08-06
280,Ranger Vehicle Parts,RVP,950,8,pending,2024-12-25,2025-01-09
281,Granite State Components,GSC,725,950,delivered,2026-08-03,2026-09-02
282,Sterling Power Systems,SPS,743,15,pending,2025-01-20,2025-02-07
283,Frontier Aviation Components,FAC,984,272,shipped,2024-08-13,2024-08-15
284,Compass Maritime Supply,CMS,324,951,shipped,2024-08-26,2024-09-17
285,Prairie Technical Components,PTC,674,702,shipped,2023-11-12,2023-11-13
286,Prairie Technical Components,PTC,421,44,shipped,2026-01-02,2026-01-29
287,Liberty Mechanical Systems,LMS,108,622,delivered,2024-03-08,2024-03-27
288,Frontier Aviation Components,FAC,732,965,shipped,2026-11-03,2026-11-23
289,Redstone Logistics Group,RLG,849,490,shipped,2025-02-01,2025-02-25
290,Granite State Components,GSC,380,14,delivered,2024-04-24,2024-05-01
291,Prairie Technical Components,PTC,322,410,shipped,2024-07-21,2024-07-27
292,Granite State Components,GSC,932,960,pending,2026-08-01,2026-08-25
293,Lone Star Equipment Group,LSEG,327,797,shipped,2026-10-16,2026-11-03
294,Trident Marine Components,TMC,104,518,pending,2024-06-20,2024-06-24
295,Keystone Industrial Supply,KIS,305,791,delivered,2025-03-03,2025-03-11
296,Harborline Industrial Supply,HIS,92,364,pending,2026-01-01,2026-01-16
297,Compass Maritime Supply,CMS,980,788,pending,2026-11-03,2026-11-30
298,Sentinel Equipment Supply,SES,658,543,delivered,2025-08-03,2025-08-17
299,Liberty Mechanical Systems,LMS,138,324,pending,2026-03-20,2026-03-28
300,Pinnacle Hydraulic Systems,PHS,302,211,delivered,2025-05-10,2025-05-17
301,Vector Aerospace Supply,VAS,568,784,pending,2026-06-14,2026-07-12
302,Ranger Vehicle Parts,RVP,788,77,pending,2026-08-07,2026-08-08
303,Liberty Mechanical Systems,LMS,738,934,shipped,2025-11-21,2025-11-27
304,Frontier Aviation Components,FAC,631,73,pending,2024-08-26,2024-09-24
305,Frontier Aviation Components,FAC,738,598,shipped,2024-02-24,2024-03-18
306,Frontier Aviation Components,FAC,590,194,delivered,2025-03-12,2025-03-13
307,Trident Marine Components,TMC,173,317,shipped,2024-09-25,2024-10-16
308,Frontier Aviation Components,FAC,443,908,shipped,2026-01-15,2026-02-04
309,Cascade Aerospace Systems,CAS,960,302,shipped,2025-08-09,2025-09-02
310,Mesa Tactical Manufacturing,MTM,765,350,shipped,2023-09-27,2023-10-27
311,Prairie Technical Components,PTC,201,749,delivered,2023-04-25,2023-04-29
312,Titan Mobility Systems,TMS,697,965,delivered,2023-12-19,2024-01-09
313,Falcon Electronics Group,FEG,51,927,shipped,2026-02-10,2026-03-05
314,Prairie Technical Components,PTC,943,587,pending,2024-07-11,2024-08-09
315,Falcon Electronics Group,FEG,901,260,shipped,2024-03-23,2024-04-21
316,Mesa Tactical Manufacturing,MTM,277,680,shipped,2023-07-13,2023-07-27
317,Sentinel Equipment Supply,SES,789,156,pending,2024-02-10,2024-03-09
318,Lone Star Equipment Group,LSEG,95,622,delivered,2023-10-16,2023-11-07
319,Sentinel Equipment Supply,SES,123,849,delivered,2023-08-17,2023-08-31
320,Prairie Technical Components,PTC,978,849,delivered,2024-12-15,2025-01-14
321,Gulf Coast Maintenance Parts,GCMP,353,67,delivered,2026-09-19,2026-10-04
322,Blue Ridge Defense Manufacturing,BRDM,879,303,delivered,2023-07-18,2023-07-31
323,Vector Aerospace Supply,VAS,757,83,pending,2024-07-24,2024-07-25
324,Granite State Components,GSC,922,487,pending,2026-01-04,2026-01-10
325,Blue Ridge Defense Manufacturing,BRDM,877,872,pending,2024-04-23,2024-05-13
326,Redstone Logistics Group,RLG,736,333,shipped,2026-05-19,2026-06-12
327,Gulf Coast Maintenance Parts,GCMP,605,71,delivered,2026-11-09,2026-11-16
328,Sterling Power Systems,SPS,116,208,pending,2026-09-02,2026-09-23
329,Mesa Tactical Manufacturing,MTM,381,875,delivered,2025-12-01,2025-12-26
330,Compass Maritime Supply,CMS,684,308,shipped,2023-03-07,2023-03-15
331,Harborline Industrial Supply,HIS,656,332,pending,2025-02-25,2025-03-21
332,Frontier Aviation Components,FAC,334,425,pending,2023-08-08,2023-08-11
333,Cascade Aerospace Systems,CAS,583,413,shipped,2025-08-21,2025-08-29
334,Redstone Logistics Group,RLG,297,728,delivered,2026-11-14,2026-12-02
335,Patriot Precision Parts,PPP,984,186,pending,2023-04-07,2023-04-16
336,Blue Ridge Defense Manufacturing,BRDM,456,679,pending,2025-10-02,2025-10-31
337,Compass Maritime Supply,CMS,35,973,pending,2024-01-07,2024-01-09
338,Sterling Power Systems,SPS,687,702,pending,2025-06-01,2025-06-07
339,Prairie Technical Components,PTC,680,276,shipped,2026-02-26,2026-03-05
340,Harborline Industrial Supply,HIS,102,153,pending,2025-01-13,2025-02-08
341,Sentinel Equipment Supply,SES,113,193,shipped,2023-01-18,2023-02-04
342,Summit Tactical Supply,STS,365,226,pending,2023-04-09,2023-04-18
343,Liberty Mechanical Systems,LMS,298,575,delivered,2023-05-23,2023-06-08
344,Summit Tactical Supply,STS,386,429,shipped,2024-07-21,2024-07-26
345,Lone Star Equipment Group,LSEG,6,715,delivered,2026-09-20,2026-10-15
346,Falcon Electronics Group,FEG,414,303,pending,2025-04-26,2025-05-01
347,Gulf Coast Maintenance Parts,GCMP,267,666,pending,2023-10-14,2023-10-16
348,Gulf Coast Maintenance Parts,GCMP,180,800,delivered,2025-04-12,2025-04-19
349,Trident Marine Components,TMC,332,243,shipped,2023-05-05,2023-05-24
350,Sterling Power Systems,SPS,770,109,shipped,2026-11-10,2026-11-12
351,Keystone Industrial Supply,KIS,475,816,shipped,2024-11-11,2024-12-10
352,Heritage Logistics Supply,HLS,237,394,delivered,2024-10-23,2024-11-21
353,Granite State Components,GSC,173,785,pending,2024-05-24,2024-06-15
354,Granite State Components,GSC,198,185,pending,2025-08-12,2025-08-21
355,Atlas Ground Support,AGS,125,336,pending,2024-11-07,2024-11-30
356,Compass Maritime Supply,CMS,899,490,shipped,2025-06-06,2025-06-18
357,Trident Marine Components,TMC,270,71,delivered,2026-05-21,2026-06-08
358,Mesa Tactical Manufacturing,MTM,477,697,pending,2025-07-14,2025-07-28
359,Granite State Components,GSC,746,346,delivered,2025-02-09,2025-03-07
360,Harborline Industrial Supply,HIS,592,900,shipped,2024-12-24,2025-01-16
361,Harborline Industrial Supply,HIS,683,796,pending,2025-12-01,2025-12-08
362,Falcon Electronics Group,FEG,706,777,pending,2024-03-14,2024-03-29
363,Vector Aerospace Supply,VAS,418,728,delivered,2023-02-18,2023-03-15
364,Trident Marine Components,TMC,616,366,shipped,2024-07-09,2024-07-16
365,Pinnacle Hydraulic Systems,PHS,215,489,pending,2025-02-24,2025-03-20
366,Vector Aerospace Supply,VAS,882,54,delivered,2023-11-18,2023-11-20
367,Ironclad Industrial Systems,IIS,98,316,shipped,2025-01-24,2025-02-21
368,Northstar Defense Supply,NDS,958,338,pending,2026-01-19,2026-02-07
369,Lone Star Equipment Group,LSEG,524,443,delivered,2025-11-12,2025-11-14
370,Summit Tactical Supply,STS,970,125,shipped,2026-12-09,2027-01-04
371,Falcon Electronics Group,FEG,300,398,delivered,2025-04-05,2025-05-01
372,Titan Mobility Systems,TMS,699,646,delivered,2023-07-25,2023-08-11
373,Ranger Vehicle Parts,RVP,84,451,delivered,2025-08-18,2025-08-22
374,Mesa Tactical Manufacturing,MTM,911,803,delivered,2024-09-15,2024-10-05
375,Cascade Aerospace Systems,CAS,25,683,delivered,2023-12-14,2024-01-06
376,Atlas Ground Support,AGS,765,523,shipped,2023-11-22,2023-11-28
377,Frontier Aviation Components,FAC,583,838,shipped,2024-05-21,2024-06-19
378,Falcon Electronics Group,FEG,800,747,delivered,2024-06-27,2024-07-10
379,Evergreen Field Support,EFS,231,921,delivered,2023-11-27,2023-12-16
380,Summit Tactical Supply,STS,155,556,shipped,2026-05-17,2026-06-06
381,Summit Tactical Supply,STS,631,878,delivered,2024-03-05,2024-03-26
382,Summit Tactical Supply,STS,160,421,delivered,2026-06-26,2026-07-25
383,Sentinel Equipment Supply,SES,524,126,delivered,2024-10-25,2024-11-13
384,Evergreen Field Support,EFS,522,942,shipped,2023-12-12,2023-12-15
385,Prairie Technical Components,PTC,40,138,pending,2025-09-25,2025-10-01
386,Sentinel Equipment Supply,SES,307,81,pending,2023-09-19,2023-10-06
387,Cedar Valley Manufacturing,CVM,105,302,shipped,2023-11-01,2023-11-16
388,Granite State Components,GSC,302,435,shipped,2025-08-12,2025-09-03
389,Ironclad Industrial Systems,IIS,26,124,delivered,2025-03-03,2025-03-27
390,Atlas Ground Support,AGS,378,449,pending,2025-09-15,2025-09-21
391,Cedar Valley Manufacturing,CVM,518,227,shipped,2023-02-06,2023-03-02
392,Sentinel Equipment Supply,SES,225,14,shipped,2023-12-17,2024-01-08
393,Titan Mobility Systems,TMS,239,59,delivered,2023-04-10,2023-04-17
394,Keystone Industrial Supply,KIS,399,254,delivered,2025-06-27,2025-07-21
395,Falcon Electronics Group,FEG,628,450,shipped,2023-06-02,2023-06-23
396,Cascade Aerospace Systems,CAS,855,96,shipped,2025-11-22,2025-11-25
397,Cedar Valley Manufacturing,CVM,540,579,shipped,2023-08-11,2023-08-22
398,Compass Maritime Supply,CMS,552,334,pending,2026-07-08,2026-08-05
399,Titan Mobility Systems,TMS,932,346,pending,2026-02-12,2026-03-02
400,Sentinel Equipment Supply,SES,291,655,shipped,2023-10-24,2023-11-16
401,Lone Star Equipment Group,LSEG,850,733,delivered,2024-04-28,2024-05-15
402,Pinnacle Hydraulic Systems,PHS,170,478,pending,2026-03-28,2026-04-04
403,Summit Tactical Supply,STS,969,94,delivered,2026-07-08,2026-07-28
404,Liberty Mechanical Systems,LMS,529,345,pending,2023-11-18,2023-12-02
405,Evergreen Field Support,EFS,133,749,pending,2025-09-22,2025-10-13
406,Blue Ridge Defense Manufacturing,BRDM,798,532,shipped,2026-12-06,2026-12-07
407,Cedar Valley Manufacturing,CVM,930,677,delivered,2024-11-06,2024-11-10
408,Prairie Technical Components,PTC,69,306,pending,2024-08-10,2024-08-14
409,Ranger Vehicle Parts,RVP,252,507,delivered,2024-01-03,2024-01-11
410,Ironclad Industrial Systems,IIS,860,354,pending,2023-02-14,2023-02-16
411,Cascade Aerospace Systems,CAS,748,628,pending,2025-04-14,2025-05-11
412,Trident Marine Components,TMC,39,606,pending,2026-11-04,2026-12-01
413,Harborline Industrial Supply,HIS,641,768,shipped,2026-10-04,2026-10-20
414,Evergreen Field Support,EFS,612,89,shipped,2026-04-04,2026-04-08
415,Prairie Technical Components,PTC,234,226,shipped,2024-06-10,2024-06-15
416,Patriot Precision Parts,PPP,871,654,shipped,2023-03-12,2023-03-19
417,Apex Defense Components,ADC,876,874,delivered,2025-08-27,2025-09-25
418,Cascade Aerospace Systems,CAS,776,626,pending,2024-12-07,2024-12-10
419,Falcon Electronics Group,FEG,713,657,pending,2025-03-12,2025-03-26
420,Mesa Tactical Manufacturing,MTM,277,178,delivered,2023-12-23,2024-01-19
421,Harborline Industrial Supply,HIS,377,269,pending,2026-12-06,2027-01-01
422,Ironclad Industrial Systems,IIS,649,573,pending,2026-03-02,2026-03-27
423,Granite State Components,GSC,168,376,shipped,2025-10-08,2025-10-12
424,Pinnacle Hydraulic Systems,PHS,436,921,delivered,2024-01-09,2024-01-10
425,Atlas Ground Support,AGS,148,20,delivered,2024-11-10,2024-11-25
426,Patriot Precision Parts,PPP,23,803,pending,2023-06-24,2023-06-29
427,Lone Star Equipment Group,LSEG,246,934,pending,2024-12-07,2024-12-22
428,Liberty Mechanical Systems,LMS,549,413,shipped,2023-12-07,2023-12-30
429,Pinnacle Hydraulic Systems,PHS,40,519,pending,2024-01-27,2024-02-12
430,Granite State Components,GSC,83,389,pending,2025-02-12,2025-02-26
431,Patriot Precision Parts,PPP,55,24,shipped,2025-12-11,2025-12-31
432,Gulf Coast Maintenance Parts,GCMP,143,692,shipped,2024-05-17,2024-05-27
433,Liberty Mechanical Systems,LMS,986,106,shipped,2026-09-10,2026-09-27
434,Titan Mobility Systems,TMS,216,213,shipped,2023-08-24,2023-09-22
435,Redstone Logistics Group,RLG,342,801,shipped,2024-09-20,2024-10-19
436,Gulf Coast Maintenance Parts,GCMP,868,748,delivered,2025-10-07,2025-11-01
437,Northstar Defense Supply,NDS,661,562,delivered,2024-09-04,2024-09-18
438,Cascade Aerospace Systems,CAS,775,683,shipped,2026-12-20,2027-01-12
439,Titan Mobility Systems,TMS,148,332,pending,2024-12-23,2025-01-07
440,Harborline Industrial Supply,HIS,827,820,pending,2025-02-03,2025-02-20
441,Ironclad Industrial Systems,IIS,833,340,pending,2025-03-09,2025-03-19
442,Prairie Technical Components,PTC,178,208,delivered,2024-09-17,2024-10-14
443,Heritage Logistics Supply,HLS,206,536,delivered,2024-09-11,2024-09-16
444,Redstone Logistics Group,RLG,976,692,delivered,2023-09-11,2023-10-02
445,Ranger Vehicle Parts,RVP,375,473,pending,2026-03-01,2026-03-12
446,Evergreen Field Support,EFS,874,136,shipped,2023-02-20,2023-03-04
447,Mesa Tactical Manufacturing,MTM,539,584,shipped,2023-11-26,2023-12-11
448,Granite State Components,GSC,542,359,delivered,2025-03-21,2025-04-13
449,Northstar Defense Supply,NDS,238,932,delivered,2023-05-13,2023-05-28
450,Apex Defense Components,ADC,397,374,delivered,2023-07-08,2023-07-17
451,Ironclad Industrial Systems,IIS,270,454,delivered,2025-06-08,2025-06-28
452,Blue Ridge Defense Manufacturing,BRDM,904,103,shipped,2024-11-22,2024-11-27
453,Lone Star Equipment Group,LSEG,763,397,pending,2026-01-07,2026-01-28
454,Keystone Industrial Supply,KIS,247,819,delivered,2023-12-12,2023-12-14
455,Northstar Defense Supply,NDS,247,482,pending,2023-02-14,2023-03-11
456,Summit Tactical Supply,STS,763,64,shipped,2025-02-13,2025-03-04
457,Frontier Aviation Components,FAC,405,98,pending,2026-06-24,2026-06-28
458,Mesa Tactical Manufacturing,MTM,469,907,pending,2024-11-18,2024-12-10
459,Liberty Mechanical Systems,LMS,620,443,shipped,2026-06-07,2026-06-21
460,Keystone Industrial Supply,KIS,189,652,pending,2024-04-19,2024-05-11
461,Vector Aerospace Supply,VAS,702,756,delivered,2025-03-03,2025-03-19
462,Redstone Logistics Group,RLG,545,23,delivered,2024-04-15,2024-05-13
463,Harborline Industrial Supply,HIS,338,51,shipped,2024-02-05,2024-02-11
464,Granite State Components,GSC,153,613,shipped,2024-04-25,2024-05-09
465,Prairie Technical Components,PTC,602,412,delivered,2024-05-07,2024-05-26
466,Liberty Mechanical Systems,LMS,510,322,delivered,2025-02-06,2025-02-25
467,Trident Marine Components,TMC,286,725,pending,2025-01-22,2025-02-01
468,Falcon Electronics Group,FEG,103,315,delivered,2023-03-25,2023-04-16
469,Ranger Vehicle Parts,RVP,710,628,delivered,2023-05-02,2023-05-06
470,Sentinel Equipment Supply,SES,352,728,pending,2026-11-16,2026-11-24
471,Cascade Aerospace Systems,CAS,976,523,delivered,2026-10-23,2026-10-25
472,Sentinel Equipment Supply,SES,183,335,pending,2025-01-27,2025-02-09
473,Trident Marine Components,TMC,885,61,pending,2026-09-02,2026-09-20
474,Ranger Vehicle Parts,RVP,151,499,pending,2023-01-28,2023-02-16
475,Cedar Valley Manufacturing,CVM,701,718,pending,2025-05-16,2025-05-26
476,Ranger Vehicle Parts,RVP,221,559,shipped,2023-02-24,2023-03-17
477,Ranger Vehicle Parts,RVP,474,298,pending,2024-04-08,2024-04-23
478,Mesa Tactical Manufacturing,MTM,677,67,shipped,2023-01-14,2023-01-18
479,Frontier Aviation Components,FAC,197,889,shipped,2025-04-22,2025-05-17
480,Heritage Logistics Supply,HLS,466,260,delivered,2026-07-16,2026-07-20
481,Pinnacle Hydraulic Systems,PHS,264,840,pending,2025-08-16,2025-08-22
482,Titan Mobility Systems,TMS,202,495,pending,2026-12-24,2027-01-06
483,Ranger Vehicle Parts,RVP,900,416,delivered,2026-10-04,2026-10-29
484,Northstar Defense Supply,NDS,324,247,pending,2026-02-25,2026-03-20
485,Gulf Coast Maintenance Parts,GCMP,45,543,pending,2025-01-05,2025-01-08
486,Lone Star Equipment Group,LSEG,269,86,shipped,2026-09-25,2026-10-17
487,Granite State Components,GSC,393,862,shipped,2026-01-21,2026-01-29
488,Cedar Valley Manufacturing,CVM,235,610,shipped,2026-08-26,2026-09-20
489,Trident Marine Components,TMC,510,873,shipped,2025-07-11,2025-07-20
490,Compass Maritime Supply,CMS,183,291,shipped,2024-02-20,2024-03-20
491,Summit Tactical Supply,STS,212,837,pending,2024-01-21,2024-01-23
492,Liberty Mechanical Systems,LMS,338,61,pending,2024-09-03,2024-09-11
493,Cedar Valley Manufacturing,CVM,848,690,pending,2026-09-27,2026-10-10
494,Titan Mobility Systems,TMS,389,456,delivered,2026-01-07,2026-01-12
495,Vector Aerospace Supply,VAS,752,202,pending,2024-12-21,2025-01-15
496,Vector Aerospace Supply,VAS,602,24,shipped,2025-09-25,2025-09-27
497,Summit Tactical Supply,STS,104,800,shipped,2026-02-17,2026-03-08
498,Vector Aerospace Supply,VAS,630,527,shipped,2024-11-27,2024-12-07
499,Falcon Electronics Group,FEG,958,14,shipped,2023-08-07,2023-08-09
500,Frontier Aviation Components,FAC,522,968,pending,2024-01-23,2024-02-06
501,Trident Marine Components,TMC,310,822,shipped,2025-06-26,2025-07-19
502,Trident Marine Components,TMC,199,138,delivered,2024-04-04,2024-04-15
503,Heritage Logistics Supply,HLS,934,506,shipped,2026-01-23,2026-01-28
504,Falcon Electronics Group,FEG,259,697,delivered,2023-01-10,2023-02-01
505,Harborline Industrial Supply,HIS,261,781,delivered,2024-05-20,2024-05-22
506,Gulf Coast Maintenance Parts,GCMP,309,293,delivered,2025-03-03,2025-03-20
507,Compass Maritime Supply,CMS,757,55,shipped,2026-11-02,2026-11-15
508,Gulf Coast Maintenance Parts,GCMP,876,673,delivered,2024-09-13,2024-09-25
509,Atlas Ground Support,AGS,649,956,shipped,2024-01-06,2024-01-22
510,Apex Defense Components,ADC,893,367,shipped,2024-03-28,2024-04-26
511,Ironclad Industrial Systems,IIS,933,292,pending,2023-10-20,2023-11-12
512,Cedar Valley Manufacturing,CVM,258,368,shipped,2025-05-09,2025-05-26
513,Blue Ridge Defense Manufacturing,BRDM,893,297,delivered,2023-12-10,2023-12-12
514,Atlas Ground Support,AGS,595,222,shipped,2025-10-01,2025-10-19
515,Granite State Components,GSC,840,473,pending,2024-05-21,2024-05-24
516,Patriot Precision Parts,PPP,182,549,pending,2026-11-10,2026-11-20
517,Patriot Precision Parts,PPP,712,70,delivered,2025-01-06,2025-01-21
518,Compass Maritime Supply,CMS,659,540,shipped,2025-05-01,2025-05-13
519,Falcon Electronics Group,FEG,850,350,shipped,2024-03-09,2024-03-11
520,Mesa Tactical Manufacturing,MTM,324,718,delivered,2024-10-02,2024-10-11
521,Patriot Precision Parts,PPP,59,387,shipped,2024-12-21,2025-01-18
522,Sterling Power Systems,SPS,379,610,delivered,2024-08-16,2024-09-11
523,Trident Marine Components,TMC,324,496,pending,2025-11-04,2025-11-30
524,Pinnacle Hydraulic Systems,PHS,259,955,shipped,2026-11-05,2026-11-11
525,Sentinel Equipment Supply,SES,584,507,pending,2025-01-11,2025-02-10
526,Harborline Industrial Supply,HIS,294,406,shipped,2025-12-23,2026-01-12
527,Frontier Aviation Components,FAC,150,427,pending,2023-03-22,2023-03-23
528,Falcon Electronics Group,FEG,12,475,pending,2026-02-03,2026-02-11
529,Trident Marine Components,TMC,657,612,delivered,2025-09-05,2025-10-01
530,Heritage Logistics Supply,HLS,733,701,shipped,2024-06-22,2024-07-06
531,Frontier Aviation Components,FAC,161,353,delivered,2023-09-12,2023-09-24
532,Falcon Electronics Group,FEG,600,887,shipped,2026-05-16,2026-06-13
533,Patriot Precision Parts,PPP,333,302,shipped,2024-07-26,2024-08-13
534,Evergreen Field Support,EFS,933,956,delivered,2025-07-20,2025-08-05
535,Falcon Electronics Group,FEG,60,23,pending,2025-01-23,2025-02-11
536,Liberty Mechanical Systems,LMS,962,615,pending,2026-09-10,2026-09-18
537,Evergreen Field Support,EFS,924,366,delivered,2024-02-14,2024-02-18
538,Atlas Ground Support,AGS,325,362,delivered,2024-10-25,2024-11-04
539,Trident Marine Components,TMC,10,269,pending,2026-08-15,2026-08-22
540,Northstar Defense Supply,NDS,143,654,delivered,2025-10-13,2025-11-04
541,Redstone Logistics Group,RLG,815,898,pending,2024-02-11,2024-02-14
542,Frontier Aviation Components,FAC,745,937,shipped,2025-12-13,2025-12-30
543,Blue Ridge Defense Manufacturing,BRDM,846,342,delivered,2024-02-27,2024-03-10
544,Cedar Valley Manufacturing,CVM,759,484,shipped,2024-11-27,2024-12-14
545,Atlas Ground Support,AGS,419,895,pending,2026-06-05,2026-06-26
546,Cascade Aerospace Systems,CAS,830,918,pending,2024-12-20,2025-01-01
547,Blue Ridge Defense Manufacturing,BRDM,397,175,delivered,2026-12-10,2027-01-02
548,Falcon Electronics Group,FEG,202,693,pending,2023-09-02,2023-09-27
549,Vector Aerospace Supply,VAS,30,21,delivered,2024-04-08,2024-04-19
550,Redstone Logistics Group,RLG,405,878,shipped,2023-09-27,2023-10-03
551,Patriot Precision Parts,PPP,490,503,delivered,2025-02-09,2025-02-26
552,Summit Tactical Supply,STS,469,796,shipped,2024-08-26,2024-09-17
553,Titan Mobility Systems,TMS,596,1000,shipped,2025-09-12,2025-09-13
554,Evergreen Field Support,EFS,152,360,shipped,2023-07-27,2023-08-23
555,Atlas Ground Support,AGS,297,204,pending,2026-08-06,2026-08-07
556,Harborline Industrial Supply,HIS,647,852,delivered,2023-07-02,2023-07-09
557,Lone Star Equipment Group,LSEG,390,883,pending,2026-01-02,2026-01-07
558,Cascade Aerospace Systems,CAS,486,687,pending,2024-05-04,2024-05-21
559,Redstone Logistics Group,RLG,560,336,pending,2023-06-21,2023-07-02
560,Gulf Coast Maintenance Parts,GCMP,675,437,delivered,2026-01-28,2026-02-09
561,Ironclad Industrial Systems,IIS,82,669,pending,2023-11-28,2023-12-16
562,Atlas Ground Support,AGS,840,379,shipped,2025-11-22,2025-12-06
563,Northstar Defense Supply,NDS,994,518,delivered,2023-11-07,2023-11-22
564,Cedar Valley Manufacturing,CVM,528,591,shipped,2025-02-01,2025-02-23
565,Falcon Electronics Group,FEG,636,462,pending,2026-04-16,2026-04-30
566,Redstone Logistics Group,RLG,427,529,shipped,2026-12-21,2026-12-26
567,Northstar Defense Supply,NDS,466,914,shipped,2025-03-21,2025-04-10
568,Blue Ridge Defense Manufacturing,BRDM,507,575,pending,2023-02-05,2023-02-16
569,Cedar Valley Manufacturing,CVM,476,71,delivered,2024-11-22,2024-11-27
570,Summit Tactical Supply,STS,704,681,shipped,2025-02-26,2025-03-20
571,Northstar Defense Supply,NDS,860,964,delivered,2023-06-04,2023-06-07
572,Blue Ridge Defense Manufacturing,BRDM,401,786,delivered,2026-11-24,2026-12-13
573,Trident Marine Components,TMC,703,414,shipped,2024-09-08,2024-09-13
574,Apex Defense Components,ADC,711,885,pending,2025-11-11,2025-11-21
575,Cascade Aerospace Systems,CAS,526,829,shipped,2026-05-11,2026-05-27
576,Granite State Components,GSC,69,583,pending,2025-09-19,2025-09-28
577,Gulf Coast Maintenance Parts,GCMP,476,957,pending,2023-06-26,2023-07-15
578,Falcon Electronics Group,FEG,913,686,shipped,2026-12-07,2026-12-30
579,Summit Tactical Supply,STS,496,455,pending,2023-09-25,2023-10-02
580,Patriot Precision Parts,PPP,605,633,delivered,2025-06-16,2025-07-05
581,Blue Ridge Defense Manufacturing,BRDM,175,105,pending,2023-01-13,2023-01-18
582,Trident Marine Components,TMC,161,287,pending,2023-12-26,2024-01-21
583,Keystone Industrial Supply,KIS,128,503,shipped,2025-12-08,2025-12-24
584,Sentinel Equipment Supply,SES,668,346,delivered,2025-02-28,2025-03-27
585,Harborline Industrial Supply,HIS,621,820,shipped,2024-03-21,2024-03-24
586,Vector Aerospace Supply,VAS,236,488,pending,2025-04-22,2025-05-15
587,Ranger Vehicle Parts,RVP,361,490,pending,2025-06-02,2025-06-29
588,Falcon Electronics Group,FEG,424,52,delivered,2025-02-12,2025-03-04
589,Harborline Industrial Supply,HIS,346,492,delivered,2023-08-06,2023-08-18
590,Heritage Logistics Supply,HLS,721,53,pending,2026-05-11,2026-05-24
591,Trident Marine Components,TMC,744,862,delivered,2024-10-17,2024-11-07
592,Titan Mobility Systems,TMS,183,779,shipped,2026-11-04,2026-11-18
593,Heritage Logistics Supply,HLS,518,635,pending,2026-04-28,2026-04-29
594,Gulf Coast Maintenance Parts,GCMP,425,985,delivered,2025-08-28,2025-09-20
595,Blue Ridge Defense Manufacturing,BRDM,353,949,pending,2024-07-01,2024-07-18
596,Frontier Aviation Components,FAC,257,966,pending,2025-01-14,2025-01-25
597,Patriot Precision Parts,PPP,178,721,delivered,2023-01-27,2023-02-23
598,Harborline Industrial Supply,HIS,256,984,delivered,2026-01-16,2026-02-09
599,Mesa Tactical Manufacturing,MTM,645,840,shipped,2025-05-27,2025-06-21
600,Atlas Ground Support,AGS,771,157,pending,2024-12-18,2024-12-29
601,Blue Ridge Defense Manufacturing,BRDM,171,903,delivered,2026-08-04,2026-08-22
602,Apex Defense Components,ADC,796,206,shipped,2025-05-25,2025-06-19
603,Titan Mobility Systems,TMS,529,450,pending,2026-11-13,2026-11-20
604,Sterling Power Systems,SPS,816,592,delivered,2024-12-26,2025-01-23
605,Heritage Logistics Supply,HLS,49,202,delivered,2023-06-08,2023-06-20
606,Titan Mobility Systems,TMS,64,752,pending,2023-08-14,2023-09-05
607,Ranger Vehicle Parts,RVP,358,192,shipped,2025-03-22,2025-04-21
608,Pinnacle Hydraulic Systems,PHS,444,422,shipped,2025-04-26,2025-05-18
609,Summit Tactical Supply,STS,915,279,pending,2023-09-08,2023-09-24
610,Blue Ridge Defense Manufacturing,BRDM,958,343,pending,2023-03-17,2023-04-02
611,Falcon Electronics Group,FEG,149,258,pending,2023-05-21,2023-06-15
612,Titan Mobility Systems,TMS,125,2,shipped,2023-07-11,2023-08-04
613,Ranger Vehicle Parts,RVP,585,912,shipped,2025-03-11,2025-04-10
614,Cedar Valley Manufacturing,CVM,808,827,delivered,2023-09-17,2023-10-05
615,Liberty Mechanical Systems,LMS,804,911,delivered,2026-05-15,2026-05-25
616,Falcon Electronics Group,FEG,964,721,pending,2023-09-05,2023-09-25
617,Keystone Industrial Supply,KIS,666,869,pending,2024-03-13,2024-03-14
618,Falcon Electronics Group,FEG,810,393,delivered,2024-09-03,2024-09-15
619,Liberty Mechanical Systems,LMS,235,256,shipped,2023-11-05,2023-12-04
620,Blue Ridge Defense Manufacturing,BRDM,566,680,shipped,2026-01-24,2026-02-14
621,Liberty Mechanical Systems,LMS,101,675,delivered,2023-01-15,2023-01-23
622,Northstar Defense Supply,NDS,214,101,pending,2025-10-02,2025-10-07
623,Sentinel Equipment Supply,SES,666,680,pending,2026-03-28,2026-04-06
624,Cascade Aerospace Systems,CAS,741,731,delivered,2023-07-23,2023-08-06
625,Vector Aerospace Supply,VAS,281,585,delivered,2023-04-03,2023-04-10
626,Compass Maritime Supply,CMS,642,932,delivered,2024-12-22,2024-12-27
627,Heritage Logistics Supply,HLS,64,572,delivered,2024-11-13,2024-11-22
628,Frontier Aviation Components,FAC,240,493,delivered,2023-03-15,2023-03-26
629,Titan Mobility Systems,TMS,845,433,shipped,2025-04-07,2025-04-29
630,Northstar Defense Supply,NDS,634,250,pending,2026-01-21,2026-02-06
631,Summit Tactical Supply,STS,779,622,pending,2026-12-12,2027-01-03
632,Frontier Aviation Components,FAC,873,306,delivered,2024-11-19,2024-12-18
633,Lone Star Equipment Group,LSEG,552,976,pending,2023-04-01,2023-04-06
634,Gulf Coast Maintenance Parts,GCMP,352,345,shipped,2023-02-26,2023-03-12
635,Redstone Logistics Group,RLG,56,614,delivered,2024-05-15,2024-06-04
636,Frontier Aviation Components,FAC,228,169,pending,2023-04-05,2023-04-18
637,Vector Aerospace Supply,VAS,43,478,delivered,2024-02-13,2024-02-20
638,Cascade Aerospace Systems,CAS,724,2,pending,2023-06-22,2023-07-15
639,Vector Aerospace Supply,VAS,558,326,shipped,2025-11-01,2025-11-27
640,Evergreen Field Support,EFS,10,298,shipped,2026-07-23,2026-08-20
641,Cedar Valley Manufacturing,CVM,655,701,pending,2024-12-07,2024-12-30
642,Falcon Electronics Group,FEG,515,650,shipped,2023-02-20,2023-03-06
643,Blue Ridge Defense Manufacturing,BRDM,102,256,shipped,2024-04-21,2024-05-03
644,Apex Defense Components,ADC,164,134,pending,2023-07-07,2023-08-05
645,Heritage Logistics Supply,HLS,59,24,delivered,2023-11-13,2023-11-22
646,Evergreen Field Support,EFS,14,162,shipped,2025-09-26,2025-10-18
647,Harborline Industrial Supply,HIS,340,633,shipped,2023-01-06,2023-01-22
648,Blue Ridge Defense Manufacturing,BRDM,180,726,pending,2025-06-08,2025-06-28
649,Granite State Components,GSC,886,873,pending,2026-11-05,2026-11-07
650,Liberty Mechanical Systems,LMS,376,224,pending,2025-07-11,2025-07-24
651,Lone Star Equipment Group,LSEG,156,689,delivered,2026-02-01,2026-03-02
652,Gulf Coast Maintenance Parts,GCMP,816,178,delivered,2026-06-04,2026-06-16
653,Compass Maritime Supply,CMS,735,906,pending,2023-10-24,2023-11-18
654,Falcon Electronics Group,FEG,324,827,delivered,2023-01-12,2023-01-26
655,Harborline Industrial Supply,HIS,299,522,pending,2026-11-04,2026-12-04
656,Apex Defense Components,ADC,454,784,pending,2023-12-21,2023-12-22
657,Evergreen Field Support,EFS,574,119,pending,2026-10-01,2026-10-23
658,Cascade Aerospace Systems,CAS,706,580,pending,2025-10-28,2025-11-27
659,Northstar Defense Supply,NDS,76,504,delivered,2026-02-01,2026-02-08
660,Titan Mobility Systems,TMS,804,396,shipped,2024-08-16,2024-08-19
661,Vector Aerospace Supply,VAS,331,946,pending,2023-10-28,2023-11-25
662,Ranger Vehicle Parts,RVP,342,239,delivered,2025-03-19,2025-03-20
663,Compass Maritime Supply,CMS,411,9,shipped,2024-01-04,2024-02-01
664,Mesa Tactical Manufacturing,MTM,768,167,pending,2026-07-07,2026-08-05
665,Falcon Electronics Group,FEG,302,627,pending,2026-05-02,2026-05-21
666,Keystone Industrial Supply,KIS,764,993,shipped,2026-11-13,2026-11-28
667,Granite State Components,GSC,847,863,pending,2024-03-04,2024-03-12
668,Patriot Precision Parts,PPP,621,604,delivered,2023-02-01,2023-02-15
669,Vector Aerospace Supply,VAS,262,959,pending,2024-09-10,2024-09-19
670,Cedar Valley Manufacturing,CVM,933,96,pending,2024-10-26,2024-11-25
671,Apex Defense Components,ADC,10,711,shipped,2026-04-07,2026-05-03
672,Liberty Mechanical Systems,LMS,198,38,shipped,2026-12-11,2026-12-26
673,Vector Aerospace Supply,VAS,533,281,shipped,2023-01-07,2023-01-23
674,Lone Star Equipment Group,LSEG,686,505,shipped,2025-05-23,2025-05-30
675,Vector Aerospace Supply,VAS,688,598,delivered,2026-08-25,2026-09-13
676,Northstar Defense Supply,NDS,737,111,pending,2023-05-02,2023-05-10
677,Harborline Industrial Supply,HIS,41,699,shipped,2025-08-22,2025-08-27
678,Atlas Ground Support,AGS,938,359,shipped,2024-03-22,2024-04-21
679,Compass Maritime Supply,CMS,176,835,pending,2024-06-27,2024-07-26
680,Frontier Aviation Components,FAC,829,497,shipped,2024-03-15,2024-03-29
681,Ironclad Industrial Systems,IIS,577,509,shipped,2023-10-10,2023-11-07
682,Ranger Vehicle Parts,RVP,134,776,delivered,2024-01-08,2024-01-23
683,Trident Marine Components,TMC,368,329,delivered,2025-11-01,2025-11-11
684,Summit Tactical Supply,STS,616,325,delivered,2024-04-05,2024-04-20
685,Liberty Mechanical Systems,LMS,364,49,pending,2026-02-10,2026-03-07
686,Cascade Aerospace Systems,CAS,885,428,delivered,2026-05-09,2026-06-06
687,Sterling Power Systems,SPS,955,484,delivered,2025-02-25,2025-03-17
688,Summit Tactical Supply,STS,799,803,pending,2026-01-22,2026-02-02
689,Lone Star Equipment Group,LSEG,569,346,pending,2024-05-11,2024-05-18
690,Liberty Mechanical Systems,LMS,468,960,delivered,2023-07-15,2023-08-04
691,Northstar Defense Supply,NDS,13,845,delivered,2023-08-14,2023-08-19
692,Sentinel Equipment Supply,SES,75,814,delivered,2025-09-05,2025-09-15
693,Prairie Technical Components,PTC,985,305,pending,2024-03-02,2024-03-11
694,Pinnacle Hydraulic Systems,PHS,669,449,shipped,2025-11-26,2025-12-04
695,Harborline Industrial Supply,HIS,419,619,pending,2023-01-02,2023-01-20
696,Summit Tactical Supply,STS,166,312,delivered,2026-11-17,2026-12-14
697,Titan Mobility Systems,TMS,122,551,delivered,2023-07-14,2023-08-09
698,Cedar Valley Manufacturing,CVM,741,562,pending,2026-11-25,2026-12-12
699,Blue Ridge Defense Manufacturing,BRDM,102,287,pending,2025-12-12,2026-01-02
700,Prairie Technical Components,PTC,754,865,pending,2024-02-15,2024-03-06
701,Vector Aerospace Supply,VAS,134,710,delivered,2024-11-27,2024-12-24
702,Compass Maritime Supply,CMS,241,857,delivered,2025-03-04,2025-04-02
703,Mesa Tactical Manufacturing,MTM,929,460,shipped,2025-02-16,2025-02-20
704,Harborline Industrial Supply,HIS,91,966,delivered,2026-01-04,2026-01-14
705,Apex Defense Components,ADC,141,136,shipped,2025-09-05,2025-09-26
706,Patriot Precision Parts,PPP,563,815,delivered,2025-12-20,2026-01-13
707,Harborline Industrial Supply,HIS,930,820,shipped,2025-02-12,2025-02-28
708,Cedar Valley Manufacturing,CVM,574,775,delivered,2023-04-21,2023-05-03
709,Cedar Valley Manufacturing,CVM,922,948,pending,2025-10-21,2025-11-16
710,Compass Maritime Supply,CMS,573,791,delivered,2023-03-06,2023-03-08
711,Pinnacle Hydraulic Systems,PHS,828,696,delivered,2024-05-09,2024-05-24
712,Atlas Ground Support,AGS,889,808,shipped,2025-04-11,2025-04-22
713,Keystone Industrial Supply,KIS,492,336,pending,2025-11-24,2025-12-03
714,Compass Maritime Supply,CMS,20,421,delivered,2025-01-23,2025-02-06
715,Sterling Power Systems,SPS,597,643,shipped,2024-01-19,2024-02-03
716,Ranger Vehicle Parts,RVP,572,608,pending,2023-03-28,2023-04-15
717,Cedar Valley Manufacturing,CVM,734,599,delivered,2024-12-20,2025-01-02
718,Cedar Valley Manufacturing,CVM,85,500,pending,2024-10-01,2024-10-12
719,Granite State Components,GSC,889,402,delivered,2026-05-10,2026-06-04
720,Compass Maritime Supply,CMS,647,939,pending,2024-09-11,2024-09-29
721,Blue Ridge Defense Manufacturing,BRDM,138,28,shipped,2024-10-11,2024-10-16
722,Ironclad Industrial Systems,IIS,100,512,pending,2025-08-20,2025-09-03
723,Lone Star Equipment Group,LSEG,911,265,shipped,2024-09-27,2024-09-29
724,Falcon Electronics Group,FEG,822,127,pending,2023-06-04,2023-06-25
725,Vector Aerospace Supply,VAS,666,566,delivered,2023-03-06,2023-04-01
726,Mesa Tactical Manufacturing,MTM,71,457,shipped,2026-07-17,2026-08-13
727,Lone Star Equipment Group,LSEG,773,632,shipped,2025-11-24,2025-12-11
728,Ranger Vehicle Parts,RVP,863,600,pending,2024-06-27,2024-07-11
729,Trident Marine Components,TMC,536,717,shipped,2026-10-04,2026-10-11
730,Apex Defense Components,ADC,334,945,pending,2023-01-18,2023-01-19
731,Sterling Power Systems,SPS,635,325,pending,2026-09-14,2026-10-09
732,Liberty Mechanical Systems,LMS,129,71,delivered,2026-06-26,2026-07-16
733,Gulf Coast Maintenance Parts,GCMP,797,214,pending,2026-07-23,2026-08-15
734,Heritage Logistics Supply,HLS,158,905,pending,2025-01-07,2025-01-28
735,Ranger Vehicle Parts,RVP,711,948,pending,2024-07-20,2024-07-28
736,Evergreen Field Support,EFS,85,704,shipped,2026-03-17,2026-03-24
737,Falcon Electronics Group,FEG,632,302,delivered,2025-05-09,2025-05-14
738,Mesa Tactical Manufacturing,MTM,544,417,shipped,2024-06-18,2024-06-28
739,Vector Aerospace Supply,VAS,991,753,pending,2024-09-13,2024-10-01
740,Titan Mobility Systems,TMS,687,446,pending,2026-02-15,2026-03-08
741,Blue Ridge Defense Manufacturing,BRDM,984,991,pending,2024-05-16,2024-05-28
742,Evergreen Field Support,EFS,79,321,shipped,2024-09-05,2024-09-18
743,Trident Marine Components,TMC,90,361,pending,2023-10-02,2023-10-12
744,Redstone Logistics Group,RLG,251,478,shipped,2026-11-05,2026-11-15
745,Patriot Precision Parts,PPP,364,723,pending,2024-11-04,2024-11-07
746,Mesa Tactical Manufacturing,MTM,461,357,shipped,2023-09-26,2023-10-14
747,Liberty Mechanical Systems,LMS,448,651,shipped,2026-08-12,2026-08-22
748,Lone Star Equipment Group,LSEG,126,468,shipped,2023-11-14,2023-11-27
749,Evergreen Field Support,EFS,665,288,delivered,2024-04-17,2024-05-03
750,Granite State Components,GSC,521,234,pending,2024-02-24,2024-03-22
751,Falcon Electronics Group,FEG,969,504,shipped,2023-10-19,2023-11-11
752,Redstone Logistics Group,RLG,547,361,shipped,2023-01-13,2023-01-29
753,Sentinel Equipment Supply,SES,967,55,shipped,2026-01-22,2026-02-08
754,Northstar Defense Supply,NDS,472,104,delivered,2023-10-25,2023-11-21
755,Patriot Precision Parts,PPP,680,866,pending,2025-06-21,2025-06-23
756,Falcon Electronics Group,FEG,828,832,shipped,2024-05-10,2024-05-27
757,Pinnacle Hydraulic Systems,PHS,600,156,shipped,2023-10-23,2023-11-07
758,Sentinel Equipment Supply,SES,335,99,pending,2025-11-23,2025-12-15
759,Frontier Aviation Components,FAC,557,937,shipped,2025-09-16,2025-09-17
760,Sterling Power Systems,SPS,311,2,pending,2024-04-16,2024-04-25
761,Pinnacle Hydraulic Systems,PHS,419,845,pending,2025-08-21,2025-09-07
762,Summit Tactical Supply,STS,419,15,delivered,2025-10-20,2025-11-08
763,Northstar Defense Supply,NDS,650,487,pending,2025-08-21,2025-09-12
764,Compass Maritime Supply,CMS,658,646,delivered,2024-09-28,2024-10-21
765,Patriot Precision Parts,PPP,863,957,shipped,2024-02-07,2024-03-03
766,Falcon Electronics Group,FEG,604,859,delivered,2023-11-16,2023-12-04
767,Cedar Valley Manufacturing,CVM,913,150,pending,2024-03-24,2024-04-03
768,Mesa Tactical Manufacturing,MTM,20,558,shipped,2026-04-22,2026-05-12
769,Mesa Tactical Manufacturing,MTM,82,785,delivered,2026-02-24,2026-02-26
770,Ranger Vehicle Parts,RVP,84,225,pending,2026-11-10,2026-11-15
771,Liberty Mechanical Systems,LMS,833,34,delivered,2024-11-18,2024-11-26
772,Compass Maritime Supply,CMS,265,980,delivered,2026-08-19,2026-08-26
773,Heritage Logistics Supply,HLS,256,536,delivered,2023-07-03,2023-07-25
774,Blue Ridge Defense Manufacturing,BRDM,70,632,delivered,2025-05-02,2025-05-16
775,Cascade Aerospace Systems,CAS,179,119,delivered,2023-02-07,2023-02-10
776,Ranger Vehicle Parts,RVP,169,559,pending,2023-01-04,2023-01-10
777,Ironclad Industrial Systems,IIS,915,93,pending,2025-12-12,2026-01-06
778,Pinnacle Hydraulic Systems,PHS,257,129,shipped,2025-07-22,2025-08-15
779,Redstone Logistics Group,RLG,614,793,delivered,2023-02-18,2023-02-28
780,Mesa Tactical Manufacturing,MTM,993,664,delivered,2024-05-13,2024-05-22
781,Compass Maritime Supply,CMS,520,82,delivered,2026-06-02,2026-06-25
782,Compass Maritime Supply,CMS,865,968,shipped,2025-07-18,2025-08-15
783,Titan Mobility Systems,TMS,909,74,pending,2026-10-19,2026-11-01
784,Compass Maritime Supply,CMS,528,566,shipped,2023-02-15,2023-03-03
785,Northstar Defense Supply,NDS,58,23,shipped,2024-12-26,2025-01-23
786,Northstar Defense Supply,NDS,280,187,shipped,2024-02-10,2024-02-20
787,Evergreen Field Support,EFS,235,511,delivered,2025-08-28,2025-09-14
788,Mesa Tactical Manufacturing,MTM,409,41,pending,2023-01-14,2023-02-08
789,Ironclad Industrial Systems,IIS,935,580,pending,2025-08-05,2025-08-31
790,Apex Defense Components,ADC,473,287,pending,2024-08-02,2024-08-27
791,Vector Aerospace Supply,VAS,505,180,shipped,2024-07-10,2024-07-26
792,Keystone Industrial Supply,KIS,635,763,delivered,2025-05-22,2025-06-21
793,Liberty Mechanical Systems,LMS,176,239,pending,2025-03-01,2025-03-03
794,Blue Ridge Defense Manufacturing,BRDM,759,764,pending,2024-11-28,2024-12-01
795,Evergreen Field Support,EFS,818,349,delivered,2024-03-06,2024-03-19
796,Prairie Technical Components,PTC,22,101,delivered,2025-01-03,2025-01-23
797,Blue Ridge Defense Manufacturing,BRDM,255,945,pending,2023-01-10,2023-01-17
798,Redstone Logistics Group,RLG,282,96,delivered,2024-05-18,2024-06-08
799,Falcon Electronics Group,FEG,949,80,delivered,2026-05-21,2026-06-20
800,Trident Marine Components,TMC,744,503,pending,2026-09-22,2026-10-09
801,Sterling Power Systems,SPS,416,645,pending,2023-11-24,2023-12-14
802,Heritage Logistics Supply,HLS,248,60,delivered,2023-05-01,2023-05-25
803,Trident Marine Components,TMC,589,613,delivered,2026-01-05,2026-01-12
804,Cascade Aerospace Systems,CAS,813,477,delivered,2025-06-07,2025-06-22
805,Harborline Industrial Supply,HIS,966,703,pending,2025-05-06,2025-05-25
806,Apex Defense Components,ADC,72,287,pending,2023-04-20,2023-04-26
807,Blue Ridge Defense Manufacturing,BRDM,221,478,pending,2024-02-11,2024-02-20
808,Atlas Ground Support,AGS,741,48,delivered,2025-03-04,2025-03-27
809,Prairie Technical Components,PTC,190,920,pending,2023-04-05,2023-04-11
810,Prairie Technical Components,PTC,341,349,delivered,2024-08-04,2024-08-31
811,Liberty Mechanical Systems,LMS,1000,376,delivered,2023-12-15,2023-12-20
812,Apex Defense Components,ADC,169,199,shipped,2023-01-19,2023-02-07
813,Northstar Defense Supply,NDS,157,269,pending,2026-07-17,2026-07-29
814,Compass Maritime Supply,CMS,980,443,pending,2026-12-08,2026-12-22
815,Granite State Components,GSC,225,675,shipped,2026-07-13,2026-07-20
816,Blue Ridge Defense Manufacturing,BRDM,256,587,pending,2024-09-09,2024-09-19
817,Mesa Tactical Manufacturing,MTM,357,824,shipped,2024-04-05,2024-04-14
818,Blue Ridge Defense Manufacturing,BRDM,336,268,pending,2024-12-28,2025-01-09
819,Patriot Precision Parts,PPP,625,591,pending,2023-05-17,2023-05-20
820,Gulf Coast Maintenance Parts,GCMP,574,67,pending,2024-10-01,2024-10-16
821,Keystone Industrial Supply,KIS,975,36,pending,2023-06-15,2023-06-24
822,Compass Maritime Supply,CMS,353,126,delivered,2023-06-25,2023-07-19
823,Atlas Ground Support,AGS,15,451,pending,2025-07-22,2025-08-11
824,Granite State Components,GSC,584,962,pending,2023-09-05,2023-09-12
825,Frontier Aviation Components,FAC,125,584,shipped,2025-12-09,2025-12-31
826,Sentinel Equipment Supply,SES,684,954,pending,2025-12-14,2025-12-15
827,Sterling Power Systems,SPS,762,986,shipped,2026-12-18,2027-01-04
828,Heritage Logistics Supply,HLS,97,658,pending,2025-06-14,2025-07-12
829,Harborline Industrial Supply,HIS,346,158,shipped,2025-05-13,2025-06-01
830,Vector Aerospace Supply,VAS,334,770,shipped,2024-11-02,2024-11-30
831,Sterling Power Systems,SPS,839,23,pending,2026-12-02,2026-12-19
832,Ranger Vehicle Parts,RVP,940,823,delivered,2025-04-14,2025-04-19
833,Liberty Mechanical Systems,LMS,74,961,shipped,2023-02-02,2023-02-03
834,Mesa Tactical Manufacturing,MTM,569,857,pending,2024-12-13,2024-12-20
835,Sterling Power Systems,SPS,96,310,shipped,2023-10-13,2023-11-10
836,Sterling Power Systems,SPS,208,560,shipped,2026-07-16,2026-08-15
837,Titan Mobility Systems,TMS,412,184,pending,2025-08-04,2025-08-24
838,Cedar Valley Manufacturing,CVM,51,456,shipped,2024-11-04,2024-11-16
839,Ironclad Industrial Systems,IIS,950,975,shipped,2024-07-06,2024-07-22
840,Sentinel Equipment Supply,SES,189,505,delivered,2025-09-17,2025-10-15
841,Pinnacle Hydraulic Systems,PHS,635,417,delivered,2023-02-12,2023-03-08
842,Titan Mobility Systems,TMS,794,944,delivered,2024-08-05,2024-08-10
843,Mesa Tactical Manufacturing,MTM,45,365,delivered,2024-12-05,2024-12-21
844,Evergreen Field Support,EFS,683,463,delivered,2025-08-07,2025-09-06
845,Keystone Industrial Supply,KIS,665,327,shipped,2024-06-05,2024-06-25
846,Pinnacle Hydraulic Systems,PHS,655,972,pending,2025-08-20,2025-09-05
847,Evergreen Field Support,EFS,888,800,shipped,2023-01-04,2023-01-10
848,Northstar Defense Supply,NDS,919,74,pending,2024-12-03,2024-12-07
849,Harborline Industrial Supply,HIS,627,35,delivered,2023-08-16,2023-09-13
850,Granite State Components,GSC,900,532,shipped,2024-02-15,2024-03-13
851,Harborline Industrial Supply,HIS,794,700,shipped,2025-02-08,2025-03-10
852,Evergreen Field Support,EFS,536,277,pending,2026-03-02,2026-03-22
853,Heritage Logistics Supply,HLS,604,183,delivered,2025-08-23,2025-09-05
854,Granite State Components,GSC,943,623,delivered,2023-01-22,2023-02-14
855,Gulf Coast Maintenance Parts,GCMP,618,126,pending,2025-07-24,2025-07-29
856,Sentinel Equipment Supply,SES,108,980,pending,2026-11-19,2026-12-17
857,Cedar Valley Manufacturing,CVM,552,912,delivered,2023-02-23,2023-03-10
858,Gulf Coast Maintenance Parts,GCMP,739,98,pending,2026-07-10,2026-07-29
859,Titan Mobility Systems,TMS,583,132,delivered,2025-02-01,2025-02-18
860,Atlas Ground Support,AGS,964,514,shipped,2023-06-26,2023-07-13
861,Atlas Ground Support,AGS,9,451,delivered,2026-08-27,2026-09-24
862,Sentinel Equipment Supply,SES,144,760,delivered,2026-03-02,2026-03-29
863,Compass Maritime Supply,CMS,599,787,pending,2023-09-07,2023-09-30
864,Pinnacle Hydraulic Systems,PHS,856,786,delivered,2026-11-12,2026-11-14
865,Apex Defense Components,ADC,978,634,pending,2023-09-19,2023-10-09
866,Sentinel Equipment Supply,SES,720,731,delivered,2025-02-06,2025-03-03
867,Falcon Electronics Group,FEG,878,614,pending,2025-09-03,2025-09-22
868,Sterling Power Systems,SPS,832,128,delivered,2024-03-28,2024-04-15
869,Gulf Coast Maintenance Parts,GCMP,751,658,delivered,2024-09-27,2024-10-25
870,Frontier Aviation Components,FAC,465,137,shipped,2024-08-25,2024-09-11
871,Redstone Logistics Group,RLG,633,785,pending,2026-12-18,2027-01-03
872,Patriot Precision Parts,PPP,640,415,delivered,2025-02-08,2025-02-21
873,Ironclad Industrial Systems,IIS,686,589,shipped,2024-01-01,2024-01-17
874,Liberty Mechanical Systems,LMS,194,411,pending,2026-12-02,2026-12-06
875,Compass Maritime Supply,CMS,785,4,pending,2024-12-17,2024-12-21
876,Northstar Defense Supply,NDS,275,82,pending,2023-12-11,2023-12-19
877,Prairie Technical Components,PTC,699,9,pending,2026-04-05,2026-04-28
878,Blue Ridge Defense Manufacturing,BRDM,965,721,pending,2025-05-05,2025-05-27
879,Cascade Aerospace Systems,CAS,735,931,pending,2025-11-22,2025-12-13
880,Falcon Electronics Group,FEG,237,769,delivered,2026-09-20,2026-10-08
881,Frontier Aviation Components,FAC,941,426,pending,2026-03-18,2026-03-29
882,Summit Tactical Supply,STS,329,810,delivered,2026-01-22,2026-02-07
883,Trident Marine Components,TMC,246,755,shipped,2026-01-19,2026-02-17
884,Gulf Coast Maintenance Parts,GCMP,804,635,delivered,2025-02-24,2025-03-10
885,Atlas Ground Support,AGS,179,596,shipped,2025-01-01,2025-01-22
886,Atlas Ground Support,AGS,417,688,pending,2025-11-25,2025-12-07
887,Keystone Industrial Supply,KIS,120,200,delivered,2026-05-16,2026-06-06
888,Sterling Power Systems,SPS,351,62,delivered,2026-01-07,2026-01-31
889,Ironclad Industrial Systems,IIS,424,276,delivered,2024-06-17,2024-06-18
890,Sentinel Equipment Supply,SES,8,128,delivered,2026-03-25,2026-03-29
891,Titan Mobility Systems,TMS,537,129,delivered,2023-06-22,2023-07-14
892,Evergreen Field Support,EFS,87,161,pending,2025-05-12,2025-06-08
893,Apex Defense Components,ADC,387,650,pending,2026-12-21,2027-01-10
894,Trident Marine Components,TMC,33,881,delivered,2026-12-14,2027-01-03
895,Summit Tactical Supply,STS,932,213,delivered,2026-03-06,2026-04-01
896,Vector Aerospace Supply,VAS,180,437,delivered,2026-10-10,2026-11-06
897,Sentinel Equipment Supply,SES,958,757,shipped,2023-05-16,2023-06-06
898,Ironclad Industrial Systems,IIS,932,71,delivered,2023-05-02,2023-05-15
899,Heritage Logistics Supply,HLS,239,201,pending,2026-01-20,2026-01-28
900,Falcon Electronics Group,FEG,111,958,pending,2023-05-14,2023-06-06
901,Vector Aerospace Supply,VAS,748,83,delivered,2025-04-02,2025-04-07
902,Apex Defense Components,ADC,561,423,delivered,2026-07-17,2026-07-31
903,Northstar Defense Supply,NDS,477,481,pending,2023-07-01,2023-07-12
904,Blue Ridge Defense Manufacturing,BRDM,591,806,pending,2025-04-12,2025-04-26
905,Summit Tactical Supply,STS,303,557,delivered,2026-11-04,2026-11-26
906,Titan Mobility Systems,TMS,490,1,shipped,2026-09-25,2026-10-19
907,Titan Mobility Systems,TMS,855,559,shipped,2024-03-19,2024-03-30
908,Falcon Electronics Group,FEG,313,38,shipped,2023-02-22,2023-03-12
909,Heritage Logistics Supply,HLS,829,651,delivered,2025-11-25,2025-11-30
910,Gulf Coast Maintenance Parts,GCMP,508,468,shipped,2023-07-17,2023-07-31
911,Compass Maritime Supply,CMS,529,369,shipped,2023-11-24,2023-12-14
912,Ironclad Industrial Systems,IIS,402,26,delivered,2024-02-28,2024-03-13
913,Trident Marine Components,TMC,800,631,delivered,2023-03-16,2023-04-12
914,Summit Tactical Supply,STS,495,225,delivered,2025-07-28,2025-08-03
915,Harborline Industrial Supply,HIS,763,206,shipped,2023-04-13,2023-05-04
916,Patriot Precision Parts,PPP,23,368,pending,2026-11-26,2026-11-28
917,Mesa Tactical Manufacturing,MTM,137,494,shipped,2024-12-14,2024-12-26
918,Ranger Vehicle Parts,RVP,622,617,delivered,2024-04-08,2024-05-06
919,Atlas Ground Support,AGS,5,322,shipped,2026-04-12,2026-04-20
920,Evergreen Field Support,EFS,883,413,delivered,2024-12-28,2025-01-14
921,Vector Aerospace Supply,VAS,158,546,delivered,2024-10-26,2024-11-17
922,Prairie Technical Components,PTC,201,173,shipped,2023-08-02,2023-08-14
923,Apex Defense Components,ADC,3,387,pending,2026-10-07,2026-10-10
924,Liberty Mechanical Systems,LMS,771,319,pending,2023-08-12,2023-08-26
925,Gulf Coast Maintenance Parts,GCMP,988,194,pending,2023-05-17,2023-06-08
926,Mesa Tactical Manufacturing,MTM,933,772,pending,2026-01-26,2026-02-12
927,Apex Defense Components,ADC,331,851,delivered,2023-02-21,2023-02-22
928,Harborline Industrial Supply,HIS,151,10,shipped,2026-04-28,2026-05-28
929,Keystone Industrial Supply,KIS,587,705,pending,2026-05-28,2026-05-29
930,Sterling Power Systems,SPS,942,724,shipped,2024-02-06,2024-02-24
931,Liberty Mechanical Systems,LMS,143,760,pending,2023-02-12,2023-02-19
932,Summit Tactical Supply,STS,388,590,shipped,2023-07-27,2023-07-30
933,Summit Tactical Supply,STS,801,738,delivered,2025-10-17,2025-10-26
934,Titan Mobility Systems,TMS,240,992,shipped,2023-01-04,2023-01-13
935,Lone Star Equipment Group,LSEG,199,571,delivered,2024-11-03,2024-11-30
936,Prairie Technical Components,PTC,578,494,pending,2026-12-17,2027-01-16
937,Evergreen Field Support,EFS,692,145,delivered,2026-04-27,2026-05-13
938,Liberty Mechanical Systems,LMS,626,704,pending,2025-02-22,2025-03-03
939,Ranger Vehicle Parts,RVP,749,271,delivered,2025-08-01,2025-08-12
940,Sterling Power Systems,SPS,843,958,shipped,2026-03-08,2026-03-28
941,Blue Ridge Defense Manufacturing,BRDM,785,562,shipped,2023-11-28,2023-12-19
942,Prairie Technical Components,PTC,313,372,pending,2026-01-16,2026-01-18
943,Cedar Valley Manufacturing,CVM,198,76,shipped,2024-10-20,2024-11-10
944,Sterling Power Systems,SPS,956,87,pending,2024-08-01,2024-08-13
945,Vector Aerospace Supply,VAS,798,470,pending,2026-01-12,2026-01-19
946,Prairie Technical Components,PTC,228,297,pending,2024-09-15,2024-09-24
947,Blue Ridge Defense Manufacturing,BRDM,78,416,pending,2024-05-04,2024-05-26
948,Cascade Aerospace Systems,CAS,414,717,delivered,2023-07-05,2023-07-30
949,Compass Maritime Supply,CMS,401,398,shipped,2023-05-09,2023-06-02
950,Mesa Tactical Manufacturing,MTM,809,443,shipped,2025-02-10,2025-02-17
951,Titan Mobility Systems,TMS,181,93,pending,2024-03-24,2024-03-31
952,Falcon Electronics Group,FEG,294,343,shipped,2026-11-16,2026-12-07
953,Patriot Precision Parts,PPP,141,66,shipped,2023-04-13,2023-04-17
954,Sterling Power Systems,SPS,930,254,shipped,2026-09-08,2026-09-25
955,Prairie Technical Components,PTC,464,109,delivered,2026-01-25,2026-02-02
956,Summit Tactical Supply,STS,812,122,pending,2024-10-25,2024-10-29
957,Falcon Electronics Group,FEG,687,743,delivered,2026-03-10,2026-04-07
958,Pinnacle Hydraulic Systems,PHS,750,482,delivered,2024-07-07,2024-07-28
959,Vector Aerospace Supply,VAS,13,192,shipped,2026-03-13,2026-04-04
960,Sentinel Equipment Supply,SES,794,336,shipped,2025-03-08,2025-03-23
961,Ranger Vehicle Parts,RVP,386,946,delivered,2025-06-03,2025-06-23
962,Apex Defense Components,ADC,831,103,pending,2023-12-19,2023-12-24
963,Titan Mobility Systems,TMS,696,792,delivered,2025-04-15,2025-04-18
964,Falcon Electronics Group,FEG,795,340,shipped,2026-11-18,2026-11-29
965,Gulf Coast Maintenance Parts,GCMP,370,537,pending,2024-03-19,2024-04-11
966,Summit Tactical Supply,STS,130,436,pending,2024-10-27,2024-10-28
967,Liberty Mechanical Systems,LMS,280,186,shipped,2026-06-23,2026-07-15
968,Falcon Electronics Group,FEG,115,51,delivered,2025-02-13,2025-02-19
969,Redstone Logistics Group,RLG,247,345,shipped,2025-09-04,2025-10-04
970,Compass Maritime Supply,CMS,462,41,pending,2024-02-06,2024-02-21
971,Pinnacle Hydraulic Systems,PHS,494,825,pending,2025-03-26,2025-04-06
972,Cascade Aerospace Systems,CAS,417,511,shipped,2024-04-22,2024-04-23
973,Cedar Valley Manufacturing,CVM,249,35,delivered,2023-01-21,2023-01-30
974,Pinnacle Hydraulic Systems,PHS,674,695,shipped,2026-06-10,2026-06-17
975,Heritage Logistics Supply,HLS,224,800,pending,2023-03-03,2023-03-22
976,Mesa Tactical Manufacturing,MTM,318,576,shipped,2023-11-20,2023-12-15
977,Patriot Precision Parts,PPP,254,859,delivered,2026-04-28,2026-04-29
978,Frontier Aviation Components,FAC,359,92,delivered,2025-09-08,2025-09-22
979,Falcon Electronics Group,FEG,193,747,pending,2024-09-18,2024-10-15
980,Sterling Power Systems,SPS,338,290,delivered,2023-09-12,2023-10-08
981,Prairie Technical Components,PTC,744,10,shipped,2023-05-17,2023-06-13
982,Frontier Aviation Components,FAC,581,163,pending,2025-02-04,2025-02-05
983,Vector Aerospace Supply,VAS,969,688,delivered,2023-07-14,2023-08-01
984,Titan Mobility Systems,TMS,693,780,shipped,2024-01-02,2024-01-31
985,Mesa Tactical Manufacturing,MTM,11,765,delivered,2024-06-03,2024-06-07
986,Gulf Coast Maintenance Parts,GCMP,19,342,delivered,2023-12-04,2023-12-25
987,Sterling Power Systems,SPS,310,39,delivered,2026-08-24,2026-09-18
988,Mesa Tactical Manufacturing,MTM,309,529,delivered,2024-10-11,2024-10-13
989,Sentinel Equipment Supply,SES,965,969,shipped,2023-06-17,2023-07-03
990,Vector Aerospace Supply,VAS,394,84,delivered,2023-07-21,2023-08-16
991,Sterling Power Systems,SPS,223,497,delivered,2024-12-27,2025-01-05
992,Redstone Logistics Group,RLG,722,710,pending,2024-09-13,2024-10-10
993,Ranger Vehicle Parts,RVP,656,741,shipped,2025-04-09,2025-04-13
994,Apex Defense Components,ADC,18,665,pending,2025-01-27,2025-01-28
995,Patriot Precision Parts,PPP,106,587,shipped,2023-03-28,2023-03-30
996,Lone Star Equipment Group,LSEG,929,161,pending,2025-06-19,2025-07-10
997,Prairie Technical Components,PTC,460,541,pending,2023-11-07,2023-11-17
998,Trident Marine Components,TMC,264,50,shipped,2024-04-10,2024-04-25
999,Evergreen Field Support,EFS,741,434,pending,2026-02-22,2026-03-22
1000,Cedar Valley Manufacturing,CVM,336,935,delivered,2024-05-26,2024-06-08
1001,Evergreen Field Support,EFS,596,822,pending,2023-02-16,2023-02-28
1002,Ranger Vehicle Parts,RVP,214,675,delivered,2024-02-02,2024-02-06
1003,Atlas Ground Support,AGS,358,816,shipped,2023-02-01,2023-03-03
1004,Prairie Technical Components,PTC,575,258,pending,2023-05-07,2023-06-04
1005,Evergreen Field Support,EFS,705,413,pending,2026-05-24,2026-05-25
1006,Pinnacle Hydraulic Systems,PHS,88,556,pending,2024-11-17,2024-11-18
1007,Redstone Logistics Group,RLG,515,795,delivered,2024-05-22,2024-06-19
1008,Compass Maritime Supply,CMS,210,452,delivered,2023-06-02,2023-07-02
1009,Keystone Industrial Supply,KIS,956,523,delivered,2025-11-19,2025-12-19
1010,Patriot Precision Parts,PPP,606,960,pending,2026-08-23,2026-08-28
1011,Falcon Electronics Group,FEG,979,940,pending,2024-08-28,2024-09-21
1012,Pinnacle Hydraulic Systems,PHS,992,889,shipped,2025-09-08,2025-10-02
1013,Blue Ridge Defense Manufacturing,BRDM,936,389,pending,2025-10-19,2025-10-23
1014,Cascade Aerospace Systems,CAS,390,294,shipped,2023-12-11,2023-12-31
1015,Falcon Electronics Group,FEG,229,145,delivered,2024-01-07,2024-01-28
1016,Atlas Ground Support,AGS,713,401,delivered,2024-04-14,2024-04-20
1017,Cascade Aerospace Systems,CAS,805,566,pending,2023-12-14,2023-12-29
1018,Trident Marine Components,TMC,502,516,pending,2024-08-21,2024-09-10
1019,Redstone Logistics Group,RLG,17,997,shipped,2024-04-28,2024-05-26
1020,Granite State Components,GSC,195,122,delivered,2026-01-21,2026-02-08
1021,Vector Aerospace Supply,VAS,58,113,shipped,2026-07-11,2026-08-02
1022,Sentinel Equipment Supply,SES,725,50,delivered,2026-02-05,2026-02-10
1023,Apex Defense Components,ADC,601,575,pending,2025-11-28,2025-12-09
1024,Vector Aerospace Supply,VAS,918,752,pending,2024-08-11,2024-09-09
1025,Granite State Components,GSC,457,807,delivered,2025-11-14,2025-12-12
1026,Mesa Tactical Manufacturing,MTM,902,317,delivered,2023-10-06,2023-10-14
1027,Sterling Power Systems,SPS,598,381,shipped,2024-12-16,2025-01-12
1028,Harborline Industrial Supply,HIS,949,751,pending,2023-12-16,2023-12-17
1029,Atlas Ground Support,AGS,330,892,delivered,2026-04-07,2026-04-23
1030,Compass Maritime Supply,CMS,618,961,shipped,2025-05-28,2025-06-03
1031,Redstone Logistics Group,RLG,348,174,pending,2025-01-14,2025-01-18
1032,Trident Marine Components,TMC,772,450,pending,2023-09-06,2023-09-11
1033,Summit Tactical Supply,STS,706,738,delivered,2025-12-10,2025-12-20
1034,Atlas Ground Support,AGS,25,468,pending,2026-07-26,2026-08-04
1035,Granite State Components,GSC,557,964,shipped,2025-01-23,2025-02-01
1036,Falcon Electronics Group,FEG,151,712,shipped,2024-12-01,2024-12-21
1037,Blue Ridge Defense Manufacturing,BRDM,312,149,shipped,2025-03-06,2025-03-25
1038,Ranger Vehicle Parts,RVP,867,828,pending,2025-12-17,2026-01-11
1039,Summit Tactical Supply,STS,707,550,pending,2025-08-05,2025-08-09
1040,Ranger Vehicle Parts,RVP,41,537,shipped,2025-04-14,2025-04-25
1041,Lone Star Equipment Group,LSEG,159,920,shipped,2023-02-25,2023-03-03
1042,Sentinel Equipment Supply,SES,307,274,pending,2025-11-25,2025-11-29
1043,Heritage Logistics Supply,HLS,329,765,shipped,2024-03-11,2024-03-14
1044,Summit Tactical Supply,STS,31,132,delivered,2024-10-07,2024-10-08
1045,Cedar Valley Manufacturing,CVM,377,868,delivered,2023-09-02,2023-09-13
1046,Falcon Electronics Group,FEG,297,80,delivered,2025-12-12,2025-12-30
1047,Northstar Defense Supply,NDS,452,885,pending,2024-05-08,2024-06-04
1048,Heritage Logistics Supply,HLS,694,261,delivered,2024-07-24,2024-08-01
1049,Patriot Precision Parts,PPP,139,954,delivered,2026-09-08,2026-10-01
1050,Keystone Industrial Supply,KIS,300,872,pending,2024-01-05,2024-01-15
1051,Liberty Mechanical Systems,LMS,227,941,delivered,2025-08-23,2025-08-27
1052,Evergreen Field Support,EFS,571,981,delivered,2025-03-10,2025-04-05
1053,Keystone Industrial Supply,KIS,454,820,delivered,2025-05-24,2025-05-27
1054,Summit Tactical Supply,STS,145,479,delivered,2025-01-26,2025-01-27
1055,Liberty Mechanical Systems,LMS,154,616,shipped,2026-06-06,2026-07-03
1056,Sterling Power Systems,SPS,666,193,delivered,2024-07-03,2024-07-21
1057,Harborline Industrial Supply,HIS,775,340,delivered,2023-10-11,2023-10-15
1058,Summit Tactical Supply,STS,354,36,pending,2026-08-04,2026-08-13
1059,Sentinel Equipment Supply,SES,783,328,shipped,2024-06-20,2024-07-09
1060,Prairie Technical Components,PTC,153,406,delivered,2026-02-12,2026-02-24
1061,Compass Maritime Supply,CMS,77,498,shipped,2024-10-26,2024-11-05
1062,Frontier Aviation Components,FAC,331,869,delivered,2023-08-12,2023-09-01
1063,Keystone Industrial Supply,KIS,971,654,shipped,2026-09-19,2026-10-12
1064,Apex Defense Components,ADC,381,191,pending,2025-06-06,2025-06-08
1065,Titan Mobility Systems,TMS,704,679,shipped,2024-01-04,2024-01-10
1066,Sentinel Equipment Supply,SES,707,151,shipped,2026-08-14,2026-08-27
1067,Blue Ridge Defense Manufacturing,BRDM,452,412,pending,2023-02-04,2023-02-19
1068,Gulf Coast Maintenance Parts,GCMP,510,850,delivered,2025-02-03,2025-03-01
1069,Trident Marine Components,TMC,107,264,shipped,2025-02-07,2025-02-20
1070,Apex Defense Components,ADC,226,627,shipped,2025-10-07,2025-10-18
1071,Sterling Power Systems,SPS,567,943,delivered,2024-08-02,2024-08-06
1072,Blue Ridge Defense Manufacturing,BRDM,427,483,pending,2023-04-14,2023-04-30
1073,Apex Defense Components,ADC,698,826,delivered,2026-04-22,2026-04-27
1074,Patriot Precision Parts,PPP,422,814,shipped,2026-04-07,2026-04-18
1075,Harborline Industrial Supply,HIS,645,344,pending,2024-09-28,2024-10-02
1076,Granite State Components,GSC,999,919,shipped,2023-07-10,2023-08-02
1077,Blue Ridge Defense Manufacturing,BRDM,508,737,shipped,2024-11-13,2024-12-13
1078,Lone Star Equipment Group,LSEG,95,52,delivered,2023-11-05,2023-12-02
1079,Patriot Precision Parts,PPP,313,639,delivered,2024-06-13,2024-06-22
1080,Blue Ridge Defense Manufacturing,BRDM,374,75,pending,2024-12-07,2024-12-15
1081,Atlas Ground Support,AGS,841,571,delivered,2025-04-20,2025-04-29
1082,Titan Mobility Systems,TMS,974,559,pending,2024-05-28,2024-06-22
1083,Prairie Technical Components,PTC,236,673,pending,2025-09-16,2025-09-30
1084,Northstar Defense Supply,NDS,267,0,pending,2025-12-09,2025-12-13
1085,Keystone Industrial Supply,KIS,94,133,pending,2026-04-19,2026-04-24
1086,Ranger Vehicle Parts,RVP,305,509,shipped,2025-11-24,2025-11-28
1087,Ironclad Industrial Systems,IIS,3,667,shipped,2026-08-24,2026-08-30
1088,Harborline Industrial Supply,HIS,704,238,pending,2025-10-06,2025-10-21
1089,Vector Aerospace Supply,VAS,739,900,delivered,2023-07-02,2023-07-17
1090,Titan Mobility Systems,TMS,58,11,pending,2026-10-17,2026-11-02
1091,Granite State Components,GSC,508,986,delivered,2024-11-20,2024-12-08
1092,Cascade Aerospace Systems,CAS,228,126,delivered,2026-01-28,2026-02-22
1093,Granite State Components,GSC,537,797,delivered,2023-08-07,2023-08-15
1094,Redstone Logistics Group,RLG,903,930,shipped,2024-11-22,2024-11-30
1095,Ranger Vehicle Parts,RVP,849,132,shipped,2023-02-02,2023-02-06
1096,Atlas Ground Support,AGS,16,381,shipped,2023-03-07,2023-04-01
1097,Falcon Electronics Group,FEG,508,331,shipped,2025-08-12,2025-09-01
1098,Redstone Logistics Group,RLG,233,295,pending,2025-10-21,2025-11-11
1099,Liberty Mechanical Systems,LMS,982,529,pending,2023-09-28,2023-10-10
1100,Patriot Precision Parts,PPP,760,167,delivered,2025-06-13,2025-06-16
1101,Granite State Components,GSC,544,939,shipped,2023-12-09,2023-12-21
1102,Summit Tactical Supply,STS,993,293,shipped,2025-09-13,2025-10-10
1103,Titan Mobility Systems,TMS,478,85,shipped,2026-07-09,2026-07-27
1104,Sterling Power Systems,SPS,482,102,delivered,2025-08-07,2025-08-30
1105,Compass Maritime Supply,CMS,401,441,pending,2026-09-07,2026-09-15
1106,Redstone Logistics Group,RLG,738,654,shipped,2024-12-23,2024-12-28
1107,Heritage Logistics Supply,HLS,276,492,pending,2024-07-28,2024-08-18
1108,Titan Mobility Systems,TMS,548,13,shipped,2023-12-01,2023-12-18
1109,Mesa Tactical Manufacturing,MTM,458,572,delivered,2026-01-21,2026-02-09
1110,Mesa Tactical Manufacturing,MTM,555,944,pending,2024-03-03,2024-03-22
1111,Harborline Industrial Supply,HIS,691,916,pending,2023-09-05,2023-09-23
1112,Lone Star Equipment Group,LSEG,436,328,delivered,2023-08-18,2023-08-21
1113,Harborline Industrial Supply,HIS,871,122,pending,2026-06-28,2026-07-12
1114,Ironclad Industrial Systems,IIS,412,785,pending,2025-07-10,2025-08-04
1115,Apex Defense Components,ADC,870,256,shipped,2025-10-08,2025-10-16
1116,Evergreen Field Support,EFS,467,123,shipped,2024-08-08,2024-08-25
1117,Prairie Technical Components,PTC,31,267,pending,2023-09-02,2023-09-15
1118,Mesa Tactical Manufacturing,MTM,563,626,shipped,2023-02-27,2023-03-17
1119,Mesa Tactical Manufacturing,MTM,206,508,pending,2025-04-25,2025-05-02
1120,Ironclad Industrial Systems,IIS,940,967,shipped,2024-08-22,2024-09-03
1121,Gulf Coast Maintenance Parts,GCMP,587,313,delivered,2025-12-08,2026-01-04
1122,Summit Tactical Supply,STS,419,270,delivered,2026-12-18,2027-01-11
1123,Northstar Defense Supply,NDS,77,444,delivered,2025-07-25,2025-07-31
1124,Evergreen Field Support,EFS,912,590,pending,2026-05-09,2026-06-06
1125,Falcon Electronics Group,FEG,858,311,pending,2025-09-28,2025-10-17
1126,Sterling Power Systems,SPS,329,993,shipped,2026-04-13,2026-04-15
1127,Summit Tactical Supply,STS,59,614,delivered,2025-05-27,2025-06-26
1128,Lone Star Equipment Group,LSEG,313,118,delivered,2023-07-26,2023-07-28
1129,Vector Aerospace Supply,VAS,73,262,shipped,2025-06-15,2025-06-16
1130,Redstone Logistics Group,RLG,909,528,pending,2023-01-26,2023-02-16
1131,Redstone Logistics Group,RLG,252,648,delivered,2025-05-09,2025-06-08
1132,Sterling Power Systems,SPS,651,691,pending,2024-03-24,2024-04-12
1133,Patriot Precision Parts,PPP,143,989,delivered,2023-06-06,2023-06-20
1134,Trident Marine Components,TMC,18,726,shipped,2026-08-06,2026-09-03
1135,Ironclad Industrial Systems,IIS,805,408,shipped,2025-06-01,2025-06-21
1136,Heritage Logistics Supply,HLS,462,955,shipped,2025-11-21,2025-11-29
1137,Ranger Vehicle Parts,RVP,425,397,delivered,2023-10-22,2023-11-04
1138,Sterling Power Systems,SPS,812,519,pending,2026-12-25,2027-01-08
1139,Titan Mobility Systems,TMS,870,559,shipped,2023-07-14,2023-07-24
1140,Summit Tactical Supply,STS,233,147,pending,2023-05-22,2023-06-17
1141,Compass Maritime Supply,CMS,147,221,shipped,2025-11-02,2025-11-14
1142,Compass Maritime Supply,CMS,454,581,delivered,2025-10-23,2025-11-21
1143,Keystone Industrial Supply,KIS,101,152,pending,2024-07-05,2024-08-03
1144,Northstar Defense Supply,NDS,732,538,delivered,2025-08-01,2025-08-30
1145,Sentinel Equipment Supply,SES,529,368,delivered,2026-06-08,2026-07-04
1146,Lone Star Equipment Group,LSEG,87,942,delivered,2023-07-28,2023-08-12
1147,Gulf Coast Maintenance Parts,GCMP,17,111,delivered,2026-08-27,2026-09-02
1148,Trident Marine Components,TMC,654,927,shipped,2023-10-05,2023-10-15
1149,Evergreen Field Support,EFS,435,25,pending,2023-09-05,2023-10-02
1150,Compass Maritime Supply,CMS,735,79,shipped,2026-09-19,2026-09-26
1151,Northstar Defense Supply,NDS,720,958,shipped,2025-09-16,2025-10-01
1152,Vector Aerospace Supply,VAS,874,751,pending,2025-05-02,2025-05-06
1153,Granite State Components,GSC,246,221,pending,2026-05-14,2026-06-11
1154,Ironclad Industrial Systems,IIS,750,598,pending,2025-06-17,2025-07-17
1155,Titan Mobility Systems,TMS,490,566,delivered,2026-10-10,2026-10-31
1156,Gulf Coast Maintenance Parts,GCMP,799,754,shipped,2024-11-19,2024-12-12
1157,Ranger Vehicle Parts,RVP,202,795,delivered,2023-09-27,2023-10-09
1158,Mesa Tactical Manufacturing,MTM,666,775,pending,2023-09-13,2023-09-26
1159,Falcon Electronics Group,FEG,28,232,delivered,2023-01-23,2023-02-06
1160,Cedar Valley Manufacturing,CVM,192,370,shipped,2023-01-21,2023-02-12
1161,Sentinel Equipment Supply,SES,804,722,shipped,2025-08-11,2025-08-14
1162,Liberty Mechanical Systems,LMS,24,659,pending,2024-05-09,2024-05-15
1163,Ironclad Industrial Systems,IIS,748,3,delivered,2025-10-10,2025-10-20
1164,Heritage Logistics Supply,HLS,840,633,shipped,2024-07-26,2024-08-07
1165,Northstar Defense Supply,NDS,337,350,delivered,2025-07-08,2025-07-29
1166,Pinnacle Hydraulic Systems,PHS,465,18,delivered,2024-10-22,2024-10-26
1167,Sterling Power Systems,SPS,234,448,delivered,2024-12-09,2025-01-01
1168,Prairie Technical Components,PTC,544,830,shipped,2025-10-21,2025-11-16
1169,Sterling Power Systems,SPS,805,382,pending,2025-03-10,2025-04-09
1170,Granite State Components,GSC,805,892,shipped,2023-03-25,2023-04-24
1171,Blue Ridge Defense Manufacturing,BRDM,809,119,shipped,2024-07-17,2024-08-10
1172,Vector Aerospace Supply,VAS,97,644,pending,2023-11-06,2023-12-01
1173,Ironclad Industrial Systems,IIS,715,349,delivered,2026-02-20,2026-03-05
1174,Evergreen Field Support,EFS,361,485,pending,2026-07-15,2026-07-16
1175,Lone Star Equipment Group,LSEG,308,695,pending,2025-04-27,2025-05-18
1176,Prairie Technical Components,PTC,713,790,shipped,2024-02-18,2024-03-16
1177,Redstone Logistics Group,RLG,683,371,pending,2024-11-19,2024-11-20
1178,Cascade Aerospace Systems,CAS,912,800,pending,2025-01-28,2025-02-03
1179,Mesa Tactical Manufacturing,MTM,906,327,shipped,2023-10-06,2023-10-28
1180,Blue Ridge Defense Manufacturing,BRDM,191,823,delivered,2024-11-17,2024-11-20
1181,Ironclad Industrial Systems,IIS,911,228,shipped,2026-04-10,2026-04-16
1182,Evergreen Field Support,EFS,309,296,pending,2026-12-17,2027-01-13
1183,Atlas Ground Support,AGS,635,90,pending,2024-09-25,2024-10-10
1184,Keystone Industrial Supply,KIS,905,452,pending,2025-11-01,2025-11-07
1185,Heritage Logistics Supply,HLS,997,939,shipped,2023-06-01,2023-06-28
1186,Heritage Logistics Supply,HLS,140,250,delivered,2025-06-20,2025-06-28
1187,Cedar Valley Manufacturing,CVM,218,945,shipped,2025-06-19,2025-07-12
1188,Keystone Industrial Supply,KIS,95,416,delivered,2026-01-08,2026-01-15
1189,Sentinel Equipment Supply,SES,753,936,delivered,2023-09-25,2023-09-29
1190,Heritage Logistics Supply,HLS,254,281,delivered,2024-04-03,2024-04-07
1191,Keystone Industrial Supply,KIS,350,923,shipped,2023-02-14,2023-03-06
1192,Summit Tactical Supply,STS,6,972,pending,2024-03-25,2024-03-27
1193,Keystone Industrial Supply,KIS,700,412,pending,2025-12-15,2025-12-16
1194,Falcon Electronics Group,FEG,831,70,delivered,2023-10-26,2023-11-15
1195,Gulf Coast Maintenance Parts,GCMP,701,925,shipped,2026-08-04,2026-08-07
1196,Cascade Aerospace Systems,CAS,227,260,delivered,2023-09-13,2023-09-25
1197,Harborline Industrial Supply,HIS,595,302,shipped,2026-11-28,2026-12-28
1198,Blue Ridge Defense Manufacturing,BRDM,585,53,delivered,2026-09-12,2026-10-01
1199,Liberty Mechanical Systems,LMS,502,279,pending,2023-04-23,2023-05-08
1200,Lone Star Equipment Group,LSEG,571,424,delivered,2025-04-24,2025-05-13
1201,Vector Aerospace Supply,VAS,356,104,pending,2024-07-17,2024-08-07
1202,Granite State Components,GSC,167,1000,pending,2024-03-26,2024-04-14
1203,Cascade Aerospace Systems,CAS,914,847,delivered,2025-06-02,2025-06-27
1204,Keystone Industrial Supply,KIS,583,933,shipped,2026-09-04,2026-09-27
1205,Mesa Tactical Manufacturing,MTM,1000,998,delivered,2023-07-10,2023-07-13
1206,Sentinel Equipment Supply,SES,89,621,pending,2023-08-19,2023-08-31
1207,Northstar Defense Supply,NDS,155,940,shipped,2023-06-24,2023-07-01
1208,Granite State Components,GSC,633,507,pending,2026-10-06,2026-10-11
1209,Sentinel Equipment Supply,SES,911,755,shipped,2023-07-04,2023-07-23
1210,Mesa Tactical Manufacturing,MTM,906,300,shipped,2024-01-15,2024-01-18
1211,Harborline Industrial Supply,HIS,810,829,pending,2024-03-19,2024-04-15
1212,Heritage Logistics Supply,HLS,52,42,delivered,2026-08-08,2026-08-27
1213,Frontier Aviation Components,FAC,992,339,shipped,2025-04-27,2025-05-15
1214,Sentinel Equipment Supply,SES,178,233,shipped,2025-06-23,2025-07-04
1215,Atlas Ground Support,AGS,560,515,pending,2026-10-07,2026-11-06
1216,Ironclad Industrial Systems,IIS,753,180,pending,2024-04-14,2024-05-14
1217,Harborline Industrial Supply,HIS,71,659,shipped,2024-02-25,2024-03-09
1218,Redstone Logistics Group,RLG,936,793,shipped,2025-06-16,2025-06-20
1219,Ironclad Industrial Systems,IIS,146,215,shipped,2025-04-26,2025-05-09
1220,Falcon Electronics Group,FEG,208,536,shipped,2024-12-16,2024-12-25
1221,Frontier Aviation Components,FAC,765,509,shipped,2023-06-09,2023-06-26
1222,Liberty Mechanical Systems,LMS,228,905,shipped,2024-11-12,2024-11-26
1223,Prairie Technical Components,PTC,457,833,shipped,2023-12-23,2024-01-17
1224,Falcon Electronics Group,FEG,384,851,shipped,2024-03-19,2024-04-14
1225,Pinnacle Hydraulic Systems,PHS,511,962,pending,2026-06-03,2026-06-21
1226,Vector Aerospace Supply,VAS,280,721,delivered,2024-01-18,2024-01-24
1227,Falcon Electronics Group,FEG,36,514,delivered,2023-07-04,2023-07-08
1228,Frontier Aviation Components,FAC,522,63,shipped,2023-09-18,2023-09-27
1229,Trident Marine Components,TMC,57,278,shipped,2026-09-16,2026-09-19
1230,Frontier Aviation Components,FAC,117,802,delivered,2026-11-21,2026-11-30
1231,Ironclad Industrial Systems,IIS,682,593,pending,2023-01-26,2023-02-07
1232,Gulf Coast Maintenance Parts,GCMP,121,180,delivered,2025-05-25,2025-06-22
1233,Pinnacle Hydraulic Systems,PHS,861,464,shipped,2023-05-16,2023-06-06
1234,Prairie Technical Components,PTC,980,186,shipped,2023-03-28,2023-04-10
1235,Trident Marine Components,TMC,350,173,shipped,2023-02-21,2023-03-17
1236,Liberty Mechanical Systems,LMS,921,560,pending,2025-05-20,2025-05-29
1237,Atlas Ground Support,AGS,891,890,pending,2024-02-13,2024-03-04
1238,Lone Star Equipment Group,LSEG,207,387,delivered,2025-08-10,2025-09-09
1239,Keystone Industrial Supply,KIS,154,93,pending,2025-09-09,2025-10-05
1240,Prairie Technical Components,PTC,260,667,delivered,2023-01-08,2023-01-20
1241,Vector Aerospace Supply,VAS,649,367,shipped,2024-04-09,2024-05-04
1242,Liberty Mechanical Systems,LMS,546,931,pending,2025-07-21,2025-08-17
1243,Patriot Precision Parts,PPP,838,799,pending,2026-09-23,2026-10-01
1244,Vector Aerospace Supply,VAS,696,86,delivered,2024-03-25,2024-04-15
1245,Northstar Defense Supply,NDS,943,238,pending,2025-03-07,2025-03-15
1246,Harborline Industrial Supply,HIS,267,810,delivered,2024-11-22,2024-12-09
1247,Redstone Logistics Group,RLG,81,906,pending,2026-07-26,2026-08-25
1248,Frontier Aviation Components,FAC,949,277,pending,2025-02-13,2025-02-20
1249,Compass Maritime Supply,CMS,927,534,pending,2024-04-20,2024-05-14
1250,Heritage Logistics Supply,HLS,299,927,pending,2025-02-20,2025-02-28
1251,Sentinel Equipment Supply,SES,341,953,shipped,2026-04-23,2026-05-11
1252,Compass Maritime Supply,CMS,968,11,delivered,2024-08-02,2024-08-31
1253,Prairie Technical Components,PTC,570,641,shipped,2023-06-13,2023-06-17
1254,Patriot Precision Parts,PPP,408,180,shipped,2026-11-01,2026-11-19
1255,Falcon Electronics Group,FEG,949,537,shipped,2023-05-05,2023-05-24
1256,Sentinel Equipment Supply,SES,714,490,delivered,2025-05-10,2025-06-06
1257,Northstar Defense Supply,NDS,234,416,pending,2025-05-12,2025-06-05
1258,Trident Marine Components,TMC,372,225,delivered,2023-03-17,2023-03-22
1259,Blue Ridge Defense Manufacturing,BRDM,625,332,shipped,2026-11-14,2026-11-25
1260,Cedar Valley Manufacturing,CVM,113,107,shipped,2026-03-05,2026-03-14
1261,Summit Tactical Supply,STS,254,781,delivered,2023-08-22,2023-09-08
1262,Northstar Defense Supply,NDS,953,94,pending,2024-06-26,2024-07-23
1263,Evergreen Field Support,EFS,739,314,shipped,2026-08-21,2026-09-04
1264,Compass Maritime Supply,CMS,127,173,pending,2023-02-19,2023-03-11
1265,Pinnacle Hydraulic Systems,PHS,857,424,delivered,2026-11-20,2026-12-19
1266,Summit Tactical Supply,STS,976,591,delivered,2025-08-04,2025-08-17
1267,Summit Tactical Supply,STS,936,139,pending,2025-07-06,2025-07-24
1268,Cedar Valley Manufacturing,CVM,898,655,pending,2023-04-22,2023-04-23
1269,Ranger Vehicle Parts,RVP,800,790,pending,2023-04-23,2023-05-18
1270,Falcon Electronics Group,FEG,879,894,delivered,2025-08-20,2025-08-22
1271,Heritage Logistics Supply,HLS,799,856,shipped,2026-09-10,2026-09-23
1272,Compass Maritime Supply,CMS,340,376,delivered,2024-04-11,2024-04-27
1273,Liberty Mechanical Systems,LMS,617,596,shipped,2024-09-20,2024-10-07
1274,Pinnacle Hydraulic Systems,PHS,941,345,pending,2024-02-28,2024-03-21
1275,Granite State Components,GSC,328,206,delivered,2026-10-25,2026-11-24
1276,Frontier Aviation Components,FAC,960,689,pending,2025-01-07,2025-01-11
1277,Pinnacle Hydraulic Systems,PHS,998,898,delivered,2025-01-27,2025-02-16
1278,Cascade Aerospace Systems,CAS,861,836,pending,2023-10-23,2023-11-03
1279,Summit Tactical Supply,STS,864,421,pending,2024-09-06,2024-10-05
1280,Vector Aerospace Supply,VAS,186,419,shipped,2023-10-27,2023-10-29
1281,Sentinel Equipment Supply,SES,914,881,delivered,2023-10-02,2023-10-12
1282,Ranger Vehicle Parts,RVP,690,50,delivered,2025-07-23,2025-07-28
1283,Cascade Aerospace Systems,CAS,896,241,pending,2026-11-06,2026-11-30
1284,Titan Mobility Systems,TMS,784,312,shipped,2024-05-17,2024-06-16
1285,Atlas Ground Support,AGS,360,498,delivered,2025-02-09,2025-02-13
1286,Liberty Mechanical Systems,LMS,516,764,shipped,2023-02-15,2023-02-17
1287,Trident Marine Components,TMC,890,52,delivered,2026-05-19,2026-05-28
1288,Lone Star Equipment Group,LSEG,504,619,pending,2025-07-26,2025-08-11
1289,Apex Defense Components,ADC,893,919,shipped,2026-10-02,2026-10-04
1290,Keystone Industrial Supply,KIS,290,535,pending,2026-10-19,2026-11-12
1291,Falcon Electronics Group,FEG,877,617,delivered,2026-06-17,2026-07-05
1292,Heritage Logistics Supply,HLS,120,451,shipped,2024-10-21,2024-10-22
1293,Sterling Power Systems,SPS,757,495,shipped,2025-05-11,2025-06-08
1294,Liberty Mechanical Systems,LMS,171,90,delivered,2024-05-13,2024-05-25
1295,Pinnacle Hydraulic Systems,PHS,410,190,delivered,2026-12-08,2026-12-29
1296,Patriot Precision Parts,PPP,694,500,shipped,2026-06-23,2026-07-23
1297,Sentinel Equipment Supply,SES,678,674,pending,2024-10-19,2024-11-17
1298,Summit Tactical Supply,STS,425,588,pending,2025-02-24,2025-03-21
1299,Summit Tactical Supply,STS,254,742,pending,2023-01-10,2023-02-07
1300,Sterling Power Systems,SPS,582,242,shipped,2026-10-04,2026-10-12
1301,Evergreen Field Support,EFS,673,87,shipped,2023-03-07,2023-04-05
1302,Summit Tactical Supply,STS,893,249,shipped,2024-01-06,2024-01-09
1303,Compass Maritime Supply,CMS,705,821,shipped,2023-06-08,2023-06-20
1304,Sentinel Equipment Supply,SES,223,255,shipped,2025-03-15,2025-04-06
1305,Frontier Aviation Components,FAC,587,672,shipped,2026-05-21,2026-05-29
1306,Cascade Aerospace Systems,CAS,471,348,delivered,2024-11-13,2024-12-07
1307,Harborline Industrial Supply,HIS,189,257,shipped,2023-11-12,2023-11-18
1308,Liberty Mechanical Systems,LMS,826,483,pending,2024-07-20,2024-08-14
1309,Blue Ridge Defense Manufacturing,BRDM,873,10,delivered,2025-12-02,2025-12-10
1310,Redstone Logistics Group,RLG,769,73,shipped,2023-09-01,2023-09-28
1311,Heritage Logistics Supply,HLS,949,329,delivered,2024-06-19,2024-07-03
1312,Mesa Tactical Manufacturing,MTM,710,296,pending,2026-10-28,2026-11-23
1313,Granite State Components,GSC,731,124,shipped,2023-07-16,2023-07-19
1314,Lone Star Equipment Group,LSEG,588,64,delivered,2026-09-24,2026-10-18
1315,Prairie Technical Components,PTC,56,509,shipped,2026-08-07,2026-08-17
1316,Mesa Tactical Manufacturing,MTM,783,44,delivered,2026-11-02,2026-11-18
1317,Sentinel Equipment Supply,SES,557,423,pending,2025-01-01,2025-01-06
1318,Cascade Aerospace Systems,CAS,334,76,pending,2026-12-27,2027-01-14
1319,Patriot Precision Parts,PPP,345,247,pending,2023-01-21,2023-01-24
1320,Mesa Tactical Manufacturing,MTM,40,446,delivered,2024-09-25,2024-10-07
1321,Titan Mobility Systems,TMS,341,710,pending,2024-05-22,2024-05-28
1322,Granite State Components,GSC,519,719,shipped,2025-04-13,2025-04-17
1323,Cascade Aerospace Systems,CAS,652,738,pending,2025-07-02,2025-07-30
1324,Ironclad Industrial Systems,IIS,64,759,shipped,2026-07-18,2026-08-08
1325,Evergreen Field Support,EFS,90,180,pending,2026-03-12,2026-03-31
1326,Cascade Aerospace Systems,CAS,418,556,shipped,2024-07-12,2024-08-02
1327,Gulf Coast Maintenance Parts,GCMP,388,699,delivered,2025-02-06,2025-02-21
1328,Trident Marine Components,TMC,550,214,shipped,2025-05-21,2025-06-10
1329,Sterling Power Systems,SPS,732,472,shipped,2023-01-20,2023-02-09
1330,Sentinel Equipment Supply,SES,277,473,shipped,2026-06-21,2026-06-27
1331,Redstone Logistics Group,RLG,620,331,shipped,2026-03-06,2026-03-15
1332,Lone Star Equipment Group,LSEG,907,802,shipped,2026-01-07,2026-01-23
1333,Prairie Technical Components,PTC,401,342,shipped,2025-04-15,2025-05-13
1334,Falcon Electronics Group,FEG,784,811,delivered,2024-04-04,2024-04-13
1335,Mesa Tactical Manufacturing,MTM,148,85,delivered,2024-11-05,2024-11-08
1336,Liberty Mechanical Systems,LMS,990,370,shipped,2026-05-13,2026-05-24
1337,Ranger Vehicle Parts,RVP,650,813,shipped,2026-10-14,2026-11-07
1338,Keystone Industrial Supply,KIS,594,298,pending,2024-11-08,2024-11-26
1339,Titan Mobility Systems,TMS,979,539,shipped,2024-03-06,2024-03-16
1340,Granite State Components,GSC,562,469,delivered,2025-11-08,2025-11-12
1341,Frontier Aviation Components,FAC,44,899,delivered,2025-11-22,2025-11-30
1342,Frontier Aviation Components,FAC,924,405,pending,2026-10-28,2026-11-13
1343,Patriot Precision Parts,PPP,83,178,pending,2024-07-28,2024-08-13
1344,Redstone Logistics Group,RLG,265,510,pending,2025-07-14,2025-08-09
1345,Evergreen Field Support,EFS,457,639,pending,2025-02-12,2025-02-21
1346,Gulf Coast Maintenance Parts,GCMP,804,534,shipped,2024-11-18,2024-12-07
1347,Granite State Components,GSC,458,84,delivered,2023-04-10,2023-04-29
1348,Heritage Logistics Supply,HLS,852,447,delivered,2023-08-12,2023-09-11
1349,Mesa Tactical Manufacturing,MTM,650,98,delivered,2024-07-20,2024-07-22
1350,Cedar Valley Manufacturing,CVM,322,962,pending,2024-12-26,2025-01-03
1351,Evergreen Field Support,EFS,319,324,shipped,2023-03-21,2023-04-02
1352,Sentinel Equipment Supply,SES,555,429,delivered,2023-01-10,2023-01-30
1353,Cascade Aerospace Systems,CAS,969,853,shipped,2024-11-13,2024-12-08
1354,Liberty Mechanical Systems,LMS,83,76,shipped,2026-05-01,2026-05-22
1355,Liberty Mechanical Systems,LMS,864,330,shipped,2026-05-23,2026-06-15
1356,Lone Star Equipment Group,LSEG,263,483,pending,2023-06-12,2023-06-23
1357,Granite State Components,GSC,986,345,delivered,2026-04-19,2026-05-09
1358,Granite State Components,GSC,975,730,pending,2025-03-25,2025-04-04
1359,Vector Aerospace Supply,VAS,843,3,shipped,2026-10-04,2026-10-20
1360,Heritage Logistics Supply,HLS,238,527,shipped,2025-01-28,2025-02-04
1361,Mesa Tactical Manufacturing,MTM,62,542,delivered,2026-02-14,2026-03-13
1362,Granite State Components,GSC,310,288,delivered,2026-11-22,2026-11-28
1363,Titan Mobility Systems,TMS,215,308,pending,2023-11-03,2023-11-07
1364,Harborline Industrial Supply,HIS,490,932,shipped,2024-03-03,2024-03-19
1365,Summit Tactical Supply,STS,723,121,shipped,2025-10-27,2025-11-22
1366,Atlas Ground Support,AGS,89,691,pending,2025-02-11,2025-02-21
1367,Liberty Mechanical Systems,LMS,311,819,delivered,2026-06-19,2026-06-27
1368,Atlas Ground Support,AGS,658,770,pending,2025-07-05,2025-07-23
1369,Lone Star Equipment Group,LSEG,817,557,shipped,2026-06-28,2026-07-13
1370,Sentinel Equipment Supply,SES,420,847,pending,2025-12-10,2025-12-25
1371,Northstar Defense Supply,NDS,927,823,pending,2023-08-28,2023-09-24
1372,Frontier Aviation Components,FAC,499,900,pending,2023-09-01,2023-09-05
1373,Falcon Electronics Group,FEG,259,82,delivered,2026-01-27,2026-02-08
1374,Keystone Industrial Supply,KIS,317,912,shipped,2024-11-16,2024-11-17
1375,Blue Ridge Defense Manufacturing,BRDM,468,907,delivered,2026-02-12,2026-03-11
1376,Gulf Coast Maintenance Parts,GCMP,150,932,delivered,2024-11-11,2024-11-17
1377,Redstone Logistics Group,RLG,185,760,pending,2025-11-12,2025-12-08
1378,Sentinel Equipment Supply,SES,950,76,pending,2023-01-03,2023-02-01
1379,Pinnacle Hydraulic Systems,PHS,981,323,shipped,2026-10-18,2026-11-08
1380,Liberty Mechanical Systems,LMS,775,266,pending,2025-08-13,2025-09-04
1381,Pinnacle Hydraulic Systems,PHS,828,978,pending,2025-05-09,2025-05-23
1382,Cedar Valley Manufacturing,CVM,95,352,pending,2023-10-09,2023-10-24
1383,Lone Star Equipment Group,LSEG,634,381,delivered,2024-05-20,2024-06-02
1384,Summit Tactical Supply,STS,422,524,shipped,2026-08-14,2026-08-31
1385,Keystone Industrial Supply,KIS,945,300,pending,2023-02-22,2023-02-27
1386,Evergreen Field Support,EFS,725,638,shipped,2026-10-27,2026-11-20
1387,Blue Ridge Defense Manufacturing,BRDM,120,515,pending,2024-04-06,2024-04-08
1388,Cascade Aerospace Systems,CAS,6,332,pending,2025-07-20,2025-08-09
1389,Heritage Logistics Supply,HLS,335,62,delivered,2023-04-06,2023-04-10
1390,Cedar Valley Manufacturing,CVM,522,923,pending,2024-06-03,2024-06-18
1391,Vector Aerospace Supply,VAS,50,802,delivered,2026-09-15,2026-09-20
1392,Summit Tactical Supply,STS,926,489,shipped,2026-09-05,2026-09-27
1393,Ranger Vehicle Parts,RVP,604,2,pending,2025-09-21,2025-10-06
1394,Compass Maritime Supply,CMS,335,94,pending,2025-07-01,2025-07-27
1395,Redstone Logistics Group,RLG,669,378,pending,2026-08-22,2026-09-11
1396,Trident Marine Components,TMC,804,847,pending,2024-01-25,2024-01-29
1397,Pinnacle Hydraulic Systems,PHS,483,464,delivered,2025-07-06,2025-07-22
1398,Cedar Valley Manufacturing,CVM,226,746,delivered,2026-02-08,2026-02-28
1399,Atlas Ground Support,AGS,967,335,shipped,2023-04-13,2023-05-10
1400,Ironclad Industrial Systems,IIS,853,501,pending,2024-08-09,2024-08-29
1401,Northstar Defense Supply,NDS,27,505,delivered,2026-06-21,2026-06-28
1402,Cascade Aerospace Systems,CAS,827,829,delivered,2023-04-10,2023-05-08
1403,Prairie Technical Components,PTC,260,957,pending,2026-12-16,2026-12-21
1404,Summit Tactical Supply,STS,770,82,pending,2024-05-27,2024-06-25
1405,Redstone Logistics Group,RLG,78,374,pending,2024-07-09,2024-07-14
1406,Sterling Power Systems,SPS,971,826,shipped,2024-02-28,2024-03-19
1407,Sterling Power Systems,SPS,259,338,shipped,2025-10-22,2025-11-09
1408,Keystone Industrial Supply,KIS,293,372,shipped,2023-11-20,2023-12-08
1409,Evergreen Field Support,EFS,949,844,shipped,2025-04-08,2025-04-14
1410,Liberty Mechanical Systems,LMS,45,324,shipped,2024-01-17,2024-02-12
1411,Evergreen Field Support,EFS,678,10,pending,2024-05-01,2024-05-11
1412,Harborline Industrial Supply,HIS,811,529,delivered,2023-07-16,2023-07-21
1413,Mesa Tactical Manufacturing,MTM,205,461,delivered,2023-10-05,2023-10-20
1414,Northstar Defense Supply,NDS,404,13,shipped,2024-05-07,2024-05-12
1415,Ranger Vehicle Parts,RVP,870,404,pending,2024-08-01,2024-08-20
1416,Cedar Valley Manufacturing,CVM,637,373,pending,2024-02-13,2024-02-22
1417,Summit Tactical Supply,STS,435,891,delivered,2025-02-06,2025-02-15
1418,Cascade Aerospace Systems,CAS,402,821,pending,2024-11-05,2024-11-28
1419,Cedar Valley Manufacturing,CVM,397,164,pending,2026-10-07,2026-10-12
1420,Cascade Aerospace Systems,CAS,558,645,delivered,2024-06-24,2024-06-27
1421,Liberty Mechanical Systems,LMS,347,726,pending,2026-05-25,2026-06-08
1422,Compass Maritime Supply,CMS,58,304,delivered,2023-10-04,2023-10-28
1423,Mesa Tactical Manufacturing,MTM,562,674,pending,2026-08-19,2026-09-03
1424,Apex Defense Components,ADC,795,348,shipped,2025-09-26,2025-10-25
1425,Blue Ridge Defense Manufacturing,BRDM,267,975,shipped,2025-01-26,2025-02-03
1426,Summit Tactical Supply,STS,933,114,delivered,2026-07-08,2026-07-14
1427,Cascade Aerospace Systems,CAS,35,330,delivered,2023-01-16,2023-02-02
1428,Frontier Aviation Components,FAC,770,998,shipped,2025-07-06,2025-08-05
1429,Mesa Tactical Manufacturing,MTM,197,378,delivered,2024-01-17,2024-01-22
1430,Ranger Vehicle Parts,RVP,832,259,delivered,2023-05-18,2023-05-21
1431,Blue Ridge Defense Manufacturing,BRDM,548,631,shipped,2026-07-07,2026-07-26
1432,Cedar Valley Manufacturing,CVM,160,139,shipped,2023-03-01,2023-03-11
1433,Heritage Logistics Supply,HLS,477,899,delivered,2026-02-05,2026-02-23
1434,Vector Aerospace Supply,VAS,201,435,pending,2024-12-12,2025-01-10
1435,Evergreen Field Support,EFS,528,152,delivered,2025-12-07,2025-12-30
1436,Vector Aerospace Supply,VAS,905,329,shipped,2026-11-26,2026-12-16
1437,Cascade Aerospace Systems,CAS,275,133,shipped,2025-10-03,2025-11-02
1438,Gulf Coast Maintenance Parts,GCMP,194,720,delivered,2025-07-05,2025-07-28
1439,Evergreen Field Support,EFS,29,155,pending,2024-06-01,2024-06-09
1440,Ironclad Industrial Systems,IIS,241,879,shipped,2024-04-16,2024-05-04
1441,Liberty Mechanical Systems,LMS,896,518,delivered,2024-05-28,2024-06-10
1442,Pinnacle Hydraulic Systems,PHS,168,742,shipped,2023-01-28,2023-02-14
1443,Lone Star Equipment Group,LSEG,264,91,shipped,2026-08-02,2026-08-26
1444,Atlas Ground Support,AGS,444,168,shipped,2025-03-25,2025-03-26
1445,Falcon Electronics Group,FEG,392,823,delivered,2023-11-08,2023-11-23
1446,Lone Star Equipment Group,LSEG,775,527,delivered,2026-03-28,2026-04-07
1447,Granite State Components,GSC,250,275,delivered,2023-06-25,2023-06-30
1448,Cedar Valley Manufacturing,CVM,688,236,shipped,2025-02-02,2025-02-08
1449,Frontier Aviation Components,FAC,945,745,delivered,2025-05-06,2025-05-23
1450,Cedar Valley Manufacturing,CVM,851,711,shipped,2025-02-20,2025-03-06
1451,Prairie Technical Components,PTC,194,392,delivered,2024-10-17,2024-11-03
1452,Granite State Components,GSC,991,379,delivered,2024-04-08,2024-04-25
1453,Patriot Precision Parts,PPP,427,532,delivered,2025-03-12,2025-03-24
1454,Liberty Mechanical Systems,LMS,143,325,delivered,2023-07-06,2023-07-16
1455,Cedar Valley Manufacturing,CVM,995,914,shipped,2023-04-12,2023-04-15
1456,Blue Ridge Defense Manufacturing,BRDM,972,92,delivered,2023-01-12,2023-01-21
1457,Falcon Electronics Group,FEG,646,381,pending,2024-06-12,2024-06-17
1458,Sentinel Equipment Supply,SES,236,880,delivered,2024-08-11,2024-08-15
1459,Summit Tactical Supply,STS,449,745,delivered,2026-12-05,2026-12-21
1460,Cascade Aerospace Systems,CAS,946,207,pending,2026-07-22,2026-07-23
1461,Gulf Coast Maintenance Parts,GCMP,585,505,delivered,2023-11-23,2023-12-22
1462,Mesa Tactical Manufacturing,MTM,82,365,delivered,2026-03-03,2026-03-24
1463,Pinnacle Hydraulic Systems,PHS,576,605,shipped,2026-08-13,2026-09-05
1464,Blue Ridge Defense Manufacturing,BRDM,438,348,pending,2026-12-21,2027-01-16
1465,Titan Mobility Systems,TMS,549,579,delivered,2026-06-20,2026-07-13
1466,Keystone Industrial Supply,KIS,163,244,pending,2023-06-15,2023-07-08
1467,Ironclad Industrial Systems,IIS,176,455,shipped,2024-09-06,2024-10-01
1468,Granite State Components,GSC,483,187,shipped,2025-07-19,2025-08-04
1469,Ironclad Industrial Systems,IIS,317,44,shipped,2025-08-06,2025-09-05
1470,Evergreen Field Support,EFS,314,664,delivered,2026-02-08,2026-02-19
1471,Mesa Tactical Manufacturing,MTM,563,617,pending,2024-10-22,2024-11-03
1472,Evergreen Field Support,EFS,288,548,delivered,2023-09-03,2023-09-28
1473,Cascade Aerospace Systems,CAS,80,512,delivered,2023-09-16,2023-10-11
1474,Atlas Ground Support,AGS,138,21,delivered,2025-11-04,2025-11-11
1475,Falcon Electronics Group,FEG,379,694,pending,2024-09-28,2024-10-26
1476,Apex Defense Components,ADC,532,320,delivered,2026-05-15,2026-05-28
1477,Keystone Industrial Supply,KIS,107,549,shipped,2026-01-14,2026-01-25
1478,Blue Ridge Defense Manufacturing,BRDM,463,298,shipped,2023-11-18,2023-12-14
1479,Harborline Industrial Supply,HIS,191,880,delivered,2023-04-14,2023-05-08
1480,Titan Mobility Systems,TMS,693,953,delivered,2025-03-07,2025-03-19
1481,Pinnacle Hydraulic Systems,PHS,878,768,delivered,2023-11-20,2023-11-29
1482,Sterling Power Systems,SPS,4,723,shipped,2023-04-27,2023-05-13
1483,Prairie Technical Components,PTC,896,783,shipped,2024-08-20,2024-09-01
1484,Cedar Valley Manufacturing,CVM,904,2,delivered,2024-10-27,2024-10-31
1485,Liberty Mechanical Systems,LMS,592,524,delivered,2024-04-08,2024-04-10
1486,Mesa Tactical Manufacturing,MTM,596,156,delivered,2025-12-09,2025-12-11
1487,Cedar Valley Manufacturing,CVM,69,743,shipped,2025-03-27,2025-04-21
1488,Harborline Industrial Supply,HIS,352,990,pending,2026-06-12,2026-07-03
1489,Summit Tactical Supply,STS,223,8,delivered,2024-07-20,2024-07-24
1490,Gulf Coast Maintenance Parts,GCMP,312,996,shipped,2023-04-26,2023-05-10
1491,Ranger Vehicle Parts,RVP,583,547,delivered,2026-01-22,2026-02-21
1492,Evergreen Field Support,EFS,871,571,pending,2026-12-15,2027-01-03
1493,Atlas Ground Support,AGS,757,364,pending,2026-06-22,2026-07-09
1494,Blue Ridge Defense Manufacturing,BRDM,817,36,shipped,2025-11-27,2025-12-05
1495,Apex Defense Components,ADC,899,847,shipped,2025-06-11,2025-06-30
1496,Apex Defense Components,ADC,883,357,pending,2023-08-22,2023-09-07
1497,Heritage Logistics Supply,HLS,349,229,shipped,2024-12-13,2025-01-11
1498,Compass Maritime Supply,CMS,679,394,shipped,2024-09-24,2024-10-20
1499,Sterling Power Systems,SPS,891,273,shipped,2024-07-17,2024-08-03
1500,Summit Tactical Supply,STS,44,999,shipped,2025-12-12,2025-12-22
1501,Ironclad Industrial Systems,IIS,328,699,delivered,2025-04-25,2025-05-12
1502,Sterling Power Systems,SPS,31,275,shipped,2024-03-01,2024-03-09
1503,Titan Mobility Systems,TMS,461,858,shipped,2026-10-20,2026-10-27
1504,Mesa Tactical Manufacturing,MTM,720,101,delivered,2023-09-10,2023-10-09
1505,Cedar Valley Manufacturing,CVM,228,251,shipped,2023-07-04,2023-07-08
1506,Apex Defense Components,ADC,257,836,pending,2026-02-11,2026-03-02
1507,Northstar Defense Supply,NDS,207,275,shipped,2026-09-08,2026-09-26
1508,Northstar Defense Supply,NDS,893,604,shipped,2025-12-27,2026-01-23
1509,Pinnacle Hydraulic Systems,PHS,493,521,pending,2023-09-24,2023-09-29
1510,Trident Marine Components,TMC,56,607,pending,2024-02-02,2024-02-28
1511,Gulf Coast Maintenance Parts,GCMP,96,432,shipped,2023-06-08,2023-06-16
1512,Sentinel Equipment Supply,SES,230,874,delivered,2026-06-08,2026-06-09
1513,Blue Ridge Defense Manufacturing,BRDM,856,445,shipped,2023-04-26,2023-04-29
1514,Patriot Precision Parts,PPP,227,925,delivered,2025-04-22,2025-05-22
1515,Heritage Logistics Supply,HLS,428,291,delivered,2024-12-09,2025-01-04
1516,Trident Marine Components,TMC,219,55,pending,2025-04-25,2025-05-25
1517,Harborline Industrial Supply,HIS,497,567,shipped,2025-06-28,2025-07-27
1518,Redstone Logistics Group,RLG,441,630,pending,2024-12-25,2025-01-07
1519,Apex Defense Components,ADC,512,630,delivered,2024-08-23,2024-09-13
1520,Granite State Components,GSC,775,541,pending,2023-12-23,2024-01-22
1521,Vector Aerospace Supply,VAS,741,240,pending,2024-03-18,2024-03-21
1522,Northstar Defense Supply,NDS,890,35,pending,2023-07-25,2023-08-22
1523,Harborline Industrial Supply,HIS,692,746,pending,2026-01-08,2026-01-12
1524,Ironclad Industrial Systems,IIS,902,692,delivered,2024-10-09,2024-10-17
1525,Liberty Mechanical Systems,LMS,308,146,delivered,2026-07-21,2026-08-01
1526,Northstar Defense Supply,NDS,663,818,pending,2026-12-11,2027-01-04
1527,Ironclad Industrial Systems,IIS,830,715,delivered,2023-07-11,2023-07-26
1528,Liberty Mechanical Systems,LMS,202,191,pending,2025-06-10,2025-07-08
1529,Cedar Valley Manufacturing,CVM,468,820,delivered,2023-02-23,2023-03-18
1530,Gulf Coast Maintenance Parts,GCMP,328,277,shipped,2025-02-19,2025-03-03
1531,Titan Mobility Systems,TMS,793,81,shipped,2024-07-18,2024-08-17
1532,Patriot Precision Parts,PPP,705,158,shipped,2025-09-25,2025-09-30
1533,Cascade Aerospace Systems,CAS,41,769,delivered,2023-10-06,2023-10-07
1534,Redstone Logistics Group,RLG,363,645,delivered,2026-05-04,2026-05-19
1535,Frontier Aviation Components,FAC,574,385,shipped,2025-01-05,2025-01-17
1536,Harborline Industrial Supply,HIS,587,879,shipped,2025-12-24,2026-01-17
1537,Apex Defense Components,ADC,778,844,pending,2023-02-12,2023-02-23
1538,Lone Star Equipment Group,LSEG,871,674,pending,2024-02-21,2024-03-22
1539,Prairie Technical Components,PTC,636,776,delivered,2023-04-12,2023-04-24
1540,Apex Defense Components,ADC,257,349,delivered,2026-10-05,2026-10-22
1541,Compass Maritime Supply,CMS,896,945,shipped,2023-11-21,2023-12-09
1542,Ironclad Industrial Systems,IIS,814,234,shipped,2025-08-21,2025-09-10
1543,Ranger Vehicle Parts,RVP,213,388,delivered,2024-04-27,2024-05-26
1544,Liberty Mechanical Systems,LMS,276,730,pending,2024-07-23,2024-07-28
1545,Titan Mobility Systems,TMS,131,13,pending,2023-06-15,2023-06-26
1546,Granite State Components,GSC,488,772,delivered,2025-06-14,2025-06-15
1547,Titan Mobility Systems,TMS,779,85,shipped,2025-07-20,2025-07-23
1548,Harborline Industrial Supply,HIS,846,723,delivered,2023-05-12,2023-05-13
1549,Titan Mobility Systems,TMS,289,182,pending,2026-07-11,2026-08-01
1550,Evergreen Field Support,EFS,534,300,delivered,2026-03-14,2026-03-17
1551,Compass Maritime Supply,CMS,559,111,delivered,2023-04-04,2023-04-17
1552,Ironclad Industrial Systems,IIS,75,534,pending,2023-07-16,2023-07-20
1553,Granite State Components,GSC,457,155,pending,2026-01-26,2026-01-28
1554,Keystone Industrial Supply,KIS,375,341,delivered,2024-04-18,2024-04-21
1555,Frontier Aviation Components,FAC,567,822,pending,2024-12-23,2025-01-03
1556,Heritage Logistics Supply,HLS,396,801,delivered,2024-03-14,2024-04-05
1557,Frontier Aviation Components,FAC,60,824,shipped,2023-04-01,2023-05-01
1558,Sterling Power Systems,SPS,144,311,pending,2026-07-24,2026-07-29
1559,Compass Maritime Supply,CMS,991,8,delivered,2026-02-13,2026-02-20
1560,Vector Aerospace Supply,VAS,369,660,pending,2025-01-19,2025-01-27
1561,Sentinel Equipment Supply,SES,566,728,shipped,2023-02-12,2023-02-14
1562,Liberty Mechanical Systems,LMS,128,588,delivered,2023-12-27,2024-01-04
1563,Keystone Industrial Supply,KIS,345,639,shipped,2023-12-11,2023-12-19
1564,Liberty Mechanical Systems,LMS,775,932,pending,2024-11-15,2024-12-09
1565,Granite State Components,GSC,127,490,delivered,2024-05-20,2024-06-04
1566,Patriot Precision Parts,PPP,990,85,shipped,2026-02-14,2026-02-28
1567,Northstar Defense Supply,NDS,673,729,delivered,2025-03-19,2025-04-06
1568,Cascade Aerospace Systems,CAS,586,373,pending,2026-06-14,2026-06-16
1569,Ranger Vehicle Parts,RVP,258,202,shipped,2024-04-17,2024-04-26
1570,Atlas Ground Support,AGS,240,309,pending,2026-01-03,2026-02-01
1571,Keystone Industrial Supply,KIS,88,332,pending,2026-05-25,2026-06-07
1572,Harborline Industrial Supply,HIS,274,263,shipped,2025-12-21,2025-12-27
1573,Prairie Technical Components,PTC,329,180,pending,2024-08-26,2024-09-18
1574,Granite State Components,GSC,960,519,shipped,2026-07-27,2026-08-21
1575,Ranger Vehicle Parts,RVP,71,619,pending,2026-12-19,2027-01-17
1576,Summit Tactical Supply,STS,371,636,pending,2023-10-27,2023-11-25
1577,Prairie Technical Components,PTC,77,852,delivered,2026-08-19,2026-08-20
1578,Pinnacle Hydraulic Systems,PHS,744,471,delivered,2026-06-08,2026-06-13
1579,Granite State Components,GSC,763,653,shipped,2024-04-02,2024-04-15
1580,Summit Tactical Supply,STS,307,891,shipped,2024-05-05,2024-05-13
1581,Keystone Industrial Supply,KIS,503,902,shipped,2024-01-25,2024-02-17
1582,Cedar Valley Manufacturing,CVM,510,646,shipped,2025-11-08,2025-11-18
1583,Pinnacle Hydraulic Systems,PHS,701,303,pending,2026-04-24,2026-05-08
1584,Prairie Technical Components,PTC,707,600,delivered,2024-12-22,2025-01-18
1585,Harborline Industrial Supply,HIS,119,210,delivered,2023-01-14,2023-01-24
1586,Pinnacle Hydraulic Systems,PHS,742,5,pending,2024-06-09,2024-07-08
1587,Titan Mobility Systems,TMS,717,455,pending,2023-11-26,2023-12-24
1588,Falcon Electronics Group,FEG,824,834,shipped,2024-08-13,2024-09-12
1589,Mesa Tactical Manufacturing,MTM,756,413,delivered,2026-11-11,2026-12-10
1590,Atlas Ground Support,AGS,261,535,shipped,2023-11-06,2023-11-08
1591,Liberty Mechanical Systems,LMS,258,319,pending,2023-01-17,2023-02-09
1592,Summit Tactical Supply,STS,75,493,delivered,2024-02-27,2024-03-21
1593,Prairie Technical Components,PTC,121,152,shipped,2024-03-10,2024-04-07
1594,Falcon Electronics Group,FEG,902,531,pending,2023-06-15,2023-06-19
1595,Cascade Aerospace Systems,CAS,282,363,shipped,2026-07-02,2026-07-05
1596,Summit Tactical Supply,STS,996,603,shipped,2024-04-02,2024-04-07
1597,Ironclad Industrial Systems,IIS,668,502,delivered,2025-09-21,2025-10-18
1598,Heritage Logistics Supply,HLS,818,30,pending,2025-01-22,2025-01-24
1599,Harborline Industrial Supply,HIS,732,120,shipped,2024-06-16,2024-07-07
1600,Northstar Defense Supply,NDS,823,702,pending,2023-10-26,2023-11-05
1601,Trident Marine Components,TMC,781,392,delivered,2023-08-25,2023-09-18
1602,Cascade Aerospace Systems,CAS,398,341,delivered,2023-03-23,2023-03-27
1603,Ironclad Industrial Systems,IIS,828,231,shipped,2025-03-28,2025-04-10
1604,Pinnacle Hydraulic Systems,PHS,186,986,shipped,2026-10-17,2026-11-03
1605,Compass Maritime Supply,CMS,508,225,delivered,2025-03-28,2025-04-10
1606,Cedar Valley Manufacturing,CVM,169,854,delivered,2025-08-03,2025-08-30
1607,Lone Star Equipment Group,LSEG,437,251,pending,2025-10-19,2025-11-03
1608,Sentinel Equipment Supply,SES,53,456,shipped,2025-09-14,2025-10-04
1609,Trident Marine Components,TMC,634,708,pending,2026-08-12,2026-08-17
1610,Sentinel Equipment Supply,SES,17,962,pending,2026-01-09,2026-01-14
1611,Northstar Defense Supply,NDS,557,780,shipped,2023-02-03,2023-03-01
1612,Ranger Vehicle Parts,RVP,892,749,pending,2025-10-18,2025-11-07
1613,Cascade Aerospace Systems,CAS,562,926,shipped,2024-06-11,2024-06-18
1614,Ranger Vehicle Parts,RVP,374,522,delivered,2024-05-16,2024-05-18
1615,Patriot Precision Parts,PPP,152,937,pending,2024-04-14,2024-05-07
1616,Blue Ridge Defense Manufacturing,BRDM,512,366,shipped,2025-06-16,2025-07-09
1617,Frontier Aviation Components,FAC,590,383,delivered,2024-05-11,2024-05-28
1618,Apex Defense Components,ADC,571,793,shipped,2026-10-27,2026-11-23
1619,Mesa Tactical Manufacturing,MTM,312,135,shipped,2024-07-02,2024-07-16
1620,Northstar Defense Supply,NDS,763,853,shipped,2023-07-16,2023-08-15
1621,Heritage Logistics Supply,HLS,151,695,shipped,2024-11-03,2024-11-09
1622,Vector Aerospace Supply,VAS,95,184,pending,2026-08-11,2026-08-14
1623,Sentinel Equipment Supply,SES,319,547,delivered,2025-09-23,2025-09-26
1624,Ironclad Industrial Systems,IIS,570,363,delivered,2024-02-25,2024-03-04
1625,Harborline Industrial Supply,HIS,723,471,shipped,2023-08-10,2023-09-01
1626,Falcon Electronics Group,FEG,376,518,delivered,2025-05-10,2025-05-14
1627,Gulf Coast Maintenance Parts,GCMP,608,27,delivered,2025-09-15,2025-10-10
1628,Gulf Coast Maintenance Parts,GCMP,208,978,shipped,2024-11-21,2024-12-08
1629,Falcon Electronics Group,FEG,396,958,pending,2026-03-10,2026-03-29
1630,Harborline Industrial Supply,HIS,40,704,pending,2023-06-27,2023-07-05
1631,Titan Mobility Systems,TMS,924,801,shipped,2025-07-08,2025-07-15
1632,Summit Tactical Supply,STS,746,637,delivered,2026-06-27,2026-07-17
1633,Mesa Tactical Manufacturing,MTM,668,909,shipped,2026-03-09,2026-03-22
1634,Sterling Power Systems,SPS,710,523,delivered,2025-03-05,2025-04-03
1635,Atlas Ground Support,AGS,737,240,pending,2026-10-07,2026-10-19
1636,Summit Tactical Supply,STS,514,131,pending,2025-04-26,2025-05-24
1637,Patriot Precision Parts,PPP,399,303,pending,2024-01-01,2024-01-06
1638,Blue Ridge Defense Manufacturing,BRDM,903,240,shipped,2026-03-24,2026-04-15
1639,Keystone Industrial Supply,KIS,36,386,delivered,2023-08-20,2023-09-18
1640,Liberty Mechanical Systems,LMS,147,128,shipped,2023-10-18,2023-10-23
1641,Heritage Logistics Supply,HLS,740,406,pending,2025-10-24,2025-11-23
1642,Ranger Vehicle Parts,RVP,245,970,delivered,2023-05-20,2023-05-31
1643,Apex Defense Components,ADC,333,339,shipped,2026-04-09,2026-05-02
1644,Evergreen Field Support,EFS,355,714,shipped,2024-01-01,2024-01-02
1645,Titan Mobility Systems,TMS,388,337,delivered,2026-04-03,2026-04-15
1646,Mesa Tactical Manufacturing,MTM,695,841,pending,2026-09-22,2026-10-08
1647,Frontier Aviation Components,FAC,303,265,pending,2026-08-19,2026-09-08
1648,Gulf Coast Maintenance Parts,GCMP,335,961,pending,2024-06-11,2024-06-14
1649,Ironclad Industrial Systems,IIS,394,758,delivered,2024-07-26,2024-08-10
1650,Evergreen Field Support,EFS,338,507,delivered,2026-04-02,2026-04-07
1651,Keystone Industrial Supply,KIS,396,386,shipped,2026-09-10,2026-09-30
1652,Blue Ridge Defense Manufacturing,BRDM,465,687,delivered,2026-03-02,2026-03-10
1653,Apex Defense Components,ADC,68,722,shipped,2024-02-20,2024-02-22
1654,Sentinel Equipment Supply,SES,949,697,pending,2025-11-19,2025-12-03
1655,Heritage Logistics Supply,HLS,653,431,pending,2025-10-09,2025-10-26
1656,Sterling Power Systems,SPS,299,62,delivered,2026-03-11,2026-03-13
1657,Atlas Ground Support,AGS,95,533,delivered,2026-10-18,2026-10-28
1658,Titan Mobility Systems,TMS,937,133,delivered,2026-12-18,2026-12-25
1659,Gulf Coast Maintenance Parts,GCMP,128,384,shipped,2025-01-21,2025-02-06
1660,Redstone Logistics Group,RLG,433,950,shipped,2024-11-04,2024-11-20
1661,Frontier Aviation Components,FAC,52,167,shipped,2025-08-28,2025-09-01
1662,Harborline Industrial Supply,HIS,29,236,delivered,2024-03-14,2024-03-23
1663,Gulf Coast Maintenance Parts,GCMP,449,476,pending,2026-02-13,2026-03-09
1664,Redstone Logistics Group,RLG,345,904,shipped,2025-09-13,2025-10-12
1665,Compass Maritime Supply,CMS,233,44,pending,2026-08-19,2026-09-14
1666,Patriot Precision Parts,PPP,315,432,shipped,2025-02-23,2025-03-20
1667,Falcon Electronics Group,FEG,273,634,delivered,2023-01-26,2023-02-22
1668,Atlas Ground Support,AGS,562,336,pending,2024-12-02,2024-12-23
1669,Titan Mobility Systems,TMS,971,708,pending,2023-01-25,2023-01-27
1670,Sentinel Equipment Supply,SES,159,844,delivered,2025-11-24,2025-12-14
1671,Titan Mobility Systems,TMS,981,663,shipped,2023-03-24,2023-04-03
1672,Harborline Industrial Supply,HIS,35,321,delivered,2026-08-19,2026-08-24
1673,Falcon Electronics Group,FEG,369,334,pending,2026-07-25,2026-08-01
1674,Summit Tactical Supply,STS,284,582,delivered,2024-10-24,2024-11-21
1675,Compass Maritime Supply,CMS,104,134,pending,2025-05-02,2025-05-26
1676,Pinnacle Hydraulic Systems,PHS,265,413,shipped,2023-07-08,2023-07-28
1677,Cascade Aerospace Systems,CAS,384,405,shipped,2025-01-12,2025-02-10
1678,Mesa Tactical Manufacturing,MTM,52,266,shipped,2023-12-25,2024-01-17
1679,Mesa Tactical Manufacturing,MTM,180,981,shipped,2024-11-21,2024-12-17
1680,Redstone Logistics Group,RLG,583,31,shipped,2023-04-03,2023-04-13
1681,Evergreen Field Support,EFS,782,954,shipped,2025-02-15,2025-03-07
1682,Redstone Logistics Group,RLG,265,640,pending,2026-07-17,2026-08-14
1683,Patriot Precision Parts,PPP,374,560,shipped,2025-11-05,2025-12-02
1684,Granite State Components,GSC,497,373,delivered,2023-07-12,2023-07-17
1685,Patriot Precision Parts,PPP,462,668,pending,2023-09-14,2023-09-27
1686,Ranger Vehicle Parts,RVP,787,423,shipped,2025-05-16,2025-05-25
1687,Blue Ridge Defense Manufacturing,BRDM,357,409,shipped,2023-01-01,2023-01-21
1688,Ranger Vehicle Parts,RVP,655,555,pending,2025-03-22,2025-04-18
1689,Liberty Mechanical Systems,LMS,65,171,pending,2024-05-17,2024-05-27
1690,Ironclad Industrial Systems,IIS,400,396,delivered,2023-05-22,2023-06-16
1691,Compass Maritime Supply,CMS,21,803,shipped,2023-11-11,2023-11-30
1692,Blue Ridge Defense Manufacturing,BRDM,165,752,pending,2023-07-21,2023-08-03
1693,Sentinel Equipment Supply,SES,632,489,shipped,2026-03-22,2026-04-16
1694,Lone Star Equipment Group,LSEG,937,488,shipped,2026-07-03,2026-07-11
1695,Gulf Coast Maintenance Parts,GCMP,290,775,delivered,2025-09-21,2025-10-13
1696,Harborline Industrial Supply,HIS,815,114,shipped,2023-08-12,2023-09-01
1697,Frontier Aviation Components,FAC,618,315,shipped,2026-12-09,2026-12-14
1698,Keystone Industrial Supply,KIS,67,275,shipped,2025-06-23,2025-06-29
1699,Northstar Defense Supply,NDS,740,335,pending,2025-05-03,2025-05-09
1700,Sentinel Equipment Supply,SES,846,14,shipped,2024-01-10,2024-01-27
1701,Compass Maritime Supply,CMS,864,79,delivered,2026-11-04,2026-11-06
1702,Trident Marine Components,TMC,778,893,shipped,2024-10-27,2024-11-11
1703,Apex Defense Components,ADC,259,412,pending,2025-04-02,2025-04-14
1704,Apex Defense Components,ADC,210,535,delivered,2024-03-09,2024-04-04
1705,Keystone Industrial Supply,KIS,824,331,pending,2025-10-19,2025-10-26
1706,Evergreen Field Support,EFS,540,761,pending,2025-03-15,2025-04-03
1707,Titan Mobility Systems,TMS,668,952,pending,2024-02-01,2024-02-08
1708,Pinnacle Hydraulic Systems,PHS,345,227,delivered,2023-09-14,2023-10-06
1709,Granite State Components,GSC,628,689,pending,2026-05-06,2026-05-30
1710,Pinnacle Hydraulic Systems,PHS,177,436,pending,2024-02-27,2024-03-28
1711,Evergreen Field Support,EFS,393,33,pending,2024-07-08,2024-07-30
1712,Mesa Tactical Manufacturing,MTM,122,766,pending,2026-12-24,2027-01-06
1713,Frontier Aviation Components,FAC,463,990,delivered,2026-04-22,2026-04-25
1714,Lone Star Equipment Group,LSEG,469,851,shipped,2025-03-05,2025-04-01
1715,Ranger Vehicle Parts,RVP,496,789,delivered,2026-04-12,2026-04-21
1716,Sterling Power Systems,SPS,558,750,pending,2023-08-04,2023-08-07
1717,Sterling Power Systems,SPS,16,578,shipped,2025-01-14,2025-01-16
1718,Heritage Logistics Supply,HLS,382,929,pending,2024-01-11,2024-02-10
1719,Ranger Vehicle Parts,RVP,718,796,shipped,2025-01-09,2025-01-26
1720,Frontier Aviation Components,FAC,834,432,shipped,2026-07-01,2026-07-27
1721,Prairie Technical Components,PTC,403,93,shipped,2026-03-20,2026-04-07
1722,Redstone Logistics Group,RLG,926,809,shipped,2026-09-12,2026-09-21
1723,Sentinel Equipment Supply,SES,972,266,shipped,2023-06-10,2023-06-17
1724,Ranger Vehicle Parts,RVP,129,816,shipped,2024-01-05,2024-01-21
1725,Granite State Components,GSC,246,52,shipped,2026-10-05,2026-10-15
1726,Lone Star Equipment Group,LSEG,91,294,pending,2026-02-01,2026-03-01
1727,Evergreen Field Support,EFS,885,220,shipped,2023-04-12,2023-05-07
1728,Sentinel Equipment Supply,SES,385,161,pending,2023-12-23,2024-01-11
1729,Prairie Technical Components,PTC,724,738,shipped,2024-02-11,2024-03-03
1730,Atlas Ground Support,AGS,417,42,shipped,2023-12-13,2023-12-18
1731,Blue Ridge Defense Manufacturing,BRDM,99,560,delivered,2025-01-12,2025-01-23
1732,Blue Ridge Defense Manufacturing,BRDM,50,232,delivered,2025-06-28,2025-07-24
1733,Cedar Valley Manufacturing,CVM,654,423,delivered,2026-01-18,2026-02-03
1734,Ironclad Industrial Systems,IIS,29,488,pending,2025-10-24,2025-10-30
1735,Ranger Vehicle Parts,RVP,613,804,shipped,2026-04-22,2026-05-05
1736,Compass Maritime Supply,CMS,313,912,delivered,2025-12-28,2026-01-05
1737,Sentinel Equipment Supply,SES,328,991,shipped,2025-08-24,2025-08-25
1738,Cascade Aerospace Systems,CAS,834,152,delivered,2025-05-15,2025-06-01
1739,Harborline Industrial Supply,HIS,244,802,shipped,2023-11-16,2023-11-20
1740,Cedar Valley Manufacturing,CVM,871,915,pending,2023-07-25,2023-08-01
1741,Ranger Vehicle Parts,RVP,79,730,pending,2025-04-24,2025-05-22
1742,Titan Mobility Systems,TMS,950,764,shipped,2025-09-04,2025-09-20
1743,Summit Tactical Supply,STS,34,177,delivered,2024-08-20,2024-09-07
1744,Mesa Tactical Manufacturing,MTM,699,273,pending,2024-01-21,2024-01-27
1745,Keystone Industrial Supply,KIS,542,58,pending,2025-05-13,2025-06-05
1746,Titan Mobility Systems,TMS,901,547,shipped,2023-04-25,2023-05-11
1747,Prairie Technical Components,PTC,823,116,delivered,2024-02-13,2024-03-09
1748,Keystone Industrial Supply,KIS,343,209,shipped,2024-03-22,2024-04-11
1749,Ironclad Industrial Systems,IIS,37,423,shipped,2025-06-01,2025-06-16
1750,Cedar Valley Manufacturing,CVM,192,612,delivered,2024-04-13,2024-04-30
1751,Trident Marine Components,TMC,371,239,shipped,2024-05-22,2024-05-26
1752,Harborline Industrial Supply,HIS,626,693,pending,2023-04-19,2023-05-11
1753,Titan Mobility Systems,TMS,554,715,shipped,2024-08-03,2024-08-18
1754,Liberty Mechanical Systems,LMS,327,725,delivered,2026-09-04,2026-09-21
1755,Cedar Valley Manufacturing,CVM,87,106,pending,2026-07-14,2026-08-04
1756,Frontier Aviation Components,FAC,627,792,pending,2024-02-17,2024-03-07
1757,Compass Maritime Supply,CMS,817,931,shipped,2026-03-16,2026-03-30
1758,Heritage Logistics Supply,HLS,417,650,shipped,2026-12-09,2026-12-16
1759,Sentinel Equipment Supply,SES,743,632,shipped,2025-01-13,2025-01-20
1760,Falcon Electronics Group,FEG,253,441,shipped,2025-05-12,2025-05-16
1761,Redstone Logistics Group,RLG,745,725,shipped,2024-10-02,2024-10-03
1762,Summit Tactical Supply,STS,848,981,shipped,2023-08-08,2023-09-06
1763,Patriot Precision Parts,PPP,211,788,delivered,2025-01-23,2025-02-06
1764,Pinnacle Hydraulic Systems,PHS,891,984,delivered,2024-10-22,2024-11-01
1765,Lone Star Equipment Group,LSEG,229,74,pending,2026-09-16,2026-09-26
1766,Vector Aerospace Supply,VAS,220,565,pending,2023-06-01,2023-06-17
1767,Mesa Tactical Manufacturing,MTM,910,654,delivered,2025-09-04,2025-09-06
1768,Gulf Coast Maintenance Parts,GCMP,765,276,delivered,2024-02-18,2024-03-14
1769,Granite State Components,GSC,807,725,delivered,2025-12-03,2025-12-06
1770,Falcon Electronics Group,FEG,135,324,shipped,2024-10-05,2024-10-20
1771,Blue Ridge Defense Manufacturing,BRDM,744,660,delivered,2026-12-03,2026-12-29
1772,Trident Marine Components,TMC,878,417,pending,2024-11-23,2024-11-27
1773,Sterling Power Systems,SPS,440,830,delivered,2026-08-10,2026-09-04
1774,Prairie Technical Components,PTC,925,628,pending,2023-02-17,2023-03-03
1775,Blue Ridge Defense Manufacturing,BRDM,377,419,delivered,2026-04-11,2026-04-12
1776,Vector Aerospace Supply,VAS,223,983,shipped,2026-09-11,2026-09-18
1777,Apex Defense Components,ADC,617,867,shipped,2025-02-02,2025-02-28
1778,Summit Tactical Supply,STS,48,870,shipped,2023-08-08,2023-08-11
1779,Keystone Industrial Supply,KIS,544,567,shipped,2025-04-10,2025-04-16
1780,Vector Aerospace Supply,VAS,915,200,delivered,2024-06-02,2024-06-11
1781,Apex Defense Components,ADC,864,781,shipped,2024-09-26,2024-09-30
1782,Cedar Valley Manufacturing,CVM,844,975,pending,2026-03-13,2026-04-04
1783,Sterling Power Systems,SPS,294,538,shipped,2025-10-28,2025-11-02
1784,Sentinel Equipment Supply,SES,178,383,shipped,2024-10-15,2024-11-13
1785,Sterling Power Systems,SPS,654,345,shipped,2025-11-16,2025-12-02
1786,Patriot Precision Parts,PPP,753,927,shipped,2023-12-06,2023-12-15
1787,Apex Defense Components,ADC,807,334,pending,2025-04-27,2025-05-01
1788,Gulf Coast Maintenance Parts,GCMP,649,326,pending,2025-01-05,2025-01-27
1789,Summit Tactical Supply,STS,298,249,shipped,2025-01-22,2025-02-17
1790,Atlas Ground Support,AGS,349,254,pending,2026-09-07,2026-09-26
1791,Trident Marine Components,TMC,901,12,pending,2023-05-12,2023-05-13
1792,Ironclad Industrial Systems,IIS,967,403,shipped,2024-10-02,2024-10-07
1793,Prairie Technical Components,PTC,555,782,pending,2023-07-02,2023-07-13
1794,Mesa Tactical Manufacturing,MTM,711,697,delivered,2023-04-09,2023-05-02
1795,Pinnacle Hydraulic Systems,PHS,13,332,pending,2026-05-20,2026-05-21
1796,Ranger Vehicle Parts,RVP,908,164,shipped,2024-11-27,2024-12-24
1797,Northstar Defense Supply,NDS,973,68,pending,2023-01-25,2023-02-20
1798,Blue Ridge Defense Manufacturing,BRDM,474,548,shipped,2024-05-17,2024-06-05
1799,Compass Maritime Supply,CMS,428,77,pending,2024-08-11,2024-08-31
1800,Gulf Coast Maintenance Parts,GCMP,147,545,pending,2025-04-15,2025-04-19
1801,Heritage Logistics Supply,HLS,765,60,pending,2023-06-15,2023-07-11
1802,Falcon Electronics Group,FEG,658,792,pending,2026-11-09,2026-12-07
1803,Falcon Electronics Group,FEG,66,229,shipped,2025-11-11,2025-11-24
1804,Harborline Industrial Supply,HIS,462,744,pending,2025-05-25,2025-06-18
1805,Liberty Mechanical Systems,LMS,489,794,delivered,2023-09-07,2023-09-14
1806,Harborline Industrial Supply,HIS,316,911,pending,2026-12-16,2026-12-17
1807,Mesa Tactical Manufacturing,MTM,940,391,pending,2024-02-10,2024-02-11
1808,Frontier Aviation Components,FAC,831,726,pending,2025-12-07,2025-12-25
1809,Falcon Electronics Group,FEG,734,142,pending,2026-12-04,2026-12-05
1810,Liberty Mechanical Systems,LMS,70,926,shipped,2026-09-22,2026-10-10
1811,Ranger Vehicle Parts,RVP,180,310,pending,2026-03-14,2026-03-31
1812,Atlas Ground Support,AGS,234,373,pending,2024-07-19,2024-07-21
1813,Cedar Valley Manufacturing,CVM,833,49,shipped,2026-11-28,2026-12-04
1814,Summit Tactical Supply,STS,924,167,shipped,2026-07-26,2026-08-21
1815,Blue Ridge Defense Manufacturing,BRDM,367,271,pending,2023-07-12,2023-08-01
1816,Sterling Power Systems,SPS,462,623,delivered,2023-12-27,2023-12-29
1817,Titan Mobility Systems,TMS,409,237,shipped,2026-09-25,2026-10-18
1818,Mesa Tactical Manufacturing,MTM,262,822,delivered,2023-10-28,2023-11-09
1819,Evergreen Field Support,EFS,657,409,pending,2023-07-20,2023-07-27
1820,Ranger Vehicle Parts,RVP,986,464,pending,2023-06-14,2023-07-08
1821,Falcon Electronics Group,FEG,222,958,shipped,2025-11-21,2025-12-08
1822,Frontier Aviation Components,FAC,418,920,shipped,2024-03-24,2024-04-16
1823,Evergreen Field Support,EFS,957,320,pending,2023-09-02,2023-09-21
1824,Sentinel Equipment Supply,SES,265,915,delivered,2023-10-05,2023-10-11
1825,Trident Marine Components,TMC,470,596,delivered,2023-11-06,2023-11-11
1826,Harborline Industrial Supply,HIS,463,817,delivered,2026-04-09,2026-04-20
1827,Evergreen Field Support,EFS,839,754,pending,2026-09-09,2026-09-10
1828,Frontier Aviation Components,FAC,237,57,pending,2024-09-09,2024-09-26
1829,Ironclad Industrial Systems,IIS,73,790,shipped,2025-03-11,2025-04-09
1830,Patriot Precision Parts,PPP,379,509,pending,2024-12-08,2024-12-12
1831,Cascade Aerospace Systems,CAS,744,445,delivered,2023-02-07,2023-03-05
1832,Liberty Mechanical Systems,LMS,194,927,delivered,2026-09-14,2026-10-03
1833,Falcon Electronics Group,FEG,293,365,delivered,2026-02-12,2026-03-14
1834,Falcon Electronics Group,FEG,950,436,delivered,2026-05-13,2026-05-27
1835,Redstone Logistics Group,RLG,938,443,shipped,2023-03-13,2023-04-10
1836,Trident Marine Components,TMC,455,100,shipped,2024-03-17,2024-03-30
1837,Apex Defense Components,ADC,372,744,delivered,2026-11-09,2026-11-20
1838,Titan Mobility Systems,TMS,662,944,pending,2023-10-01,2023-10-30
1839,Vector Aerospace Supply,VAS,112,67,delivered,2026-07-21,2026-08-19
1840,Summit Tactical Supply,STS,211,551,shipped,2024-07-09,2024-07-27
1841,Evergreen Field Support,EFS,796,613,pending,2024-03-07,2024-03-16
1842,Vector Aerospace Supply,VAS,200,551,shipped,2026-09-14,2026-10-13
1843,Sentinel Equipment Supply,SES,991,20,shipped,2025-02-08,2025-02-26
1844,Liberty Mechanical Systems,LMS,210,635,shipped,2026-09-09,2026-09-16
1845,Pinnacle Hydraulic Systems,PHS,859,531,pending,2026-04-02,2026-04-16
1846,Evergreen Field Support,EFS,568,148,delivered,2024-02-17,2024-03-17
1847,Titan Mobility Systems,TMS,210,855,delivered,2024-02-08,2024-03-02
1848,Cascade Aerospace Systems,CAS,159,525,delivered,2026-04-20,2026-05-07
1849,Blue Ridge Defense Manufacturing,BRDM,542,308,shipped,2026-10-14,2026-10-23
1850,Sentinel Equipment Supply,SES,362,119,delivered,2025-05-08,2025-06-03
1851,Gulf Coast Maintenance Parts,GCMP,250,971,pending,2026-01-14,2026-02-06
1852,Titan Mobility Systems,TMS,301,760,pending,2025-07-19,2025-08-17
1853,Cedar Valley Manufacturing,CVM,229,190,pending,2025-12-25,2026-01-01
1854,Summit Tactical Supply,STS,904,544,shipped,2024-02-27,2024-03-14
1855,Pinnacle Hydraulic Systems,PHS,353,87,shipped,2024-06-08,2024-06-09
1856,Sterling Power Systems,SPS,66,455,delivered,2025-12-22,2026-01-16
1857,Apex Defense Components,ADC,383,456,shipped,2023-10-24,2023-11-10
1858,Gulf Coast Maintenance Parts,GCMP,309,449,delivered,2024-05-28,2024-06-07
1859,Prairie Technical Components,PTC,156,680,delivered,2023-05-08,2023-06-01
1860,Keystone Industrial Supply,KIS,299,541,shipped,2024-11-11,2024-12-01
1861,Cascade Aerospace Systems,CAS,952,376,pending,2024-07-27,2024-08-21
1862,Mesa Tactical Manufacturing,MTM,679,298,pending,2025-09-14,2025-10-04
1863,Blue Ridge Defense Manufacturing,BRDM,3,366,delivered,2024-11-08,2024-11-30
1864,Keystone Industrial Supply,KIS,730,847,delivered,2025-03-19,2025-03-22
1865,Apex Defense Components,ADC,997,816,shipped,2023-09-16,2023-09-24
1866,Northstar Defense Supply,NDS,457,728,pending,2023-10-10,2023-11-09
1867,Falcon Electronics Group,FEG,952,342,shipped,2026-10-22,2026-11-15
1868,Prairie Technical Components,PTC,576,48,shipped,2023-05-20,2023-06-08
1869,Titan Mobility Systems,TMS,229,872,delivered,2026-02-27,2026-03-27
1870,Ironclad Industrial Systems,IIS,46,402,pending,2024-02-10,2024-03-05
1871,Apex Defense Components,ADC,709,848,pending,2024-01-20,2024-02-13
1872,Summit Tactical Supply,STS,252,788,pending,2024-01-12,2024-01-14
1873,Compass Maritime Supply,CMS,839,138,pending,2026-05-28,2026-06-26
1874,Sterling Power Systems,SPS,179,529,pending,2024-07-01,2024-07-18
1875,Evergreen Field Support,EFS,431,75,delivered,2024-01-07,2024-02-04
1876,Lone Star Equipment Group,LSEG,535,243,shipped,2024-03-11,2024-03-15
1877,Redstone Logistics Group,RLG,676,109,delivered,2023-04-10,2023-04-23
1878,Cedar Valley Manufacturing,CVM,97,697,shipped,2026-03-26,2026-04-20
1879,Harborline Industrial Supply,HIS,432,452,pending,2026-07-18,2026-08-16
1880,Gulf Coast Maintenance Parts,GCMP,55,937,delivered,2024-12-17,2025-01-05
1881,Prairie Technical Components,PTC,947,180,pending,2023-04-27,2023-05-14
1882,Ranger Vehicle Parts,RVP,246,529,pending,2026-06-28,2026-07-16
1883,Cascade Aerospace Systems,CAS,651,241,pending,2023-10-15,2023-11-04
1884,Heritage Logistics Supply,HLS,649,216,shipped,2025-03-11,2025-03-22
1885,Lone Star Equipment Group,LSEG,107,752,pending,2024-05-12,2024-06-01
1886,Trident Marine Components,TMC,320,931,pending,2024-07-22,2024-08-11
1887,Cascade Aerospace Systems,CAS,532,305,pending,2026-02-26,2026-03-24
1888,Ranger Vehicle Parts,RVP,986,486,delivered,2024-07-25,2024-08-02
1889,Harborline Industrial Supply,HIS,935,631,delivered,2026-06-25,2026-07-04
1890,Compass Maritime Supply,CMS,467,544,pending,2026-01-08,2026-01-18
1891,Keystone Industrial Supply,KIS,64,63,shipped,2023-11-05,2023-11-22
1892,Redstone Logistics Group,RLG,822,834,pending,2023-09-07,2023-10-05
1893,Evergreen Field Support,EFS,626,99,shipped,2023-11-19,2023-11-26
1894,Cascade Aerospace Systems,CAS,649,172,shipped,2023-01-11,2023-01-27
1895,Sterling Power Systems,SPS,332,501,shipped,2024-08-08,2024-09-03
1896,Pinnacle Hydraulic Systems,PHS,412,671,shipped,2025-06-01,2025-06-07
1897,Evergreen Field Support,EFS,300,718,delivered,2026-02-17,2026-03-16
1898,Cedar Valley Manufacturing,CVM,573,970,pending,2025-11-26,2025-12-16
1899,Trident Marine Components,TMC,635,394,pending,2024-12-12,2024-12-29
1900,Heritage Logistics Supply,HLS,223,633,shipped,2026-10-27,2026-11-23
1901,Redstone Logistics Group,RLG,250,377,pending,2023-05-23,2023-06-08
1902,Mesa Tactical Manufacturing,MTM,321,299,delivered,2026-11-25,2026-11-28
1903,Summit Tactical Supply,STS,843,341,delivered,2025-10-28,2025-11-03
1904,Gulf Coast Maintenance Parts,GCMP,462,489,shipped,2023-07-07,2023-07-27
1905,Prairie Technical Components,PTC,433,987,delivered,2024-07-06,2024-07-25
1906,Trident Marine Components,TMC,655,490,delivered,2026-04-17,2026-05-10
1907,Apex Defense Components,ADC,186,0,pending,2026-01-10,2026-02-07
1908,Trident Marine Components,TMC,26,830,shipped,2023-01-02,2023-01-05
1909,Harborline Industrial Supply,HIS,449,825,delivered,2024-01-17,2024-02-06
1910,Blue Ridge Defense Manufacturing,BRDM,936,731,pending,2026-05-04,2026-05-12
1911,Trident Marine Components,TMC,965,686,pending,2023-01-01,2023-01-23
1912,Titan Mobility Systems,TMS,18,500,pending,2026-08-04,2026-08-27
1913,Northstar Defense Supply,NDS,567,854,shipped,2023-06-21,2023-07-16
1914,Keystone Industrial Supply,KIS,586,366,pending,2025-11-07,2025-11-29
1915,Prairie Technical Components,PTC,476,958,delivered,2026-07-15,2026-07-22
1916,Sterling Power Systems,SPS,965,808,pending,2025-09-02,2025-09-20
1917,Lone Star Equipment Group,LSEG,627,110,shipped,2024-02-27,2024-03-17
1918,Lone Star Equipment Group,LSEG,232,781,pending,2024-06-22,2024-07-12
1919,Lone Star Equipment Group,LSEG,41,92,shipped,2024-05-03,2024-05-27
1920,Lone Star Equipment Group,LSEG,419,638,pending,2025-01-26,2025-02-14
1921,Blue Ridge Defense Manufacturing,BRDM,399,468,pending,2023-06-25,2023-07-05
1922,Trident Marine Components,TMC,750,280,shipped,2026-01-17,2026-01-26
1923,Falcon Electronics Group,FEG,691,996,shipped,2025-06-19,2025-07-15
1924,Redstone Logistics Group,RLG,215,260,delivered,2025-07-07,2025-07-24
1925,Evergreen Field Support,EFS,979,959,pending,2026-01-22,2026-02-17
1926,Harborline Industrial Supply,HIS,763,976,pending,2023-01-04,2023-01-23
1927,Keystone Industrial Supply,KIS,161,919,shipped,2025-06-07,2025-06-26
1928,Pinnacle Hydraulic Systems,PHS,164,410,shipped,2026-10-01,2026-10-28
1929,Cedar Valley Manufacturing,CVM,698,533,pending,2026-07-27,2026-07-29
1930,Patriot Precision Parts,PPP,523,764,shipped,2026-08-03,2026-08-16
1931,Redstone Logistics Group,RLG,9,108,delivered,2025-10-25,2025-11-23
1932,Frontier Aviation Components,FAC,908,303,pending,2026-08-24,2026-09-17
1933,Titan Mobility Systems,TMS,847,911,delivered,2024-05-17,2024-06-14
1934,Redstone Logistics Group,RLG,118,139,delivered,2024-03-15,2024-04-04
1935,Cedar Valley Manufacturing,CVM,923,514,delivered,2025-02-25,2025-03-24
1936,Cascade Aerospace Systems,CAS,881,607,pending,2023-06-19,2023-07-04
1937,Ranger Vehicle Parts,RVP,59,5,pending,2026-10-26,2026-11-06
1938,Summit Tactical Supply,STS,397,652,pending,2023-08-07,2023-08-15
1939,Keystone Industrial Supply,KIS,114,511,pending,2025-03-26,2025-03-29
1940,Vector Aerospace Supply,VAS,996,734,delivered,2024-09-15,2024-10-09
1941,Sentinel Equipment Supply,SES,458,580,shipped,2025-04-05,2025-04-20
1942,Sterling Power Systems,SPS,230,841,shipped,2025-08-19,2025-09-07
1943,Blue Ridge Defense Manufacturing,BRDM,51,460,delivered,2024-07-12,2024-07-17
1944,Keystone Industrial Supply,KIS,853,262,shipped,2025-07-11,2025-07-28
1945,Ironclad Industrial Systems,IIS,916,358,pending,2026-08-13,2026-08-21
1946,Titan Mobility Systems,TMS,54,958,pending,2023-04-10,2023-05-09
1947,Ironclad Industrial Systems,IIS,268,815,shipped,2025-02-24,2025-03-17
1948,Sterling Power Systems,SPS,616,47,shipped,2026-03-17,2026-03-28
1949,Pinnacle Hydraulic Systems,PHS,701,622,shipped,2025-11-13,2025-11-18
1950,Pinnacle Hydraulic Systems,PHS,200,994,delivered,2023-11-28,2023-12-06
1951,Keystone Industrial Supply,KIS,533,902,pending,2023-09-15,2023-09-17
1952,Frontier Aviation Components,FAC,171,839,pending,2023-08-14,2023-09-12
1953,Prairie Technical Components,PTC,987,58,shipped,2024-06-10,2024-06-23
1954,Liberty Mechanical Systems,LMS,890,99,shipped,2026-10-16,2026-10-19
1955,Harborline Industrial Supply,HIS,534,918,shipped,2024-07-25,2024-07-29
1956,Northstar Defense Supply,NDS,227,896,pending,2025-10-26,2025-10-27
1957,Sentinel Equipment Supply,SES,430,343,shipped,2026-09-15,2026-10-14
1958,Ironclad Industrial Systems,IIS,959,895,shipped,2026-06-27,2026-07-08
1959,Heritage Logistics Supply,HLS,328,220,delivered,2024-11-18,2024-11-27
1960,Northstar Defense Supply,NDS,355,868,shipped,2024-05-27,2024-06-20
1961,Trident Marine Components,TMC,602,38,delivered,2023-09-15,2023-09-16
1962,Granite State Components,GSC,97,406,pending,2026-01-14,2026-01-15
1963,Patriot Precision Parts,PPP,950,547,shipped,2026-11-23,2026-12-01
1964,Patriot Precision Parts,PPP,955,327,pending,2025-04-18,2025-05-10
1965,Sentinel Equipment Supply,SES,268,153,pending,2025-04-25,2025-04-26
1966,Ironclad Industrial Systems,IIS,111,9,pending,2024-08-14,2024-08-22
1967,Harborline Industrial Supply,HIS,243,361,pending,2023-07-08,2023-08-06
1968,Trident Marine Components,TMC,362,9,delivered,2023-11-21,2023-12-04
1969,Summit Tactical Supply,STS,707,816,pending,2023-05-22,2023-06-21
1970,Sentinel Equipment Supply,SES,564,541,pending,2023-02-25,2023-02-28
1971,Compass Maritime Supply,CMS,166,666,shipped,2026-03-04,2026-03-30
1972,Trident Marine Components,TMC,638,841,pending,2025-04-20,2025-04-24
1973,Titan Mobility Systems,TMS,144,480,delivered,2025-11-06,2025-11-21
1974,Cascade Aerospace Systems,CAS,755,570,shipped,2025-12-01,2025-12-10
1975,Prairie Technical Components,PTC,263,291,shipped,2023-03-10,2023-03-22
1976,Trident Marine Components,TMC,750,164,delivered,2023-09-23,2023-10-16
1977,Frontier Aviation Components,FAC,327,885,pending,2025-10-06,2025-11-04
1978,Northstar Defense Supply,NDS,376,63,shipped,2023-04-10,2023-04-17
1979,Harborline Industrial Supply,HIS,641,396,delivered,2024-12-08,2024-12-25
1980,Prairie Technical Components,PTC,887,81,delivered,2026-03-25,2026-04-20
1981,Patriot Precision Parts,PPP,814,260,pending,2024-08-13,2024-08-29
1982,Titan Mobility Systems,TMS,20,987,pending,2024-04-02,2024-05-02
1983,Pinnacle Hydraulic Systems,PHS,801,451,shipped,2024-06-02,2024-07-02
1984,Patriot Precision Parts,PPP,20,369,shipped,2026-01-01,2026-01-13
1985,Prairie Technical Components,PTC,791,238,shipped,2023-05-17,2023-05-20
1986,Liberty Mechanical Systems,LMS,127,301,pending,2025-07-01,2025-07-21
1987,Apex Defense Components,ADC,855,115,pending,2023-06-14,2023-06-20
1988,Cedar Valley Manufacturing,CVM,364,327,pending,2026-10-18,2026-10-19
1989,Ranger Vehicle Parts,RVP,247,564,shipped,2026-09-23,2026-10-05
1990,Trident Marine Components,TMC,113,564,delivered,2025-10-22,2025-11-13
1991,Vector Aerospace Supply,VAS,762,394,pending,2024-09-15,2024-10-04
1992,Titan Mobility Systems,TMS,838,702,pending,2024-03-06,2024-03-10
1993,Redstone Logistics Group,RLG,581,974,delivered,2023-01-07,2023-01-30
1994,Northstar Defense Supply,NDS,658,987,pending,2023-04-08,2023-04-30
1995,Lone Star Equipment Group,LSEG,943,269,pending,2025-01-23,2025-02-16
1996,Ranger Vehicle Parts,RVP,298,342,pending,2024-05-04,2024-05-17
1997,Patriot Precision Parts,PPP,403,248,shipped,2026-05-01,2026-05-06
1998,Ironclad Industrial Systems,IIS,622,842,delivered,2024-07-20,2024-07-23
1999,Prairie Technical Components,PTC,316,710,delivered,2023-07-11,2023-08-09
2000,Harborline Industrial Supply,HIS,416,826,delivered,2024-02-22,2024-03-03
2001,Compass Maritime Supply,CMS,752,78,pending,2026-02-25,2026-03-20
2002,Evergreen Field Support,EFS,301,444,pending,2023-05-12,2023-05-13
2003,Blue Ridge Defense Manufacturing,BRDM,851,310,pending,2024-02-07,2024-02-14
2004,Keystone Industrial Supply,KIS,189,540,shipped,2026-09-22,2026-10-11
2005,Evergreen Field Support,EFS,892,15,shipped,2024-10-26,2024-11-10
2006,Apex Defense Components,ADC,858,607,shipped,2023-08-07,2023-08-23
2007,Heritage Logistics Supply,HLS,207,765,shipped,2023-05-11,2023-05-21
2008,Trident Marine Components,TMC,904,9,shipped,2023-04-01,2023-04-23
2009,Vector Aerospace Supply,VAS,646,546,delivered,2023-12-16,2024-01-01
2010,Redstone Logistics Group,RLG,932,958,pending,2025-12-13,2025-12-23
2011,Titan Mobility Systems,TMS,4,143,pending,2023-11-04,2023-11-06
2012,Sterling Power Systems,SPS,982,331,pending,2024-12-03,2024-12-26
2013,Redstone Logistics Group,RLG,459,58,shipped,2026-09-01,2026-09-04
2014,Ranger Vehicle Parts,RVP,758,658,delivered,2025-08-23,2025-09-10
2015,Frontier Aviation Components,FAC,497,304,shipped,2023-03-09,2023-03-31
2016,Mesa Tactical Manufacturing,MTM,853,348,pending,2024-02-10,2024-03-03
2017,Blue Ridge Defense Manufacturing,BRDM,720,588,pending,2024-09-06,2024-09-27
2018,Falcon Electronics Group,FEG,994,33,shipped,2026-10-02,2026-10-07
2019,Harborline Industrial Supply,HIS,981,182,pending,2024-04-17,2024-04-19
2020,Harborline Industrial Supply,HIS,32,457,shipped,2026-11-25,2026-12-07
2021,Mesa Tactical Manufacturing,MTM,995,618,shipped,2023-09-17,2023-10-17
2022,Falcon Electronics Group,FEG,21,571,delivered,2024-02-19,2024-03-14
2023,Liberty Mechanical Systems,LMS,780,953,shipped,2025-07-01,2025-07-24
2024,Trident Marine Components,TMC,910,533,pending,2023-01-11,2023-01-17
2025,Evergreen Field Support,EFS,60,654,pending,2025-09-09,2025-09-16
2026,Titan Mobility Systems,TMS,563,919,shipped,2023-01-21,2023-02-14
2027,Cascade Aerospace Systems,CAS,566,492,shipped,2024-09-27,2024-09-28
2028,Apex Defense Components,ADC,451,245,shipped,2024-04-13,2024-04-23
2029,Harborline Industrial Supply,HIS,195,49,delivered,2023-10-28,2023-11-04
2030,Keystone Industrial Supply,KIS,754,928,shipped,2026-03-16,2026-03-24
2031,Trident Marine Components,TMC,524,444,shipped,2026-12-06,2027-01-02
2032,Evergreen Field Support,EFS,177,339,shipped,2026-05-20,2026-06-08
2033,Lone Star Equipment Group,LSEG,158,545,pending,2026-09-10,2026-10-09
2034,Heritage Logistics Supply,HLS,340,940,delivered,2026-08-03,2026-08-24
2035,Trident Marine Components,TMC,350,61,delivered,2024-11-26,2024-11-29
2036,Sentinel Equipment Supply,SES,798,443,delivered,2025-11-18,2025-11-20
2037,Titan Mobility Systems,TMS,284,374,pending,2023-08-09,2023-08-30
2038,Patriot Precision Parts,PPP,785,235,pending,2026-03-25,2026-04-10
2039,Lone Star Equipment Group,LSEG,318,955,shipped,2025-12-05,2025-12-19
2040,Cascade Aerospace Systems,CAS,239,522,pending,2026-06-27,2026-07-26
2041,Titan Mobility Systems,TMS,978,714,pending,2025-09-10,2025-09-20
2042,Trident Marine Components,TMC,370,796,shipped,2024-12-04,2024-12-16
2043,Gulf Coast Maintenance Parts,GCMP,765,928,pending,2023-11-16,2023-12-09
2044,Northstar Defense Supply,NDS,656,266,delivered,2025-03-08,2025-04-06
2045,Liberty Mechanical Systems,LMS,522,529,shipped,2025-09-10,2025-09-23
2046,Redstone Logistics Group,RLG,637,445,shipped,2026-06-24,2026-07-13
2047,Ranger Vehicle Parts,RVP,658,415,shipped,2023-04-10,2023-05-05
2048,Apex Defense Components,ADC,485,275,delivered,2024-11-17,2024-12-05
2049,Compass Maritime Supply,CMS,929,686,pending,2025-12-19,2026-01-06
2050,Titan Mobility Systems,TMS,108,655,shipped,2023-02-13,2023-03-15
2051,Trident Marine Components,TMC,642,684,pending,2026-05-12,2026-05-19
2052,Granite State Components,GSC,54,418,shipped,2026-01-21,2026-02-14
2053,Harborline Industrial Supply,HIS,554,834,shipped,2025-12-28,2026-01-03
2054,Cedar Valley Manufacturing,CVM,574,980,shipped,2025-11-16,2025-12-14
2055,Lone Star Equipment Group,LSEG,41,207,delivered,2023-04-08,2023-04-11
2056,Vector Aerospace Supply,VAS,381,166,delivered,2023-10-07,2023-10-12
2057,Ironclad Industrial Systems,IIS,414,648,delivered,2024-06-07,2024-06-22
2058,Liberty Mechanical Systems,LMS,334,606,delivered,2024-12-09,2025-01-04
2059,Cedar Valley Manufacturing,CVM,37,678,pending,2026-08-26,2026-09-01
2060,Keystone Industrial Supply,KIS,479,796,delivered,2024-03-06,2024-03-31
2061,Vector Aerospace Supply,VAS,665,426,delivered,2026-03-07,2026-03-20
2062,Atlas Ground Support,AGS,79,871,shipped,2025-05-17,2025-06-03
2063,Mesa Tactical Manufacturing,MTM,53,265,delivered,2023-08-05,2023-08-26
2064,Redstone Logistics Group,RLG,943,218,delivered,2025-10-10,2025-11-09
2065,Compass Maritime Supply,CMS,256,957,shipped,2025-07-20,2025-07-27
2066,Granite State Components,GSC,800,201,shipped,2026-06-24,2026-06-27
2067,Trident Marine Components,TMC,931,455,shipped,2023-10-13,2023-11-07
2068,Evergreen Field Support,EFS,4,21,delivered,2025-12-15,2025-12-25
2069,Redstone Logistics Group,RLG,358,190,shipped,2023-12-21,2023-12-29
2070,Lone Star Equipment Group,LSEG,767,582,shipped,2023-01-17,2023-02-01
2071,Falcon Electronics Group,FEG,745,867,shipped,2025-08-27,2025-09-26
2072,Patriot Precision Parts,PPP,248,75,pending,2025-06-22,2025-06-27
2073,Northstar Defense Supply,NDS,939,982,delivered,2025-06-18,2025-07-01
2074,Ironclad Industrial Systems,IIS,246,386,pending,2023-05-06,2023-05-15
2075,Harborline Industrial Supply,HIS,900,715,shipped,2023-09-06,2023-09-15
2076,Liberty Mechanical Systems,LMS,191,809,pending,2024-07-03,2024-07-15
2077,Atlas Ground Support,AGS,497,625,shipped,2025-08-18,2025-09-12
2078,Atlas Ground Support,AGS,568,193,delivered,2023-11-21,2023-12-14
2079,Sterling Power Systems,SPS,479,602,shipped,2026-01-18,2026-02-07
2080,Cedar Valley Manufacturing,CVM,673,234,delivered,2025-10-05,2025-10-19
2081,Frontier Aviation Components,FAC,943,133,delivered,2026-09-10,2026-09-21
2082,Harborline Industrial Supply,HIS,882,277,pending,2025-02-18,2025-03-02
2083,Prairie Technical Components,PTC,754,904,delivered,2026-09-23,2026-10-23
2084,Northstar Defense Supply,NDS,243,508,pending,2026-10-12,2026-11-08
2085,Atlas Ground Support,AGS,859,915,pending,2024-02-14,2024-02-17
2086,Heritage Logistics Supply,HLS,756,918,pending,2023-09-25,2023-10-08
2087,Atlas Ground Support,AGS,202,398,pending,2025-03-02,2025-03-19
2088,Atlas Ground Support,AGS,93,810,delivered,2023-03-11,2023-03-16
2089,Prairie Technical Components,PTC,228,192,shipped,2023-12-06,2023-12-11
2090,Atlas Ground Support,AGS,706,925,delivered,2025-12-27,2026-01-13
2091,Patriot Precision Parts,PPP,697,579,pending,2023-10-27,2023-11-07
2092,Sterling Power Systems,SPS,59,933,pending,2025-02-15,2025-02-20
2093,Apex Defense Components,ADC,467,852,delivered,2023-07-24,2023-08-09
2094,Gulf Coast Maintenance Parts,GCMP,582,798,pending,2024-03-04,2024-03-12
2095,Ironclad Industrial Systems,IIS,791,919,delivered,2023-06-05,2023-06-27
2096,Titan Mobility Systems,TMS,947,324,pending,2026-04-13,2026-05-06
2097,Lone Star Equipment Group,LSEG,645,658,shipped,2025-09-27,2025-10-02
2098,Harborline Industrial Supply,HIS,11,58,delivered,2023-06-16,2023-07-05
2099,Compass Maritime Supply,CMS,1000,522,pending,2025-07-18,2025-08-05
2100,Mesa Tactical Manufacturing,MTM,466,625,delivered,2024-03-19,2024-04-08
2101,Prairie Technical Components,PTC,563,930,delivered,2024-07-09,2024-07-30
2102,Keystone Industrial Supply,KIS,318,511,shipped,2026-09-13,2026-09-28
2103,Lone Star Equipment Group,LSEG,267,311,pending,2023-12-27,2024-01-15
2104,Blue Ridge Defense Manufacturing,BRDM,415,546,pending,2026-12-26,2026-12-27
2105,Sentinel Equipment Supply,SES,146,634,pending,2025-01-06,2025-01-07
2106,Redstone Logistics Group,RLG,464,321,shipped,2026-12-16,2026-12-25
2107,Titan Mobility Systems,TMS,865,290,delivered,2025-08-16,2025-08-20
2108,Apex Defense Components,ADC,597,834,pending,2026-07-10,2026-07-26
2109,Lone Star Equipment Group,LSEG,95,924,delivered,2025-04-26,2025-04-30
2110,Lone Star Equipment Group,LSEG,838,392,pending,2026-06-27,2026-06-30
2111,Vector Aerospace Supply,VAS,85,548,delivered,2023-04-19,2023-05-12
2112,Keystone Industrial Supply,KIS,460,781,pending,2024-04-18,2024-05-16
2113,Keystone Industrial Supply,KIS,884,387,pending,2024-05-09,2024-06-02
2114,Vector Aerospace Supply,VAS,326,558,shipped,2023-07-08,2023-07-22
2115,Lone Star Equipment Group,LSEG,20,459,delivered,2025-05-18,2025-05-22
2116,Trident Marine Components,TMC,633,368,delivered,2023-05-09,2023-05-28
2117,Patriot Precision Parts,PPP,617,129,pending,2023-09-13,2023-10-03
2118,Trident Marine Components,TMC,255,389,delivered,2025-11-07,2025-12-02
2119,Ranger Vehicle Parts,RVP,34,855,shipped,2025-12-23,2025-12-27
2120,Compass Maritime Supply,CMS,998,659,delivered,2025-04-14,2025-04-25
2121,Northstar Defense Supply,NDS,592,328,shipped,2024-10-15,2024-10-20
2122,Mesa Tactical Manufacturing,MTM,629,112,pending,2023-03-10,2023-04-01
2123,Cedar Valley Manufacturing,CVM,156,13,delivered,2023-11-09,2023-11-25
2124,Redstone Logistics Group,RLG,321,502,delivered,2023-11-07,2023-11-28
2125,Gulf Coast Maintenance Parts,GCMP,15,811,shipped,2025-12-03,2025-12-17
2126,Frontier Aviation Components,FAC,127,90,delivered,2024-07-09,2024-07-21
2127,Blue Ridge Defense Manufacturing,BRDM,381,183,shipped,2025-10-06,2025-11-01
2128,Prairie Technical Components,PTC,798,606,delivered,2023-11-15,2023-12-08
2129,Gulf Coast Maintenance Parts,GCMP,878,91,delivered,2025-01-07,2025-01-23
2130,Summit Tactical Supply,STS,23,803,delivered,2023-03-18,2023-04-11
2131,Cascade Aerospace Systems,CAS,921,475,shipped,2025-03-04,2025-03-27
2132,Pinnacle Hydraulic Systems,PHS,326,641,shipped,2025-11-10,2025-11-24
2133,Northstar Defense Supply,NDS,672,666,delivered,2025-02-08,2025-02-12
2134,Sentinel Equipment Supply,SES,546,440,shipped,2025-03-28,2025-04-09
2135,Granite State Components,GSC,761,691,pending,2023-08-02,2023-08-04
2136,Northstar Defense Supply,NDS,859,352,delivered,2025-03-11,2025-03-17
2137,Frontier Aviation Components,FAC,558,515,pending,2025-09-18,2025-10-14
2138,Heritage Logistics Supply,HLS,109,350,pending,2025-06-11,2025-07-08
2139,Gulf Coast Maintenance Parts,GCMP,615,843,pending,2025-08-06,2025-08-07
2140,Sterling Power Systems,SPS,547,119,delivered,2026-12-01,2026-12-13
2141,Titan Mobility Systems,TMS,641,420,shipped,2023-03-25,2023-04-05
2142,Granite State Components,GSC,637,698,pending,2024-06-16,2024-07-01
2143,Sentinel Equipment Supply,SES,272,960,shipped,2025-10-06,2025-10-18
2144,Evergreen Field Support,EFS,591,829,shipped,2023-08-09,2023-08-21
2145,Atlas Ground Support,AGS,868,585,pending,2026-11-11,2026-12-01
2146,Sentinel Equipment Supply,SES,871,413,shipped,2024-08-09,2024-08-26
2147,Lone Star Equipment Group,LSEG,576,383,pending,2023-05-13,2023-06-02
2148,Titan Mobility Systems,TMS,866,676,delivered,2026-02-01,2026-02-13
2149,Mesa Tactical Manufacturing,MTM,480,404,pending,2024-05-13,2024-06-06
2150,Liberty Mechanical Systems,LMS,475,599,pending,2024-08-03,2024-08-30
2151,Frontier Aviation Components,FAC,929,754,pending,2025-09-08,2025-09-11
2152,Redstone Logistics Group,RLG,548,679,shipped,2026-01-20,2026-02-17
2153,Titan Mobility Systems,TMS,244,962,delivered,2023-04-11,2023-04-12
2154,Ironclad Industrial Systems,IIS,252,12,shipped,2023-10-27,2023-11-06
2155,Patriot Precision Parts,PPP,471,98,delivered,2025-05-05,2025-05-16
2156,Evergreen Field Support,EFS,395,246,delivered,2025-11-14,2025-11-15
2157,Falcon Electronics Group,FEG,681,38,delivered,2024-07-12,2024-08-02
2158,Harborline Industrial Supply,HIS,381,635,shipped,2024-06-06,2024-07-02
2159,Patriot Precision Parts,PPP,93,231,delivered,2025-04-08,2025-04-24
2160,Keystone Industrial Supply,KIS,636,325,shipped,2024-09-24,2024-10-15
2161,Blue Ridge Defense Manufacturing,BRDM,458,554,pending,2025-06-14,2025-06-19
2162,Evergreen Field Support,EFS,81,570,delivered,2026-08-06,2026-09-03
2163,Sterling Power Systems,SPS,836,545,shipped,2023-05-28,2023-06-10
2164,Frontier Aviation Components,FAC,572,767,pending,2025-03-07,2025-03-17
2165,Liberty Mechanical Systems,LMS,924,509,delivered,2026-07-25,2026-08-04
2166,Heritage Logistics Supply,HLS,168,733,delivered,2024-11-14,2024-11-30
2167,Titan Mobility Systems,TMS,620,165,delivered,2023-09-07,2023-09-18
2168,Vector Aerospace Supply,VAS,350,616,pending,2025-09-16,2025-10-07
2169,Lone Star Equipment Group,LSEG,4,199,pending,2026-04-10,2026-04-17
2170,Atlas Ground Support,AGS,733,716,shipped,2023-04-20,2023-04-22
2171,Cedar Valley Manufacturing,CVM,950,117,shipped,2026-09-09,2026-09-18
2172,Harborline Industrial Supply,HIS,816,412,shipped,2023-03-28,2023-04-25
2173,Mesa Tactical Manufacturing,MTM,324,429,delivered,2024-12-22,2025-01-02
2174,Ranger Vehicle Parts,RVP,464,845,delivered,2025-01-16,2025-02-08
2175,Evergreen Field Support,EFS,58,921,delivered,2026-12-14,2027-01-08
2176,Blue Ridge Defense Manufacturing,BRDM,372,549,shipped,2024-02-20,2024-02-25
2177,Trident Marine Components,TMC,819,874,shipped,2023-11-12,2023-11-25
2178,Prairie Technical Components,PTC,487,496,pending,2026-10-09,2026-10-17
2179,Vector Aerospace Supply,VAS,543,997,shipped,2026-09-14,2026-10-07
2180,Cedar Valley Manufacturing,CVM,718,895,shipped,2026-05-28,2026-06-22
2181,Evergreen Field Support,EFS,226,801,shipped,2024-07-03,2024-07-16
2182,Liberty Mechanical Systems,LMS,371,492,delivered,2024-03-18,2024-03-25
2183,Evergreen Field Support,EFS,440,957,pending,2025-07-04,2025-07-09
2184,Mesa Tactical Manufacturing,MTM,697,469,delivered,2026-02-09,2026-02-24
2185,Mesa Tactical Manufacturing,MTM,442,59,pending,2026-07-01,2026-07-22
2186,Titan Mobility Systems,TMS,94,650,delivered,2024-10-28,2024-11-14
2187,Heritage Logistics Supply,HLS,306,764,delivered,2025-11-13,2025-11-20
2188,Blue Ridge Defense Manufacturing,BRDM,138,568,delivered,2025-02-05,2025-02-16
2189,Blue Ridge Defense Manufacturing,BRDM,252,497,pending,2025-07-27,2025-08-07
2190,Sterling Power Systems,SPS,61,247,delivered,2026-07-01,2026-07-24
2191,Cascade Aerospace Systems,CAS,527,323,pending,2025-06-05,2025-06-13
2192,Redstone Logistics Group,RLG,154,896,delivered,2026-03-02,2026-03-14
2193,Compass Maritime Supply,CMS,563,765,shipped,2025-10-11,2025-11-10
2194,Redstone Logistics Group,RLG,590,882,shipped,2025-02-25,2025-03-25
2195,Northstar Defense Supply,NDS,868,960,shipped,2023-02-05,2023-02-15
2196,Patriot Precision Parts,PPP,326,408,pending,2026-09-21,2026-09-22
2197,Liberty Mechanical Systems,LMS,309,740,shipped,2026-01-04,2026-01-11
2198,Evergreen Field Support,EFS,332,339,shipped,2023-01-04,2023-01-10
2199,Pinnacle Hydraulic Systems,PHS,556,608,shipped,2024-09-04,2024-09-10
2200,Granite State Components,GSC,72,732,pending,2025-08-19,2025-08-23
2201,Falcon Electronics Group,FEG,95,754,delivered,2024-09-08,2024-10-07
2202,Cascade Aerospace Systems,CAS,50,392,pending,2025-12-19,2026-01-06
2203,Pinnacle Hydraulic Systems,PHS,233,342,shipped,2024-11-15,2024-11-21
2204,Liberty Mechanical Systems,LMS,203,165,pending,2026-08-13,2026-09-10
2205,Patriot Precision Parts,PPP,942,916,pending,2024-06-09,2024-06-11
2206,Cedar Valley Manufacturing,CVM,202,80,pending,2023-04-25,2023-05-06
2207,Northstar Defense Supply,NDS,298,514,delivered,2026-05-10,2026-05-24
2208,Ranger Vehicle Parts,RVP,962,219,pending,2026-01-03,2026-01-29
2209,Lone Star Equipment Group,LSEG,91,240,shipped,2024-04-10,2024-05-10
2210,Mesa Tactical Manufacturing,MTM,140,559,pending,2025-09-22,2025-09-27
2211,Titan Mobility Systems,TMS,173,621,shipped,2024-03-02,2024-03-15
2212,Frontier Aviation Components,FAC,441,858,pending,2024-10-05,2024-11-02
2213,Frontier Aviation Components,FAC,153,380,shipped,2023-12-26,2024-01-09
2214,Patriot Precision Parts,PPP,918,580,delivered,2025-03-04,2025-03-28
2215,Frontier Aviation Components,FAC,643,402,pending,2024-04-13,2024-05-06
2216,Heritage Logistics Supply,HLS,872,79,delivered,2024-03-02,2024-03-17
2217,Prairie Technical Components,PTC,45,393,pending,2026-05-02,2026-05-30
2218,Lone Star Equipment Group,LSEG,325,460,delivered,2026-03-03,2026-04-02
2219,Lone Star Equipment Group,LSEG,6,723,delivered,2026-09-02,2026-09-18
2220,Keystone Industrial Supply,KIS,19,555,pending,2025-10-19,2025-11-08
2221,Cedar Valley Manufacturing,CVM,577,918,shipped,2025-08-05,2025-08-16
2222,Atlas Ground Support,AGS,845,318,shipped,2023-02-10,2023-02-18
2223,Prairie Technical Components,PTC,937,452,shipped,2026-04-04,2026-04-28
2224,Summit Tactical Supply,STS,598,240,delivered,2025-11-10,2025-11-23
2225,Mesa Tactical Manufacturing,MTM,167,438,delivered,2024-01-17,2024-02-04
2226,Pinnacle Hydraulic Systems,PHS,610,965,shipped,2023-07-01,2023-07-11
2227,Evergreen Field Support,EFS,236,475,delivered,2025-10-25,2025-11-05
2228,Summit Tactical Supply,STS,968,923,delivered,2023-08-13,2023-09-03
2229,Cascade Aerospace Systems,CAS,400,290,delivered,2023-11-27,2023-12-12
2230,Granite State Components,GSC,292,186,delivered,2023-03-13,2023-04-10
2231,Liberty Mechanical Systems,LMS,394,776,delivered,2024-04-28,2024-04-30
2232,Compass Maritime Supply,CMS,856,71,shipped,2023-06-22,2023-07-18
2233,Harborline Industrial Supply,HIS,233,61,pending,2025-07-28,2025-07-29
2234,Lone Star Equipment Group,LSEG,531,189,delivered,2026-10-12,2026-10-14
2235,Ranger Vehicle Parts,RVP,719,469,delivered,2025-07-23,2025-08-14
2236,Titan Mobility Systems,TMS,972,413,delivered,2026-11-18,2026-11-26
2237,Sentinel Equipment Supply,SES,94,387,delivered,2023-01-14,2023-02-13
2238,Ironclad Industrial Systems,IIS,404,529,shipped,2025-12-05,2025-12-11
2239,Cedar Valley Manufacturing,CVM,29,485,pending,2023-09-10,2023-10-09
2240,Frontier Aviation Components,FAC,866,143,delivered,2025-05-11,2025-05-31
2241,Granite State Components,GSC,137,584,pending,2026-03-24,2026-03-28
2242,Compass Maritime Supply,CMS,286,181,delivered,2026-08-16,2026-08-27
2243,Mesa Tactical Manufacturing,MTM,126,508,shipped,2025-06-11,2025-06-30
2244,Redstone Logistics Group,RLG,703,714,pending,2026-08-23,2026-09-22
2245,Heritage Logistics Supply,HLS,846,905,shipped,2023-09-22,2023-10-21
2246,Vector Aerospace Supply,VAS,755,246,delivered,2024-08-13,2024-08-20
2247,Patriot Precision Parts,PPP,901,271,pending,2026-10-27,2026-11-24
2248,Patriot Precision Parts,PPP,29,98,shipped,2026-05-24,2026-05-31
2249,Ranger Vehicle Parts,RVP,312,774,delivered,2024-09-03,2024-09-12
2250,Gulf Coast Maintenance Parts,GCMP,396,899,shipped,2025-01-28,2025-02-06
2251,Harborline Industrial Supply,HIS,933,974,shipped,2023-01-07,2023-01-20
2252,Frontier Aviation Components,FAC,88,795,pending,2023-07-24,2023-08-01
2253,Mesa Tactical Manufacturing,MTM,230,524,delivered,2023-07-21,2023-08-03
2254,Lone Star Equipment Group,LSEG,989,939,delivered,2026-10-13,2026-10-19
2255,Sentinel Equipment Supply,SES,191,593,shipped,2025-10-12,2025-10-20
2256,Frontier Aviation Components,FAC,779,103,delivered,2023-11-05,2023-12-05
2257,Redstone Logistics Group,RLG,151,572,pending,2026-12-10,2027-01-03
2258,Lone Star Equipment Group,LSEG,803,892,shipped,2026-04-01,2026-04-21
2259,Falcon Electronics Group,FEG,253,924,pending,2026-05-03,2026-05-22
2260,Ironclad Industrial Systems,IIS,530,653,shipped,2026-11-05,2026-12-01
2261,Northstar Defense Supply,NDS,609,519,pending,2025-10-12,2025-10-17
2262,Atlas Ground Support,AGS,524,901,delivered,2025-01-04,2025-01-19
2263,Compass Maritime Supply,CMS,635,848,shipped,2024-11-18,2024-12-10
2264,Northstar Defense Supply,NDS,291,903,shipped,2023-06-09,2023-06-13
2265,Harborline Industrial Supply,HIS,90,491,pending,2024-04-15,2024-05-14
2266,Patriot Precision Parts,PPP,886,263,delivered,2026-07-15,2026-08-05
2267,Pinnacle Hydraulic Systems,PHS,919,742,shipped,2026-03-03,2026-03-31
2268,Prairie Technical Components,PTC,24,795,delivered,2025-06-20,2025-06-27
2269,Vector Aerospace Supply,VAS,980,886,shipped,2023-06-01,2023-06-30
2270,Atlas Ground Support,AGS,706,871,delivered,2025-10-05,2025-11-01
2271,Falcon Electronics Group,FEG,322,567,pending,2025-02-24,2025-03-14
2272,Ironclad Industrial Systems,IIS,599,243,shipped,2023-12-21,2024-01-05
2273,Pinnacle Hydraulic Systems,PHS,773,487,pending,2023-09-07,2023-09-20
2274,Ironclad Industrial Systems,IIS,403,675,shipped,2023-02-16,2023-03-16
2275,Granite State Components,GSC,140,429,pending,2023-06-21,2023-07-20
2276,Cascade Aerospace Systems,CAS,279,169,pending,2024-01-23,2024-02-11
2277,Trident Marine Components,TMC,234,154,shipped,2023-05-11,2023-05-24
2278,Heritage Logistics Supply,HLS,229,779,delivered,2025-03-07,2025-03-18
2279,Cedar Valley Manufacturing,CVM,765,837,pending,2023-04-25,2023-05-14
2280,Ranger Vehicle Parts,RVP,447,172,shipped,2023-10-07,2023-10-16
2281,Sterling Power Systems,SPS,764,513,shipped,2026-06-12,2026-06-26
2282,Frontier Aviation Components,FAC,558,695,pending,2026-09-22,2026-09-24
2283,Keystone Industrial Supply,KIS,633,946,pending,2024-01-16,2024-02-11
2284,Sentinel Equipment Supply,SES,754,684,pending,2024-11-14,2024-12-07
2285,Liberty Mechanical Systems,LMS,120,360,delivered,2024-07-16,2024-08-09
2286,Trident Marine Components,TMC,877,6,delivered,2023-02-12,2023-03-05
2287,Trident Marine Components,TMC,129,844,pending,2025-03-11,2025-03-22
2288,Vector Aerospace Supply,VAS,935,93,shipped,2025-08-12,2025-08-13
2289,Compass Maritime Supply,CMS,196,852,pending,2025-04-19,2025-05-02
2290,Redstone Logistics Group,RLG,396,313,shipped,2024-02-20,2024-03-02
2291,Summit Tactical Supply,STS,172,649,shipped,2024-01-18,2024-02-14
2292,Gulf Coast Maintenance Parts,GCMP,12,37,delivered,2026-09-15,2026-10-12
2293,Cascade Aerospace Systems,CAS,496,360,delivered,2025-12-22,2025-12-27
2294,Sentinel Equipment Supply,SES,192,173,shipped,2025-05-12,2025-05-15
2295,Compass Maritime Supply,CMS,21,421,pending,2026-10-28,2026-11-26
2296,Evergreen Field Support,EFS,809,689,shipped,2026-05-03,2026-05-11
2297,Apex Defense Components,ADC,70,624,delivered,2024-04-26,2024-04-28
2298,Patriot Precision Parts,PPP,598,112,shipped,2024-09-15,2024-09-30
2299,Ranger Vehicle Parts,RVP,203,136,pending,2026-05-05,2026-05-22
2300,Granite State Components,GSC,481,950,pending,2025-02-17,2025-02-18
2301,Mesa Tactical Manufacturing,MTM,247,464,shipped,2025-12-28,2026-01-22
2302,Ironclad Industrial Systems,IIS,813,975,delivered,2025-06-02,2025-06-06
2303,Liberty Mechanical Systems,LMS,669,947,pending,2026-01-24,2026-02-09
2304,Keystone Industrial Supply,KIS,446,62,delivered,2026-07-22,2026-08-03
2305,Gulf Coast Maintenance Parts,GCMP,861,938,pending,2024-03-19,2024-04-10
2306,Northstar Defense Supply,NDS,801,72,shipped,2023-06-17,2023-07-13
2307,Evergreen Field Support,EFS,324,124,pending,2025-01-01,2025-01-05
2308,Frontier Aviation Components,FAC,267,284,pending,2024-03-13,2024-04-03
2309,Cedar Valley Manufacturing,CVM,914,941,shipped,2023-09-03,2023-09-19
2310,Ironclad Industrial Systems,IIS,993,841,delivered,2026-07-20,2026-07-29
2311,Falcon Electronics Group,FEG,862,531,delivered,2025-05-19,2025-06-15
2312,Evergreen Field Support,EFS,589,685,delivered,2025-05-15,2025-05-19
2313,Liberty Mechanical Systems,LMS,890,743,pending,2024-10-01,2024-10-29
2314,Gulf Coast Maintenance Parts,GCMP,690,210,shipped,2025-06-22,2025-06-26
2315,Cascade Aerospace Systems,CAS,860,571,pending,2026-07-12,2026-07-29
2316,Redstone Logistics Group,RLG,531,293,pending,2026-04-23,2026-04-27
2317,Northstar Defense Supply,NDS,572,184,shipped,2024-08-23,2024-08-26
2318,Evergreen Field Support,EFS,225,194,pending,2023-01-01,2023-01-15
2319,Vector Aerospace Supply,VAS,1000,10,shipped,2026-12-25,2027-01-08
2320,Patriot Precision Parts,PPP,970,405,delivered,2026-05-26,2026-06-06
2321,Cedar Valley Manufacturing,CVM,535,676,shipped,2024-03-23,2024-04-14
2322,Titan Mobility Systems,TMS,217,657,delivered,2024-05-05,2024-05-07
2323,Cascade Aerospace Systems,CAS,715,27,pending,2024-04-17,2024-04-24
2324,Trident Marine Components,TMC,35,549,shipped,2026-10-24,2026-11-18
2325,Gulf Coast Maintenance Parts,GCMP,392,842,pending,2024-07-22,2024-08-17
2326,Patriot Precision Parts,PPP,147,227,pending,2025-12-20,2026-01-16
2327,Sentinel Equipment Supply,SES,917,740,delivered,2024-05-02,2024-05-15
2328,Cascade Aerospace Systems,CAS,300,249,shipped,2024-11-19,2024-12-13
2329,Cedar Valley Manufacturing,CVM,170,344,delivered,2025-06-05,2025-06-23
2330,Sentinel Equipment Supply,SES,998,299,delivered,2025-01-02,2025-01-20
2331,Ironclad Industrial Systems,IIS,824,404,pending,2023-05-24,2023-05-29
2332,Apex Defense Components,ADC,293,923,pending,2024-06-10,2024-06-22
2333,Ranger Vehicle Parts,RVP,242,47,delivered,2023-05-20,2023-05-28
2334,Gulf Coast Maintenance Parts,GCMP,811,603,pending,2023-11-18,2023-11-30
2335,Compass Maritime Supply,CMS,761,938,pending,2023-12-20,2024-01-19
2336,Liberty Mechanical Systems,LMS,710,871,shipped,2025-07-22,2025-07-25
2337,Summit Tactical Supply,STS,471,376,delivered,2026-07-17,2026-08-04
2338,Lone Star Equipment Group,LSEG,764,911,delivered,2025-11-19,2025-11-28
2339,Heritage Logistics Supply,HLS,181,190,delivered,2024-08-04,2024-08-06
2340,Northstar Defense Supply,NDS,856,98,pending,2026-09-26,2026-10-01
2341,Evergreen Field Support,EFS,63,869,pending,2024-05-11,2024-05-14
2342,Patriot Precision Parts,PPP,943,457,shipped,2026-11-25,2026-12-16
2343,Redstone Logistics Group,RLG,470,50,delivered,2025-02-10,2025-02-24
2344,Summit Tactical Supply,STS,579,755,shipped,2024-12-09,2024-12-30
2345,Cedar Valley Manufacturing,CVM,235,563,shipped,2024-09-28,2024-10-24
2346,Evergreen Field Support,EFS,311,155,delivered,2026-04-14,2026-04-22
2347,Gulf Coast Maintenance Parts,GCMP,855,767,pending,2025-03-07,2025-03-08
2348,Atlas Ground Support,AGS,41,993,shipped,2023-12-19,2023-12-20
2349,Harborline Industrial Supply,HIS,564,278,shipped,2023-09-10,2023-09-28
2350,Mesa Tactical Manufacturing,MTM,183,384,shipped,2026-06-04,2026-06-11
2351,Compass Maritime Supply,CMS,955,436,pending,2026-06-12,2026-06-29
2352,Gulf Coast Maintenance Parts,GCMP,762,795,shipped,2025-12-16,2025-12-30
2353,Patriot Precision Parts,PPP,308,172,pending,2023-06-04,2023-06-21
2354,Falcon Electronics Group,FEG,127,765,pending,2025-05-19,2025-06-02
2355,Northstar Defense Supply,NDS,14,884,shipped,2025-11-20,2025-11-24
2356,Ironclad Industrial Systems,IIS,197,368,shipped,2023-10-27,2023-10-30
2357,Sentinel Equipment Supply,SES,313,118,delivered,2025-08-26,2025-09-06
2358,Vector Aerospace Supply,VAS,985,196,shipped,2024-07-14,2024-08-01
2359,Summit Tactical Supply,STS,649,64,pending,2024-09-24,2024-10-11
2360,Sterling Power Systems,SPS,542,622,shipped,2023-09-13,2023-09-22
2361,Liberty Mechanical Systems,LMS,38,615,shipped,2026-04-15,2026-05-04
2362,Evergreen Field Support,EFS,71,128,delivered,2026-05-18,2026-05-21
2363,Trident Marine Components,TMC,996,171,pending,2026-05-11,2026-05-19
2364,Granite State Components,GSC,527,687,delivered,2026-05-22,2026-05-25
2365,Blue Ridge Defense Manufacturing,BRDM,60,552,shipped,2023-11-21,2023-12-05
2366,Patriot Precision Parts,PPP,779,296,shipped,2023-06-13,2023-06-19
2367,Cascade Aerospace Systems,CAS,375,105,shipped,2023-12-27,2024-01-09
2368,Trident Marine Components,TMC,251,773,delivered,2024-07-13,2024-08-06
2369,Gulf Coast Maintenance Parts,GCMP,357,270,shipped,2023-08-08,2023-08-25
2370,Trident Marine Components,TMC,629,723,shipped,2026-07-19,2026-07-25
2371,Apex Defense Components,ADC,564,820,delivered,2026-05-05,2026-05-29
2372,Apex Defense Components,ADC,928,58,delivered,2025-03-04,2025-03-10
2373,Redstone Logistics Group,RLG,247,517,pending,2025-03-12,2025-04-08
2374,Keystone Industrial Supply,KIS,963,394,delivered,2023-12-18,2024-01-12
2375,Cedar Valley Manufacturing,CVM,369,947,delivered,2025-04-07,2025-04-15
2376,Redstone Logistics Group,RLG,188,713,delivered,2024-03-19,2024-03-22
2377,Frontier Aviation Components,FAC,978,671,shipped,2023-08-07,2023-08-20
2378,Titan Mobility Systems,TMS,644,443,shipped,2023-10-25,2023-11-21
2379,Evergreen Field Support,EFS,389,35,pending,2025-05-21,2025-06-14
2380,Compass Maritime Supply,CMS,826,831,delivered,2024-03-19,2024-03-31
2381,Evergreen Field Support,EFS,969,605,pending,2026-12-23,2027-01-18
2382,Mesa Tactical Manufacturing,MTM,712,584,pending,2025-10-19,2025-10-25
2383,Keystone Industrial Supply,KIS,23,465,shipped,2025-01-12,2025-02-09
2384,Keystone Industrial Supply,KIS,253,848,pending,2023-08-08,2023-08-15
2385,Sterling Power Systems,SPS,82,829,delivered,2026-04-28,2026-05-28
2386,Trident Marine Components,TMC,972,634,delivered,2023-06-27,2023-07-02
2387,Sentinel Equipment Supply,SES,866,911,pending,2024-01-13,2024-01-16
2388,Cedar Valley Manufacturing,CVM,563,403,delivered,2024-11-08,2024-12-08
2389,Apex Defense Components,ADC,542,496,shipped,2026-04-08,2026-05-05
2390,Granite State Components,GSC,185,227,delivered,2026-08-26,2026-09-24
2391,Heritage Logistics Supply,HLS,122,438,shipped,2025-02-23,2025-03-16
2392,Prairie Technical Components,PTC,377,178,pending,2025-07-18,2025-08-05
2393,Ironclad Industrial Systems,IIS,308,967,shipped,2026-02-06,2026-03-06
2394,Sterling Power Systems,SPS,964,370,shipped,2023-02-18,2023-03-16
2395,Ranger Vehicle Parts,RVP,830,675,delivered,2026-10-25,2026-11-15
2396,Cascade Aerospace Systems,CAS,674,542,pending,2024-11-04,2024-11-25
2397,Northstar Defense Supply,NDS,518,242,delivered,2024-06-14,2024-07-04
2398,Pinnacle Hydraulic Systems,PHS,720,796,shipped,2024-03-07,2024-03-11
2399,Ranger Vehicle Parts,RVP,180,331,pending,2023-05-09,2023-06-02
2400,Redstone Logistics Group,RLG,119,275,shipped,2026-06-04,2026-06-24
2401,Northstar Defense Supply,NDS,974,117,shipped,2024-09-21,2024-10-16
2402,Ironclad Industrial Systems,IIS,186,509,shipped,2024-11-08,2024-11-17
2403,Liberty Mechanical Systems,LMS,127,53,pending,2023-01-03,2023-01-04
2404,Vector Aerospace Supply,VAS,851,808,shipped,2023-12-26,2024-01-23
2405,Titan Mobility Systems,TMS,637,605,delivered,2025-07-14,2025-08-07
2406,Redstone Logistics Group,RLG,110,837,delivered,2025-09-25,2025-10-13
2407,Mesa Tactical Manufacturing,MTM,448,799,pending,2025-02-06,2025-02-09
2408,Patriot Precision Parts,PPP,168,953,shipped,2024-12-15,2025-01-08
2409,Sterling Power Systems,SPS,442,272,pending,2026-08-28,2026-09-17
2410,Prairie Technical Components,PTC,102,917,pending,2025-08-15,2025-08-25
2411,Cascade Aerospace Systems,CAS,324,741,shipped,2026-03-20,2026-04-03
2412,Vector Aerospace Supply,VAS,911,592,shipped,2024-09-19,2024-09-22
2413,Gulf Coast Maintenance Parts,GCMP,70,212,delivered,2024-08-17,2024-09-09
2414,Redstone Logistics Group,RLG,88,601,delivered,2023-01-22,2023-02-17
2415,Pinnacle Hydraulic Systems,PHS,56,260,shipped,2025-05-10,2025-05-12
2416,Cascade Aerospace Systems,CAS,540,364,pending,2026-03-26,2026-04-11
2417,Lone Star Equipment Group,LSEG,928,669,delivered,2026-06-17,2026-07-01
2418,Apex Defense Components,ADC,302,567,pending,2026-01-26,2026-02-20
2419,Blue Ridge Defense Manufacturing,BRDM,21,891,delivered,2023-09-11,2023-09-18
2420,Sentinel Equipment Supply,SES,283,257,shipped,2024-09-27,2024-10-10
2421,Titan Mobility Systems,TMS,697,41,delivered,2025-08-10,2025-08-17
2422,Patriot Precision Parts,PPP,741,566,pending,2026-02-04,2026-02-11
2423,Prairie Technical Components,PTC,407,73,shipped,2026-07-09,2026-07-27
2424,Northstar Defense Supply,NDS,869,956,pending,2024-06-06,2024-06-30
2425,Ironclad Industrial Systems,IIS,986,552,pending,2023-08-01,2023-08-06
2426,Titan Mobility Systems,TMS,57,506,delivered,2026-02-03,2026-02-26
2427,Keystone Industrial Supply,KIS,760,350,pending,2023-11-07,2023-12-02
2428,Patriot Precision Parts,PPP,343,522,delivered,2026-09-15,2026-10-06
2429,Lone Star Equipment Group,LSEG,58,537,pending,2023-06-01,2023-06-08
2430,Keystone Industrial Supply,KIS,819,691,shipped,2025-10-13,2025-11-06
2431,Keystone Industrial Supply,KIS,75,585,delivered,2026-04-13,2026-05-09
2432,Sterling Power Systems,SPS,651,621,delivered,2023-09-19,2023-10-16
2433,Heritage Logistics Supply,HLS,208,47,pending,2023-12-25,2024-01-19
2434,Trident Marine Components,TMC,575,936,pending,2026-02-22,2026-03-10
2435,Redstone Logistics Group,RLG,124,696,pending,2023-05-02,2023-05-24
2436,Lone Star Equipment Group,LSEG,973,66,pending,2025-12-27,2026-01-26
2437,Blue Ridge Defense Manufacturing,BRDM,920,738,shipped,2025-06-15,2025-07-13
2438,Patriot Precision Parts,PPP,777,424,shipped,2026-02-27,2026-03-26
2439,Prairie Technical Components,PTC,24,414,pending,2024-01-09,2024-01-30
2440,Frontier Aviation Components,FAC,315,319,shipped,2024-11-12,2024-12-08
2441,Apex Defense Components,ADC,639,763,shipped,2024-02-25,2024-02-27
2442,Granite State Components,GSC,965,740,pending,2023-07-23,2023-08-12
2443,Summit Tactical Supply,STS,881,614,pending,2023-01-04,2023-01-17
2444,Sterling Power Systems,SPS,270,932,delivered,2026-12-22,2027-01-09
2445,Pinnacle Hydraulic Systems,PHS,133,151,pending,2025-06-20,2025-07-12
2446,Compass Maritime Supply,CMS,970,715,pending,2024-01-17,2024-02-10
2447,Blue Ridge Defense Manufacturing,BRDM,994,887,pending,2025-05-24,2025-05-28
2448,Prairie Technical Components,PTC,700,481,delivered,2026-07-16,2026-07-18
2449,Gulf Coast Maintenance Parts,GCMP,265,888,pending,2024-01-22,2024-01-25
2450,Vector Aerospace Supply,VAS,473,526,delivered,2024-02-15,2024-02-26
2451,Redstone Logistics Group,RLG,456,322,pending,2023-06-14,2023-07-01
2452,Atlas Ground Support,AGS,653,707,pending,2025-03-05,2025-03-15
2453,Sterling Power Systems,SPS,855,281,shipped,2026-08-12,2026-09-01
2454,Trident Marine Components,TMC,486,446,shipped,2023-05-19,2023-05-27
2455,Harborline Industrial Supply,HIS,355,417,shipped,2023-01-22,2023-01-26
2456,Granite State Components,GSC,928,892,shipped,2024-04-04,2024-04-27
2457,Frontier Aviation Components,FAC,816,291,pending,2026-05-07,2026-05-24
2458,Summit Tactical Supply,STS,535,249,pending,2025-07-28,2025-08-14
2459,Redstone Logistics Group,RLG,536,405,pending,2025-01-10,2025-01-29
2460,Heritage Logistics Supply,HLS,656,829,shipped,2025-11-07,2025-11-13
2461,Titan Mobility Systems,TMS,275,736,delivered,2024-11-08,2024-11-27
2462,Cedar Valley Manufacturing,CVM,472,606,delivered,2023-06-25,2023-07-09
2463,Vector Aerospace Supply,VAS,400,298,pending,2025-05-08,2025-05-21
2464,Ranger Vehicle Parts,RVP,995,67,pending,2024-04-11,2024-04-12
2465,Trident Marine Components,TMC,789,555,shipped,2023-07-17,2023-08-06
2466,Atlas Ground Support,AGS,831,445,delivered,2024-10-13,2024-11-05
2467,Lone Star Equipment Group,LSEG,87,943,pending,2024-12-14,2024-12-16
2468,Northstar Defense Supply,NDS,419,319,delivered,2026-05-23,2026-06-02
2469,Harborline Industrial Supply,HIS,873,427,pending,2023-03-19,2023-04-09
2470,Frontier Aviation Components,FAC,676,406,shipped,2026-10-01,2026-10-02
2471,Ironclad Industrial Systems,IIS,832,691,delivered,2025-01-27,2025-02-21
2472,Titan Mobility Systems,TMS,232,149,pending,2025-06-11,2025-06-16
2473,Trident Marine Components,TMC,517,914,pending,2024-02-19,2024-02-28
2474,Sterling Power Systems,SPS,792,938,delivered,2023-06-11,2023-07-08
2475,Liberty Mechanical Systems,LMS,136,618,delivered,2026-04-19,2026-04-26
2476,Gulf Coast Maintenance Parts,GCMP,483,614,pending,2026-08-09,2026-08-30
2477,Ranger Vehicle Parts,RVP,616,216,delivered,2023-03-02,2023-03-04
2478,Cedar Valley Manufacturing,CVM,406,605,pending,2024-06-26,2024-07-21
2479,Liberty Mechanical Systems,LMS,932,681,delivered,2025-07-25,2025-08-14
2480,Redstone Logistics Group,RLG,399,418,delivered,2026-09-12,2026-09-30
2481,Northstar Defense Supply,NDS,52,151,delivered,2025-06-21,2025-07-18
2482,Ironclad Industrial Systems,IIS,878,919,shipped,2026-02-16,2026-03-07
2483,Redstone Logistics Group,RLG,136,533,delivered,2025-08-22,2025-09-02
2484,Redstone Logistics Group,RLG,135,93,shipped,2023-01-24,2023-01-27
2485,Lone Star Equipment Group,LSEG,669,174,pending,2024-10-28,2024-11-19
2486,Evergreen Field Support,EFS,303,999,shipped,2025-09-08,2025-09-16
2487,Sterling Power Systems,SPS,759,516,shipped,2025-04-07,2025-04-18
2488,Lone Star Equipment Group,LSEG,704,4,pending,2024-03-05,2024-03-09
2489,Blue Ridge Defense Manufacturing,BRDM,573,801,shipped,2023-06-21,2023-06-24
2490,Cedar Valley Manufacturing,CVM,273,54,delivered,2026-09-16,2026-09-23
2491,Falcon Electronics Group,FEG,924,795,pending,2026-05-17,2026-06-07
2492,Heritage Logistics Supply,HLS,653,331,shipped,2025-01-08,2025-01-28
2493,Cascade Aerospace Systems,CAS,839,403,pending,2025-03-17,2025-03-18
2494,Cascade Aerospace Systems,CAS,523,562,shipped,2024-08-01,2024-08-18
2495,Sterling Power Systems,SPS,475,646,delivered,2026-07-24,2026-08-20
2496,Vector Aerospace Supply,VAS,813,419,pending,2023-07-28,2023-08-19
2497,Titan Mobility Systems,TMS,684,137,pending,2026-06-17,2026-07-09
2498,Keystone Industrial Supply,KIS,62,735,pending,2025-01-11,2025-02-08
2499,Ranger Vehicle Parts,RVP,716,986,delivered,2024-12-15,2025-01-10
2500,Falcon Electronics Group,FEG,598,310,shipped,2024-01-13,2024-02-02
2501,Sterling Power Systems,SPS,546,114,pending,2026-05-12,2026-05-14
2502,Vector Aerospace Supply,VAS,752,848,pending,2026-10-03,2026-10-12
2503,Patriot Precision Parts,PPP,400,610,pending,2023-10-16,2023-10-30
2504,Atlas Ground Support,AGS,516,400,delivered,2024-02-12,2024-03-02
2505,Patriot Precision Parts,PPP,462,732,delivered,2023-10-23,2023-11-08
2506,Compass Maritime Supply,CMS,267,904,shipped,2026-06-23,2026-07-14
2507,Prairie Technical Components,PTC,541,59,pending,2023-08-18,2023-08-30
2508,Northstar Defense Supply,NDS,162,535,shipped,2023-04-02,2023-04-17
2509,Redstone Logistics Group,RLG,313,890,delivered,2024-08-10,2024-08-25
2510,Falcon Electronics Group,FEG,157,183,delivered,2023-08-23,2023-09-10
2511,Patriot Precision Parts,PPP,206,947,delivered,2025-02-15,2025-03-06
2512,Compass Maritime Supply,CMS,130,95,shipped,2025-03-13,2025-03-15
2513,Compass Maritime Supply,CMS,68,196,delivered,2024-12-23,2025-01-22
2514,Summit Tactical Supply,STS,173,549,delivered,2024-08-03,2024-08-23
2515,Trident Marine Components,TMC,813,299,shipped,2023-09-05,2023-09-27
2516,Apex Defense Components,ADC,961,965,shipped,2025-09-11,2025-09-24
2517,Pinnacle Hydraulic Systems,PHS,42,795,delivered,2025-11-09,2025-12-03
2518,Lone Star Equipment Group,LSEG,457,818,pending,2023-08-15,2023-09-03
2519,Harborline Industrial Supply,HIS,373,990,pending,2024-05-03,2024-05-13
2520,Falcon Electronics Group,FEG,437,927,pending,2024-01-07,2024-01-22
2521,Cedar Valley Manufacturing,CVM,714,533,shipped,2025-07-02,2025-07-20
2522,Blue Ridge Defense Manufacturing,BRDM,501,707,shipped,2024-07-20,2024-07-30
2523,Cascade Aerospace Systems,CAS,685,858,pending,2026-12-04,2026-12-10
2524,Pinnacle Hydraulic Systems,PHS,661,730,delivered,2023-04-28,2023-05-22
2525,Mesa Tactical Manufacturing,MTM,971,264,pending,2025-05-16,2025-06-14
2526,Keystone Industrial Supply,KIS,788,788,shipped,2023-04-25,2023-04-29
2527,Sterling Power Systems,SPS,906,815,delivered,2026-09-01,2026-09-10
2528,Granite State Components,GSC,401,826,shipped,2026-10-24,2026-10-30
2529,Prairie Technical Components,PTC,832,968,pending,2023-06-07,2023-06-27
2530,Harborline Industrial Supply,HIS,204,461,shipped,2026-07-17,2026-08-11
2531,Pinnacle Hydraulic Systems,PHS,398,517,delivered,2026-07-09,2026-08-02
2532,Cedar Valley Manufacturing,CVM,687,395,shipped,2026-10-05,2026-11-02
2533,Ironclad Industrial Systems,IIS,653,313,shipped,2025-08-25,2025-09-07
2534,Granite State Components,GSC,230,105,delivered,2024-10-18,2024-10-26
2535,Falcon Electronics Group,FEG,461,547,pending,2025-10-22,2025-11-12
2536,Heritage Logistics Supply,HLS,1000,65,pending,2026-10-27,2026-11-17
2537,Apex Defense Components,ADC,98,17,delivered,2023-08-13,2023-09-12
2538,Atlas Ground Support,AGS,399,697,shipped,2025-12-15,2025-12-24
2539,Summit Tactical Supply,STS,188,978,shipped,2024-01-13,2024-02-03
2540,Atlas Ground Support,AGS,794,99,shipped,2024-10-06,2024-10-28
2541,Liberty Mechanical Systems,LMS,49,76,shipped,2026-04-24,2026-05-10
2542,Ranger Vehicle Parts,RVP,517,396,delivered,2023-04-13,2023-04-25
2543,Ironclad Industrial Systems,IIS,626,993,delivered,2023-11-05,2023-11-18
2544,Blue Ridge Defense Manufacturing,BRDM,23,113,shipped,2023-05-15,2023-05-29
2545,Sterling Power Systems,SPS,753,333,delivered,2026-12-26,2027-01-15
2546,Vector Aerospace Supply,VAS,854,62,pending,2023-10-22,2023-10-25
2547,Keystone Industrial Supply,KIS,925,152,delivered,2026-12-12,2027-01-06
2548,Trident Marine Components,TMC,441,236,shipped,2025-03-03,2025-03-17
2549,Northstar Defense Supply,NDS,538,125,delivered,2025-09-23,2025-10-09
2550,Redstone Logistics Group,RLG,840,880,shipped,2024-03-14,2024-04-06
2551,Trident Marine Components,TMC,142,501,pending,2024-11-21,2024-12-18
2552,Harborline Industrial Supply,HIS,567,565,delivered,2026-06-04,2026-06-19
2553,Redstone Logistics Group,RLG,585,98,delivered,2024-02-02,2024-02-21
2554,Liberty Mechanical Systems,LMS,153,841,delivered,2025-03-27,2025-04-15
2555,Falcon Electronics Group,FEG,761,935,shipped,2026-04-13,2026-05-09
2556,Ironclad Industrial Systems,IIS,312,91,pending,2026-08-10,2026-08-28
2557,Mesa Tactical Manufacturing,MTM,962,64,shipped,2023-09-22,2023-10-10
2558,Blue Ridge Defense Manufacturing,BRDM,392,420,delivered,2023-05-03,2023-05-11
2559,Blue Ridge Defense Manufacturing,BRDM,353,968,delivered,2026-07-12,2026-07-25
2560,Pinnacle Hydraulic Systems,PHS,813,711,shipped,2025-08-11,2025-08-30
2561,Mesa Tactical Manufacturing,MTM,454,122,delivered,2023-05-19,2023-05-25
2562,Keystone Industrial Supply,KIS,487,978,pending,2025-10-23,2025-11-12
2563,Cascade Aerospace Systems,CAS,664,309,pending,2026-07-02,2026-07-26
2564,Northstar Defense Supply,NDS,758,87,delivered,2024-12-22,2025-01-10
2565,Titan Mobility Systems,TMS,517,702,shipped,2024-12-26,2025-01-01
2566,Redstone Logistics Group,RLG,992,379,pending,2023-01-23,2023-02-02
2567,Harborline Industrial Supply,HIS,685,692,pending,2026-04-05,2026-05-01
2568,Harborline Industrial Supply,HIS,624,695,delivered,2024-12-11,2024-12-21
2569,Trident Marine Components,TMC,428,124,delivered,2025-03-14,2025-04-02
2570,Granite State Components,GSC,866,369,pending,2023-10-13,2023-10-24
2571,Evergreen Field Support,EFS,599,778,shipped,2024-02-26,2024-02-27
2572,Sterling Power Systems,SPS,486,31,shipped,2023-06-06,2023-06-23
2573,Trident Marine Components,TMC,284,67,shipped,2025-01-01,2025-01-29
2574,Ranger Vehicle Parts,RVP,881,212,shipped,2023-07-21,2023-08-20
2575,Granite State Components,GSC,447,478,pending,2026-11-07,2026-12-06
2576,Pinnacle Hydraulic Systems,PHS,755,813,pending,2024-02-03,2024-02-04
2577,Patriot Precision Parts,PPP,292,248,shipped,2024-05-19,2024-06-01
2578,Cascade Aerospace Systems,CAS,846,991,pending,2024-10-10,2024-10-28
2579,Mesa Tactical Manufacturing,MTM,178,111,shipped,2026-06-18,2026-07-10
2580,Gulf Coast Maintenance Parts,GCMP,396,466,shipped,2025-06-13,2025-06-27
2581,Liberty Mechanical Systems,LMS,548,82,pending,2025-10-07,2025-11-01
2582,Heritage Logistics Supply,HLS,58,722,pending,2024-04-04,2024-04-13
2583,Prairie Technical Components,PTC,855,458,pending,2023-08-11,2023-08-12
2584,Evergreen Field Support,EFS,27,381,pending,2026-04-21,2026-05-07
2585,Ranger Vehicle Parts,RVP,975,64,pending,2026-03-27,2026-04-19
2586,Harborline Industrial Supply,HIS,836,197,pending,2023-12-22,2024-01-10
2587,Patriot Precision Parts,PPP,708,777,pending,2023-09-23,2023-10-06
2588,Northstar Defense Supply,NDS,467,671,shipped,2026-11-20,2026-11-21
2589,Falcon Electronics Group,FEG,797,394,shipped,2024-02-02,2024-02-06
2590,Keystone Industrial Supply,KIS,111,612,pending,2024-02-13,2024-03-13
2591,Evergreen Field Support,EFS,237,893,pending,2023-05-07,2023-05-26
2592,Lone Star Equipment Group,LSEG,778,341,pending,2023-02-23,2023-03-14
2593,Blue Ridge Defense Manufacturing,BRDM,125,49,delivered,2023-10-06,2023-10-26
2594,Prairie Technical Components,PTC,143,285,delivered,2024-06-01,2024-06-15
2595,Granite State Components,GSC,886,10,pending,2023-09-22,2023-09-29
2596,Titan Mobility Systems,TMS,347,389,pending,2023-06-21,2023-07-03
2597,Frontier Aviation Components,FAC,408,121,delivered,2024-11-21,2024-12-07
2598,Northstar Defense Supply,NDS,690,157,delivered,2024-01-16,2024-02-01
2599,Sterling Power Systems,SPS,797,364,shipped,2023-02-19,2023-02-27
2600,Sterling Power Systems,SPS,736,788,pending,2026-02-01,2026-03-02
2601,Heritage Logistics Supply,HLS,310,260,shipped,2023-12-01,2023-12-03
2602,Harborline Industrial Supply,HIS,190,873,pending,2025-03-06,2025-03-28
2603,Falcon Electronics Group,FEG,119,575,pending,2025-02-14,2025-03-15
2604,Northstar Defense Supply,NDS,846,776,shipped,2025-03-04,2025-03-11
2605,Patriot Precision Parts,PPP,513,698,shipped,2024-08-11,2024-08-25
2606,Evergreen Field Support,EFS,915,283,shipped,2023-10-16,2023-10-30
2607,Trident Marine Components,TMC,453,947,pending,2023-02-09,2023-02-22
2608,Pinnacle Hydraulic Systems,PHS,373,961,pending,2025-05-13,2025-05-18
2609,Blue Ridge Defense Manufacturing,BRDM,749,558,pending,2026-02-20,2026-02-26
2610,Blue Ridge Defense Manufacturing,BRDM,566,11,shipped,2024-07-26,2024-08-09
2611,Apex Defense Components,ADC,52,935,shipped,2026-02-12,2026-02-27
2612,Redstone Logistics Group,RLG,331,751,shipped,2023-07-05,2023-08-04
2613,Vector Aerospace Supply,VAS,863,13,shipped,2024-10-28,2024-10-30
2614,Vector Aerospace Supply,VAS,678,986,shipped,2024-04-04,2024-04-16
2615,Atlas Ground Support,AGS,331,321,pending,2023-03-04,2023-03-27
2616,Liberty Mechanical Systems,LMS,723,385,shipped,2025-09-10,2025-10-04
2617,Prairie Technical Components,PTC,810,980,shipped,2025-12-23,2025-12-27
2618,Cedar Valley Manufacturing,CVM,455,361,shipped,2025-01-06,2025-01-26
2619,Ranger Vehicle Parts,RVP,624,544,shipped,2023-07-07,2023-07-22
2620,Atlas Ground Support,AGS,857,431,pending,2024-09-24,2024-10-10
2621,Sentinel Equipment Supply,SES,653,729,delivered,2023-08-18,2023-08-30
2622,Northstar Defense Supply,NDS,7,266,pending,2025-06-26,2025-07-18
2623,Ironclad Industrial Systems,IIS,222,619,pending,2026-10-11,2026-11-10
2624,Harborline Industrial Supply,HIS,545,48,pending,2025-11-27,2025-12-19
2625,Sterling Power Systems,SPS,590,334,delivered,2024-12-11,2024-12-22
2626,Mesa Tactical Manufacturing,MTM,342,749,delivered,2026-02-12,2026-02-26
2627,Pinnacle Hydraulic Systems,PHS,47,331,delivered,2026-07-22,2026-07-31
2628,Gulf Coast Maintenance Parts,GCMP,694,191,shipped,2025-11-01,2025-11-10
2629,Harborline Industrial Supply,HIS,666,525,pending,2024-12-11,2024-12-28
2630,Ironclad Industrial Systems,IIS,886,631,delivered,2025-04-12,2025-05-05
2631,Cedar Valley Manufacturing,CVM,851,780,shipped,2024-09-13,2024-10-05
2632,Harborline Industrial Supply,HIS,392,439,delivered,2026-07-20,2026-08-13
2633,Blue Ridge Defense Manufacturing,BRDM,483,914,delivered,2026-04-05,2026-05-04
2634,Pinnacle Hydraulic Systems,PHS,776,676,pending,2024-09-15,2024-09-23
2635,Patriot Precision Parts,PPP,943,294,shipped,2026-05-17,2026-05-29
2636,Pinnacle Hydraulic Systems,PHS,969,267,delivered,2023-02-23,2023-03-11
2637,Frontier Aviation Components,FAC,372,842,delivered,2026-05-16,2026-05-28
2638,Harborline Industrial Supply,HIS,713,430,delivered,2024-11-09,2024-11-19
2639,Redstone Logistics Group,RLG,356,396,delivered,2023-08-13,2023-09-12
2640,Summit Tactical Supply,STS,159,137,shipped,2026-09-17,2026-10-17
2641,Apex Defense Components,ADC,169,707,shipped,2026-08-02,2026-08-09
2642,Granite State Components,GSC,429,10,shipped,2024-10-18,2024-10-29
2643,Prairie Technical Components,PTC,384,171,delivered,2023-06-12,2023-06-18
2644,Titan Mobility Systems,TMS,340,551,shipped,2023-11-27,2023-12-18
2645,Pinnacle Hydraulic Systems,PHS,988,4,shipped,2024-09-10,2024-10-06
2646,Sentinel Equipment Supply,SES,973,672,delivered,2025-08-26,2025-08-31
2647,Falcon Electronics Group,FEG,67,823,pending,2023-05-15,2023-06-08
2648,Titan Mobility Systems,TMS,794,582,delivered,2025-07-24,2025-07-29
2649,Granite State Components,GSC,714,455,delivered,2025-08-13,2025-08-24
2650,Patriot Precision Parts,PPP,764,885,shipped,2023-01-02,2023-01-27
2651,Patriot Precision Parts,PPP,275,783,shipped,2023-11-06,2023-11-10
2652,Redstone Logistics Group,RLG,437,591,delivered,2023-04-11,2023-05-10
2653,Keystone Industrial Supply,KIS,968,201,delivered,2026-06-15,2026-06-25
2654,Patriot Precision Parts,PPP,33,630,delivered,2024-11-04,2024-11-27
2655,Granite State Components,GSC,146,125,shipped,2024-09-02,2024-09-06
2656,Pinnacle Hydraulic Systems,PHS,19,211,shipped,2024-12-10,2024-12-13
2657,Lone Star Equipment Group,LSEG,592,386,pending,2024-10-13,2024-10-26
2658,Redstone Logistics Group,RLG,426,623,shipped,2025-10-03,2025-10-22
2659,Summit Tactical Supply,STS,338,753,pending,2024-04-04,2024-04-12
2660,Falcon Electronics Group,FEG,303,835,shipped,2026-11-14,2026-12-06
2661,Atlas Ground Support,AGS,432,440,shipped,2025-11-23,2025-12-06
2662,Apex Defense Components,ADC,19,811,delivered,2025-07-17,2025-08-13
2663,Gulf Coast Maintenance Parts,GCMP,113,823,pending,2023-12-18,2024-01-03
2664,Compass Maritime Supply,CMS,339,671,delivered,2025-04-26,2025-05-11
2665,Mesa Tactical Manufacturing,MTM,947,724,shipped,2025-03-26,2025-04-06
2666,Summit Tactical Supply,STS,204,72,shipped,2023-06-15,2023-06-18
2667,Harborline Industrial Supply,HIS,473,736,shipped,2025-06-03,2025-06-21
2668,Evergreen Field Support,EFS,314,961,delivered,2026-12-04,2026-12-28
2669,Frontier Aviation Components,FAC,765,506,pending,2023-09-05,2023-09-29
2670,Gulf Coast Maintenance Parts,GCMP,167,661,shipped,2024-05-27,2024-06-04
2671,Compass Maritime Supply,CMS,417,651,pending,2025-07-07,2025-08-05
2672,Sterling Power Systems,SPS,979,967,delivered,2026-11-16,2026-11-24
2673,Atlas Ground Support,AGS,786,134,delivered,2024-03-18,2024-04-13
2674,Prairie Technical Components,PTC,164,47,shipped,2025-07-22,2025-07-23
2675,Sentinel Equipment Supply,SES,433,7,shipped,2023-01-08,2023-01-21
2676,Harborline Industrial Supply,HIS,17,419,pending,2023-05-10,2023-05-18
2677,Gulf Coast Maintenance Parts,GCMP,31,258,pending,2024-11-10,2024-12-06
2678,Apex Defense Components,ADC,788,970,shipped,2025-07-03,2025-07-10
2679,Keystone Industrial Supply,KIS,188,298,delivered,2025-10-02,2025-11-01
2680,Lone Star Equipment Group,LSEG,17,119,shipped,2025-02-14,2025-02-15
2681,Sentinel Equipment Supply,SES,504,484,delivered,2025-03-23,2025-03-31
2682,Redstone Logistics Group,RLG,480,519,shipped,2026-10-01,2026-10-30
2683,Granite State Components,GSC,17,675,pending,2024-07-05,2024-07-14
2684,Evergreen Field Support,EFS,707,274,delivered,2026-11-04,2026-11-22
2685,Ironclad Industrial Systems,IIS,75,245,shipped,2024-10-15,2024-11-02
2686,Falcon Electronics Group,FEG,430,524,delivered,2025-04-01,2025-04-21
2687,Frontier Aviation Components,FAC,964,907,pending,2024-05-24,2024-06-19
2688,Pinnacle Hydraulic Systems,PHS,35,240,delivered,2024-12-24,2025-01-17
2689,Evergreen Field Support,EFS,461,346,delivered,2025-07-26,2025-08-15
2690,Ranger Vehicle Parts,RVP,806,647,delivered,2025-12-15,2026-01-12
2691,Atlas Ground Support,AGS,36,476,pending,2024-04-23,2024-05-04
2692,Sentinel Equipment Supply,SES,397,203,delivered,2026-09-02,2026-09-18
2693,Cedar Valley Manufacturing,CVM,39,578,pending,2024-12-24,2024-12-29
2694,Granite State Components,GSC,591,237,pending,2026-04-08,2026-05-02
2695,Patriot Precision Parts,PPP,754,818,shipped,2023-06-26,2023-07-25
2696,Trident Marine Components,TMC,981,668,delivered,2025-12-21,2026-01-03
2697,Lone Star Equipment Group,LSEG,338,378,pending,2023-02-24,2023-02-27
2698,Frontier Aviation Components,FAC,734,692,pending,2026-01-02,2026-01-04
2699,Frontier Aviation Components,FAC,912,341,delivered,2024-01-07,2024-01-23
2700,Vector Aerospace Supply,VAS,63,859,shipped,2023-02-23,2023-03-24
2701,Liberty Mechanical Systems,LMS,797,185,shipped,2025-08-11,2025-08-14
2702,Liberty Mechanical Systems,LMS,681,967,pending,2024-04-08,2024-04-29
2703,Trident Marine Components,TMC,640,74,shipped,2026-08-24,2026-09-22
2704,Northstar Defense Supply,NDS,138,72,shipped,2024-12-16,2025-01-04
2705,Compass Maritime Supply,CMS,909,977,delivered,2026-08-02,2026-08-11
2706,Mesa Tactical Manufacturing,MTM,748,151,shipped,2026-02-05,2026-02-17
2707,Heritage Logistics Supply,HLS,354,692,delivered,2026-02-07,2026-03-02
2708,Redstone Logistics Group,RLG,520,158,pending,2024-01-11,2024-02-02
2709,Cascade Aerospace Systems,CAS,465,148,pending,2024-01-15,2024-02-10
2710,Gulf Coast Maintenance Parts,GCMP,150,82,shipped,2024-08-11,2024-09-08
2711,Lone Star Equipment Group,LSEG,595,679,pending,2025-10-06,2025-11-02
2712,Prairie Technical Components,PTC,403,987,pending,2025-09-01,2025-09-26
2713,Titan Mobility Systems,TMS,65,586,pending,2025-09-28,2025-10-11
2714,Heritage Logistics Supply,HLS,623,687,shipped,2024-03-23,2024-03-25
2715,Frontier Aviation Components,FAC,229,938,delivered,2025-05-03,2025-05-15
2716,Ironclad Industrial Systems,IIS,414,988,pending,2025-06-09,2025-06-16
2717,Granite State Components,GSC,309,352,delivered,2025-08-14,2025-09-06
2718,Redstone Logistics Group,RLG,323,870,pending,2024-08-09,2024-08-19
2719,Prairie Technical Components,PTC,512,691,delivered,2023-08-28,2023-09-26
2720,Ironclad Industrial Systems,IIS,147,296,shipped,2023-04-06,2023-04-16
2721,Titan Mobility Systems,TMS,422,668,pending,2023-01-25,2023-01-26
2722,Summit Tactical Supply,STS,879,954,delivered,2023-07-14,2023-07-19
2723,Apex Defense Components,ADC,869,58,delivered,2023-08-09,2023-08-22
2724,Cedar Valley Manufacturing,CVM,898,944,delivered,2024-12-01,2024-12-27
2725,Gulf Coast Maintenance Parts,GCMP,934,634,pending,2026-08-13,2026-08-18
2726,Sentinel Equipment Supply,SES,928,834,delivered,2026-07-13,2026-07-25
2727,Lone Star Equipment Group,LSEG,720,383,pending,2025-08-05,2025-08-31
2728,Summit Tactical Supply,STS,448,371,shipped,2025-07-07,2025-07-14
2729,Evergreen Field Support,EFS,289,27,delivered,2024-08-02,2024-09-01
2730,Sterling Power Systems,SPS,410,430,delivered,2026-10-21,2026-10-24
2731,Gulf Coast Maintenance Parts,GCMP,425,693,delivered,2026-12-23,2027-01-02
2732,Cascade Aerospace Systems,CAS,334,761,shipped,2023-08-28,2023-09-20
2733,Heritage Logistics Supply,HLS,457,98,pending,2023-11-20,2023-12-13
2734,Compass Maritime Supply,CMS,691,580,pending,2023-01-02,2023-01-08
2735,Keystone Industrial Supply,KIS,15,412,delivered,2026-05-04,2026-06-03
2736,Apex Defense Components,ADC,477,505,shipped,2026-03-02,2026-03-11
2737,Pinnacle Hydraulic Systems,PHS,847,488,pending,2023-08-06,2023-08-18
2738,Heritage Logistics Supply,HLS,473,403,shipped,2026-02-21,2026-02-25
2739,Ironclad Industrial Systems,IIS,421,244,shipped,2026-07-18,2026-08-07
2740,Liberty Mechanical Systems,LMS,390,29,pending,2025-10-15,2025-10-26
2741,Heritage Logistics Supply,HLS,162,365,shipped,2025-06-20,2025-06-28
2742,Keystone Industrial Supply,KIS,905,768,pending,2025-06-28,2025-07-28
2743,Heritage Logistics Supply,HLS,693,124,shipped,2026-12-04,2026-12-14
2744,Falcon Electronics Group,FEG,740,377,shipped,2025-08-12,2025-08-18
2745,Apex Defense Components,ADC,990,235,pending,2025-10-05,2025-11-03
2746,Vector Aerospace Supply,VAS,989,49,delivered,2024-02-25,2024-03-01
2747,Harborline Industrial Supply,HIS,225,284,shipped,2025-08-17,2025-09-12
2748,Redstone Logistics Group,RLG,398,824,delivered,2026-01-26,2026-02-18
2749,Frontier Aviation Components,FAC,14,41,delivered,2025-01-13,2025-01-17
2750,Keystone Industrial Supply,KIS,77,559,pending,2026-09-25,2026-10-20
2751,Evergreen Field Support,EFS,408,297,shipped,2026-05-28,2026-06-27
2752,Sterling Power Systems,SPS,305,676,pending,2023-03-16,2023-03-19
2753,Keystone Industrial Supply,KIS,998,179,shipped,2026-06-16,2026-07-14
2754,Ranger Vehicle Parts,RVP,306,959,pending,2026-08-13,2026-09-10
2755,Northstar Defense Supply,NDS,646,273,delivered,2023-05-05,2023-05-31
2756,Frontier Aviation Components,FAC,674,790,pending,2025-06-10,2025-07-09
2757,Ironclad Industrial Systems,IIS,327,490,shipped,2024-07-18,2024-07-27
2758,Sentinel Equipment Supply,SES,979,465,pending,2026-07-28,2026-08-20
2759,Prairie Technical Components,PTC,200,894,shipped,2026-07-08,2026-07-23
2760,Vector Aerospace Supply,VAS,234,162,pending,2024-06-10,2024-06-30
2761,Ironclad Industrial Systems,IIS,287,136,pending,2024-09-18,2024-09-28
2762,Summit Tactical Supply,STS,2,381,shipped,2023-09-15,2023-09-26
2763,Summit Tactical Supply,STS,662,846,shipped,2023-10-04,2023-10-11
2764,Keystone Industrial Supply,KIS,654,505,delivered,2023-10-06,2023-10-26
2765,Lone Star Equipment Group,LSEG,84,121,pending,2025-04-08,2025-04-28
2766,Ironclad Industrial Systems,IIS,206,957,pending,2024-12-23,2024-12-25
2767,Granite State Components,GSC,683,720,delivered,2026-09-20,2026-09-24
2768,Heritage Logistics Supply,HLS,293,403,shipped,2025-04-03,2025-05-01
2769,Cedar Valley Manufacturing,CVM,344,569,pending,2026-07-11,2026-07-31
2770,Ironclad Industrial Systems,IIS,380,532,delivered,2025-08-19,2025-09-16
2771,Titan Mobility Systems,TMS,731,586,shipped,2024-10-12,2024-10-13
2772,Lone Star Equipment Group,LSEG,719,770,delivered,2025-07-16,2025-08-01
2773,Harborline Industrial Supply,HIS,366,700,delivered,2025-05-03,2025-05-16
2774,Trident Marine Components,TMC,874,410,delivered,2025-12-02,2026-01-01
2775,Sterling Power Systems,SPS,417,862,delivered,2024-10-26,2024-11-16
2776,Summit Tactical Supply,STS,963,387,pending,2023-11-07,2023-11-27
2777,Trident Marine Components,TMC,618,44,delivered,2026-11-24,2026-11-26
2778,Redstone Logistics Group,RLG,199,509,shipped,2026-04-14,2026-04-24
2779,Gulf Coast Maintenance Parts,GCMP,294,630,delivered,2023-01-04,2023-01-17
2780,Titan Mobility Systems,TMS,354,908,pending,2025-04-05,2025-05-03
2781,Northstar Defense Supply,NDS,205,489,shipped,2024-11-23,2024-12-11
2782,Vector Aerospace Supply,VAS,16,399,delivered,2026-06-04,2026-06-27
2783,Summit Tactical Supply,STS,790,283,delivered,2025-04-21,2025-05-08
2784,Cascade Aerospace Systems,CAS,417,227,pending,2024-10-21,2024-10-30
2785,Sentinel Equipment Supply,SES,694,12,pending,2023-12-22,2024-01-07
2786,Harborline Industrial Supply,HIS,717,898,shipped,2024-10-04,2024-10-15
2787,Evergreen Field Support,EFS,18,818,delivered,2025-11-08,2025-11-12
2788,Prairie Technical Components,PTC,274,73,pending,2024-01-05,2024-01-10
2789,Keystone Industrial Supply,KIS,600,367,shipped,2023-08-18,2023-08-27
2790,Cascade Aerospace Systems,CAS,968,313,shipped,2025-01-07,2025-01-27
2791,Evergreen Field Support,EFS,720,30,shipped,2025-01-07,2025-02-03
2792,Cascade Aerospace Systems,CAS,771,361,delivered,2026-02-18,2026-03-16
2793,Ironclad Industrial Systems,IIS,617,634,shipped,2025-02-19,2025-02-25
2794,Titan Mobility Systems,TMS,350,810,delivered,2026-03-21,2026-03-22
2795,Pinnacle Hydraulic Systems,PHS,28,12,pending,2025-07-13,2025-08-12
2796,Cascade Aerospace Systems,CAS,232,225,delivered,2025-12-21,2026-01-12
2797,Liberty Mechanical Systems,LMS,906,101,pending,2024-09-15,2024-10-11
2798,Prairie Technical Components,PTC,383,638,delivered,2025-07-02,2025-07-05
2799,Atlas Ground Support,AGS,236,369,delivered,2023-04-04,2023-04-07
2800,Granite State Components,GSC,143,271,delivered,2023-12-09,2023-12-11
2801,Ranger Vehicle Parts,RVP,602,970,shipped,2023-07-04,2023-07-21
2802,Titan Mobility Systems,TMS,289,717,delivered,2024-12-20,2025-01-16
2803,Heritage Logistics Supply,HLS,698,215,shipped,2025-11-01,2025-11-22
2804,Sentinel Equipment Supply,SES,245,354,pending,2026-04-14,2026-05-06
2805,Keystone Industrial Supply,KIS,941,922,shipped,2023-08-23,2023-09-21
2806,Heritage Logistics Supply,HLS,236,127,pending,2025-04-16,2025-04-26
2807,Sterling Power Systems,SPS,300,680,shipped,2023-03-12,2023-04-08
2808,Cascade Aerospace Systems,CAS,564,690,shipped,2024-06-19,2024-06-29
2809,Sterling Power Systems,SPS,680,495,delivered,2024-04-13,2024-04-19
2810,Ironclad Industrial Systems,IIS,142,545,shipped,2024-01-13,2024-01-26
2811,Keystone Industrial Supply,KIS,102,414,delivered,2026-01-17,2026-01-21
2812,Granite State Components,GSC,776,675,delivered,2025-11-05,2025-11-27
2813,Cascade Aerospace Systems,CAS,715,703,pending,2024-06-24,2024-07-12
2814,Apex Defense Components,ADC,804,131,pending,2025-01-20,2025-01-31
2815,Harborline Industrial Supply,HIS,620,539,pending,2026-05-26,2026-06-15
2816,Sentinel Equipment Supply,SES,575,823,delivered,2023-01-13,2023-02-12
2817,Granite State Components,GSC,439,65,delivered,2023-10-01,2023-10-19
2818,Liberty Mechanical Systems,LMS,592,660,delivered,2023-11-08,2023-11-15
2819,Cascade Aerospace Systems,CAS,825,21,delivered,2025-04-17,2025-05-07
2820,Cedar Valley Manufacturing,CVM,493,492,shipped,2025-03-25,2025-03-27
2821,Compass Maritime Supply,CMS,82,438,delivered,2024-01-18,2024-02-17
2822,Cedar Valley Manufacturing,CVM,563,652,pending,2026-03-20,2026-03-28
2823,Pinnacle Hydraulic Systems,PHS,500,73,shipped,2026-12-08,2026-12-25
2824,Gulf Coast Maintenance Parts,GCMP,261,882,delivered,2025-10-26,2025-11-02
2825,Gulf Coast Maintenance Parts,GCMP,294,536,pending,2026-05-23,2026-06-14
2826,Summit Tactical Supply,STS,560,471,pending,2024-12-09,2025-01-01
2827,Falcon Electronics Group,FEG,761,353,delivered,2024-08-11,2024-08-29
2828,Atlas Ground Support,AGS,490,207,shipped,2026-12-18,2026-12-31
2829,Vector Aerospace Supply,VAS,730,341,delivered,2026-02-11,2026-02-19
2830,Harborline Industrial Supply,HIS,606,674,shipped,2025-05-10,2025-05-14
2831,Redstone Logistics Group,RLG,45,139,delivered,2024-12-25,2025-01-19
2832,Redstone Logistics Group,RLG,875,54,shipped,2025-04-21,2025-05-05
2833,Patriot Precision Parts,PPP,150,359,pending,2026-09-11,2026-10-08
2834,Blue Ridge Defense Manufacturing,BRDM,159,699,shipped,2024-03-18,2024-03-28
2835,Evergreen Field Support,EFS,342,582,pending,2024-12-14,2024-12-16
2836,Trident Marine Components,TMC,173,741,delivered,2023-07-11,2023-07-16
2837,Blue Ridge Defense Manufacturing,BRDM,822,317,pending,2023-05-01,2023-05-19
2838,Pinnacle Hydraulic Systems,PHS,172,446,pending,2024-09-02,2024-09-12
2839,Sterling Power Systems,SPS,71,788,pending,2025-04-26,2025-05-21
2840,Summit Tactical Supply,STS,508,968,pending,2025-08-10,2025-08-28
2841,Atlas Ground Support,AGS,511,930,delivered,2025-06-12,2025-06-14
2842,Keystone Industrial Supply,KIS,431,829,shipped,2025-07-19,2025-07-29
2843,Trident Marine Components,TMC,246,879,pending,2025-06-10,2025-06-22
2844,Vector Aerospace Supply,VAS,578,67,shipped,2025-09-28,2025-09-29
2845,Frontier Aviation Components,FAC,758,130,delivered,2023-10-27,2023-11-26
2846,Ranger Vehicle Parts,RVP,554,559,delivered,2023-03-21,2023-03-26
2847,Atlas Ground Support,AGS,157,101,shipped,2026-08-01,2026-08-29
2848,Ranger Vehicle Parts,RVP,986,12,shipped,2023-05-16,2023-05-20
2849,Apex Defense Components,ADC,716,125,pending,2024-12-12,2024-12-16
2850,Vector Aerospace Supply,VAS,35,584,shipped,2023-04-26,2023-04-30
2851,Cedar Valley Manufacturing,CVM,492,332,shipped,2025-08-09,2025-08-13
2852,Liberty Mechanical Systems,LMS,289,526,pending,2026-06-01,2026-06-13
2853,Harborline Industrial Supply,HIS,810,616,pending,2023-08-25,2023-09-12
2854,Patriot Precision Parts,PPP,914,785,shipped,2024-05-20,2024-06-10
2855,Patriot Precision Parts,PPP,40,29,pending,2024-07-11,2024-08-08
2856,Falcon Electronics Group,FEG,499,292,delivered,2025-09-04,2025-09-19
2857,Vector Aerospace Supply,VAS,90,271,delivered,2024-05-09,2024-06-06
2858,Summit Tactical Supply,STS,281,206,delivered,2023-04-10,2023-04-13
2859,Cedar Valley Manufacturing,CVM,49,121,shipped,2023-04-26,2023-05-01
2860,Ironclad Industrial Systems,IIS,988,388,pending,2024-03-24,2024-04-04
2861,Frontier Aviation Components,FAC,654,737,delivered,2023-11-07,2023-11-12
2862,Ironclad Industrial Systems,IIS,741,1,shipped,2026-10-16,2026-11-10
2863,Prairie Technical Components,PTC,472,837,pending,2024-12-21,2025-01-01
2864,Evergreen Field Support,EFS,776,462,delivered,2024-04-07,2024-04-16
2865,Lone Star Equipment Group,LSEG,799,811,shipped,2024-10-21,2024-10-30
2866,Keystone Industrial Supply,KIS,506,420,shipped,2024-01-24,2024-02-06
2867,Sentinel Equipment Supply,SES,71,100,shipped,2023-09-18,2023-09-26
2868,Liberty Mechanical Systems,LMS,490,248,delivered,2026-11-06,2026-12-05
2869,Redstone Logistics Group,RLG,370,275,pending,2024-06-26,2024-07-25
2870,Redstone Logistics Group,RLG,942,56,shipped,2025-12-23,2025-12-26
2871,Atlas Ground Support,AGS,957,785,pending,2026-09-16,2026-10-12
2872,Keystone Industrial Supply,KIS,636,660,delivered,2026-03-01,2026-03-06
2873,Granite State Components,GSC,703,338,pending,2024-08-22,2024-08-30
2874,Northstar Defense Supply,NDS,141,96,shipped,2026-05-08,2026-05-24
2875,Lone Star Equipment Group,LSEG,297,992,shipped,2025-12-24,2025-12-30
2876,Summit Tactical Supply,STS,813,107,shipped,2026-09-21,2026-10-13
2877,Heritage Logistics Supply,HLS,149,1000,pending,2026-10-26,2026-11-25
2878,Keystone Industrial Supply,KIS,348,944,pending,2025-08-15,2025-08-21
2879,Pinnacle Hydraulic Systems,PHS,278,11,shipped,2024-02-02,2024-02-13
2880,Trident Marine Components,TMC,460,657,shipped,2024-12-15,2025-01-14
2881,Summit Tactical Supply,STS,612,698,delivered,2025-03-17,2025-04-09
2882,Sterling Power Systems,SPS,284,521,pending,2026-09-24,2026-10-08
2883,Heritage Logistics Supply,HLS,856,466,pending,2026-08-07,2026-08-31
2884,Apex Defense Components,ADC,674,266,pending,2026-07-25,2026-08-18
2885,Titan Mobility Systems,TMS,717,167,delivered,2024-11-19,2024-11-20
2886,Redstone Logistics Group,RLG,7,137,shipped,2023-03-02,2023-03-07
2887,Patriot Precision Parts,PPP,862,596,shipped,2023-10-25,2023-10-26
2888,Mesa Tactical Manufacturing,MTM,433,611,pending,2024-05-17,2024-05-25
2889,Granite State Components,GSC,109,911,delivered,2026-05-27,2026-06-26
2890,Ranger Vehicle Parts,RVP,847,945,delivered,2026-01-08,2026-01-20
2891,Cascade Aerospace Systems,CAS,312,306,pending,2026-10-08,2026-10-26
2892,Apex Defense Components,ADC,498,374,pending,2024-08-09,2024-09-08
2893,Northstar Defense Supply,NDS,655,452,shipped,2025-10-08,2025-10-13
2894,Atlas Ground Support,AGS,835,475,pending,2025-10-04,2025-10-08
2895,Ironclad Industrial Systems,IIS,11,975,shipped,2024-01-08,2024-01-24
2896,Apex Defense Components,ADC,643,305,pending,2023-01-15,2023-02-12
2897,Cascade Aerospace Systems,CAS,53,397,delivered,2025-05-28,2025-06-10
2898,Liberty Mechanical Systems,LMS,673,383,pending,2025-02-07,2025-02-15
2899,Keystone Industrial Supply,KIS,42,678,delivered,2026-07-17,2026-08-07
2900,Summit Tactical Supply,STS,922,156,delivered,2025-10-19,2025-11-10
2901,Blue Ridge Defense Manufacturing,BRDM,650,38,shipped,2023-07-06,2023-08-01
2902,Liberty Mechanical Systems,LMS,680,226,pending,2026-03-03,2026-03-30
2903,Sentinel Equipment Supply,SES,717,41,pending,2023-08-22,2023-08-27
2904,Lone Star Equipment Group,LSEG,895,296,shipped,2023-04-04,2023-04-24
2905,Heritage Logistics Supply,HLS,301,630,shipped,2023-08-09,2023-08-12
2906,Summit Tactical Supply,STS,141,785,pending,2026-05-21,2026-06-18
2907,Ironclad Industrial Systems,IIS,59,327,pending,2025-10-20,2025-11-09
2908,Trident Marine Components,TMC,912,874,delivered,2024-01-28,2024-02-17
2909,Trident Marine Components,TMC,706,700,pending,2024-07-23,2024-07-29
2910,Lone Star Equipment Group,LSEG,265,594,delivered,2026-09-21,2026-09-24
2911,Atlas Ground Support,AGS,981,284,pending,2024-12-21,2024-12-25
2912,Prairie Technical Components,PTC,662,961,shipped,2024-02-02,2024-02-14
2913,Patriot Precision Parts,PPP,944,953,delivered,2026-01-11,2026-02-04
2914,Ranger Vehicle Parts,RVP,347,511,shipped,2025-11-22,2025-11-23
2915,Gulf Coast Maintenance Parts,GCMP,639,905,delivered,2023-07-23,2023-08-22
2916,Northstar Defense Supply,NDS,122,931,shipped,2023-10-15,2023-11-04
2917,Cascade Aerospace Systems,CAS,962,133,pending,2024-04-09,2024-04-12
2918,Heritage Logistics Supply,HLS,863,179,delivered,2025-12-21,2025-12-27
2919,Summit Tactical Supply,STS,32,21,delivered,2025-03-25,2025-04-15
2920,Vector Aerospace Supply,VAS,488,170,pending,2023-07-13,2023-07-23
2921,Atlas Ground Support,AGS,371,246,delivered,2024-04-20,2024-04-24
2922,Keystone Industrial Supply,KIS,461,762,pending,2025-01-17,2025-02-08
2923,Titan Mobility Systems,TMS,631,986,shipped,2023-03-20,2023-04-03
2924,Northstar Defense Supply,NDS,3,948,pending,2024-08-18,2024-08-19
2925,Pinnacle Hydraulic Systems,PHS,124,221,pending,2024-12-09,2024-12-30
2926,Heritage Logistics Supply,HLS,861,535,pending,2023-09-24,2023-10-06
2927,Falcon Electronics Group,FEG,379,329,delivered,2024-06-04,2024-06-21
2928,Granite State Components,GSC,456,803,shipped,2026-03-25,2026-04-23
2929,Cedar Valley Manufacturing,CVM,277,654,pending,2023-10-11,2023-10-19
2930,Blue Ridge Defense Manufacturing,BRDM,478,181,delivered,2024-04-08,2024-04-13
2931,Lone Star Equipment Group,LSEG,834,105,pending,2024-04-08,2024-04-24
2932,Prairie Technical Components,PTC,528,430,pending,2024-06-11,2024-06-19
2933,Apex Defense Components,ADC,942,432,delivered,2025-02-02,2025-02-23
2934,Liberty Mechanical Systems,LMS,213,788,delivered,2026-07-25,2026-07-31
2935,Evergreen Field Support,EFS,785,998,delivered,2024-06-01,2024-06-05
2936,Titan Mobility Systems,TMS,692,1000,delivered,2023-07-22,2023-08-08
2937,Gulf Coast Maintenance Parts,GCMP,958,1,pending,2026-11-01,2026-11-26
2938,Atlas Ground Support,AGS,391,205,delivered,2026-10-15,2026-10-16
2939,Ranger Vehicle Parts,RVP,306,842,shipped,2024-04-20,2024-05-12
2940,Titan Mobility Systems,TMS,597,674,delivered,2026-03-26,2026-03-30
2941,Blue Ridge Defense Manufacturing,BRDM,886,53,delivered,2024-08-17,2024-08-20
2942,Harborline Industrial Supply,HIS,645,881,pending,2023-04-26,2023-05-06
2943,Ranger Vehicle Parts,RVP,129,628,pending,2023-07-11,2023-08-04
2944,Cedar Valley Manufacturing,CVM,716,948,delivered,2024-08-18,2024-09-11
2945,Heritage Logistics Supply,HLS,802,275,delivered,2025-06-12,2025-07-10
2946,Sentinel Equipment Supply,SES,150,418,delivered,2024-11-19,2024-12-05
2947,Harborline Industrial Supply,HIS,508,353,pending,2025-07-22,2025-08-02
2948,Prairie Technical Components,PTC,450,490,delivered,2026-11-27,2026-12-19
2949,Patriot Precision Parts,PPP,637,44,shipped,2025-08-20,2025-09-16
2950,Falcon Electronics Group,FEG,577,605,shipped,2024-12-15,2025-01-03
2951,Granite State Components,GSC,547,149,pending,2025-10-13,2025-10-23
2952,Mesa Tactical Manufacturing,MTM,463,403,shipped,2026-06-10,2026-07-07
2953,Gulf Coast Maintenance Parts,GCMP,730,84,delivered,2025-03-17,2025-03-26
2954,Gulf Coast Maintenance Parts,GCMP,324,851,pending,2024-01-05,2024-01-14
2955,Apex Defense Components,ADC,546,643,shipped,2023-12-04,2023-12-18
2956,Sterling Power Systems,SPS,509,357,delivered,2026-04-10,2026-05-04
2957,Gulf Coast Maintenance Parts,GCMP,786,915,delivered,2025-05-07,2025-05-22
2958,Summit Tactical Supply,STS,670,925,pending,2024-04-16,2024-04-24
2959,Lone Star Equipment Group,LSEG,465,540,shipped,2023-12-04,2023-12-07
2960,Liberty Mechanical Systems,LMS,152,16,shipped,2024-12-10,2025-01-05
2961,Prairie Technical Components,PTC,24,441,delivered,2024-10-08,2024-10-13
2962,Summit Tactical Supply,STS,181,616,shipped,2025-04-23,2025-05-18
2963,Falcon Electronics Group,FEG,460,17,delivered,2026-07-26,2026-08-22
2964,Falcon Electronics Group,FEG,683,905,delivered,2026-05-01,2026-05-27
2965,Liberty Mechanical Systems,LMS,545,41,delivered,2025-01-19,2025-02-01
2966,Vector Aerospace Supply,VAS,223,890,pending,2023-05-11,2023-05-23
2967,Harborline Industrial Supply,HIS,960,957,pending,2024-06-09,2024-06-22
2968,Keystone Industrial Supply,KIS,796,983,pending,2023-11-28,2023-12-05
2969,Heritage Logistics Supply,HLS,453,728,shipped,2023-05-09,2023-05-24
2970,Northstar Defense Supply,NDS,222,509,shipped,2026-06-09,2026-06-26
2971,Cedar Valley Manufacturing,CVM,553,58,shipped,2023-11-20,2023-11-25
2972,Titan Mobility Systems,TMS,246,812,shipped,2024-11-25,2024-12-18
2973,Apex Defense Components,ADC,306,408,delivered,2025-06-20,2025-06-25
2974,Mesa Tactical Manufacturing,MTM,464,187,delivered,2023-01-19,2023-02-07
2975,Apex Defense Components,ADC,343,401,shipped,2025-06-11,2025-07-10
2976,Sterling Power Systems,SPS,383,417,delivered,2025-03-17,2025-04-14
2977,Sentinel Equipment Supply,SES,274,239,pending,2024-09-16,2024-09-28
2978,Keystone Industrial Supply,KIS,962,461,pending,2025-06-20,2025-07-07
2979,Patriot Precision Parts,PPP,383,317,shipped,2023-06-12,2023-07-04
2980,Cedar Valley Manufacturing,CVM,43,754,delivered,2023-12-18,2023-12-27
2981,Ironclad Industrial Systems,IIS,995,879,shipped,2026-10-27,2026-11-12
2982,Sterling Power Systems,SPS,231,846,shipped,2023-02-15,2023-03-15
2983,Summit Tactical Supply,STS,468,160,pending,2023-01-13,2023-01-24
2984,Titan Mobility Systems,TMS,24,52,delivered,2026-09-18,2026-10-06
2985,Ironclad Industrial Systems,IIS,528,822,delivered,2026-06-18,2026-07-16
2986,Apex Defense Components,ADC,33,162,pending,2023-03-12,2023-03-17
2987,Apex Defense Components,ADC,425,154,shipped,2026-05-07,2026-05-10
2988,Pinnacle Hydraulic Systems,PHS,824,236,shipped,2026-06-14,2026-06-29
2989,Summit Tactical Supply,STS,443,88,pending,2023-03-03,2023-03-24
2990,Sentinel Equipment Supply,SES,961,703,shipped,2025-12-26,2026-01-24
2991,Frontier Aviation Components,FAC,829,305,shipped,2025-11-27,2025-12-20
2992,Granite State Components,GSC,277,438,pending,2025-04-03,2025-04-29
2993,Lone Star Equipment Group,LSEG,128,267,shipped,2025-09-26,2025-10-14
2994,Harborline Industrial Supply,HIS,983,398,delivered,2024-09-23,2024-10-14
2995,Falcon Electronics Group,FEG,451,900,shipped,2024-03-07,2024-03-26
2996,Cedar Valley Manufacturing,CVM,391,166,pending,2025-09-27,2025-09-30
2997,Patriot Precision Parts,PPP,258,822,delivered,2026-06-10,2026-06-16
2998,Granite State Components,GSC,132,687,pending,2026-02-20,2026-03-10
2999,Lone Star Equipment Group,LSEG,859,28,shipped,2026-02-19,2026-03-09
3000,Pinnacle Hydraulic Systems,PHS,327,515,delivered,2025-08-04,2025-09-02
3001,Titan Mobility Systems,TMS,181,486,shipped,2024-02-22,2024-03-17
3002,Trident Marine Components,TMC,125,241,delivered,2025-05-06,2025-06-02
3003,Ranger Vehicle Parts,RVP,947,491,delivered,2026-08-04,2026-08-10
3004,Atlas Ground Support,AGS,430,413,pending,2026-03-16,2026-03-22
3005,Gulf Coast Maintenance Parts,GCMP,812,628,pending,2024-02-24,2024-02-29
3006,Evergreen Field Support,EFS,277,15,shipped,2026-08-13,2026-08-16
3007,Sterling Power Systems,SPS,156,433,delivered,2025-10-04,2025-10-29
3008,Apex Defense Components,ADC,652,583,delivered,2026-10-25,2026-11-04
3009,Prairie Technical Components,PTC,465,341,shipped,2025-10-26,2025-11-15
3010,Sterling Power Systems,SPS,199,589,shipped,2023-09-20,2023-10-18
3011,Mesa Tactical Manufacturing,MTM,369,792,delivered,2023-08-10,2023-08-26
3012,Sentinel Equipment Supply,SES,519,30,shipped,2025-03-20,2025-03-28
3013,Ranger Vehicle Parts,RVP,125,821,pending,2024-10-03,2024-10-15
3014,Liberty Mechanical Systems,LMS,154,689,shipped,2025-05-01,2025-05-02
3015,Harborline Industrial Supply,HIS,560,983,shipped,2026-09-18,2026-10-03
3016,Sentinel Equipment Supply,SES,766,429,delivered,2023-07-05,2023-07-10
3017,Falcon Electronics Group,FEG,144,602,shipped,2026-08-13,2026-08-26
3018,Atlas Ground Support,AGS,926,288,shipped,2025-07-16,2025-07-26
3019,Titan Mobility Systems,TMS,242,195,pending,2025-10-19,2025-11-07
3020,Ranger Vehicle Parts,RVP,25,223,shipped,2025-03-26,2025-04-07
3021,Cedar Valley Manufacturing,CVM,941,464,shipped,2024-08-05,2024-08-24
3022,Vector Aerospace Supply,VAS,895,374,shipped,2023-07-01,2023-07-09
3023,Summit Tactical Supply,STS,457,447,shipped,2025-06-03,2025-06-10
3024,Cedar Valley Manufacturing,CVM,638,316,shipped,2026-06-20,2026-06-26
3025,Redstone Logistics Group,RLG,135,800,shipped,2024-07-15,2024-08-07
3026,Redstone Logistics Group,RLG,512,158,pending,2025-07-21,2025-08-04
3027,Summit Tactical Supply,STS,604,357,delivered,2023-01-15,2023-01-23
3028,Frontier Aviation Components,FAC,107,897,delivered,2026-04-06,2026-04-15
3029,Keystone Industrial Supply,KIS,756,438,shipped,2025-08-23,2025-08-26
3030,Prairie Technical Components,PTC,139,154,pending,2023-05-08,2023-06-01
3031,Frontier Aviation Components,FAC,148,67,delivered,2023-11-09,2023-11-13
3032,Mesa Tactical Manufacturing,MTM,923,541,pending,2023-10-21,2023-11-03
3033,Titan Mobility Systems,TMS,461,513,shipped,2026-12-24,2027-01-21
3034,Trident Marine Components,TMC,870,282,pending,2026-11-01,2026-11-12
3035,Gulf Coast Maintenance Parts,GCMP,194,831,pending,2023-11-18,2023-12-10
3036,Heritage Logistics Supply,HLS,190,84,delivered,2025-03-28,2025-04-06
3037,Mesa Tactical Manufacturing,MTM,672,347,delivered,2026-03-16,2026-03-17
3038,Trident Marine Components,TMC,390,686,shipped,2026-07-10,2026-07-21
3039,Atlas Ground Support,AGS,724,81,pending,2024-04-25,2024-05-06
3040,Frontier Aviation Components,FAC,629,960,shipped,2025-03-24,2025-04-23
3041,Titan Mobility Systems,TMS,145,632,shipped,2025-06-03,2025-06-25
3042,Gulf Coast Maintenance Parts,GCMP,366,581,pending,2026-12-01,2026-12-29
3043,Pinnacle Hydraulic Systems,PHS,94,939,shipped,2026-10-09,2026-10-30
3044,Apex Defense Components,ADC,222,433,pending,2026-04-06,2026-04-08
3045,Prairie Technical Components,PTC,636,460,shipped,2024-05-10,2024-05-15
3046,Prairie Technical Components,PTC,934,426,delivered,2026-09-12,2026-09-30
3047,Redstone Logistics Group,RLG,143,504,pending,2023-01-05,2023-01-22
3048,Sentinel Equipment Supply,SES,613,996,pending,2024-08-27,2024-09-16
3049,Atlas Ground Support,AGS,248,896,shipped,2025-11-07,2025-11-23
3050,Lone Star Equipment Group,LSEG,828,672,pending,2026-12-12,2026-12-30
3051,Falcon Electronics Group,FEG,610,537,delivered,2026-05-07,2026-05-21
3052,Cedar Valley Manufacturing,CVM,111,634,pending,2024-06-03,2024-06-13
3053,Liberty Mechanical Systems,LMS,107,966,pending,2024-04-12,2024-05-12
3054,Heritage Logistics Supply,HLS,660,504,shipped,2024-12-05,2024-12-31
3055,Apex Defense Components,ADC,306,355,pending,2024-11-15,2024-11-27
3056,Liberty Mechanical Systems,LMS,842,931,pending,2024-03-23,2024-04-15
3057,Trident Marine Components,TMC,759,484,pending,2024-05-08,2024-05-11
3058,Liberty Mechanical Systems,LMS,33,492,pending,2026-03-27,2026-04-09
3059,Evergreen Field Support,EFS,734,480,delivered,2025-12-09,2026-01-08
3060,Cedar Valley Manufacturing,CVM,391,469,delivered,2024-12-08,2024-12-24
3061,Patriot Precision Parts,PPP,378,26,shipped,2026-12-14,2027-01-02
3062,Falcon Electronics Group,FEG,304,530,pending,2026-08-16,2026-09-08
3063,Cascade Aerospace Systems,CAS,965,157,shipped,2025-07-07,2025-08-01
3064,Vector Aerospace Supply,VAS,244,406,shipped,2025-09-16,2025-09-24
3065,Trident Marine Components,TMC,545,471,delivered,2025-05-22,2025-06-17
3066,Apex Defense Components,ADC,803,234,pending,2023-06-10,2023-06-17
3067,Compass Maritime Supply,CMS,472,385,shipped,2025-08-02,2025-08-30
3068,Summit Tactical Supply,STS,642,699,pending,2026-05-03,2026-05-26
3069,Heritage Logistics Supply,HLS,810,688,delivered,2023-01-12,2023-02-09
3070,Redstone Logistics Group,RLG,902,364,shipped,2025-04-03,2025-04-25
3071,Titan Mobility Systems,TMS,808,876,shipped,2024-04-03,2024-04-26
3072,Compass Maritime Supply,CMS,87,882,delivered,2023-04-28,2023-05-05
3073,Keystone Industrial Supply,KIS,688,979,shipped,2023-10-02,2023-10-03
3074,Cascade Aerospace Systems,CAS,88,203,pending,2025-02-23,2025-03-03
3075,Sentinel Equipment Supply,SES,407,27,delivered,2026-08-23,2026-09-01
3076,Atlas Ground Support,AGS,324,916,shipped,2025-12-28,2026-01-10
3077,Blue Ridge Defense Manufacturing,BRDM,711,883,pending,2023-09-27,2023-10-15
3078,Heritage Logistics Supply,HLS,326,216,pending,2023-09-09,2023-10-07
3079,Heritage Logistics Supply,HLS,269,963,shipped,2023-02-06,2023-03-02
3080,Liberty Mechanical Systems,LMS,774,470,shipped,2025-05-07,2025-05-16
3081,Summit Tactical Supply,STS,957,48,pending,2024-07-06,2024-07-07
3082,Summit Tactical Supply,STS,859,166,shipped,2023-07-06,2023-07-19
3083,Lone Star Equipment Group,LSEG,202,820,delivered,2025-03-01,2025-03-11
3084,Atlas Ground Support,AGS,818,560,pending,2023-01-08,2023-01-27
3085,Prairie Technical Components,PTC,94,614,pending,2025-01-10,2025-02-07
3086,Compass Maritime Supply,CMS,828,432,pending,2024-09-04,2024-09-16
3087,Liberty Mechanical Systems,LMS,660,937,shipped,2026-11-17,2026-11-21
3088,Gulf Coast Maintenance Parts,GCMP,609,533,delivered,2026-01-09,2026-01-17
3089,Blue Ridge Defense Manufacturing,BRDM,640,687,pending,2025-07-16,2025-08-02
3090,Northstar Defense Supply,NDS,884,727,delivered,2026-06-21,2026-07-12
3091,Keystone Industrial Supply,KIS,156,640,delivered,2025-12-16,2025-12-26
3092,Prairie Technical Components,PTC,776,607,shipped,2023-02-03,2023-03-04
3093,Pinnacle Hydraulic Systems,PHS,41,625,shipped,2025-12-13,2026-01-03
3094,Liberty Mechanical Systems,LMS,26,695,pending,2024-12-05,2024-12-12
3095,Falcon Electronics Group,FEG,216,886,pending,2023-07-24,2023-08-21
3096,Vector Aerospace Supply,VAS,633,424,delivered,2024-09-01,2024-09-10
3097,Mesa Tactical Manufacturing,MTM,667,376,pending,2026-03-07,2026-03-26
3098,Harborline Industrial Supply,HIS,902,911,shipped,2024-05-25,2024-06-13
3099,Compass Maritime Supply,CMS,363,161,delivered,2025-09-22,2025-10-03
3100,Keystone Industrial Supply,KIS,955,844,pending,2023-11-28,2023-11-29
3101,Gulf Coast Maintenance Parts,GCMP,21,460,delivered,2026-11-07,2026-11-11
3102,Liberty Mechanical Systems,LMS,398,640,delivered,2026-06-19,2026-06-28
3103,Sterling Power Systems,SPS,889,577,pending,2025-12-19,2026-01-13
3104,Liberty Mechanical Systems,LMS,272,480,shipped,2023-02-26,2023-03-05
3105,Patriot Precision Parts,PPP,186,452,shipped,2025-12-26,2026-01-13
3106,Ranger Vehicle Parts,RVP,840,549,shipped,2023-02-09,2023-02-10
3107,Ironclad Industrial Systems,IIS,325,762,pending,2023-05-28,2023-06-13
3108,Ranger Vehicle Parts,RVP,287,267,shipped,2024-03-12,2024-03-16
3109,Titan Mobility Systems,TMS,87,831,pending,2023-05-16,2023-05-26
3110,Gulf Coast Maintenance Parts,GCMP,502,867,shipped,2024-05-02,2024-05-23
3111,Prairie Technical Components,PTC,949,264,delivered,2026-01-14,2026-01-29
3112,Apex Defense Components,ADC,68,257,delivered,2025-09-04,2025-09-08
3113,Mesa Tactical Manufacturing,MTM,177,293,pending,2026-04-23,2026-05-20
3114,Pinnacle Hydraulic Systems,PHS,222,904,pending,2026-02-12,2026-03-06
3115,Ironclad Industrial Systems,IIS,559,696,pending,2025-12-16,2026-01-14
3116,Lone Star Equipment Group,LSEG,644,359,shipped,2026-08-14,2026-08-27
3117,Northstar Defense Supply,NDS,598,858,delivered,2023-07-03,2023-07-11
3118,Falcon Electronics Group,FEG,497,889,pending,2023-12-01,2023-12-23
3119,Titan Mobility Systems,TMS,656,843,delivered,2025-10-06,2025-11-04
3120,Gulf Coast Maintenance Parts,GCMP,738,843,delivered,2026-02-11,2026-03-05
3121,Cedar Valley Manufacturing,CVM,796,143,delivered,2025-08-24,2025-09-02
3122,Heritage Logistics Supply,HLS,459,57,shipped,2023-09-19,2023-10-13
3123,Compass Maritime Supply,CMS,286,150,shipped,2026-08-21,2026-08-27
3124,Blue Ridge Defense Manufacturing,BRDM,193,562,delivered,2023-06-03,2023-07-03
3125,Pinnacle Hydraulic Systems,PHS,928,95,delivered,2025-08-16,2025-09-05
3126,Sentinel Equipment Supply,SES,781,918,shipped,2025-10-07,2025-10-29
3127,Patriot Precision Parts,PPP,87,386,shipped,2024-09-21,2024-09-28
3128,Granite State Components,GSC,609,400,delivered,2024-05-22,2024-06-15
3129,Patriot Precision Parts,PPP,461,613,delivered,2026-01-28,2026-02-10
3130,Granite State Components,GSC,671,193,delivered,2024-04-09,2024-04-28
3131,Frontier Aviation Components,FAC,144,948,pending,2026-12-06,2026-12-15
3132,Patriot Precision Parts,PPP,395,654,pending,2026-06-08,2026-06-18
3133,Ranger Vehicle Parts,RVP,88,802,pending,2026-10-11,2026-10-16
3134,Trident Marine Components,TMC,495,921,shipped,2026-09-24,2026-10-07
3135,Vector Aerospace Supply,VAS,742,422,shipped,2025-05-03,2025-05-04
3136,Harborline Industrial Supply,HIS,853,957,pending,2025-10-01,2025-10-19
3137,Vector Aerospace Supply,VAS,55,917,shipped,2026-10-02,2026-10-09
3138,Falcon Electronics Group,FEG,467,655,pending,2024-03-06,2024-04-05
3139,Apex Defense Components,ADC,575,519,pending,2025-12-05,2025-12-21
3140,Cascade Aerospace Systems,CAS,961,243,pending,2025-02-28,2025-03-18
3141,Northstar Defense Supply,NDS,154,812,shipped,2024-05-04,2024-05-21
3142,Cascade Aerospace Systems,CAS,496,588,shipped,2024-07-04,2024-07-16
3143,Cedar Valley Manufacturing,CVM,893,497,delivered,2023-04-04,2023-04-12
3144,Sentinel Equipment Supply,SES,64,112,pending,2025-11-05,2025-11-30
3145,Patriot Precision Parts,PPP,929,856,shipped,2026-09-28,2026-10-22
3146,Evergreen Field Support,EFS,740,523,delivered,2023-12-23,2024-01-13
3147,Frontier Aviation Components,FAC,559,63,pending,2024-11-08,2024-11-25
3148,Blue Ridge Defense Manufacturing,BRDM,321,226,pending,2023-09-11,2023-10-07
3149,Mesa Tactical Manufacturing,MTM,383,797,pending,2023-12-11,2023-12-16
3150,Compass Maritime Supply,CMS,457,355,pending,2025-06-07,2025-07-03
3151,Sterling Power Systems,SPS,585,138,pending,2023-08-14,2023-08-21
3152,Sterling Power Systems,SPS,996,575,pending,2023-11-23,2023-12-23
3153,Apex Defense Components,ADC,706,237,shipped,2026-05-11,2026-05-26
3154,Blue Ridge Defense Manufacturing,BRDM,295,830,pending,2024-08-21,2024-08-24
3155,Ranger Vehicle Parts,RVP,267,303,delivered,2026-01-11,2026-02-10
3156,Mesa Tactical Manufacturing,MTM,771,641,delivered,2023-02-04,2023-03-02
3157,Gulf Coast Maintenance Parts,GCMP,502,742,pending,2024-09-19,2024-10-06
3158,Atlas Ground Support,AGS,817,849,pending,2024-09-10,2024-09-22
3159,Frontier Aviation Components,FAC,185,391,delivered,2024-10-22,2024-10-31
3160,Cedar Valley Manufacturing,CVM,185,81,delivered,2023-11-16,2023-12-14
3161,Gulf Coast Maintenance Parts,GCMP,782,465,delivered,2023-01-08,2023-01-27
3162,Gulf Coast Maintenance Parts,GCMP,405,627,shipped,2024-05-07,2024-06-02
3163,Summit Tactical Supply,STS,257,70,shipped,2023-12-24,2024-01-16
3164,Keystone Industrial Supply,KIS,233,18,delivered,2024-06-03,2024-06-04
3165,Heritage Logistics Supply,HLS,50,233,pending,2024-02-28,2024-03-22
3166,Granite State Components,GSC,15,411,shipped,2023-09-06,2023-09-15
3167,Prairie Technical Components,PTC,221,315,delivered,2026-10-22,2026-10-26
3168,Mesa Tactical Manufacturing,MTM,817,346,delivered,2025-03-23,2025-04-03
3169,Evergreen Field Support,EFS,610,567,shipped,2025-09-14,2025-09-21
3170,Keystone Industrial Supply,KIS,801,707,delivered,2023-05-09,2023-05-14
3171,Cedar Valley Manufacturing,CVM,49,805,shipped,2024-01-13,2024-01-14
3172,Apex Defense Components,ADC,43,787,delivered,2023-04-09,2023-05-03
3173,Sterling Power Systems,SPS,618,613,delivered,2026-12-16,2027-01-01
3174,Evergreen Field Support,EFS,455,885,delivered,2026-05-15,2026-06-06
3175,Sentinel Equipment Supply,SES,528,485,pending,2026-12-24,2027-01-05
3176,Mesa Tactical Manufacturing,MTM,390,611,pending,2024-05-24,2024-06-19
3177,Titan Mobility Systems,TMS,196,634,delivered,2024-12-13,2025-01-10
3178,Blue Ridge Defense Manufacturing,BRDM,447,744,delivered,2025-10-19,2025-11-09
3179,Redstone Logistics Group,RLG,552,545,shipped,2025-09-22,2025-10-05
3180,Lone Star Equipment Group,LSEG,925,470,pending,2025-06-10,2025-06-12
3181,Cedar Valley Manufacturing,CVM,839,303,delivered,2023-07-08,2023-07-31
3182,Mesa Tactical Manufacturing,MTM,332,772,delivered,2026-03-16,2026-04-09
3183,Ironclad Industrial Systems,IIS,667,967,delivered,2025-11-19,2025-11-30
3184,Lone Star Equipment Group,LSEG,548,228,pending,2023-01-26,2023-02-15
3185,Heritage Logistics Supply,HLS,32,603,pending,2025-04-07,2025-04-26
3186,Patriot Precision Parts,PPP,326,664,pending,2025-10-01,2025-10-11
3187,Mesa Tactical Manufacturing,MTM,360,406,delivered,2024-05-04,2024-05-09
3188,Heritage Logistics Supply,HLS,246,341,shipped,2026-11-09,2026-11-10
3189,Northstar Defense Supply,NDS,846,218,shipped,2023-01-18,2023-02-02
3190,Frontier Aviation Components,FAC,765,120,delivered,2026-12-17,2026-12-29
3191,Sterling Power Systems,SPS,376,400,shipped,2025-06-03,2025-06-14
3192,Ironclad Industrial Systems,IIS,250,296,shipped,2025-09-26,2025-10-04
3193,Atlas Ground Support,AGS,54,293,delivered,2025-10-26,2025-11-06
3194,Keystone Industrial Supply,KIS,763,598,pending,2026-11-03,2026-11-18
3195,Cedar Valley Manufacturing,CVM,513,102,delivered,2025-01-07,2025-02-03
3196,Evergreen Field Support,EFS,573,761,shipped,2024-03-17,2024-03-29
3197,Mesa Tactical Manufacturing,MTM,570,346,shipped,2023-01-08,2023-01-11
3198,Evergreen Field Support,EFS,606,887,pending,2023-05-05,2023-05-28
3199,Trident Marine Components,TMC,340,725,pending,2023-05-16,2023-06-10
3200,Liberty Mechanical Systems,LMS,905,270,shipped,2025-09-20,2025-09-26
3201,Frontier Aviation Components,FAC,607,91,delivered,2025-04-22,2025-05-01
3202,Trident Marine Components,TMC,285,314,shipped,2024-09-22,2024-10-01
3203,Northstar Defense Supply,NDS,482,413,shipped,2025-03-16,2025-04-05
3204,Gulf Coast Maintenance Parts,GCMP,782,640,pending,2025-06-01,2025-06-23
3205,Titan Mobility Systems,TMS,188,51,shipped,2025-09-07,2025-09-09
3206,Ranger Vehicle Parts,RVP,623,964,delivered,2026-04-08,2026-05-06
3207,Compass Maritime Supply,CMS,803,525,delivered,2026-12-15,2027-01-12
3208,Mesa Tactical Manufacturing,MTM,840,11,delivered,2023-06-04,2023-06-18
3209,Harborline Industrial Supply,HIS,563,86,pending,2024-06-13,2024-06-14
3210,Ironclad Industrial Systems,IIS,516,820,pending,2023-07-28,2023-08-23
3211,Evergreen Field Support,EFS,276,665,delivered,2026-01-25,2026-02-05
3212,Atlas Ground Support,AGS,326,524,delivered,2026-09-18,2026-10-16
3213,Pinnacle Hydraulic Systems,PHS,863,450,pending,2025-07-19,2025-08-06
3214,Lone Star Equipment Group,LSEG,411,767,shipped,2026-07-05,2026-07-23
3215,Granite State Components,GSC,911,383,delivered,2023-09-27,2023-10-23
3216,Ranger Vehicle Parts,RVP,822,244,shipped,2024-01-27,2024-02-18
3217,Titan Mobility Systems,TMS,762,836,pending,2026-03-25,2026-04-01
3218,Prairie Technical Components,PTC,910,163,delivered,2024-12-19,2025-01-17
3219,Compass Maritime Supply,CMS,379,995,shipped,2023-05-18,2023-06-07
3220,Vector Aerospace Supply,VAS,36,562,delivered,2025-10-09,2025-10-21
3221,Cascade Aerospace Systems,CAS,739,768,pending,2024-04-04,2024-04-21
3222,Heritage Logistics Supply,HLS,645,473,delivered,2024-07-28,2024-08-18
3223,Northstar Defense Supply,NDS,948,958,pending,2025-10-17,2025-11-02
3224,Frontier Aviation Components,FAC,364,402,delivered,2024-05-24,2024-05-30
3225,Evergreen Field Support,EFS,453,222,pending,2025-09-11,2025-09-12
3226,Granite State Components,GSC,768,945,shipped,2025-05-11,2025-05-15
3227,Ranger Vehicle Parts,RVP,694,995,shipped,2024-10-08,2024-10-21
3228,Evergreen Field Support,EFS,943,619,pending,2025-03-15,2025-03-29
3229,Sentinel Equipment Supply,SES,21,378,pending,2024-11-20,2024-12-18
3230,Vector Aerospace Supply,VAS,618,677,pending,2023-05-27,2023-06-02
3231,Liberty Mechanical Systems,LMS,127,878,pending,2026-03-17,2026-04-16
3232,Patriot Precision Parts,PPP,8,947,pending,2024-05-08,2024-05-22
3233,Ranger Vehicle Parts,RVP,524,336,delivered,2024-02-26,2024-03-23
3234,Patriot Precision Parts,PPP,18,655,delivered,2025-05-22,2025-06-03
3235,Lone Star Equipment Group,LSEG,73,292,shipped,2023-07-09,2023-07-25
3236,Gulf Coast Maintenance Parts,GCMP,421,64,pending,2023-02-27,2023-03-10
3237,Cedar Valley Manufacturing,CVM,601,117,shipped,2026-12-06,2026-12-16
3238,Blue Ridge Defense Manufacturing,BRDM,849,445,pending,2026-04-03,2026-05-02
3239,Northstar Defense Supply,NDS,815,306,shipped,2024-03-02,2024-03-19
3240,Blue Ridge Defense Manufacturing,BRDM,464,9,shipped,2025-03-11,2025-03-19
3241,Blue Ridge Defense Manufacturing,BRDM,201,398,shipped,2023-08-04,2023-08-16
3242,Falcon Electronics Group,FEG,270,848,shipped,2025-11-18,2025-12-14
3243,Titan Mobility Systems,TMS,855,276,pending,2025-04-12,2025-05-08
3244,Ironclad Industrial Systems,IIS,166,614,pending,2026-12-19,2026-12-28
3245,Ironclad Industrial Systems,IIS,428,185,pending,2025-10-07,2025-11-02
3246,Trident Marine Components,TMC,600,113,pending,2023-09-27,2023-10-17
3247,Mesa Tactical Manufacturing,MTM,659,301,pending,2023-09-23,2023-10-16
3248,Redstone Logistics Group,RLG,681,724,pending,2026-08-02,2026-08-12
3249,Titan Mobility Systems,TMS,252,632,shipped,2025-06-03,2025-06-11
3250,Northstar Defense Supply,NDS,952,42,delivered,2026-09-19,2026-09-23
3251,Evergreen Field Support,EFS,709,260,pending,2025-11-16,2025-11-20
3252,Frontier Aviation Components,FAC,502,690,delivered,2025-06-28,2025-07-22
3253,Prairie Technical Components,PTC,526,851,pending,2023-11-27,2023-12-07
3254,Falcon Electronics Group,FEG,511,827,delivered,2023-08-16,2023-08-27
3255,Cedar Valley Manufacturing,CVM,380,138,delivered,2026-07-03,2026-07-27
3256,Prairie Technical Components,PTC,563,303,pending,2023-08-08,2023-08-10
3257,Patriot Precision Parts,PPP,601,109,delivered,2024-09-20,2024-09-26
3258,Patriot Precision Parts,PPP,238,64,delivered,2023-07-08,2023-07-18
3259,Ranger Vehicle Parts,RVP,234,178,shipped,2024-06-09,2024-06-25
3260,Frontier Aviation Components,FAC,204,869,pending,2025-03-03,2025-03-17
3261,Ranger Vehicle Parts,RVP,45,623,shipped,2023-10-10,2023-10-18
3262,Compass Maritime Supply,CMS,145,836,delivered,2023-04-02,2023-04-16
3263,Northstar Defense Supply,NDS,693,833,delivered,2023-06-28,2023-07-23
3264,Titan Mobility Systems,TMS,203,979,pending,2026-10-16,2026-11-07
3265,Keystone Industrial Supply,KIS,379,864,shipped,2023-11-15,2023-12-11
3266,Prairie Technical Components,PTC,726,657,delivered,2025-04-07,2025-04-25
3267,Summit Tactical Supply,STS,461,964,shipped,2025-05-28,2025-05-29
3268,Frontier Aviation Components,FAC,804,408,pending,2026-09-02,2026-09-04
3269,Titan Mobility Systems,TMS,960,275,delivered,2025-08-22,2025-09-17
3270,Sterling Power Systems,SPS,180,616,shipped,2024-09-10,2024-09-27
3271,Heritage Logistics Supply,HLS,685,170,pending,2024-06-10,2024-07-01
3272,Harborline Industrial Supply,HIS,841,447,pending,2025-07-03,2025-07-12
3273,Ranger Vehicle Parts,RVP,22,495,delivered,2026-09-07,2026-10-07
3274,Ranger Vehicle Parts,RVP,952,781,shipped,2024-07-13,2024-07-25
3275,Vector Aerospace Supply,VAS,835,195,shipped,2024-05-13,2024-05-14
3276,Blue Ridge Defense Manufacturing,BRDM,931,555,pending,2026-07-23,2026-07-28
3277,Atlas Ground Support,AGS,978,904,shipped,2024-03-03,2024-03-23
3278,Harborline Industrial Supply,HIS,932,401,shipped,2024-07-22,2024-08-15
3279,Falcon Electronics Group,FEG,957,135,pending,2024-08-18,2024-08-26
3280,Cedar Valley Manufacturing,CVM,563,498,pending,2024-11-02,2024-11-29
3281,Atlas Ground Support,AGS,34,712,shipped,2026-12-08,2026-12-19
3282,Gulf Coast Maintenance Parts,GCMP,253,983,pending,2023-05-04,2023-05-29
3283,Cedar Valley Manufacturing,CVM,190,444,delivered,2026-06-16,2026-06-26
3284,Northstar Defense Supply,NDS,283,221,shipped,2025-12-25,2025-12-27
3285,Liberty Mechanical Systems,LMS,56,918,delivered,2024-11-22,2024-12-10
3286,Sterling Power Systems,SPS,95,412,pending,2026-06-07,2026-07-07
3287,Pinnacle Hydraulic Systems,PHS,99,783,shipped,2025-11-28,2025-12-04
3288,Compass Maritime Supply,CMS,482,437,delivered,2026-11-25,2026-12-14
3289,Harborline Industrial Supply,HIS,773,446,shipped,2023-10-28,2023-10-30
3290,Trident Marine Components,TMC,653,525,shipped,2024-07-20,2024-08-01
3291,Lone Star Equipment Group,LSEG,406,88,shipped,2023-06-03,2023-06-28
3292,Sterling Power Systems,SPS,27,382,shipped,2024-10-25,2024-11-20
3293,Gulf Coast Maintenance Parts,GCMP,490,71,shipped,2026-09-15,2026-10-05
3294,Granite State Components,GSC,519,767,pending,2025-08-05,2025-08-31
3295,Apex Defense Components,ADC,450,760,pending,2024-09-28,2024-10-10
3296,Atlas Ground Support,AGS,416,167,shipped,2023-12-04,2023-12-25
3297,Summit Tactical Supply,STS,728,952,shipped,2024-04-11,2024-04-20
3298,Granite State Components,GSC,904,360,delivered,2024-11-12,2024-12-06
3299,Ranger Vehicle Parts,RVP,478,400,shipped,2025-12-25,2026-01-14
3300,Patriot Precision Parts,PPP,804,778,shipped,2026-11-23,2026-12-03
3301,Atlas Ground Support,AGS,182,785,pending,2026-08-01,2026-08-20
3302,Summit Tactical Supply,STS,858,585,pending,2025-05-16,2025-06-02
3303,Granite State Components,GSC,624,257,delivered,2024-10-26,2024-11-09
3304,Keystone Industrial Supply,KIS,138,514,shipped,2023-05-02,2023-05-22
3305,Mesa Tactical Manufacturing,MTM,167,322,delivered,2023-05-21,2023-06-09
3306,Harborline Industrial Supply,HIS,775,191,delivered,2025-02-14,2025-02-17
3307,Trident Marine Components,TMC,194,859,pending,2025-09-13,2025-09-16
3308,Granite State Components,GSC,389,182,delivered,2026-12-23,2027-01-20
3309,Harborline Industrial Supply,HIS,204,402,shipped,2025-04-07,2025-04-15
3310,Redstone Logistics Group,RLG,170,125,pending,2026-01-10,2026-01-11
3311,Heritage Logistics Supply,HLS,324,155,shipped,2023-07-25,2023-08-06
3312,Sentinel Equipment Supply,SES,190,764,pending,2024-01-16,2024-02-08
3313,Patriot Precision Parts,PPP,322,493,shipped,2025-10-04,2025-10-11
3314,Apex Defense Components,ADC,723,859,shipped,2024-08-12,2024-09-04
3315,Trident Marine Components,TMC,863,983,delivered,2024-06-19,2024-07-04
3316,Cedar Valley Manufacturing,CVM,799,173,shipped,2024-12-08,2024-12-13
3317,Patriot Precision Parts,PPP,985,710,pending,2026-11-10,2026-11-21
3318,Northstar Defense Supply,NDS,680,242,pending,2024-02-16,2024-02-26
3319,Atlas Ground Support,AGS,549,192,shipped,2025-12-28,2026-01-06
3320,Ranger Vehicle Parts,RVP,980,637,shipped,2025-02-09,2025-03-05
3321,Granite State Components,GSC,538,990,pending,2026-01-21,2026-02-07
3322,Atlas Ground Support,AGS,333,802,shipped,2023-06-07,2023-07-04
3323,Lone Star Equipment Group,LSEG,861,428,delivered,2024-07-15,2024-07-17
3324,Compass Maritime Supply,CMS,974,869,shipped,2025-01-27,2025-02-06
3325,Blue Ridge Defense Manufacturing,BRDM,662,704,pending,2024-03-19,2024-04-08
3326,Liberty Mechanical Systems,LMS,980,440,delivered,2023-08-14,2023-08-25
3327,Granite State Components,GSC,6,549,pending,2025-10-02,2025-10-05
3328,Prairie Technical Components,PTC,818,346,pending,2024-07-03,2024-07-28
3329,Granite State Components,GSC,488,196,pending,2024-10-20,2024-11-14
3330,Patriot Precision Parts,PPP,383,737,delivered,2025-09-08,2025-09-20
3331,Sentinel Equipment Supply,SES,120,7,shipped,2023-02-01,2023-03-01
3332,Ironclad Industrial Systems,IIS,239,70,pending,2026-01-09,2026-02-04
3333,Redstone Logistics Group,RLG,283,963,pending,2024-08-04,2024-08-24
3334,Pinnacle Hydraulic Systems,PHS,93,820,pending,2025-09-09,2025-09-14
3335,Frontier Aviation Components,FAC,662,988,pending,2025-01-13,2025-02-08
3336,Keystone Industrial Supply,KIS,515,77,pending,2025-12-24,2026-01-04
3337,Cedar Valley Manufacturing,CVM,346,78,pending,2025-12-10,2025-12-26
3338,Summit Tactical Supply,STS,43,834,shipped,2024-02-07,2024-02-09
3339,Lone Star Equipment Group,LSEG,13,356,pending,2024-03-07,2024-03-16
3340,Harborline Industrial Supply,HIS,765,445,delivered,2024-10-22,2024-11-04
3341,Cedar Valley Manufacturing,CVM,558,579,shipped,2024-09-12,2024-10-05
3342,Granite State Components,GSC,582,82,pending,2026-05-25,2026-06-02
3343,Atlas Ground Support,AGS,866,771,pending,2023-08-18,2023-09-15
3344,Apex Defense Components,ADC,536,107,delivered,2025-03-05,2025-03-21
3345,Lone Star Equipment Group,LSEG,263,889,shipped,2025-10-27,2025-11-04
3346,Apex Defense Components,ADC,826,649,pending,2026-05-27,2026-06-08
3347,Keystone Industrial Supply,KIS,117,648,shipped,2025-02-07,2025-02-25
3348,Pinnacle Hydraulic Systems,PHS,719,104,delivered,2026-09-19,2026-10-13
3349,Titan Mobility Systems,TMS,997,416,pending,2026-04-22,2026-05-07
3350,Liberty Mechanical Systems,LMS,336,950,shipped,2026-08-22,2026-09-15
3351,Granite State Components,GSC,402,291,shipped,2026-04-11,2026-04-19
3352,Lone Star Equipment Group,LSEG,364,387,shipped,2023-05-02,2023-05-10
3353,Trident Marine Components,TMC,741,768,shipped,2023-02-04,2023-02-11
3354,Cedar Valley Manufacturing,CVM,533,461,delivered,2024-11-27,2024-12-06
3355,Evergreen Field Support,EFS,822,71,shipped,2025-07-07,2025-08-06
3356,Titan Mobility Systems,TMS,793,182,pending,2024-07-04,2024-07-22
3357,Summit Tactical Supply,STS,439,916,shipped,2026-03-05,2026-03-17
3358,Ironclad Industrial Systems,IIS,598,83,shipped,2023-11-14,2023-12-07
3359,Summit Tactical Supply,STS,478,171,shipped,2023-12-11,2024-01-03
3360,Harborline Industrial Supply,HIS,641,164,delivered,2024-05-20,2024-05-24
3361,Sentinel Equipment Supply,SES,470,980,delivered,2025-08-21,2025-08-26
3362,Blue Ridge Defense Manufacturing,BRDM,753,954,pending,2025-09-23,2025-10-18
3363,Prairie Technical Components,PTC,977,660,delivered,2026-10-06,2026-10-13
3364,Granite State Components,GSC,514,18,shipped,2023-12-27,2023-12-30
3365,Prairie Technical Components,PTC,94,879,shipped,2025-06-06,2025-06-13
3366,Blue Ridge Defense Manufacturing,BRDM,285,658,delivered,2024-02-06,2024-03-01
3367,Cedar Valley Manufacturing,CVM,819,118,shipped,2025-11-14,2025-12-13
3368,Ironclad Industrial Systems,IIS,941,14,pending,2024-03-06,2024-03-29
3369,Sterling Power Systems,SPS,549,497,pending,2025-01-08,2025-01-14
3370,Ranger Vehicle Parts,RVP,541,537,delivered,2026-12-21,2026-12-31
3371,Apex Defense Components,ADC,966,740,shipped,2025-08-21,2025-09-17
3372,Apex Defense Components,ADC,866,507,delivered,2025-02-01,2025-02-03
3373,Trident Marine Components,TMC,624,730,shipped,2025-03-10,2025-03-16
3374,Frontier Aviation Components,FAC,167,876,shipped,2024-07-03,2024-07-21
3375,Evergreen Field Support,EFS,525,415,shipped,2023-10-16,2023-10-25
3376,Summit Tactical Supply,STS,476,574,delivered,2024-12-21,2024-12-26
3377,Keystone Industrial Supply,KIS,441,258,shipped,2025-06-24,2025-07-07
3378,Frontier Aviation Components,FAC,367,411,pending,2023-12-11,2024-01-06
3379,Gulf Coast Maintenance Parts,GCMP,91,569,delivered,2026-12-14,2026-12-26
3380,Blue Ridge Defense Manufacturing,BRDM,575,466,pending,2025-01-19,2025-02-02
3381,Ranger Vehicle Parts,RVP,771,742,shipped,2025-05-21,2025-05-29
3382,Falcon Electronics Group,FEG,512,853,shipped,2023-03-08,2023-04-06
3383,Harborline Industrial Supply,HIS,115,313,delivered,2025-06-14,2025-07-07
3384,Titan Mobility Systems,TMS,745,842,delivered,2024-03-09,2024-03-15
3385,Northstar Defense Supply,NDS,333,150,pending,2026-06-25,2026-06-26
3386,Mesa Tactical Manufacturing,MTM,93,788,delivered,2026-03-02,2026-03-06
3387,Apex Defense Components,ADC,354,562,pending,2024-02-03,2024-02-17
3388,Redstone Logistics Group,RLG,715,807,delivered,2025-06-08,2025-06-22
3389,Evergreen Field Support,EFS,304,11,delivered,2025-01-16,2025-02-09
3390,Redstone Logistics Group,RLG,107,642,pending,2024-05-18,2024-05-28
3391,Sterling Power Systems,SPS,127,462,shipped,2025-08-18,2025-09-02
3392,Mesa Tactical Manufacturing,MTM,151,675,delivered,2023-09-19,2023-10-01
3393,Sentinel Equipment Supply,SES,391,856,delivered,2023-10-18,2023-11-03
3394,Blue Ridge Defense Manufacturing,BRDM,395,413,pending,2023-08-09,2023-08-18
3395,Cedar Valley Manufacturing,CVM,858,702,pending,2024-05-02,2024-05-09
3396,Heritage Logistics Supply,HLS,531,617,shipped,2023-06-13,2023-07-03
3397,Blue Ridge Defense Manufacturing,BRDM,476,270,shipped,2024-09-22,2024-10-06
3398,Gulf Coast Maintenance Parts,GCMP,911,649,pending,2026-03-17,2026-04-01
3399,Granite State Components,GSC,114,614,pending,2024-11-05,2024-11-07
3400,Heritage Logistics Supply,HLS,38,200,delivered,2025-03-09,2025-04-01
3401,Keystone Industrial Supply,KIS,656,396,shipped,2023-06-23,2023-07-22
3402,Blue Ridge Defense Manufacturing,BRDM,59,600,pending,2026-10-26,2026-11-12
3403,Trident Marine Components,TMC,676,77,pending,2025-08-06,2025-09-03
3404,Keystone Industrial Supply,KIS,168,860,shipped,2026-03-28,2026-04-03
3405,Apex Defense Components,ADC,695,82,shipped,2026-03-26,2026-04-15
3406,Heritage Logistics Supply,HLS,576,532,pending,2026-10-24,2026-10-27
3407,Trident Marine Components,TMC,612,864,delivered,2026-03-08,2026-03-22
3408,Prairie Technical Components,PTC,319,869,shipped,2023-02-24,2023-03-26
3409,Compass Maritime Supply,CMS,53,862,pending,2026-05-04,2026-05-26
3410,Sentinel Equipment Supply,SES,408,535,delivered,2023-12-22,2023-12-29
3411,Blue Ridge Defense Manufacturing,BRDM,143,609,delivered,2025-04-28,2025-05-03
3412,Lone Star Equipment Group,LSEG,720,467,shipped,2024-04-13,2024-05-12
3413,Gulf Coast Maintenance Parts,GCMP,124,618,delivered,2025-05-01,2025-05-06
3414,Falcon Electronics Group,FEG,753,324,pending,2025-02-26,2025-02-28
3415,Cascade Aerospace Systems,CAS,474,106,shipped,2025-09-16,2025-09-30
3416,Keystone Industrial Supply,KIS,13,471,delivered,2024-09-01,2024-10-01
3417,Heritage Logistics Supply,HLS,143,634,delivered,2024-05-22,2024-05-25
3418,Harborline Industrial Supply,HIS,39,858,pending,2023-06-15,2023-06-25
3419,Heritage Logistics Supply,HLS,316,507,pending,2026-10-28,2026-10-30
3420,Titan Mobility Systems,TMS,129,194,pending,2026-09-17,2026-10-07
3421,Sentinel Equipment Supply,SES,971,471,shipped,2024-01-06,2024-01-11
3422,Titan Mobility Systems,TMS,963,492,shipped,2025-02-17,2025-03-01
3423,Ironclad Industrial Systems,IIS,985,65,shipped,2026-12-10,2027-01-02
3424,Keystone Industrial Supply,KIS,154,733,shipped,2025-12-09,2025-12-23
3425,Liberty Mechanical Systems,LMS,767,408,delivered,2024-06-02,2024-06-12
3426,Ranger Vehicle Parts,RVP,419,344,pending,2023-07-08,2023-07-18
3427,Gulf Coast Maintenance Parts,GCMP,754,505,delivered,2026-02-17,2026-03-05
3428,Ironclad Industrial Systems,IIS,624,366,shipped,2025-12-05,2025-12-22
3429,Harborline Industrial Supply,HIS,839,344,pending,2025-03-04,2025-03-30
3430,Ironclad Industrial Systems,IIS,850,858,delivered,2023-06-11,2023-07-04
3431,Redstone Logistics Group,RLG,428,91,pending,2025-10-09,2025-11-07
3432,Pinnacle Hydraulic Systems,PHS,925,496,pending,2023-04-13,2023-04-19
3433,Granite State Components,GSC,954,954,shipped,2023-12-19,2023-12-29
3434,Pinnacle Hydraulic Systems,PHS,544,934,pending,2023-08-15,2023-09-09
3435,Frontier Aviation Components,FAC,310,617,pending,2025-06-02,2025-06-17
3436,Cascade Aerospace Systems,CAS,267,766,shipped,2024-03-10,2024-04-02
3437,Blue Ridge Defense Manufacturing,BRDM,219,857,pending,2024-03-11,2024-04-03
3438,Patriot Precision Parts,PPP,813,623,shipped,2024-10-06,2024-10-07
3439,Harborline Industrial Supply,HIS,207,372,pending,2026-07-08,2026-07-24
3440,Heritage Logistics Supply,HLS,119,590,delivered,2025-08-25,2025-08-28
3441,Prairie Technical Components,PTC,818,426,shipped,2025-06-26,2025-07-23
3442,Ironclad Industrial Systems,IIS,339,450,pending,2024-01-03,2024-01-24
3443,Mesa Tactical Manufacturing,MTM,12,669,pending,2024-02-11,2024-02-19
3444,Ironclad Industrial Systems,IIS,870,923,pending,2025-07-05,2025-07-06
3445,Compass Maritime Supply,CMS,833,426,delivered,2023-01-02,2023-01-24
3446,Liberty Mechanical Systems,LMS,750,707,delivered,2023-05-13,2023-05-17
3447,Frontier Aviation Components,FAC,809,68,delivered,2024-03-04,2024-03-23
3448,Titan Mobility Systems,TMS,186,572,shipped,2025-02-27,2025-03-28
3449,Atlas Ground Support,AGS,833,922,pending,2026-01-25,2026-02-16
3450,Evergreen Field Support,EFS,781,559,shipped,2024-01-25,2024-02-19
3451,Keystone Industrial Supply,KIS,389,54,delivered,2025-12-18,2026-01-03
3452,Northstar Defense Supply,NDS,951,85,shipped,2024-01-07,2024-02-06
3453,Blue Ridge Defense Manufacturing,BRDM,369,38,pending,2025-07-21,2025-07-27
3454,Heritage Logistics Supply,HLS,195,797,pending,2026-01-04,2026-02-02
3455,Redstone Logistics Group,RLG,267,753,delivered,2023-03-06,2023-03-24
3456,Harborline Industrial Supply,HIS,300,330,delivered,2025-06-13,2025-06-20
3457,Lone Star Equipment Group,LSEG,861,455,shipped,2026-04-23,2026-05-11
3458,Cascade Aerospace Systems,CAS,499,802,pending,2023-12-08,2023-12-09
3459,Patriot Precision Parts,PPP,653,545,shipped,2025-04-21,2025-04-23
3460,Liberty Mechanical Systems,LMS,195,920,shipped,2026-07-25,2026-08-09
3461,Heritage Logistics Supply,HLS,511,301,delivered,2026-07-20,2026-08-04
3462,Sentinel Equipment Supply,SES,370,130,shipped,2025-12-22,2026-01-21
3463,Compass Maritime Supply,CMS,157,514,pending,2026-04-23,2026-05-13
3464,Cascade Aerospace Systems,CAS,93,365,shipped,2026-10-13,2026-10-29
3465,Prairie Technical Components,PTC,636,223,pending,2025-01-25,2025-02-10
3466,Trident Marine Components,TMC,954,544,delivered,2024-06-16,2024-07-08
3467,Vector Aerospace Supply,VAS,152,74,shipped,2025-05-01,2025-05-17
3468,Trident Marine Components,TMC,930,311,shipped,2023-08-16,2023-09-03
3469,Vector Aerospace Supply,VAS,820,100,delivered,2025-02-26,2025-03-08
3470,Atlas Ground Support,AGS,521,774,pending,2023-05-13,2023-05-18
3471,Apex Defense Components,ADC,995,407,shipped,2024-10-23,2024-11-09
3472,Harborline Industrial Supply,HIS,177,11,shipped,2024-06-18,2024-06-22
3473,Redstone Logistics Group,RLG,502,626,shipped,2024-09-21,2024-10-11
3474,Prairie Technical Components,PTC,385,669,pending,2026-02-07,2026-03-09
3475,Atlas Ground Support,AGS,511,932,pending,2025-01-14,2025-02-03
3476,Cedar Valley Manufacturing,CVM,222,860,delivered,2025-10-19,2025-11-04
3477,Trident Marine Components,TMC,413,223,shipped,2023-02-15,2023-03-03
3478,Summit Tactical Supply,STS,619,816,shipped,2025-11-21,2025-11-26
3479,Granite State Components,GSC,423,183,shipped,2026-05-04,2026-05-31
3480,Keystone Industrial Supply,KIS,268,905,pending,2024-06-19,2024-06-24
3481,Compass Maritime Supply,CMS,292,264,shipped,2023-10-07,2023-10-18
3482,Gulf Coast Maintenance Parts,GCMP,968,516,delivered,2025-12-01,2025-12-23
3483,Lone Star Equipment Group,LSEG,12,775,shipped,2024-11-05,2024-11-21
3484,Gulf Coast Maintenance Parts,GCMP,936,122,pending,2025-10-21,2025-11-14
3485,Patriot Precision Parts,PPP,451,842,pending,2024-08-01,2024-08-07
3486,Keystone Industrial Supply,KIS,289,347,delivered,2023-05-02,2023-06-01
3487,Vector Aerospace Supply,VAS,504,432,pending,2024-05-11,2024-05-23
3488,Ranger Vehicle Parts,RVP,289,382,shipped,2024-06-28,2024-07-26
3489,Frontier Aviation Components,FAC,378,742,delivered,2025-11-24,2025-12-05
3490,Evergreen Field Support,EFS,941,674,delivered,2025-11-18,2025-11-21
3491,Granite State Components,GSC,239,141,delivered,2023-08-26,2023-09-05
3492,Evergreen Field Support,EFS,70,395,delivered,2023-12-03,2023-12-21
3493,Titan Mobility Systems,TMS,587,940,pending,2026-10-21,2026-11-13
3494,Cascade Aerospace Systems,CAS,563,97,delivered,2024-08-21,2024-09-14
3495,Cedar Valley Manufacturing,CVM,830,405,delivered,2026-08-27,2026-09-06
3496,Ironclad Industrial Systems,IIS,385,72,delivered,2025-09-27,2025-10-08
3497,Granite State Components,GSC,177,96,delivered,2026-11-04,2026-11-26
3498,Cedar Valley Manufacturing,CVM,847,227,delivered,2026-03-07,2026-03-27
3499,Liberty Mechanical Systems,LMS,734,569,shipped,2026-01-19,2026-01-29
3500,Northstar Defense Supply,NDS,25,855,delivered,2025-11-01,2025-11-28
3501,Summit Tactical Supply,STS,558,323,shipped,2026-07-26,2026-08-10
3502,Prairie Technical Components,PTC,734,649,pending,2024-10-28,2024-11-24
3503,Summit Tactical Supply,STS,625,297,delivered,2023-04-18,2023-04-19
3504,Evergreen Field Support,EFS,495,974,pending,2023-07-11,2023-07-25
3505,Apex Defense Components,ADC,914,607,pending,2025-03-11,2025-04-10
3506,Mesa Tactical Manufacturing,MTM,943,768,delivered,2026-05-24,2026-06-12
3507,Frontier Aviation Components,FAC,809,260,shipped,2026-12-26,2027-01-21
3508,Pinnacle Hydraulic Systems,PHS,95,428,shipped,2024-07-21,2024-08-18
3509,Liberty Mechanical Systems,LMS,282,27,pending,2023-01-22,2023-02-03
3510,Evergreen Field Support,EFS,522,296,delivered,2024-11-25,2024-12-01
3511,Atlas Ground Support,AGS,629,771,shipped,2026-02-23,2026-02-26
3512,Granite State Components,GSC,165,936,delivered,2026-06-24,2026-07-02
3513,Keystone Industrial Supply,KIS,817,766,pending,2024-04-01,2024-04-04
3514,Evergreen Field Support,EFS,703,270,shipped,2023-04-01,2023-04-08
3515,Lone Star Equipment Group,LSEG,405,1000,pending,2025-05-03,2025-05-27
3516,Atlas Ground Support,AGS,259,297,shipped,2024-09-08,2024-10-03
3517,Atlas Ground Support,AGS,820,701,delivered,2025-09-23,2025-10-11
3518,Pinnacle Hydraulic Systems,PHS,192,716,delivered,2025-12-21,2025-12-30
3519,Trident Marine Components,TMC,932,785,pending,2026-08-03,2026-08-19
3520,Falcon Electronics Group,FEG,743,56,pending,2024-12-25,2025-01-23
3521,Redstone Logistics Group,RLG,716,958,pending,2024-06-23,2024-07-09
3522,Ironclad Industrial Systems,IIS,443,458,delivered,2024-12-21,2025-01-14
3523,Apex Defense Components,ADC,349,93,shipped,2023-08-18,2023-08-22
3524,Trident Marine Components,TMC,255,95,pending,2026-12-19,2026-12-29
3525,Ironclad Industrial Systems,IIS,294,708,delivered,2026-12-08,2026-12-12
3526,Granite State Components,GSC,216,213,pending,2026-11-04,2026-11-29
3527,Pinnacle Hydraulic Systems,PHS,822,154,pending,2024-05-24,2024-06-15
3528,Gulf Coast Maintenance Parts,GCMP,606,361,pending,2025-03-24,2025-03-27
3529,Titan Mobility Systems,TMS,975,13,delivered,2024-02-07,2024-02-12
3530,Atlas Ground Support,AGS,522,244,shipped,2026-06-20,2026-07-14
3531,Prairie Technical Components,PTC,627,787,shipped,2024-11-24,2024-12-12
3532,Cedar Valley Manufacturing,CVM,152,435,pending,2023-05-01,2023-05-13
3533,Ranger Vehicle Parts,RVP,813,304,shipped,2024-10-04,2024-10-14
3534,Sentinel Equipment Supply,SES,717,699,shipped,2025-02-22,2025-03-04
3535,Granite State Components,GSC,718,301,shipped,2023-05-27,2023-06-02
3536,Sterling Power Systems,SPS,607,407,shipped,2024-08-24,2024-09-17
3537,Keystone Industrial Supply,KIS,437,493,delivered,2025-06-05,2025-06-23
3538,Blue Ridge Defense Manufacturing,BRDM,199,835,shipped,2025-08-28,2025-09-19
3539,Gulf Coast Maintenance Parts,GCMP,456,9,delivered,2023-09-12,2023-10-11
3540,Harborline Industrial Supply,HIS,589,271,pending,2025-08-08,2025-09-04
3541,Gulf Coast Maintenance Parts,GCMP,855,481,delivered,2024-01-05,2024-01-24
3542,Ranger Vehicle Parts,RVP,47,878,delivered,2026-11-08,2026-11-25
3543,Ironclad Industrial Systems,IIS,774,218,shipped,2026-07-07,2026-07-08
3544,Blue Ridge Defense Manufacturing,BRDM,129,603,pending,2023-07-22,2023-07-27
3545,Gulf Coast Maintenance Parts,GCMP,239,823,pending,2026-11-03,2026-11-12
3546,Sentinel Equipment Supply,SES,811,972,delivered,2023-08-11,2023-08-21
3547,Lone Star Equipment Group,LSEG,364,95,pending,2023-08-14,2023-09-02
3548,Apex Defense Components,ADC,574,642,delivered,2024-04-20,2024-05-14
3549,Frontier Aviation Components,FAC,214,13,pending,2026-11-02,2026-12-01
3550,Sentinel Equipment Supply,SES,849,904,delivered,2025-11-05,2025-11-11
3551,Frontier Aviation Components,FAC,13,564,delivered,2024-12-22,2025-01-02
3552,Lone Star Equipment Group,LSEG,139,267,pending,2024-11-03,2024-11-08
3553,Frontier Aviation Components,FAC,599,729,shipped,2026-04-12,2026-04-13
3554,Pinnacle Hydraulic Systems,PHS,262,432,delivered,2026-11-23,2026-12-16
3555,Apex Defense Components,ADC,315,819,delivered,2024-02-07,2024-02-25
3556,Lone Star Equipment Group,LSEG,204,345,shipped,2026-11-06,2026-11-20
3557,Sterling Power Systems,SPS,785,900,delivered,2024-01-05,2024-01-17
3558,Redstone Logistics Group,RLG,524,43,delivered,2024-09-25,2024-10-07
3559,Ranger Vehicle Parts,RVP,659,457,pending,2024-11-19,2024-12-14
3560,Ironclad Industrial Systems,IIS,372,468,delivered,2025-11-26,2025-12-11
3561,Keystone Industrial Supply,KIS,346,965,pending,2026-08-23,2026-08-31
3562,Patriot Precision Parts,PPP,32,938,shipped,2026-01-21,2026-01-30
3563,Redstone Logistics Group,RLG,265,279,delivered,2026-10-27,2026-11-07
3564,Ranger Vehicle Parts,RVP,34,563,shipped,2023-01-24,2023-02-08
3565,Ranger Vehicle Parts,RVP,404,35,delivered,2025-10-03,2025-10-04
3566,Harborline Industrial Supply,HIS,520,710,pending,2024-09-28,2024-10-25
3567,Falcon Electronics Group,FEG,162,757,shipped,2023-07-28,2023-08-26
3568,Trident Marine Components,TMC,111,23,pending,2025-05-08,2025-05-23
3569,Granite State Components,GSC,857,295,pending,2026-03-10,2026-03-26
3570,Ranger Vehicle Parts,RVP,134,80,shipped,2023-10-24,2023-11-20
3571,Compass Maritime Supply,CMS,608,580,pending,2024-02-18,2024-03-06
3572,Patriot Precision Parts,PPP,457,913,shipped,2024-04-28,2024-05-16
3573,Pinnacle Hydraulic Systems,PHS,289,846,delivered,2025-06-28,2025-07-27
3574,Redstone Logistics Group,RLG,80,475,shipped,2024-01-17,2024-01-29
3575,Summit Tactical Supply,STS,838,918,shipped,2025-10-01,2025-10-20
3576,Cascade Aerospace Systems,CAS,80,268,delivered,2023-05-05,2023-05-06
3577,Prairie Technical Components,PTC,272,812,pending,2026-05-14,2026-06-03
3578,Frontier Aviation Components,FAC,569,353,delivered,2026-06-25,2026-07-01
3579,Ranger Vehicle Parts,RVP,357,507,shipped,2024-05-03,2024-05-21
3580,Cascade Aerospace Systems,CAS,350,34,pending,2023-02-26,2023-03-17
3581,Northstar Defense Supply,NDS,680,532,delivered,2026-08-16,2026-08-28
3582,Redstone Logistics Group,RLG,237,627,pending,2024-04-02,2024-04-05
3583,Apex Defense Components,ADC,256,733,delivered,2023-09-15,2023-10-03
3584,Liberty Mechanical Systems,LMS,253,173,pending,2024-04-01,2024-04-29
3585,Harborline Industrial Supply,HIS,331,691,shipped,2026-07-09,2026-07-25
3586,Evergreen Field Support,EFS,178,591,delivered,2026-07-26,2026-08-11
3587,Compass Maritime Supply,CMS,70,689,shipped,2023-08-06,2023-08-07
3588,Granite State Components,GSC,685,388,pending,2024-12-12,2025-01-11
3589,Gulf Coast Maintenance Parts,GCMP,541,569,shipped,2025-11-13,2025-11-29
3590,Gulf Coast Maintenance Parts,GCMP,459,485,shipped,2024-07-05,2024-07-11
3591,Prairie Technical Components,PTC,184,943,shipped,2023-04-03,2023-04-13
3592,Mesa Tactical Manufacturing,MTM,901,81,delivered,2024-05-22,2024-06-13
3593,Prairie Technical Components,PTC,747,963,shipped,2025-04-20,2025-04-26
3594,Harborline Industrial Supply,HIS,72,222,shipped,2024-09-09,2024-09-28
3595,Blue Ridge Defense Manufacturing,BRDM,684,789,shipped,2023-02-28,2023-03-23
3596,Mesa Tactical Manufacturing,MTM,536,989,pending,2023-07-18,2023-08-05
3597,Vector Aerospace Supply,VAS,42,892,pending,2024-10-02,2024-10-30
3598,Keystone Industrial Supply,KIS,601,525,delivered,2024-10-03,2024-10-21
3599,Apex Defense Components,ADC,818,302,pending,2023-01-27,2023-02-25
3600,Liberty Mechanical Systems,LMS,953,728,delivered,2026-05-13,2026-06-02
3601,Frontier Aviation Components,FAC,155,725,shipped,2026-03-09,2026-03-14
3602,Trident Marine Components,TMC,335,635,shipped,2026-03-10,2026-03-17
3603,Lone Star Equipment Group,LSEG,418,337,shipped,2024-06-03,2024-06-06
3604,Granite State Components,GSC,940,902,shipped,2025-04-21,2025-04-30
3605,Gulf Coast Maintenance Parts,GCMP,55,822,pending,2026-03-24,2026-04-15
3606,Patriot Precision Parts,PPP,646,116,shipped,2025-11-14,2025-12-10
3607,Blue Ridge Defense Manufacturing,BRDM,701,819,delivered,2025-01-24,2025-02-21
3608,Patriot Precision Parts,PPP,998,533,shipped,2026-09-24,2026-10-13
3609,Liberty Mechanical Systems,LMS,31,473,delivered,2024-06-12,2024-06-15
3610,Harborline Industrial Supply,HIS,422,722,shipped,2026-02-01,2026-02-24
3611,Patriot Precision Parts,PPP,20,387,pending,2026-11-26,2026-12-13
3612,Gulf Coast Maintenance Parts,GCMP,949,221,delivered,2026-06-24,2026-07-22
3613,Northstar Defense Supply,NDS,28,327,pending,2026-02-09,2026-02-18
3614,Lone Star Equipment Group,LSEG,575,370,delivered,2026-11-04,2026-11-27
3615,Titan Mobility Systems,TMS,232,499,delivered,2026-12-23,2027-01-09
3616,Mesa Tactical Manufacturing,MTM,712,229,delivered,2023-02-16,2023-03-02
3617,Sterling Power Systems,SPS,709,119,shipped,2025-03-22,2025-04-13
3618,Summit Tactical Supply,STS,47,441,pending,2025-03-15,2025-04-09
3619,Northstar Defense Supply,NDS,756,502,pending,2026-01-25,2026-02-06
3620,Vector Aerospace Supply,VAS,641,214,shipped,2025-07-03,2025-07-19
3621,Frontier Aviation Components,FAC,560,20,delivered,2023-08-11,2023-09-03
3622,Gulf Coast Maintenance Parts,GCMP,234,292,delivered,2023-06-20,2023-06-23
3623,Gulf Coast Maintenance Parts,GCMP,847,103,delivered,2024-03-01,2024-03-05
3624,Heritage Logistics Supply,HLS,628,158,pending,2024-03-19,2024-04-03
3625,Redstone Logistics Group,RLG,390,823,pending,2023-12-03,2024-01-02
3626,Atlas Ground Support,AGS,42,342,delivered,2024-03-20,2024-04-15
3627,Liberty Mechanical Systems,LMS,424,695,delivered,2026-08-07,2026-08-22
3628,Ranger Vehicle Parts,RVP,293,579,delivered,2025-03-21,2025-04-18
3629,Harborline Industrial Supply,HIS,817,802,pending,2025-01-08,2025-01-18
3630,Evergreen Field Support,EFS,835,560,delivered,2023-03-25,2023-04-06
3631,Mesa Tactical Manufacturing,MTM,944,15,shipped,2026-07-05,2026-07-11
3632,Northstar Defense Supply,NDS,356,804,pending,2023-04-15,2023-05-13
3633,Harborline Industrial Supply,HIS,223,592,delivered,2025-06-22,2025-07-03
3634,Apex Defense Components,ADC,33,688,delivered,2023-09-23,2023-10-14
3635,Ironclad Industrial Systems,IIS,246,876,delivered,2025-10-14,2025-10-22
3636,Compass Maritime Supply,CMS,936,867,pending,2026-05-17,2026-06-06
3637,Mesa Tactical Manufacturing,MTM,703,495,delivered,2023-04-07,2023-04-20
3638,Gulf Coast Maintenance Parts,GCMP,899,181,pending,2023-07-24,2023-08-18
3639,Pinnacle Hydraulic Systems,PHS,908,423,delivered,2024-12-16,2024-12-27
3640,Redstone Logistics Group,RLG,941,105,shipped,2026-01-20,2026-01-23
3641,Ironclad Industrial Systems,IIS,832,236,shipped,2026-08-04,2026-08-06
3642,Titan Mobility Systems,TMS,135,62,delivered,2025-03-17,2025-04-11
3643,Liberty Mechanical Systems,LMS,258,447,delivered,2024-03-08,2024-03-14
3644,Granite State Components,GSC,232,485,pending,2025-11-26,2025-11-28
3645,Evergreen Field Support,EFS,438,19,delivered,2024-05-19,2024-05-31
3646,Heritage Logistics Supply,HLS,132,479,delivered,2024-12-13,2024-12-25
3647,Keystone Industrial Supply,KIS,910,887,pending,2023-11-06,2023-11-08
3648,Cascade Aerospace Systems,CAS,149,41,delivered,2025-10-24,2025-11-14
3649,Liberty Mechanical Systems,LMS,597,692,shipped,2024-03-07,2024-03-29
3650,Summit Tactical Supply,STS,532,986,shipped,2025-03-07,2025-03-18
3651,Titan Mobility Systems,TMS,590,59,delivered,2025-03-12,2025-03-13
3652,Cascade Aerospace Systems,CAS,338,710,pending,2023-04-23,2023-05-22
3653,Atlas Ground Support,AGS,261,775,delivered,2026-09-27,2026-10-24
3654,Apex Defense Components,ADC,566,183,delivered,2026-06-08,2026-06-18
3655,Compass Maritime Supply,CMS,138,885,shipped,2025-09-05,2025-09-23
3656,Pinnacle Hydraulic Systems,PHS,247,246,delivered,2024-04-14,2024-04-15
3657,Redstone Logistics Group,RLG,477,865,delivered,2026-11-23,2026-12-19
3658,Pinnacle Hydraulic Systems,PHS,596,499,pending,2023-07-12,2023-07-15
3659,Sentinel Equipment Supply,SES,992,111,pending,2026-09-16,2026-09-26
3660,Summit Tactical Supply,STS,289,391,pending,2024-10-26,2024-11-01
3661,Titan Mobility Systems,TMS,166,389,shipped,2023-09-10,2023-09-11
3662,Gulf Coast Maintenance Parts,GCMP,802,443,pending,2023-06-17,2023-06-26
3663,Titan Mobility Systems,TMS,850,243,shipped,2025-10-21,2025-11-02
3664,Granite State Components,GSC,640,584,delivered,2023-01-24,2023-02-08
3665,Ranger Vehicle Parts,RVP,268,925,shipped,2025-01-25,2025-02-19
3666,Keystone Industrial Supply,KIS,394,128,shipped,2025-12-01,2025-12-25
3667,Keystone Industrial Supply,KIS,726,718,shipped,2026-12-27,2027-01-12
3668,Harborline Industrial Supply,HIS,729,694,shipped,2024-12-24,2024-12-30
3669,Ironclad Industrial Systems,IIS,961,846,pending,2023-08-03,2023-08-09
3670,Mesa Tactical Manufacturing,MTM,887,887,pending,2024-10-28,2024-11-15
3671,Trident Marine Components,TMC,520,520,delivered,2024-07-10,2024-07-11
3672,Sterling Power Systems,SPS,556,858,shipped,2024-03-28,2024-04-27
3673,Frontier Aviation Components,FAC,748,804,shipped,2026-02-26,2026-03-12
3674,Blue Ridge Defense Manufacturing,BRDM,61,499,delivered,2026-07-03,2026-07-25
3675,Cascade Aerospace Systems,CAS,495,534,delivered,2025-07-06,2025-07-20
3676,Compass Maritime Supply,CMS,679,747,delivered,2024-05-09,2024-06-05
3677,Cascade Aerospace Systems,CAS,769,444,shipped,2023-04-27,2023-04-29
3678,Prairie Technical Components,PTC,222,988,pending,2025-11-15,2025-12-09
3679,Pinnacle Hydraulic Systems,PHS,251,211,pending,2024-08-11,2024-08-18
3680,Frontier Aviation Components,FAC,285,609,shipped,2023-03-18,2023-03-26
3681,Patriot Precision Parts,PPP,596,338,pending,2024-06-28,2024-07-09
3682,Vector Aerospace Supply,VAS,10,851,pending,2023-02-18,2023-02-25
3683,Sterling Power Systems,SPS,469,755,shipped,2026-06-23,2026-06-25
3684,Apex Defense Components,ADC,624,876,shipped,2023-03-13,2023-03-22
3685,Titan Mobility Systems,TMS,836,659,delivered,2024-04-07,2024-05-04
3686,Trident Marine Components,TMC,727,499,pending,2025-06-10,2025-07-10
3687,Northstar Defense Supply,NDS,709,123,pending,2026-03-22,2026-04-12
3688,Lone Star Equipment Group,LSEG,491,567,shipped,2024-08-21,2024-09-07
3689,Prairie Technical Components,PTC,38,871,shipped,2026-12-06,2026-12-07
3690,Vector Aerospace Supply,VAS,535,59,pending,2023-11-09,2023-12-06
3691,Falcon Electronics Group,FEG,338,767,pending,2025-06-20,2025-07-05
3692,Liberty Mechanical Systems,LMS,253,751,pending,2025-01-18,2025-02-07
3693,Frontier Aviation Components,FAC,313,453,pending,2026-12-03,2026-12-17
3694,Compass Maritime Supply,CMS,242,758,pending,2026-09-10,2026-09-26
3695,Patriot Precision Parts,PPP,832,989,delivered,2026-08-20,2026-08-22
3696,Granite State Components,GSC,237,168,pending,2023-07-03,2023-07-04
3697,Blue Ridge Defense Manufacturing,BRDM,137,457,pending,2024-08-12,2024-08-28
3698,Falcon Electronics Group,FEG,924,593,delivered,2025-08-27,2025-09-10
3699,Cedar Valley Manufacturing,CVM,761,23,delivered,2024-02-26,2024-03-11
3700,Falcon Electronics Group,FEG,778,965,delivered,2024-12-13,2025-01-05
3701,Atlas Ground Support,AGS,291,676,pending,2023-06-08,2023-07-04
3702,Ranger Vehicle Parts,RVP,637,373,delivered,2025-09-13,2025-10-02
3703,Sterling Power Systems,SPS,9,909,delivered,2024-09-26,2024-10-12
3704,Granite State Components,GSC,793,114,pending,2026-07-19,2026-07-29
3705,Cedar Valley Manufacturing,CVM,18,228,delivered,2026-02-26,2026-03-08
3706,Ranger Vehicle Parts,RVP,34,910,shipped,2026-04-24,2026-05-04
3707,Ironclad Industrial Systems,IIS,604,107,pending,2024-05-01,2024-05-19
3708,Trident Marine Components,TMC,51,356,pending,2025-07-15,2025-07-29
3709,Patriot Precision Parts,PPP,899,114,delivered,2025-03-14,2025-04-12
3710,Falcon Electronics Group,FEG,816,33,pending,2024-10-06,2024-10-22
3711,Keystone Industrial Supply,KIS,920,711,pending,2024-10-03,2024-10-22
3712,Cedar Valley Manufacturing,CVM,231,12,pending,2026-10-27,2026-11-13
3713,Sterling Power Systems,SPS,367,460,delivered,2024-11-18,2024-12-05
3714,Redstone Logistics Group,RLG,346,988,pending,2025-08-08,2025-08-20
3715,Gulf Coast Maintenance Parts,GCMP,778,262,pending,2025-08-28,2025-09-11
3716,Ranger Vehicle Parts,RVP,716,246,delivered,2025-12-10,2025-12-16
3717,Evergreen Field Support,EFS,380,129,shipped,2026-08-21,2026-08-24
3718,Vector Aerospace Supply,VAS,190,334,delivered,2024-07-11,2024-07-15
3719,Vector Aerospace Supply,VAS,984,188,delivered,2023-12-08,2024-01-05
3720,Blue Ridge Defense Manufacturing,BRDM,937,246,shipped,2026-06-15,2026-06-22
3721,Compass Maritime Supply,CMS,211,376,pending,2023-03-27,2023-04-12
3722,Frontier Aviation Components,FAC,41,332,shipped,2025-05-20,2025-05-29
3723,Heritage Logistics Supply,HLS,615,397,pending,2023-01-17,2023-01-27
3724,Sterling Power Systems,SPS,132,958,pending,2025-09-13,2025-10-01
3725,Trident Marine Components,TMC,673,197,shipped,2024-05-14,2024-05-24
3726,Harborline Industrial Supply,HIS,54,491,pending,2025-05-23,2025-06-22
3727,Granite State Components,GSC,897,601,pending,2024-02-03,2024-02-05
3728,Gulf Coast Maintenance Parts,GCMP,59,118,delivered,2025-11-23,2025-12-07
3729,Granite State Components,GSC,143,139,shipped,2026-10-27,2026-11-23
3730,Atlas Ground Support,AGS,26,183,delivered,2024-02-23,2024-03-06
3731,Redstone Logistics Group,RLG,446,906,pending,2025-07-19,2025-08-15
3732,Prairie Technical Components,PTC,992,439,shipped,2026-07-27,2026-08-18
3733,Granite State Components,GSC,308,788,shipped,2024-08-11,2024-08-29
3734,Sterling Power Systems,SPS,345,244,shipped,2026-07-12,2026-07-25
3735,Falcon Electronics Group,FEG,459,245,delivered,2023-01-15,2023-01-23
3736,Sentinel Equipment Supply,SES,194,70,delivered,2023-11-14,2023-12-03
3737,Heritage Logistics Supply,HLS,420,422,delivered,2023-06-17,2023-06-29
3738,Summit Tactical Supply,STS,184,441,shipped,2023-01-20,2023-01-31
3739,Cedar Valley Manufacturing,CVM,940,594,pending,2024-12-01,2024-12-10
3740,Liberty Mechanical Systems,LMS,762,358,pending,2024-07-14,2024-07-28
3741,Granite State Components,GSC,544,624,pending,2023-07-26,2023-08-09
3742,Keystone Industrial Supply,KIS,370,892,pending,2026-07-06,2026-07-30
3743,Patriot Precision Parts,PPP,603,263,pending,2023-04-20,2023-04-28
3744,Cedar Valley Manufacturing,CVM,783,584,shipped,2025-04-23,2025-05-20
3745,Northstar Defense Supply,NDS,683,352,pending,2026-01-04,2026-01-29
3746,Granite State Components,GSC,607,439,pending,2024-06-14,2024-06-20
3747,Prairie Technical Components,PTC,667,882,shipped,2024-12-25,2025-01-10
3748,Mesa Tactical Manufacturing,MTM,496,521,pending,2026-12-08,2026-12-18
3749,Titan Mobility Systems,TMS,655,173,pending,2023-12-22,2023-12-27
3750,Redstone Logistics Group,RLG,923,556,shipped,2024-12-20,2024-12-24
3751,Northstar Defense Supply,NDS,859,400,shipped,2026-05-26,2026-06-02
3752,Trident Marine Components,TMC,480,994,shipped,2025-11-05,2025-12-05
3753,Keystone Industrial Supply,KIS,920,480,shipped,2023-03-06,2023-03-20
3754,Pinnacle Hydraulic Systems,PHS,580,376,pending,2025-06-24,2025-06-30
3755,Vector Aerospace Supply,VAS,891,638,pending,2025-02-03,2025-02-11
3756,Liberty Mechanical Systems,LMS,742,980,pending,2026-02-08,2026-02-25
3757,Keystone Industrial Supply,KIS,139,964,shipped,2024-09-12,2024-09-25
3758,Cedar Valley Manufacturing,CVM,267,42,pending,2026-04-05,2026-04-18
3759,Frontier Aviation Components,FAC,588,667,pending,2024-01-03,2024-01-22
3760,Compass Maritime Supply,CMS,389,635,delivered,2023-06-22,2023-07-08
3761,Liberty Mechanical Systems,LMS,270,588,shipped,2023-09-19,2023-09-21
3762,Gulf Coast Maintenance Parts,GCMP,807,450,delivered,2025-07-04,2025-07-08
3763,Summit Tactical Supply,STS,751,89,shipped,2026-03-06,2026-04-03
3764,Evergreen Field Support,EFS,20,210,pending,2023-03-05,2023-03-17
3765,Apex Defense Components,ADC,8,670,pending,2025-03-23,2025-04-14
3766,Prairie Technical Components,PTC,615,547,pending,2024-11-08,2024-11-16
3767,Granite State Components,GSC,366,188,pending,2023-01-04,2023-01-23
3768,Trident Marine Components,TMC,600,679,shipped,2025-01-12,2025-02-02
3769,Northstar Defense Supply,NDS,34,604,delivered,2025-03-18,2025-04-13
3770,Heritage Logistics Supply,HLS,238,891,shipped,2026-10-17,2026-11-07
3771,Sterling Power Systems,SPS,673,414,pending,2024-10-23,2024-11-04
3772,Apex Defense Components,ADC,33,919,shipped,2025-09-21,2025-10-17
3773,Pinnacle Hydraulic Systems,PHS,556,140,shipped,2024-08-09,2024-08-22
3774,Harborline Industrial Supply,HIS,267,700,delivered,2023-04-06,2023-04-17
3775,Blue Ridge Defense Manufacturing,BRDM,409,292,delivered,2025-05-28,2025-06-23
3776,Cedar Valley Manufacturing,CVM,97,786,pending,2026-06-28,2026-07-16
3777,Vector Aerospace Supply,VAS,209,740,delivered,2025-03-17,2025-03-19
3778,Mesa Tactical Manufacturing,MTM,638,481,shipped,2025-10-16,2025-10-28
3779,Mesa Tactical Manufacturing,MTM,855,486,shipped,2025-11-21,2025-12-14
3780,Ironclad Industrial Systems,IIS,223,899,pending,2025-01-01,2025-01-31
3781,Cedar Valley Manufacturing,CVM,328,144,delivered,2024-02-09,2024-02-19
3782,Compass Maritime Supply,CMS,526,349,pending,2023-04-02,2023-04-08
3783,Prairie Technical Components,PTC,954,344,delivered,2024-07-24,2024-08-03
3784,Cascade Aerospace Systems,CAS,850,887,delivered,2026-12-12,2026-12-30
3785,Apex Defense Components,ADC,472,926,shipped,2026-10-06,2026-10-16
3786,Blue Ridge Defense Manufacturing,BRDM,538,83,pending,2023-06-11,2023-06-23
3787,Pinnacle Hydraulic Systems,PHS,702,646,delivered,2025-10-09,2025-10-17
3788,Redstone Logistics Group,RLG,478,39,delivered,2023-03-06,2023-03-20
3789,Pinnacle Hydraulic Systems,PHS,785,663,shipped,2024-02-23,2024-03-03
3790,Mesa Tactical Manufacturing,MTM,428,98,delivered,2024-07-15,2024-08-07
3791,Frontier Aviation Components,FAC,879,600,shipped,2023-02-16,2023-03-05
3792,Frontier Aviation Components,FAC,498,950,delivered,2026-05-19,2026-06-07
3793,Liberty Mechanical Systems,LMS,429,282,shipped,2024-06-15,2024-07-11
3794,Titan Mobility Systems,TMS,116,137,delivered,2023-02-18,2023-03-03
3795,Harborline Industrial Supply,HIS,512,638,shipped,2025-01-12,2025-01-24
3796,Summit Tactical Supply,STS,413,136,shipped,2023-02-27,2023-02-28
3797,Atlas Ground Support,AGS,113,339,pending,2023-02-01,2023-02-27
3798,Titan Mobility Systems,TMS,377,599,shipped,2025-05-19,2025-05-21
3799,Gulf Coast Maintenance Parts,GCMP,247,384,shipped,2024-08-18,2024-08-23
3800,Granite State Components,GSC,911,391,pending,2025-02-21,2025-03-11
3801,Summit Tactical Supply,STS,316,163,shipped,2023-04-07,2023-04-10
3802,Apex Defense Components,ADC,708,633,delivered,2023-04-15,2023-04-22
3803,Prairie Technical Components,PTC,336,431,shipped,2023-04-07,2023-04-17
3804,Sterling Power Systems,SPS,538,811,delivered,2025-07-08,2025-07-18
3805,Redstone Logistics Group,RLG,866,964,shipped,2026-03-23,2026-03-26
3806,Keystone Industrial Supply,KIS,598,399,pending,2026-10-16,2026-10-19
3807,Cascade Aerospace Systems,CAS,332,126,shipped,2026-08-27,2026-09-25
3808,Sterling Power Systems,SPS,917,514,shipped,2025-09-04,2025-09-26
3809,Frontier Aviation Components,FAC,370,132,shipped,2025-06-28,2025-07-02
3810,Mesa Tactical Manufacturing,MTM,297,822,pending,2023-02-07,2023-02-20
3811,Falcon Electronics Group,FEG,421,599,delivered,2025-08-07,2025-09-06
3812,Atlas Ground Support,AGS,918,655,delivered,2024-09-21,2024-09-22
3813,Prairie Technical Components,PTC,322,86,pending,2026-02-22,2026-02-25
3814,Patriot Precision Parts,PPP,647,699,pending,2023-01-01,2023-01-06
3815,Granite State Components,GSC,115,706,shipped,2026-01-13,2026-01-22
3816,Vector Aerospace Supply,VAS,641,476,shipped,2023-09-10,2023-10-01
3817,Granite State Components,GSC,369,136,shipped,2024-08-14,2024-08-31
3818,Atlas Ground Support,AGS,698,995,delivered,2026-07-15,2026-08-01
3819,Harborline Industrial Supply,HIS,784,187,pending,2026-12-12,2027-01-10
3820,Apex Defense Components,ADC,717,322,shipped,2025-05-16,2025-06-10
3821,Ironclad Industrial Systems,IIS,577,171,pending,2025-08-15,2025-08-29
3822,Blue Ridge Defense Manufacturing,BRDM,915,235,delivered,2026-10-15,2026-11-13
3823,Cascade Aerospace Systems,CAS,829,266,shipped,2024-10-08,2024-10-13
3824,Northstar Defense Supply,NDS,716,789,delivered,2025-11-18,2025-11-27
3825,Cascade Aerospace Systems,CAS,898,309,shipped,2025-11-22,2025-12-17
3826,Gulf Coast Maintenance Parts,GCMP,60,274,pending,2026-12-04,2026-12-31
3827,Apex Defense Components,ADC,808,697,shipped,2023-11-10,2023-11-27
3828,Atlas Ground Support,AGS,796,296,delivered,2025-01-27,2025-02-20
3829,Granite State Components,GSC,254,173,pending,2025-12-22,2026-01-06
3830,Patriot Precision Parts,PPP,840,88,shipped,2026-02-27,2026-03-13
3831,Cascade Aerospace Systems,CAS,762,323,shipped,2026-07-11,2026-07-30
3832,Compass Maritime Supply,CMS,651,499,shipped,2025-11-23,2025-12-03
3833,Ranger Vehicle Parts,RVP,424,887,delivered,2026-06-14,2026-07-05
3834,Keystone Industrial Supply,KIS,118,121,delivered,2025-04-23,2025-05-11
3835,Ironclad Industrial Systems,IIS,866,497,shipped,2025-08-26,2025-09-15
3836,Frontier Aviation Components,FAC,416,116,shipped,2026-09-01,2026-09-03
3837,Blue Ridge Defense Manufacturing,BRDM,484,112,pending,2026-11-19,2026-11-30
3838,Redstone Logistics Group,RLG,2,370,delivered,2025-05-12,2025-06-11
3839,Gulf Coast Maintenance Parts,GCMP,865,627,shipped,2025-10-16,2025-10-17
3840,Trident Marine Components,TMC,889,925,delivered,2025-01-18,2025-01-31
3841,Mesa Tactical Manufacturing,MTM,319,549,shipped,2023-08-22,2023-08-25
3842,Vector Aerospace Supply,VAS,133,652,delivered,2024-01-20,2024-02-06
3843,Trident Marine Components,TMC,750,266,delivered,2024-08-08,2024-08-22
3844,Trident Marine Components,TMC,175,127,shipped,2023-08-08,2023-08-14
3845,Northstar Defense Supply,NDS,73,106,pending,2023-02-14,2023-03-06
3846,Heritage Logistics Supply,HLS,758,369,shipped,2026-06-25,2026-06-28
3847,Keystone Industrial Supply,KIS,384,72,delivered,2024-02-17,2024-02-24
3848,Harborline Industrial Supply,HIS,753,110,pending,2025-05-24,2025-06-16
3849,Sterling Power Systems,SPS,43,168,shipped,2023-07-22,2023-08-12
3850,Summit Tactical Supply,STS,285,434,delivered,2026-03-26,2026-04-04
3851,Cascade Aerospace Systems,CAS,915,458,delivered,2024-02-05,2024-03-02
3852,Mesa Tactical Manufacturing,MTM,486,699,pending,2024-01-11,2024-02-02
3853,Heritage Logistics Supply,HLS,435,175,pending,2023-05-25,2023-06-01
3854,Ranger Vehicle Parts,RVP,540,411,shipped,2025-04-02,2025-04-08
3855,Ironclad Industrial Systems,IIS,794,956,pending,2025-06-04,2025-06-08
3856,Ranger Vehicle Parts,RVP,225,336,shipped,2024-04-13,2024-04-27
3857,Evergreen Field Support,EFS,245,445,delivered,2023-08-09,2023-09-08
3858,Granite State Components,GSC,592,884,delivered,2024-11-13,2024-11-29
3859,Cedar Valley Manufacturing,CVM,738,625,delivered,2026-03-16,2026-03-27
3860,Ironclad Industrial Systems,IIS,683,631,pending,2026-02-17,2026-02-28
3861,Ironclad Industrial Systems,IIS,720,628,shipped,2025-11-01,2025-11-28
3862,Evergreen Field Support,EFS,739,304,shipped,2023-03-28,2023-04-23
3863,Trident Marine Components,TMC,758,932,shipped,2025-05-04,2025-05-18
3864,Liberty Mechanical Systems,LMS,136,698,shipped,2026-09-20,2026-10-06
3865,Northstar Defense Supply,NDS,771,369,shipped,2024-03-27,2024-04-07
3866,Cedar Valley Manufacturing,CVM,314,981,pending,2025-06-04,2025-07-02
3867,Summit Tactical Supply,STS,487,583,pending,2026-11-17,2026-12-10
3868,Trident Marine Components,TMC,966,809,shipped,2023-05-11,2023-05-14
3869,Sterling Power Systems,SPS,342,521,delivered,2023-12-20,2023-12-23
3870,Cascade Aerospace Systems,CAS,119,101,pending,2025-11-19,2025-11-28
3871,Frontier Aviation Components,FAC,719,290,shipped,2026-10-11,2026-10-19
3872,Compass Maritime Supply,CMS,923,403,pending,2023-03-07,2023-03-11
3873,Compass Maritime Supply,CMS,666,19,delivered,2025-04-11,2025-04-29
3874,Vector Aerospace Supply,VAS,37,150,pending,2025-01-23,2025-01-27
3875,Atlas Ground Support,AGS,438,727,delivered,2024-02-19,2024-02-28
3876,Ironclad Industrial Systems,IIS,374,955,shipped,2024-12-14,2024-12-16
3877,Cascade Aerospace Systems,CAS,991,938,shipped,2023-02-09,2023-02-11
3878,Atlas Ground Support,AGS,373,522,delivered,2025-12-19,2025-12-25
3879,Apex Defense Components,ADC,101,612,shipped,2023-03-18,2023-04-14
3880,Evergreen Field Support,EFS,762,844,pending,2026-08-10,2026-09-08
3881,Redstone Logistics Group,RLG,574,254,delivered,2024-01-09,2024-02-04
3882,Blue Ridge Defense Manufacturing,BRDM,98,231,pending,2026-04-19,2026-05-08
3883,Gulf Coast Maintenance Parts,GCMP,368,272,pending,2025-10-01,2025-10-28
3884,Trident Marine Components,TMC,405,301,pending,2025-12-02,2025-12-04
3885,Sentinel Equipment Supply,SES,560,140,delivered,2026-09-12,2026-09-29
3886,Ironclad Industrial Systems,IIS,862,342,shipped,2023-02-16,2023-02-26
3887,Sentinel Equipment Supply,SES,482,934,pending,2024-06-16,2024-07-06
3888,Harborline Industrial Supply,HIS,505,739,pending,2023-07-21,2023-07-25
3889,Cascade Aerospace Systems,CAS,618,387,delivered,2024-03-10,2024-03-15
3890,Patriot Precision Parts,PPP,891,599,pending,2025-10-22,2025-11-17
3891,Heritage Logistics Supply,HLS,891,491,pending,2025-09-01,2025-09-06
3892,Liberty Mechanical Systems,LMS,248,210,shipped,2026-07-14,2026-07-20
3893,Blue Ridge Defense Manufacturing,BRDM,596,432,shipped,2023-05-03,2023-05-23
3894,Cascade Aerospace Systems,CAS,782,757,delivered,2026-09-10,2026-09-21
3895,Evergreen Field Support,EFS,197,835,pending,2023-10-04,2023-10-18
3896,Compass Maritime Supply,CMS,33,581,shipped,2023-11-28,2023-12-08
3897,Keystone Industrial Supply,KIS,35,871,delivered,2024-07-21,2024-08-19
3898,Evergreen Field Support,EFS,859,431,pending,2025-03-18,2025-03-21
3899,Sterling Power Systems,SPS,819,350,delivered,2025-07-21,2025-07-31
3900,Liberty Mechanical Systems,LMS,739,315,shipped,2024-09-24,2024-10-04
3901,Vector Aerospace Supply,VAS,577,330,pending,2026-03-20,2026-04-12
3902,Ironclad Industrial Systems,IIS,30,849,shipped,2024-12-14,2024-12-15
3903,Redstone Logistics Group,RLG,703,946,pending,2025-12-27,2026-01-23
3904,Compass Maritime Supply,CMS,318,453,shipped,2026-08-05,2026-08-16
3905,Atlas Ground Support,AGS,211,219,delivered,2024-05-04,2024-05-09
3906,Liberty Mechanical Systems,LMS,510,400,delivered,2025-03-23,2025-04-06
3907,Sterling Power Systems,SPS,926,735,shipped,2024-09-02,2024-09-04
3908,Keystone Industrial Supply,KIS,740,228,pending,2024-01-03,2024-01-23
3909,Apex Defense Components,ADC,73,156,pending,2025-04-10,2025-05-09
3910,Vector Aerospace Supply,VAS,41,827,pending,2026-03-26,2026-04-25
3911,Northstar Defense Supply,NDS,729,459,shipped,2024-12-17,2024-12-28
3912,Falcon Electronics Group,FEG,847,519,pending,2026-03-07,2026-03-08
3913,Falcon Electronics Group,FEG,786,42,shipped,2023-08-09,2023-08-15
3914,Frontier Aviation Components,FAC,919,284,shipped,2026-06-10,2026-06-24
3915,Granite State Components,GSC,334,418,shipped,2026-05-24,2026-05-30
3916,Sterling Power Systems,SPS,39,414,shipped,2024-03-20,2024-04-11
3917,Lone Star Equipment Group,LSEG,18,705,shipped,2023-08-06,2023-08-14
3918,Lone Star Equipment Group,LSEG,775,636,shipped,2025-04-14,2025-04-25
3919,Compass Maritime Supply,CMS,839,325,pending,2026-05-21,2026-06-08
3920,Sentinel Equipment Supply,SES,686,854,pending,2023-08-07,2023-08-08
3921,Prairie Technical Components,PTC,446,312,pending,2023-04-20,2023-05-07
3922,Trident Marine Components,TMC,881,835,pending,2026-10-21,2026-11-01
3923,Ranger Vehicle Parts,RVP,493,976,delivered,2025-03-14,2025-03-27
3924,Gulf Coast Maintenance Parts,GCMP,150,143,shipped,2026-04-26,2026-05-19
3925,Harborline Industrial Supply,HIS,308,370,shipped,2025-12-05,2025-12-23
3926,Mesa Tactical Manufacturing,MTM,94,704,delivered,2026-12-24,2027-01-14
3927,Pinnacle Hydraulic Systems,PHS,52,459,pending,2025-12-25,2026-01-23
3928,Heritage Logistics Supply,HLS,172,906,shipped,2026-05-28,2026-06-21
3929,Frontier Aviation Components,FAC,660,254,delivered,2025-12-20,2026-01-01
3930,Cedar Valley Manufacturing,CVM,481,851,delivered,2026-04-23,2026-05-06
3931,Pinnacle Hydraulic Systems,PHS,42,277,delivered,2024-01-18,2024-01-29
3932,Apex Defense Components,ADC,443,861,shipped,2025-09-27,2025-10-12
3933,Cascade Aerospace Systems,CAS,589,362,delivered,2024-04-23,2024-05-20
3934,Apex Defense Components,ADC,42,699,delivered,2024-11-14,2024-12-01
3935,Trident Marine Components,TMC,74,194,delivered,2026-01-14,2026-02-02
3936,Mesa Tactical Manufacturing,MTM,779,741,shipped,2024-03-25,2024-04-07
3937,Lone Star Equipment Group,LSEG,39,615,delivered,2024-05-12,2024-06-08
3938,Lone Star Equipment Group,LSEG,654,726,delivered,2023-06-12,2023-06-25
3939,Apex Defense Components,ADC,847,972,delivered,2025-11-21,2025-11-24
3940,Gulf Coast Maintenance Parts,GCMP,387,240,delivered,2026-09-06,2026-09-25
3941,Redstone Logistics Group,RLG,465,751,shipped,2025-06-16,2025-06-24
3942,Ranger Vehicle Parts,RVP,346,866,shipped,2025-05-07,2025-05-30
3943,Liberty Mechanical Systems,LMS,724,717,pending,2026-08-14,2026-08-21
3944,Sterling Power Systems,SPS,214,902,pending,2025-12-21,2026-01-11
3945,Redstone Logistics Group,RLG,960,911,delivered,2023-05-16,2023-05-29
3946,Falcon Electronics Group,FEG,797,567,shipped,2023-12-11,2023-12-16
3947,Vector Aerospace Supply,VAS,879,93,delivered,2024-01-05,2024-01-29
3948,Liberty Mechanical Systems,LMS,857,962,shipped,2025-03-12,2025-04-05
3949,Harborline Industrial Supply,HIS,962,676,pending,2025-07-08,2025-07-21
3950,Blue Ridge Defense Manufacturing,BRDM,731,365,shipped,2023-11-15,2023-11-26
3951,Gulf Coast Maintenance Parts,GCMP,253,225,pending,2023-12-17,2024-01-13
3952,Vector Aerospace Supply,VAS,826,779,delivered,2025-07-13,2025-07-21
3953,Ironclad Industrial Systems,IIS,902,830,delivered,2024-03-16,2024-04-11
3954,Summit Tactical Supply,STS,256,263,delivered,2024-04-01,2024-04-27
3955,Evergreen Field Support,EFS,650,810,pending,2025-01-06,2025-01-26
3956,Apex Defense Components,ADC,344,630,delivered,2023-07-26,2023-08-13
3957,Vector Aerospace Supply,VAS,102,494,pending,2023-12-11,2023-12-21
3958,Blue Ridge Defense Manufacturing,BRDM,39,50,delivered,2025-10-20,2025-10-23
3959,Lone Star Equipment Group,LSEG,796,941,delivered,2023-04-05,2023-04-07
3960,Mesa Tactical Manufacturing,MTM,646,136,delivered,2024-10-22,2024-11-09
3961,Falcon Electronics Group,FEG,224,612,delivered,2024-08-12,2024-09-07
3962,Cedar Valley Manufacturing,CVM,672,734,pending,2023-08-11,2023-08-29
3963,Vector Aerospace Supply,VAS,240,657,pending,2026-04-09,2026-05-09
3964,Liberty Mechanical Systems,LMS,444,766,pending,2024-04-12,2024-04-13
3965,Mesa Tactical Manufacturing,MTM,937,816,delivered,2024-05-20,2024-06-03
3966,Titan Mobility Systems,TMS,606,287,delivered,2026-09-11,2026-10-05
3967,Summit Tactical Supply,STS,144,299,pending,2025-09-20,2025-10-04
3968,Compass Maritime Supply,CMS,454,735,delivered,2024-06-24,2024-07-17
3969,Liberty Mechanical Systems,LMS,338,796,shipped,2026-06-05,2026-06-18
3970,Vector Aerospace Supply,VAS,469,876,delivered,2025-07-23,2025-08-22
3971,Evergreen Field Support,EFS,955,312,shipped,2026-05-27,2026-06-18
3972,Frontier Aviation Components,FAC,535,67,pending,2024-02-06,2024-03-02
3973,Trident Marine Components,TMC,169,640,delivered,2026-12-20,2027-01-18
3974,Cascade Aerospace Systems,CAS,796,639,delivered,2024-10-18,2024-11-03
3975,Sterling Power Systems,SPS,874,603,shipped,2025-10-17,2025-11-06
3976,Heritage Logistics Supply,HLS,539,91,shipped,2023-12-10,2024-01-02
3977,Granite State Components,GSC,129,447,shipped,2026-04-19,2026-05-19
3978,Trident Marine Components,TMC,383,165,shipped,2026-12-05,2026-12-26
3979,Northstar Defense Supply,NDS,445,570,delivered,2026-06-13,2026-07-04
3980,Summit Tactical Supply,STS,918,14,delivered,2025-03-23,2025-04-13
3981,Sentinel Equipment Supply,SES,372,733,delivered,2024-07-09,2024-08-07
3982,Pinnacle Hydraulic Systems,PHS,875,408,delivered,2025-10-19,2025-11-18
3983,Liberty Mechanical Systems,LMS,343,683,shipped,2023-07-07,2023-07-20
3984,Harborline Industrial Supply,HIS,73,228,delivered,2024-12-03,2024-12-30
3985,Pinnacle Hydraulic Systems,PHS,136,809,pending,2023-12-21,2024-01-11
3986,Cedar Valley Manufacturing,CVM,853,422,shipped,2026-10-01,2026-10-27
3987,Harborline Industrial Supply,HIS,77,884,pending,2026-06-03,2026-06-23
3988,Pinnacle Hydraulic Systems,PHS,559,28,shipped,2025-07-24,2025-08-10
3989,Keystone Industrial Supply,KIS,881,748,delivered,2024-07-11,2024-08-05
3990,Sentinel Equipment Supply,SES,957,845,pending,2025-01-20,2025-02-17
3991,Keystone Industrial Supply,KIS,862,898,shipped,2025-05-07,2025-06-06
3992,Harborline Industrial Supply,HIS,952,21,shipped,2024-06-17,2024-07-02
3993,Falcon Electronics Group,FEG,328,58,pending,2026-01-07,2026-01-29
3994,Heritage Logistics Supply,HLS,416,479,pending,2026-10-19,2026-11-04
3995,Prairie Technical Components,PTC,231,941,shipped,2023-11-06,2023-11-22
3996,Cascade Aerospace Systems,CAS,956,530,delivered,2023-06-20,2023-06-21
3997,Heritage Logistics Supply,HLS,712,128,shipped,2025-12-10,2025-12-31
3998,Heritage Logistics Supply,HLS,898,513,delivered,2023-10-15,2023-10-31
3999,Sterling Power Systems,SPS,752,56,pending,2024-03-17,2024-04-05
4000,Titan Mobility Systems,TMS,218,866,delivered,2026-04-28,2026-05-11
4001,Compass Maritime Supply,CMS,591,910,delivered,2026-05-03,2026-05-14
4002,Ranger Vehicle Parts,RVP,756,361,delivered,2026-01-20,2026-01-25
4003,Gulf Coast Maintenance Parts,GCMP,198,949,pending,2025-02-01,2025-02-13
4004,Compass Maritime Supply,CMS,192,558,pending,2023-03-21,2023-04-15
4005,Harborline Industrial Supply,HIS,592,410,shipped,2023-11-20,2023-12-09
4006,Falcon Electronics Group,FEG,597,258,pending,2024-01-27,2024-02-20
4007,Liberty Mechanical Systems,LMS,504,858,shipped,2023-06-18,2023-06-20
4008,Liberty Mechanical Systems,LMS,297,384,pending,2024-11-26,2024-12-18
4009,Blue Ridge Defense Manufacturing,BRDM,807,274,delivered,2023-10-13,2023-10-18
4010,Liberty Mechanical Systems,LMS,961,43,shipped,2026-08-15,2026-08-28
4011,Evergreen Field Support,EFS,168,936,pending,2026-04-25,2026-05-11
4012,Granite State Components,GSC,177,715,delivered,2023-10-19,2023-10-28
4013,Northstar Defense Supply,NDS,161,36,delivered,2026-11-27,2026-11-30
4014,Heritage Logistics Supply,HLS,52,102,delivered,2023-03-08,2023-03-21
4015,Sentinel Equipment Supply,SES,754,203,pending,2023-02-24,2023-03-25
4016,Liberty Mechanical Systems,LMS,523,1000,delivered,2023-06-27,2023-07-20
4017,Sterling Power Systems,SPS,403,853,shipped,2026-09-13,2026-09-28
4018,Redstone Logistics Group,RLG,73,380,delivered,2026-10-08,2026-10-17
4019,Cascade Aerospace Systems,CAS,149,290,shipped,2023-10-10,2023-10-22
4020,Redstone Logistics Group,RLG,836,283,pending,2026-07-02,2026-07-09
4021,Atlas Ground Support,AGS,24,461,delivered,2024-10-25,2024-10-30
4022,Ranger Vehicle Parts,RVP,893,955,shipped,2025-11-12,2025-11-18
4023,Summit Tactical Supply,STS,547,341,shipped,2025-05-23,2025-06-13
4024,Prairie Technical Components,PTC,558,454,shipped,2025-06-25,2025-07-12
4025,Evergreen Field Support,EFS,274,529,delivered,2026-04-11,2026-05-01
4026,Apex Defense Components,ADC,614,682,delivered,2024-10-24,2024-10-27
4027,Summit Tactical Supply,STS,55,995,pending,2024-12-09,2024-12-25
4028,Redstone Logistics Group,RLG,772,669,delivered,2025-02-17,2025-03-19
4029,Cascade Aerospace Systems,CAS,445,483,pending,2026-06-28,2026-07-17
4030,Ironclad Industrial Systems,IIS,499,195,pending,2024-03-04,2024-03-17
4031,Evergreen Field Support,EFS,709,19,pending,2025-01-23,2025-01-24
4032,Falcon Electronics Group,FEG,350,93,delivered,2025-05-09,2025-06-06
4033,Sentinel Equipment Supply,SES,774,930,delivered,2025-03-21,2025-04-12
4034,Prairie Technical Components,PTC,996,68,shipped,2024-03-08,2024-03-31
4035,Atlas Ground Support,AGS,591,671,pending,2024-08-12,2024-09-10
4036,Summit Tactical Supply,STS,703,692,pending,2025-04-27,2025-05-19
4037,Prairie Technical Components,PTC,597,444,delivered,2026-04-19,2026-04-22
4038,Northstar Defense Supply,NDS,115,326,delivered,2026-10-17,2026-10-28
4039,Sentinel Equipment Supply,SES,972,819,delivered,2024-06-01,2024-06-06
4040,Trident Marine Components,TMC,519,297,delivered,2026-11-06,2026-11-24
4041,Northstar Defense Supply,NDS,579,140,delivered,2025-02-11,2025-03-03
4042,Sentinel Equipment Supply,SES,563,656,delivered,2026-11-18,2026-11-25
4043,Heritage Logistics Supply,HLS,17,88,shipped,2023-05-23,2023-06-05
4044,Pinnacle Hydraulic Systems,PHS,21,680,pending,2026-11-04,2026-11-22
4045,Prairie Technical Components,PTC,284,660,delivered,2024-07-26,2024-08-15
4046,Northstar Defense Supply,NDS,530,36,shipped,2024-02-26,2024-03-23
4047,Gulf Coast Maintenance Parts,GCMP,841,648,pending,2024-09-26,2024-10-22
4048,Ranger Vehicle Parts,RVP,164,717,shipped,2025-10-23,2025-10-31
4049,Vector Aerospace Supply,VAS,846,690,delivered,2026-09-18,2026-10-17
4050,Mesa Tactical Manufacturing,MTM,347,265,pending,2024-05-10,2024-06-03
4051,Northstar Defense Supply,NDS,645,644,shipped,2023-03-11,2023-03-28
4052,Cedar Valley Manufacturing,CVM,592,205,shipped,2023-05-25,2023-06-15
4053,Evergreen Field Support,EFS,471,640,shipped,2024-07-25,2024-08-07
4054,Compass Maritime Supply,CMS,469,462,delivered,2026-04-25,2026-05-03
4055,Titan Mobility Systems,TMS,298,34,shipped,2023-06-19,2023-07-11
4056,Sentinel Equipment Supply,SES,397,610,delivered,2025-10-11,2025-10-31
4057,Vector Aerospace Supply,VAS,649,826,shipped,2023-12-13,2023-12-14
4058,Apex Defense Components,ADC,974,472,shipped,2024-10-04,2024-10-12
4059,Titan Mobility Systems,TMS,425,882,shipped,2024-01-10,2024-01-30
4060,Cedar Valley Manufacturing,CVM,885,437,delivered,2023-08-26,2023-09-10
4061,Patriot Precision Parts,PPP,129,859,delivered,2026-04-16,2026-05-05
4062,Gulf Coast Maintenance Parts,GCMP,699,659,pending,2024-01-26,2024-02-14
4063,Summit Tactical Supply,STS,853,589,delivered,2023-04-20,2023-05-02
4064,Ranger Vehicle Parts,RVP,538,578,delivered,2023-11-11,2023-11-25
4065,Apex Defense Components,ADC,540,827,shipped,2025-04-10,2025-04-14
4066,Northstar Defense Supply,NDS,645,713,delivered,2024-11-26,2024-12-14
4067,Frontier Aviation Components,FAC,546,670,delivered,2023-09-27,2023-10-12
4068,Falcon Electronics Group,FEG,469,258,shipped,2024-02-27,2024-03-12
4069,Lone Star Equipment Group,LSEG,796,456,shipped,2026-04-28,2026-05-27
4070,Trident Marine Components,TMC,365,386,pending,2024-09-08,2024-09-23
4071,Sentinel Equipment Supply,SES,124,905,pending,2024-05-23,2024-06-16
4072,Patriot Precision Parts,PPP,589,386,delivered,2025-04-10,2025-04-20
4073,Mesa Tactical Manufacturing,MTM,294,864,delivered,2023-05-26,2023-06-09
4074,Compass Maritime Supply,CMS,354,204,pending,2026-02-03,2026-03-04
4075,Vector Aerospace Supply,VAS,782,328,delivered,2023-05-07,2023-05-27
4076,Vector Aerospace Supply,VAS,279,907,delivered,2023-11-06,2023-11-23
4077,Cedar Valley Manufacturing,CVM,365,359,shipped,2026-09-06,2026-10-03
4078,Titan Mobility Systems,TMS,698,595,pending,2025-12-03,2025-12-26
4079,Patriot Precision Parts,PPP,158,599,pending,2026-12-09,2027-01-02
4080,Vector Aerospace Supply,VAS,905,236,delivered,2025-11-14,2025-11-26
4081,Patriot Precision Parts,PPP,756,951,shipped,2023-05-23,2023-06-06
4082,Redstone Logistics Group,RLG,239,501,delivered,2024-02-17,2024-03-13
4083,Keystone Industrial Supply,KIS,664,783,pending,2025-11-22,2025-12-04
4084,Ranger Vehicle Parts,RVP,291,965,pending,2023-04-04,2023-04-26
4085,Titan Mobility Systems,TMS,608,230,shipped,2025-04-02,2025-04-15
4086,Keystone Industrial Supply,KIS,968,250,shipped,2024-03-05,2024-03-08
4087,Blue Ridge Defense Manufacturing,BRDM,488,72,delivered,2026-06-06,2026-06-16
4088,Cedar Valley Manufacturing,CVM,450,622,pending,2026-08-27,2026-08-29
4089,Atlas Ground Support,AGS,529,206,pending,2024-06-23,2024-07-22
4090,Sentinel Equipment Supply,SES,37,372,delivered,2025-03-22,2025-04-02
4091,Cascade Aerospace Systems,CAS,137,246,delivered,2023-06-02,2023-06-06
4092,Patriot Precision Parts,PPP,318,839,delivered,2025-01-16,2025-01-18
4093,Titan Mobility Systems,TMS,493,196,shipped,2024-05-06,2024-05-29
4094,Sentinel Equipment Supply,SES,53,897,shipped,2023-04-18,2023-05-17
4095,Apex Defense Components,ADC,27,672,pending,2024-03-08,2024-04-04
4096,Apex Defense Components,ADC,442,14,pending,2024-06-25,2024-06-28
4097,Redstone Logistics Group,RLG,659,197,delivered,2024-06-23,2024-06-28
4098,Ironclad Industrial Systems,IIS,158,542,pending,2023-08-01,2023-08-04
4099,Prairie Technical Components,PTC,135,453,delivered,2025-12-19,2025-12-23
4100,Cascade Aerospace Systems,CAS,486,101,pending,2023-03-16,2023-03-17
4101,Sterling Power Systems,SPS,589,993,delivered,2026-08-09,2026-08-24
4102,Titan Mobility Systems,TMS,169,451,pending,2023-11-07,2023-11-10
4103,Evergreen Field Support,EFS,32,1,shipped,2025-10-25,2025-11-01
4104,Heritage Logistics Supply,HLS,553,62,pending,2026-07-10,2026-07-11
4105,Granite State Components,GSC,863,433,shipped,2024-09-10,2024-10-07
4106,Sterling Power Systems,SPS,567,722,delivered,2026-02-27,2026-03-14
4107,Trident Marine Components,TMC,825,597,pending,2024-07-02,2024-07-31
4108,Compass Maritime Supply,CMS,736,641,shipped,2026-03-17,2026-04-01
4109,Mesa Tactical Manufacturing,MTM,289,475,pending,2026-07-05,2026-07-30
4110,Apex Defense Components,ADC,825,716,pending,2023-04-07,2023-05-07
4111,Granite State Components,GSC,129,973,delivered,2023-11-27,2023-12-08
4112,Liberty Mechanical Systems,LMS,991,488,delivered,2025-10-19,2025-10-30
4113,Frontier Aviation Components,FAC,790,18,delivered,2025-11-21,2025-11-26
4114,Ranger Vehicle Parts,RVP,283,825,delivered,2024-08-23,2024-09-07
4115,Lone Star Equipment Group,LSEG,547,653,delivered,2025-11-15,2025-12-01
4116,Granite State Components,GSC,769,309,pending,2026-04-27,2026-04-28
4117,Keystone Industrial Supply,KIS,936,432,pending,2026-01-17,2026-02-06
4118,Vector Aerospace Supply,VAS,505,130,pending,2025-03-19,2025-04-04
4119,Frontier Aviation Components,FAC,201,106,shipped,2024-03-25,2024-04-05
4120,Trident Marine Components,TMC,858,965,shipped,2023-05-11,2023-05-13
4121,Patriot Precision Parts,PPP,851,25,delivered,2023-08-12,2023-08-21
4122,Sentinel Equipment Supply,SES,323,948,shipped,2024-03-20,2024-04-05
4123,Frontier Aviation Components,FAC,880,58,delivered,2024-02-15,2024-03-01
4124,Falcon Electronics Group,FEG,524,881,shipped,2023-06-09,2023-06-21
4125,Mesa Tactical Manufacturing,MTM,820,275,delivered,2023-07-13,2023-08-03
4126,Titan Mobility Systems,TMS,897,63,pending,2026-03-25,2026-03-31
4127,Frontier Aviation Components,FAC,942,396,shipped,2026-05-02,2026-05-03
4128,Cascade Aerospace Systems,CAS,109,538,delivered,2025-09-27,2025-09-28
4129,Lone Star Equipment Group,LSEG,518,825,delivered,2025-07-10,2025-07-24
4130,Granite State Components,GSC,62,21,pending,2023-02-20,2023-03-10
4131,Granite State Components,GSC,28,636,pending,2026-05-13,2026-06-01
4132,Liberty Mechanical Systems,LMS,162,104,shipped,2025-11-18,2025-11-20
4133,Gulf Coast Maintenance Parts,GCMP,403,972,delivered,2026-03-10,2026-04-03
4134,Compass Maritime Supply,CMS,671,199,pending,2023-11-01,2023-11-20
4135,Gulf Coast Maintenance Parts,GCMP,605,549,shipped,2023-03-14,2023-03-24
4136,Sterling Power Systems,SPS,838,875,shipped,2025-10-08,2025-10-22
4137,Heritage Logistics Supply,HLS,877,918,delivered,2024-04-11,2024-04-18
4138,Northstar Defense Supply,NDS,174,765,delivered,2024-02-25,2024-03-04
4139,Cedar Valley Manufacturing,CVM,575,385,shipped,2025-01-17,2025-02-04
4140,Lone Star Equipment Group,LSEG,684,847,shipped,2023-04-12,2023-04-17
4141,Trident Marine Components,TMC,371,646,pending,2025-07-24,2025-08-20
4142,Blue Ridge Defense Manufacturing,BRDM,642,307,delivered,2025-05-04,2025-05-21
4143,Redstone Logistics Group,RLG,512,995,pending,2026-09-17,2026-09-26
4144,Heritage Logistics Supply,HLS,323,59,pending,2023-02-20,2023-02-22
4145,Lone Star Equipment Group,LSEG,192,513,shipped,2023-05-14,2023-05-23
4146,Mesa Tactical Manufacturing,MTM,76,330,shipped,2025-06-14,2025-07-08
4147,Patriot Precision Parts,PPP,545,812,delivered,2025-10-21,2025-11-19
4148,Summit Tactical Supply,STS,489,119,shipped,2024-03-05,2024-03-21
4149,Evergreen Field Support,EFS,461,26,shipped,2023-02-26,2023-03-17
4150,Sterling Power Systems,SPS,535,579,shipped,2024-03-18,2024-04-15
4151,Prairie Technical Components,PTC,436,801,shipped,2023-11-17,2023-12-09
4152,Atlas Ground Support,AGS,18,696,shipped,2025-11-17,2025-11-28
4153,Liberty Mechanical Systems,LMS,426,658,pending,2024-06-14,2024-07-06
4154,Redstone Logistics Group,RLG,579,4,pending,2024-11-11,2024-11-21
4155,Trident Marine Components,TMC,137,359,pending,2023-05-04,2023-05-24
4156,Prairie Technical Components,PTC,126,175,delivered,2025-08-01,2025-08-09
4157,Sentinel Equipment Supply,SES,798,472,shipped,2026-08-18,2026-09-03
4158,Compass Maritime Supply,CMS,859,123,delivered,2026-10-10,2026-11-01
4159,Patriot Precision Parts,PPP,425,694,delivered,2026-01-24,2026-02-18
4160,Redstone Logistics Group,RLG,334,755,shipped,2023-08-09,2023-08-29
4161,Blue Ridge Defense Manufacturing,BRDM,754,832,delivered,2024-04-28,2024-05-17
4162,Keystone Industrial Supply,KIS,158,589,delivered,2025-05-01,2025-05-13
4163,Northstar Defense Supply,NDS,42,778,delivered,2023-08-11,2023-09-02
4164,Sterling Power Systems,SPS,224,206,delivered,2024-08-14,2024-09-04
4165,Evergreen Field Support,EFS,757,112,delivered,2026-09-19,2026-10-02
4166,Ironclad Industrial Systems,IIS,998,247,pending,2026-09-17,2026-09-29
4167,Titan Mobility Systems,TMS,63,779,shipped,2025-01-03,2025-01-29
4168,Ironclad Industrial Systems,IIS,782,451,shipped,2026-02-16,2026-03-06
4169,Ironclad Industrial Systems,IIS,980,689,pending,2023-03-05,2023-03-25
4170,Sterling Power Systems,SPS,163,340,pending,2023-02-16,2023-03-09
4171,Titan Mobility Systems,TMS,265,54,shipped,2023-02-05,2023-03-03
4172,Granite State Components,GSC,234,508,pending,2023-03-08,2023-03-26
4173,Ranger Vehicle Parts,RVP,754,377,pending,2024-08-26,2024-09-25
4174,Granite State Components,GSC,119,555,pending,2024-12-19,2025-01-16
4175,Pinnacle Hydraulic Systems,PHS,172,264,pending,2024-08-04,2024-08-24
4176,Blue Ridge Defense Manufacturing,BRDM,235,191,shipped,2023-12-06,2024-01-03
4177,Evergreen Field Support,EFS,610,376,shipped,2024-02-28,2024-03-29
4178,Gulf Coast Maintenance Parts,GCMP,272,829,pending,2023-10-03,2023-10-18
4179,Compass Maritime Supply,CMS,675,684,pending,2024-02-12,2024-03-05
4180,Granite State Components,GSC,648,427,pending,2026-05-18,2026-06-10
4181,Granite State Components,GSC,41,372,pending,2025-07-01,2025-07-04
4182,Compass Maritime Supply,CMS,530,114,shipped,2023-10-07,2023-10-19
4183,Keystone Industrial Supply,KIS,102,506,shipped,2026-08-12,2026-08-15
4184,Compass Maritime Supply,CMS,642,639,shipped,2026-01-08,2026-01-30
4185,Prairie Technical Components,PTC,625,648,pending,2026-05-01,2026-05-19
4186,Gulf Coast Maintenance Parts,GCMP,177,110,shipped,2024-06-15,2024-06-21
4187,Redstone Logistics Group,RLG,160,840,shipped,2025-10-08,2025-10-19
4188,Vector Aerospace Supply,VAS,518,725,pending,2023-06-12,2023-07-11
4189,Sterling Power Systems,SPS,772,37,pending,2025-11-23,2025-12-09
4190,Frontier Aviation Components,FAC,206,40,shipped,2024-01-21,2024-02-09
4191,Trident Marine Components,TMC,849,873,shipped,2025-05-15,2025-05-25
4192,Apex Defense Components,ADC,316,879,pending,2024-08-04,2024-08-20
4193,Liberty Mechanical Systems,LMS,457,885,delivered,2026-10-19,2026-11-05
4194,Compass Maritime Supply,CMS,298,562,delivered,2023-10-22,2023-11-09
4195,Redstone Logistics Group,RLG,161,383,delivered,2024-08-09,2024-08-21
4196,Atlas Ground Support,AGS,727,963,pending,2024-12-19,2024-12-30
4197,Apex Defense Components,ADC,896,490,shipped,2025-08-17,2025-08-25
4198,Frontier Aviation Components,FAC,63,395,shipped,2023-03-12,2023-03-30
4199,Vector Aerospace Supply,VAS,288,951,shipped,2023-03-13,2023-03-27
4200,Apex Defense Components,ADC,97,704,shipped,2024-10-16,2024-11-07
4201,Redstone Logistics Group,RLG,84,366,pending,2025-08-02,2025-08-24
4202,Gulf Coast Maintenance Parts,GCMP,27,454,delivered,2023-11-27,2023-12-21
4203,Redstone Logistics Group,RLG,800,531,delivered,2025-05-08,2025-06-02
4204,Sterling Power Systems,SPS,791,185,shipped,2024-04-04,2024-04-05
4205,Lone Star Equipment Group,LSEG,642,60,pending,2024-02-08,2024-03-08
4206,Apex Defense Components,ADC,211,231,delivered,2025-12-02,2025-12-29
4207,Sentinel Equipment Supply,SES,501,668,delivered,2026-02-02,2026-02-05
4208,Harborline Industrial Supply,HIS,998,272,shipped,2025-09-01,2025-09-20
4209,Frontier Aviation Components,FAC,218,70,shipped,2023-03-27,2023-03-28
4210,Ironclad Industrial Systems,IIS,604,534,shipped,2026-10-11,2026-11-08
4211,Gulf Coast Maintenance Parts,GCMP,430,85,delivered,2025-04-17,2025-04-29
4212,Redstone Logistics Group,RLG,708,175,pending,2024-09-20,2024-10-04
4213,Frontier Aviation Components,FAC,618,417,shipped,2026-03-03,2026-03-22
4214,Lone Star Equipment Group,LSEG,37,271,shipped,2025-02-27,2025-03-28
4215,Cedar Valley Manufacturing,CVM,969,258,shipped,2023-05-14,2023-06-09
4216,Ironclad Industrial Systems,IIS,990,88,pending,2023-09-15,2023-09-16
4217,Vector Aerospace Supply,VAS,488,363,delivered,2025-09-18,2025-09-25
4218,Harborline Industrial Supply,HIS,801,269,pending,2026-03-16,2026-03-28
4219,Pinnacle Hydraulic Systems,PHS,444,123,shipped,2026-09-10,2026-09-18
4220,Sentinel Equipment Supply,SES,588,644,pending,2024-06-15,2024-07-14
4221,Titan Mobility Systems,TMS,291,380,shipped,2025-12-24,2026-01-03
4222,Titan Mobility Systems,TMS,608,328,pending,2025-09-01,2025-09-02
4223,Atlas Ground Support,AGS,518,840,pending,2024-09-12,2024-10-07
4224,Titan Mobility Systems,TMS,108,423,pending,2024-06-04,2024-06-16
4225,Trident Marine Components,TMC,796,262,shipped,2026-12-17,2027-01-05
4226,Patriot Precision Parts,PPP,644,751,shipped,2026-07-26,2026-08-12
4227,Vector Aerospace Supply,VAS,225,820,pending,2023-01-24,2023-01-25
4228,Blue Ridge Defense Manufacturing,BRDM,612,860,delivered,2026-11-05,2026-11-24
4229,Ironclad Industrial Systems,IIS,292,561,shipped,2024-07-23,2024-08-10
4230,Apex Defense Components,ADC,349,501,delivered,2023-02-15,2023-02-25
4231,Gulf Coast Maintenance Parts,GCMP,508,546,delivered,2026-10-24,2026-11-22
4232,Trident Marine Components,TMC,440,713,delivered,2024-12-08,2025-01-01
4233,Patriot Precision Parts,PPP,782,36,shipped,2026-04-16,2026-05-05
4234,Sentinel Equipment Supply,SES,54,665,shipped,2025-10-17,2025-11-12
4235,Keystone Industrial Supply,KIS,452,269,shipped,2026-12-08,2026-12-19
4236,Northstar Defense Supply,NDS,797,567,delivered,2026-04-04,2026-04-05
4237,Cascade Aerospace Systems,CAS,66,219,pending,2023-01-06,2023-01-09
4238,Pinnacle Hydraulic Systems,PHS,824,961,shipped,2024-06-09,2024-06-21
4239,Redstone Logistics Group,RLG,627,417,shipped,2024-10-04,2024-10-27
4240,Granite State Components,GSC,193,369,shipped,2025-10-07,2025-10-17
4241,Ranger Vehicle Parts,RVP,931,920,shipped,2023-02-01,2023-02-26
4242,Redstone Logistics Group,RLG,752,139,delivered,2026-11-23,2026-12-10
4243,Northstar Defense Supply,NDS,274,19,delivered,2023-09-23,2023-10-08
4244,Blue Ridge Defense Manufacturing,BRDM,85,191,pending,2024-01-09,2024-01-28
4245,Atlas Ground Support,AGS,882,203,delivered,2024-02-23,2024-03-10
4246,Summit Tactical Supply,STS,990,528,pending,2026-11-10,2026-12-01
4247,Trident Marine Components,TMC,662,399,shipped,2023-08-09,2023-08-11
4248,Atlas Ground Support,AGS,858,300,pending,2026-06-09,2026-06-30
4249,Liberty Mechanical Systems,LMS,725,267,delivered,2026-07-03,2026-07-26
4250,Mesa Tactical Manufacturing,MTM,61,714,shipped,2024-01-28,2024-02-09
4251,Granite State Components,GSC,714,654,delivered,2025-01-27,2025-02-22
4252,Sentinel Equipment Supply,SES,737,810,pending,2025-12-05,2025-12-29
4253,Compass Maritime Supply,CMS,353,200,shipped,2023-03-17,2023-04-14
4254,Gulf Coast Maintenance Parts,GCMP,630,527,pending,2023-08-12,2023-08-25
4255,Gulf Coast Maintenance Parts,GCMP,677,217,delivered,2024-05-26,2024-06-14
4256,Summit Tactical Supply,STS,904,231,shipped,2025-01-13,2025-01-18
4257,Lone Star Equipment Group,LSEG,556,125,shipped,2024-02-24,2024-03-01
4258,Sterling Power Systems,SPS,218,269,pending,2026-04-04,2026-04-10
4259,Northstar Defense Supply,NDS,529,641,pending,2026-07-09,2026-08-07
4260,Gulf Coast Maintenance Parts,GCMP,245,239,pending,2024-01-19,2024-01-31
4261,Atlas Ground Support,AGS,682,599,pending,2024-02-01,2024-02-05
4262,Pinnacle Hydraulic Systems,PHS,936,509,delivered,2026-09-17,2026-09-21
4263,Prairie Technical Components,PTC,185,612,pending,2024-03-17,2024-03-26
4264,Titan Mobility Systems,TMS,111,728,delivered,2025-12-16,2026-01-09
4265,Sterling Power Systems,SPS,190,659,delivered,2023-02-28,2023-03-28
4266,Ranger Vehicle Parts,RVP,109,206,shipped,2026-03-08,2026-03-16
4267,Pinnacle Hydraulic Systems,PHS,521,963,shipped,2025-01-01,2025-01-05
4268,Summit Tactical Supply,STS,320,167,pending,2023-03-06,2023-03-22
4269,Evergreen Field Support,EFS,143,358,delivered,2024-10-02,2024-10-21
4270,Prairie Technical Components,PTC,863,38,shipped,2026-12-12,2026-12-23
4271,Ranger Vehicle Parts,RVP,570,473,shipped,2026-12-18,2027-01-13
4272,Trident Marine Components,TMC,131,445,pending,2025-08-07,2025-09-04
4273,Sterling Power Systems,SPS,886,112,shipped,2024-05-25,2024-06-07
4274,Redstone Logistics Group,RLG,340,543,delivered,2023-05-04,2023-05-29
4275,Redstone Logistics Group,RLG,848,327,pending,2024-06-18,2024-06-25
4276,Vector Aerospace Supply,VAS,24,665,pending,2023-01-23,2023-02-03
4277,Heritage Logistics Supply,HLS,958,960,pending,2026-02-25,2026-03-24
4278,Atlas Ground Support,AGS,643,686,delivered,2023-09-16,2023-10-10
4279,Titan Mobility Systems,TMS,443,83,delivered,2025-05-28,2025-06-18
4280,Pinnacle Hydraulic Systems,PHS,238,973,pending,2024-05-06,2024-05-21
4281,Atlas Ground Support,AGS,520,878,pending,2024-10-04,2024-10-07
4282,Pinnacle Hydraulic Systems,PHS,990,525,delivered,2023-11-27,2023-12-24
4283,Cascade Aerospace Systems,CAS,300,481,shipped,2024-06-10,2024-07-04
4284,Sterling Power Systems,SPS,964,199,delivered,2024-11-12,2024-12-06
4285,Atlas Ground Support,AGS,945,362,shipped,2023-08-12,2023-08-29
4286,Lone Star Equipment Group,LSEG,915,285,delivered,2025-11-15,2025-11-23
4287,Trident Marine Components,TMC,37,525,delivered,2024-10-10,2024-10-16
4288,Northstar Defense Supply,NDS,409,616,shipped,2024-07-18,2024-08-07
4289,Granite State Components,GSC,323,414,delivered,2026-04-11,2026-04-17
4290,Summit Tactical Supply,STS,51,777,delivered,2024-12-17,2025-01-01
4291,Summit Tactical Supply,STS,315,208,shipped,2023-10-18,2023-10-29
4292,Blue Ridge Defense Manufacturing,BRDM,520,895,shipped,2026-08-03,2026-08-09
4293,Redstone Logistics Group,RLG,412,311,delivered,2023-06-25,2023-07-15
4294,Sterling Power Systems,SPS,602,73,pending,2025-11-06,2025-11-23
4295,Gulf Coast Maintenance Parts,GCMP,641,374,pending,2025-09-24,2025-10-18
4296,Falcon Electronics Group,FEG,393,315,delivered,2026-03-19,2026-04-18
4297,Northstar Defense Supply,NDS,283,739,shipped,2024-05-19,2024-06-06
4298,Blue Ridge Defense Manufacturing,BRDM,64,651,delivered,2025-05-28,2025-06-19
4299,Redstone Logistics Group,RLG,740,611,delivered,2025-04-07,2025-04-18
4300,Pinnacle Hydraulic Systems,PHS,189,267,pending,2026-07-09,2026-07-22
4301,Pinnacle Hydraulic Systems,PHS,299,546,pending,2024-03-02,2024-03-30
4302,Granite State Components,GSC,970,169,delivered,2024-05-13,2024-05-23
4303,Atlas Ground Support,AGS,170,867,delivered,2024-09-07,2024-09-16
4304,Lone Star Equipment Group,LSEG,559,201,shipped,2023-02-26,2023-03-12
4305,Northstar Defense Supply,NDS,53,864,pending,2023-02-04,2023-02-22
4306,Mesa Tactical Manufacturing,MTM,729,721,shipped,2026-06-10,2026-06-29
4307,Northstar Defense Supply,NDS,741,120,delivered,2023-12-18,2023-12-21
4308,Atlas Ground Support,AGS,385,921,shipped,2023-05-06,2023-05-19
4309,Cedar Valley Manufacturing,CVM,78,925,delivered,2026-02-07,2026-02-26
4310,Granite State Components,GSC,772,492,pending,2023-08-20,2023-09-18
4311,Granite State Components,GSC,332,151,pending,2024-06-27,2024-07-25
4312,Compass Maritime Supply,CMS,350,865,pending,2025-02-20,2025-03-12
4313,Vector Aerospace Supply,VAS,922,86,shipped,2025-05-10,2025-05-19
4314,Pinnacle Hydraulic Systems,PHS,377,82,shipped,2025-10-03,2025-10-18
4315,Pinnacle Hydraulic Systems,PHS,849,995,shipped,2025-10-09,2025-10-27
4316,Ranger Vehicle Parts,RVP,302,73,pending,2023-03-08,2023-03-28
4317,Mesa Tactical Manufacturing,MTM,835,133,shipped,2023-09-23,2023-10-19
4318,Ranger Vehicle Parts,RVP,920,552,delivered,2025-01-09,2025-01-12
4319,Sterling Power Systems,SPS,105,881,shipped,2026-02-23,2026-03-09
4320,Harborline Industrial Supply,HIS,98,440,pending,2024-07-01,2024-07-18
4321,Titan Mobility Systems,TMS,231,813,shipped,2023-10-09,2023-10-18
4322,Summit Tactical Supply,STS,614,118,shipped,2026-06-15,2026-06-25
4323,Pinnacle Hydraulic Systems,PHS,482,502,shipped,2025-06-23,2025-07-04
4324,Mesa Tactical Manufacturing,MTM,23,750,shipped,2023-02-10,2023-03-05
4325,Falcon Electronics Group,FEG,479,761,delivered,2023-06-25,2023-07-15
4326,Cascade Aerospace Systems,CAS,547,279,shipped,2026-12-02,2026-12-15
4327,Prairie Technical Components,PTC,529,727,pending,2024-07-25,2024-07-30
4328,Frontier Aviation Components,FAC,993,234,delivered,2025-09-23,2025-10-19
4329,Redstone Logistics Group,RLG,423,576,shipped,2025-07-26,2025-08-01
4330,Patriot Precision Parts,PPP,872,481,delivered,2023-02-18,2023-03-13
4331,Redstone Logistics Group,RLG,762,198,shipped,2025-09-12,2025-09-13
4332,Sterling Power Systems,SPS,306,101,pending,2023-11-19,2023-11-21
4333,Harborline Industrial Supply,HIS,802,700,delivered,2024-07-20,2024-07-26
4334,Ironclad Industrial Systems,IIS,572,110,delivered,2024-03-08,2024-03-21
4335,Ironclad Industrial Systems,IIS,866,626,shipped,2026-04-03,2026-04-18
4336,Evergreen Field Support,EFS,538,837,delivered,2025-03-17,2025-04-10
4337,Redstone Logistics Group,RLG,914,468,pending,2026-01-11,2026-02-01
4338,Frontier Aviation Components,FAC,567,581,shipped,2025-06-28,2025-07-13
4339,Ranger Vehicle Parts,RVP,425,793,pending,2023-09-13,2023-09-27
4340,Prairie Technical Components,PTC,991,264,shipped,2025-11-06,2025-11-27
4341,Sterling Power Systems,SPS,442,35,shipped,2024-12-06,2024-12-21
4342,Compass Maritime Supply,CMS,320,588,delivered,2025-02-10,2025-03-05
4343,Granite State Components,GSC,709,244,pending,2026-04-06,2026-04-08
4344,Falcon Electronics Group,FEG,462,256,pending,2024-07-22,2024-08-09
4345,Heritage Logistics Supply,HLS,55,460,pending,2025-04-10,2025-04-28
4346,Cascade Aerospace Systems,CAS,89,717,pending,2025-06-24,2025-07-22
4347,Lone Star Equipment Group,LSEG,80,678,shipped,2025-01-20,2025-01-23
4348,Keystone Industrial Supply,KIS,15,287,pending,2026-06-21,2026-07-11
4349,Lone Star Equipment Group,LSEG,810,128,delivered,2026-01-07,2026-01-18
4350,Pinnacle Hydraulic Systems,PHS,146,375,shipped,2025-06-10,2025-06-24
4351,Cedar Valley Manufacturing,CVM,433,120,shipped,2023-01-01,2023-01-28
4352,Atlas Ground Support,AGS,939,394,shipped,2025-12-08,2025-12-10
4353,Falcon Electronics Group,FEG,424,417,pending,2026-01-15,2026-02-14
4354,Atlas Ground Support,AGS,330,85,delivered,2025-04-22,2025-05-03
4355,Cascade Aerospace Systems,CAS,145,298,shipped,2024-06-12,2024-07-07
4356,Blue Ridge Defense Manufacturing,BRDM,861,724,shipped,2026-05-21,2026-06-09
4357,Gulf Coast Maintenance Parts,GCMP,955,493,pending,2024-04-19,2024-04-27
4358,Cedar Valley Manufacturing,CVM,225,707,shipped,2025-01-19,2025-02-03
4359,Sterling Power Systems,SPS,379,228,shipped,2023-08-02,2023-08-16
4360,Harborline Industrial Supply,HIS,13,704,shipped,2025-04-24,2025-05-18
4361,Keystone Industrial Supply,KIS,980,477,pending,2024-02-28,2024-03-22
4362,Evergreen Field Support,EFS,584,64,delivered,2023-10-10,2023-10-26
4363,Lone Star Equipment Group,LSEG,936,222,pending,2026-06-17,2026-07-02
4364,Northstar Defense Supply,NDS,758,862,delivered,2026-11-13,2026-11-30
4365,Granite State Components,GSC,943,477,pending,2023-05-22,2023-06-16
4366,Evergreen Field Support,EFS,296,122,shipped,2023-10-13,2023-10-21
4367,Patriot Precision Parts,PPP,86,399,delivered,2023-09-01,2023-09-20
4368,Sterling Power Systems,SPS,148,890,delivered,2024-07-09,2024-07-15
4369,Blue Ridge Defense Manufacturing,BRDM,763,764,delivered,2026-10-22,2026-10-24
4370,Frontier Aviation Components,FAC,467,617,delivered,2024-08-27,2024-09-20
4371,Northstar Defense Supply,NDS,571,403,pending,2025-11-15,2025-11-28
4372,Ironclad Industrial Systems,IIS,927,810,delivered,2023-01-23,2023-02-01
4373,Trident Marine Components,TMC,140,55,shipped,2023-05-22,2023-06-12
4374,Compass Maritime Supply,CMS,360,650,delivered,2025-08-07,2025-08-21
4375,Falcon Electronics Group,FEG,561,886,pending,2024-10-06,2024-10-25
4376,Mesa Tactical Manufacturing,MTM,600,315,pending,2024-08-24,2024-09-18
4377,Evergreen Field Support,EFS,684,245,pending,2023-09-07,2023-09-30
4378,Compass Maritime Supply,CMS,350,732,delivered,2026-05-26,2026-06-16
4379,Mesa Tactical Manufacturing,MTM,9,76,shipped,2025-09-25,2025-10-02
4380,Liberty Mechanical Systems,LMS,417,185,pending,2023-04-27,2023-05-14
4381,Frontier Aviation Components,FAC,380,805,pending,2025-08-22,2025-08-26
4382,Harborline Industrial Supply,HIS,681,130,delivered,2025-06-12,2025-07-12
4383,Heritage Logistics Supply,HLS,248,384,delivered,2023-04-19,2023-05-10
4384,Trident Marine Components,TMC,681,887,pending,2025-08-27,2025-09-20
4385,Compass Maritime Supply,CMS,622,383,pending,2024-06-27,2024-07-23
4386,Sentinel Equipment Supply,SES,37,274,shipped,2023-10-06,2023-10-14
4387,Summit Tactical Supply,STS,362,197,pending,2024-05-09,2024-05-31
4388,Vector Aerospace Supply,VAS,832,385,delivered,2025-03-25,2025-04-09
4389,Redstone Logistics Group,RLG,786,437,pending,2025-07-20,2025-08-14
4390,Falcon Electronics Group,FEG,918,278,pending,2024-02-04,2024-02-09
4391,Summit Tactical Supply,STS,677,420,delivered,2024-07-06,2024-08-02
4392,Patriot Precision Parts,PPP,368,509,pending,2025-04-19,2025-04-28
4393,Falcon Electronics Group,FEG,520,577,shipped,2026-11-18,2026-11-30
4394,Frontier Aviation Components,FAC,351,988,delivered,2026-03-16,2026-03-18
4395,Sentinel Equipment Supply,SES,291,837,pending,2024-04-14,2024-04-22
4396,Liberty Mechanical Systems,LMS,595,391,shipped,2024-05-07,2024-05-22
4397,Prairie Technical Components,PTC,800,92,pending,2025-03-09,2025-03-29
4398,Harborline Industrial Supply,HIS,918,494,delivered,2025-05-17,2025-05-31
4399,Keystone Industrial Supply,KIS,84,686,shipped,2024-09-11,2024-10-08
4400,Frontier Aviation Components,FAC,162,314,shipped,2026-11-01,2026-11-11
4401,Sterling Power Systems,SPS,738,348,delivered,2025-12-27,2026-01-03
4402,Compass Maritime Supply,CMS,932,528,pending,2026-12-13,2027-01-08
4403,Vector Aerospace Supply,VAS,105,618,delivered,2026-06-28,2026-07-07
4404,Trident Marine Components,TMC,463,402,pending,2025-11-11,2025-12-10
4405,Prairie Technical Components,PTC,986,835,pending,2026-05-14,2026-05-30
4406,Gulf Coast Maintenance Parts,GCMP,505,110,pending,2023-11-06,2023-11-13
4407,Mesa Tactical Manufacturing,MTM,709,478,pending,2023-10-02,2023-10-23
4408,Trident Marine Components,TMC,13,618,delivered,2023-12-17,2024-01-06
4409,Pinnacle Hydraulic Systems,PHS,538,697,shipped,2023-05-05,2023-05-25
4410,Cascade Aerospace Systems,CAS,711,466,delivered,2026-02-25,2026-03-16
4411,Sterling Power Systems,SPS,573,619,delivered,2026-09-20,2026-10-20
4412,Patriot Precision Parts,PPP,26,535,shipped,2024-04-20,2024-05-20
4413,Sentinel Equipment Supply,SES,902,810,pending,2026-02-04,2026-03-02
4414,Compass Maritime Supply,CMS,133,802,shipped,2025-12-20,2026-01-11
4415,Gulf Coast Maintenance Parts,GCMP,228,178,pending,2025-08-06,2025-08-26
4416,Granite State Components,GSC,295,113,shipped,2026-04-20,2026-04-30
4417,Vector Aerospace Supply,VAS,251,101,shipped,2026-07-09,2026-07-21
4418,Evergreen Field Support,EFS,395,164,delivered,2026-09-21,2026-10-06
4419,Keystone Industrial Supply,KIS,5,912,shipped,2023-04-20,2023-04-22
4420,Ranger Vehicle Parts,RVP,135,225,shipped,2026-09-20,2026-09-26
4421,Prairie Technical Components,PTC,36,579,delivered,2024-05-25,2024-06-20
4422,Pinnacle Hydraulic Systems,PHS,671,786,delivered,2024-09-02,2024-09-05
4423,Cedar Valley Manufacturing,CVM,649,399,pending,2023-12-12,2023-12-25
4424,Falcon Electronics Group,FEG,731,69,delivered,2025-03-02,2025-03-11
4425,Cascade Aerospace Systems,CAS,323,172,pending,2026-05-21,2026-06-02
4426,Blue Ridge Defense Manufacturing,BRDM,201,995,pending,2025-12-14,2026-01-06
4427,Patriot Precision Parts,PPP,817,736,delivered,2025-05-15,2025-06-08
4428,Falcon Electronics Group,FEG,661,126,delivered,2024-07-09,2024-08-06
4429,Liberty Mechanical Systems,LMS,233,924,shipped,2024-03-05,2024-03-06
4430,Titan Mobility Systems,TMS,802,819,shipped,2024-07-28,2024-08-26
4431,Redstone Logistics Group,RLG,966,673,pending,2024-02-06,2024-02-29
4432,Summit Tactical Supply,STS,478,795,delivered,2026-06-28,2026-06-29
4433,Titan Mobility Systems,TMS,850,820,pending,2024-02-11,2024-03-05
4434,Redstone Logistics Group,RLG,832,800,shipped,2025-01-22,2025-02-21
4435,Sentinel Equipment Supply,SES,916,690,pending,2026-11-02,2026-11-17
4436,Mesa Tactical Manufacturing,MTM,968,227,shipped,2025-01-15,2025-02-04
4437,Falcon Electronics Group,FEG,303,978,delivered,2026-06-21,2026-07-20
4438,Pinnacle Hydraulic Systems,PHS,936,363,shipped,2023-05-14,2023-06-01
4439,Evergreen Field Support,EFS,535,829,shipped,2026-07-28,2026-08-18
4440,Compass Maritime Supply,CMS,857,899,pending,2024-06-18,2024-07-06
4441,Cascade Aerospace Systems,CAS,339,431,pending,2024-06-20,2024-07-13
4442,Cedar Valley Manufacturing,CVM,9,950,pending,2024-12-20,2025-01-15
4443,Atlas Ground Support,AGS,984,171,pending,2023-03-23,2023-04-05
4444,Sterling Power Systems,SPS,990,179,delivered,2023-01-24,2023-02-06
4445,Apex Defense Components,ADC,41,693,shipped,2026-06-24,2026-07-20
4446,Keystone Industrial Supply,KIS,385,649,pending,2024-03-17,2024-04-10
4447,Falcon Electronics Group,FEG,914,249,shipped,2023-06-20,2023-06-30
4448,Falcon Electronics Group,FEG,701,778,delivered,2026-03-26,2026-04-02
4449,Ranger Vehicle Parts,RVP,230,770,pending,2026-06-01,2026-06-02
4450,Summit Tactical Supply,STS,284,98,shipped,2023-03-25,2023-04-17
4451,Pinnacle Hydraulic Systems,PHS,918,359,shipped,2023-01-15,2023-02-07
4452,Compass Maritime Supply,CMS,302,853,pending,2025-01-27,2025-02-16
4453,Gulf Coast Maintenance Parts,GCMP,795,458,shipped,2024-02-01,2024-02-15
4454,Atlas Ground Support,AGS,708,97,shipped,2024-03-17,2024-03-27
4455,Summit Tactical Supply,STS,715,967,shipped,2023-03-22,2023-04-18
4456,Lone Star Equipment Group,LSEG,789,89,delivered,2023-12-03,2023-12-23
4457,Prairie Technical Components,PTC,363,970,pending,2024-10-28,2024-11-22
4458,Falcon Electronics Group,FEG,377,844,pending,2026-10-20,2026-11-09
4459,Redstone Logistics Group,RLG,378,6,pending,2024-05-21,2024-06-17
4460,Blue Ridge Defense Manufacturing,BRDM,566,523,pending,2025-11-20,2025-11-27
4461,Atlas Ground Support,AGS,406,741,shipped,2026-05-28,2026-06-06
4462,Gulf Coast Maintenance Parts,GCMP,408,846,shipped,2023-03-23,2023-04-15
4463,Evergreen Field Support,EFS,95,299,shipped,2026-06-09,2026-07-02
4464,Keystone Industrial Supply,KIS,292,7,shipped,2024-01-07,2024-01-19
4465,Evergreen Field Support,EFS,131,422,shipped,2023-04-10,2023-05-05
4466,Cedar Valley Manufacturing,CVM,242,512,delivered,2025-08-13,2025-08-23
4467,Pinnacle Hydraulic Systems,PHS,792,385,delivered,2023-06-06,2023-06-24
4468,Trident Marine Components,TMC,496,727,pending,2026-09-21,2026-09-25
4469,Pinnacle Hydraulic Systems,PHS,410,401,delivered,2024-09-27,2024-10-02
4470,Cedar Valley Manufacturing,CVM,562,182,pending,2024-06-15,2024-06-20
4471,Mesa Tactical Manufacturing,MTM,960,640,delivered,2025-01-08,2025-01-27
4472,Cascade Aerospace Systems,CAS,125,266,pending,2023-04-22,2023-05-05
4473,Keystone Industrial Supply,KIS,301,74,pending,2023-06-02,2023-06-03
4474,Heritage Logistics Supply,HLS,481,866,pending,2025-10-19,2025-11-15
4475,Falcon Electronics Group,FEG,873,973,delivered,2023-04-23,2023-05-04
4476,Falcon Electronics Group,FEG,282,597,delivered,2024-07-06,2024-07-29
4477,Titan Mobility Systems,TMS,281,74,pending,2026-11-20,2026-11-26
4478,Prairie Technical Components,PTC,54,223,pending,2025-04-07,2025-04-22
4479,Redstone Logistics Group,RLG,185,127,pending,2025-08-25,2025-09-11
4480,Gulf Coast Maintenance Parts,GCMP,409,940,pending,2024-10-17,2024-10-28
4481,Cedar Valley Manufacturing,CVM,863,925,pending,2026-05-10,2026-06-06
4482,Granite State Components,GSC,993,329,shipped,2025-03-24,2025-04-16
4483,Keystone Industrial Supply,KIS,430,477,shipped,2025-04-01,2025-04-18
4484,Cascade Aerospace Systems,CAS,799,84,delivered,2024-11-10,2024-11-23
4485,Compass Maritime Supply,CMS,724,678,shipped,2026-04-17,2026-05-03
4486,Mesa Tactical Manufacturing,MTM,152,435,shipped,2023-11-20,2023-12-19
4487,Frontier Aviation Components,FAC,61,754,delivered,2025-04-14,2025-04-17
4488,Sentinel Equipment Supply,SES,198,403,delivered,2024-09-28,2024-10-11
4489,Northstar Defense Supply,NDS,262,655,delivered,2025-09-10,2025-09-17
4490,Mesa Tactical Manufacturing,MTM,761,753,delivered,2023-05-17,2023-06-11
4491,Sterling Power Systems,SPS,824,689,shipped,2024-04-17,2024-04-27
4492,Liberty Mechanical Systems,LMS,272,528,pending,2024-11-15,2024-11-19
4493,Lone Star Equipment Group,LSEG,49,297,pending,2025-10-05,2025-10-16
4494,Granite State Components,GSC,324,86,delivered,2025-10-02,2025-10-03
4495,Patriot Precision Parts,PPP,989,560,shipped,2026-02-14,2026-02-19
4496,Ironclad Industrial Systems,IIS,465,132,shipped,2024-07-02,2024-07-22
4497,Trident Marine Components,TMC,50,118,delivered,2023-11-27,2023-12-16
4498,Ironclad Industrial Systems,IIS,649,905,shipped,2026-10-21,2026-10-26
4499,Mesa Tactical Manufacturing,MTM,844,62,pending,2023-11-28,2023-12-27
4500,Evergreen Field Support,EFS,783,291,shipped,2023-05-23,2023-05-26
4501,Blue Ridge Defense Manufacturing,BRDM,257,285,delivered,2024-12-20,2024-12-28
4502,Titan Mobility Systems,TMS,414,872,delivered,2023-12-21,2023-12-26
4503,Mesa Tactical Manufacturing,MTM,372,338,delivered,2025-07-11,2025-08-07
4504,Keystone Industrial Supply,KIS,269,135,shipped,2024-09-24,2024-10-16
4505,Atlas Ground Support,AGS,69,343,shipped,2023-05-17,2023-05-26
4506,Vector Aerospace Supply,VAS,710,185,shipped,2023-05-22,2023-05-28
4507,Northstar Defense Supply,NDS,766,905,pending,2024-02-10,2024-02-20
4508,Lone Star Equipment Group,LSEG,708,345,delivered,2026-04-22,2026-04-29
4509,Patriot Precision Parts,PPP,136,732,pending,2025-03-18,2025-03-30
4510,Sentinel Equipment Supply,SES,717,173,pending,2024-11-24,2024-11-30
4511,Heritage Logistics Supply,HLS,80,353,shipped,2026-08-03,2026-08-14
4512,Apex Defense Components,ADC,879,199,pending,2026-10-04,2026-10-05
4513,Harborline Industrial Supply,HIS,882,241,delivered,2023-06-17,2023-07-04
4514,Patriot Precision Parts,PPP,653,806,pending,2024-03-28,2024-04-13
4515,Cedar Valley Manufacturing,CVM,906,644,pending,2024-10-07,2024-10-30
4516,Frontier Aviation Components,FAC,663,125,shipped,2026-04-28,2026-04-30
4517,Harborline Industrial Supply,HIS,442,515,pending,2024-05-09,2024-06-01
4518,Pinnacle Hydraulic Systems,PHS,521,135,pending,2026-03-18,2026-04-04
4519,Cedar Valley Manufacturing,CVM,44,130,pending,2026-07-17,2026-08-07
4520,Harborline Industrial Supply,HIS,348,317,delivered,2023-02-22,2023-03-15
4521,Summit Tactical Supply,STS,205,663,pending,2023-01-27,2023-02-11
4522,Compass Maritime Supply,CMS,417,439,delivered,2025-10-03,2025-10-28
4523,Mesa Tactical Manufacturing,MTM,639,345,delivered,2025-06-24,2025-07-13
4524,Liberty Mechanical Systems,LMS,553,3,delivered,2025-11-11,2025-11-21
4525,Prairie Technical Components,PTC,847,965,delivered,2024-05-03,2024-05-16
4526,Titan Mobility Systems,TMS,906,81,shipped,2026-07-06,2026-07-14
4527,Ironclad Industrial Systems,IIS,937,745,pending,2023-08-20,2023-09-17
4528,Apex Defense Components,ADC,331,69,delivered,2025-09-17,2025-10-04
4529,Falcon Electronics Group,FEG,484,62,pending,2026-11-19,2026-12-16
4530,Titan Mobility Systems,TMS,136,100,pending,2023-11-07,2023-11-30
4531,Pinnacle Hydraulic Systems,PHS,898,105,shipped,2026-07-25,2026-08-11
4532,Heritage Logistics Supply,HLS,490,770,pending,2023-12-04,2023-12-07
4533,Titan Mobility Systems,TMS,8,248,delivered,2025-03-11,2025-03-29
4534,Cascade Aerospace Systems,CAS,248,512,delivered,2024-10-17,2024-10-30
4535,Redstone Logistics Group,RLG,385,636,delivered,2023-03-18,2023-04-14
4536,Prairie Technical Components,PTC,863,628,pending,2026-03-11,2026-03-29
4537,Sterling Power Systems,SPS,642,540,pending,2024-12-12,2025-01-07
4538,Redstone Logistics Group,RLG,965,497,pending,2025-12-17,2025-12-22
4539,Falcon Electronics Group,FEG,536,614,pending,2026-12-26,2027-01-18
4540,Patriot Precision Parts,PPP,42,905,pending,2023-05-03,2023-05-20
4541,Titan Mobility Systems,TMS,582,843,delivered,2025-05-15,2025-05-20
4542,Frontier Aviation Components,FAC,1,974,pending,2023-03-26,2023-04-09
4543,Evergreen Field Support,EFS,643,982,shipped,2026-10-03,2026-10-28
4544,Cascade Aerospace Systems,CAS,347,835,delivered,2026-02-09,2026-03-08
4545,Harborline Industrial Supply,HIS,361,877,pending,2026-01-13,2026-01-21
4546,Compass Maritime Supply,CMS,225,456,delivered,2025-09-03,2025-09-21
4547,Falcon Electronics Group,FEG,579,198,delivered,2023-11-24,2023-12-13
4548,Falcon Electronics Group,FEG,23,966,shipped,2025-02-07,2025-03-02
4549,Keystone Industrial Supply,KIS,886,930,pending,2023-11-09,2023-12-06
4550,Redstone Logistics Group,RLG,46,775,delivered,2025-03-19,2025-04-13
4551,Ironclad Industrial Systems,IIS,656,767,pending,2026-05-22,2026-06-12
4552,Atlas Ground Support,AGS,414,841,delivered,2026-02-17,2026-02-25
4553,Summit Tactical Supply,STS,603,591,shipped,2025-10-13,2025-10-14
4554,Mesa Tactical Manufacturing,MTM,248,404,shipped,2023-07-25,2023-07-31
4555,Ranger Vehicle Parts,RVP,704,634,delivered,2026-03-17,2026-03-28
4556,Redstone Logistics Group,RLG,562,749,shipped,2025-10-23,2025-11-22
4557,Gulf Coast Maintenance Parts,GCMP,697,21,shipped,2024-11-26,2024-12-01
4558,Cascade Aerospace Systems,CAS,310,752,pending,2026-12-08,2027-01-04
4559,Lone Star Equipment Group,LSEG,251,154,delivered,2026-02-03,2026-02-27
4560,Granite State Components,GSC,819,321,shipped,2025-04-07,2025-04-08
4561,Heritage Logistics Supply,HLS,109,784,shipped,2025-04-11,2025-04-12
4562,Cedar Valley Manufacturing,CVM,413,833,shipped,2025-06-02,2025-06-26
4563,Falcon Electronics Group,FEG,974,203,pending,2025-02-04,2025-02-14
4564,Lone Star Equipment Group,LSEG,450,901,pending,2025-08-07,2025-08-25
4565,Titan Mobility Systems,TMS,5,550,shipped,2023-09-07,2023-09-13
4566,Atlas Ground Support,AGS,65,747,delivered,2023-08-16,2023-08-25
4567,Heritage Logistics Supply,HLS,695,364,delivered,2026-09-12,2026-09-16
4568,Northstar Defense Supply,NDS,706,395,pending,2023-08-14,2023-08-22
4569,Summit Tactical Supply,STS,443,993,delivered,2026-12-25,2026-12-31
4570,Frontier Aviation Components,FAC,124,464,delivered,2026-04-07,2026-04-14
4571,Trident Marine Components,TMC,199,945,pending,2026-10-15,2026-10-25
4572,Cascade Aerospace Systems,CAS,872,972,delivered,2026-02-22,2026-03-17
4573,Gulf Coast Maintenance Parts,GCMP,415,277,delivered,2024-05-03,2024-05-16
4574,Redstone Logistics Group,RLG,702,863,shipped,2026-08-23,2026-08-27
4575,Compass Maritime Supply,CMS,754,227,shipped,2025-09-05,2025-09-29
4576,Cascade Aerospace Systems,CAS,15,609,pending,2025-01-19,2025-01-31
4577,Pinnacle Hydraulic Systems,PHS,567,920,shipped,2024-01-03,2024-01-06
4578,Northstar Defense Supply,NDS,547,901,delivered,2026-08-22,2026-09-18
4579,Cascade Aerospace Systems,CAS,847,756,pending,2026-06-24,2026-07-18
4580,Keystone Industrial Supply,KIS,832,672,pending,2026-09-08,2026-09-27
4581,Apex Defense Components,ADC,577,844,delivered,2026-12-06,2026-12-16
4582,Keystone Industrial Supply,KIS,420,304,delivered,2025-05-13,2025-05-31
4583,Ranger Vehicle Parts,RVP,822,331,pending,2024-03-09,2024-03-10
4584,Apex Defense Components,ADC,888,347,pending,2025-04-03,2025-04-23
4585,Evergreen Field Support,EFS,174,272,delivered,2023-07-07,2023-07-24
4586,Apex Defense Components,ADC,359,426,pending,2023-03-05,2023-04-04
4587,Lone Star Equipment Group,LSEG,706,49,delivered,2025-10-15,2025-11-13
4588,Vector Aerospace Supply,VAS,89,316,pending,2024-09-11,2024-10-07
4589,Titan Mobility Systems,TMS,287,232,shipped,2023-08-18,2023-09-11
4590,Compass Maritime Supply,CMS,73,950,delivered,2024-08-23,2024-09-14
4591,Cedar Valley Manufacturing,CVM,804,621,shipped,2023-11-25,2023-12-18
4592,Ironclad Industrial Systems,IIS,365,392,shipped,2026-12-10,2027-01-04
4593,Pinnacle Hydraulic Systems,PHS,273,207,shipped,2024-04-26,2024-05-01
4594,Gulf Coast Maintenance Parts,GCMP,444,198,pending,2026-08-13,2026-08-26
4595,Sentinel Equipment Supply,SES,491,325,pending,2026-08-23,2026-09-18
4596,Cascade Aerospace Systems,CAS,737,221,delivered,2023-10-06,2023-10-13
4597,Lone Star Equipment Group,LSEG,855,81,shipped,2023-04-07,2023-04-30
4598,Keystone Industrial Supply,KIS,990,180,delivered,2024-04-26,2024-05-23
4599,Apex Defense Components,ADC,687,543,delivered,2023-06-06,2023-06-25
4600,Sterling Power Systems,SPS,564,934,shipped,2026-09-02,2026-09-06
4601,Vector Aerospace Supply,VAS,580,952,pending,2025-12-19,2026-01-02
4602,Keystone Industrial Supply,KIS,622,132,shipped,2026-08-04,2026-08-09
4603,Sterling Power Systems,SPS,364,821,delivered,2024-10-01,2024-10-06
4604,Ironclad Industrial Systems,IIS,914,177,shipped,2024-09-21,2024-10-17
4605,Prairie Technical Components,PTC,413,366,pending,2026-01-16,2026-02-12
4606,Pinnacle Hydraulic Systems,PHS,542,969,shipped,2023-04-04,2023-04-16
4607,Titan Mobility Systems,TMS,652,993,delivered,2026-09-03,2026-09-15
4608,Frontier Aviation Components,FAC,829,946,delivered,2026-02-12,2026-03-14
4609,Frontier Aviation Components,FAC,356,442,pending,2023-03-18,2023-03-27
4610,Sentinel Equipment Supply,SES,732,757,pending,2023-12-05,2023-12-29
4611,Evergreen Field Support,EFS,524,108,delivered,2023-09-04,2023-09-27
4612,Sterling Power Systems,SPS,493,496,shipped,2025-03-08,2025-03-21
4613,Gulf Coast Maintenance Parts,GCMP,158,514,delivered,2023-02-20,2023-03-13
4614,Summit Tactical Supply,STS,563,236,shipped,2025-09-16,2025-10-11
4615,Prairie Technical Components,PTC,507,847,delivered,2023-08-02,2023-08-13
4616,Ranger Vehicle Parts,RVP,750,60,shipped,2026-01-13,2026-01-28
4617,Trident Marine Components,TMC,846,650,pending,2025-12-12,2025-12-18
4618,Evergreen Field Support,EFS,225,547,delivered,2023-03-20,2023-04-16
4619,Sterling Power Systems,SPS,728,79,delivered,2025-12-26,2026-01-22
4620,Prairie Technical Components,PTC,679,947,shipped,2025-10-23,2025-11-15
4621,Vector Aerospace Supply,VAS,193,641,pending,2024-10-16,2024-10-27
4622,Gulf Coast Maintenance Parts,GCMP,235,307,pending,2026-01-04,2026-01-31
4623,Pinnacle Hydraulic Systems,PHS,119,161,pending,2026-08-21,2026-09-09
4624,Cascade Aerospace Systems,CAS,871,728,delivered,2024-09-15,2024-09-23
4625,Cascade Aerospace Systems,CAS,95,371,pending,2026-10-18,2026-11-17
4626,Liberty Mechanical Systems,LMS,615,348,shipped,2025-05-08,2025-05-29
4627,Heritage Logistics Supply,HLS,863,227,pending,2023-06-09,2023-06-12
4628,Trident Marine Components,TMC,326,534,pending,2025-06-19,2025-07-01
4629,Lone Star Equipment Group,LSEG,919,664,pending,2024-03-23,2024-03-26
4630,Titan Mobility Systems,TMS,96,573,shipped,2025-03-05,2025-03-14
4631,Frontier Aviation Components,FAC,659,910,pending,2024-01-07,2024-01-08
4632,Redstone Logistics Group,RLG,934,167,delivered,2024-01-10,2024-01-31
4633,Ironclad Industrial Systems,IIS,746,313,pending,2026-04-19,2026-04-26
4634,Ironclad Industrial Systems,IIS,856,648,delivered,2023-11-10,2023-11-15
4635,Keystone Industrial Supply,KIS,838,568,delivered,2025-07-10,2025-07-28
4636,Vector Aerospace Supply,VAS,199,748,pending,2026-12-07,2026-12-09
4637,Heritage Logistics Supply,HLS,13,58,pending,2025-12-27,2026-01-16
4638,Apex Defense Components,ADC,710,434,pending,2023-08-01,2023-08-02
4639,Falcon Electronics Group,FEG,148,916,delivered,2025-06-21,2025-06-27
4640,Atlas Ground Support,AGS,887,726,pending,2025-04-14,2025-04-30
4641,Evergreen Field Support,EFS,735,626,pending,2025-01-14,2025-01-21
4642,Sterling Power Systems,SPS,598,778,delivered,2024-07-18,2024-07-21
4643,Gulf Coast Maintenance Parts,GCMP,843,591,delivered,2024-07-01,2024-07-30
4644,Keystone Industrial Supply,KIS,723,291,shipped,2025-12-22,2025-12-25
4645,Blue Ridge Defense Manufacturing,BRDM,3,392,shipped,2023-04-12,2023-05-05
4646,Sentinel Equipment Supply,SES,107,750,pending,2023-07-05,2023-07-18
4647,Ranger Vehicle Parts,RVP,889,695,pending,2026-05-06,2026-05-20
4648,Patriot Precision Parts,PPP,628,131,pending,2026-12-14,2026-12-31
4649,Falcon Electronics Group,FEG,630,152,delivered,2024-11-27,2024-12-14
4650,Lone Star Equipment Group,LSEG,790,831,pending,2026-04-02,2026-05-01
4651,Sterling Power Systems,SPS,808,65,shipped,2024-01-21,2024-02-10
4652,Summit Tactical Supply,STS,440,535,delivered,2025-12-26,2025-12-29
4653,Sterling Power Systems,SPS,227,52,pending,2026-02-16,2026-03-08
4654,Gulf Coast Maintenance Parts,GCMP,324,894,shipped,2023-04-10,2023-05-01
4655,Keystone Industrial Supply,KIS,469,631,delivered,2024-03-15,2024-03-30
4656,Titan Mobility Systems,TMS,779,553,pending,2026-06-24,2026-07-15
4657,Atlas Ground Support,AGS,981,639,delivered,2023-09-15,2023-09-28
4658,Redstone Logistics Group,RLG,288,189,pending,2026-09-11,2026-09-14
4659,Sentinel Equipment Supply,SES,537,699,shipped,2025-09-24,2025-10-16
4660,Mesa Tactical Manufacturing,MTM,706,703,delivered,2023-02-02,2023-02-25
4661,Cedar Valley Manufacturing,CVM,67,912,pending,2026-01-08,2026-01-10
4662,Harborline Industrial Supply,HIS,302,767,delivered,2024-11-16,2024-11-17
4663,Keystone Industrial Supply,KIS,507,691,pending,2025-01-15,2025-02-06
4664,Blue Ridge Defense Manufacturing,BRDM,742,159,delivered,2024-02-09,2024-02-26
4665,Granite State Components,GSC,741,174,delivered,2024-10-20,2024-11-09
4666,Ranger Vehicle Parts,RVP,765,591,delivered,2025-09-20,2025-10-04
4667,Evergreen Field Support,EFS,481,261,pending,2025-11-03,2025-11-27
4668,Cedar Valley Manufacturing,CVM,899,981,pending,2024-09-26,2024-09-29
4669,Trident Marine Components,TMC,202,640,delivered,2024-01-26,2024-02-03
4670,Harborline Industrial Supply,HIS,425,459,pending,2024-05-26,2024-06-05
4671,Titan Mobility Systems,TMS,99,676,shipped,2025-09-11,2025-10-04
4672,Patriot Precision Parts,PPP,562,821,shipped,2024-11-07,2024-12-01
4673,Ranger Vehicle Parts,RVP,655,529,shipped,2025-01-13,2025-02-05
4674,Patriot Precision Parts,PPP,184,549,delivered,2025-07-10,2025-08-09
4675,Cedar Valley Manufacturing,CVM,676,779,delivered,2025-07-27,2025-08-10
4676,Pinnacle Hydraulic Systems,PHS,372,298,shipped,2024-09-27,2024-10-07
4677,Pinnacle Hydraulic Systems,PHS,921,76,pending,2024-08-24,2024-09-06
4678,Keystone Industrial Supply,KIS,190,186,pending,2024-07-06,2024-07-12
4679,Blue Ridge Defense Manufacturing,BRDM,875,61,shipped,2024-01-08,2024-01-31
4680,Trident Marine Components,TMC,624,337,shipped,2024-07-28,2024-07-29
4681,Mesa Tactical Manufacturing,MTM,599,826,delivered,2023-11-14,2023-12-13
4682,Granite State Components,GSC,165,181,delivered,2025-09-25,2025-10-19
4683,Heritage Logistics Supply,HLS,441,736,shipped,2025-06-23,2025-07-21
4684,Patriot Precision Parts,PPP,115,764,pending,2024-03-10,2024-03-11
4685,Sterling Power Systems,SPS,561,956,pending,2024-11-26,2024-12-23
4686,Gulf Coast Maintenance Parts,GCMP,89,981,shipped,2023-11-13,2023-11-30
4687,Frontier Aviation Components,FAC,302,383,pending,2023-09-21,2023-10-17
4688,Lone Star Equipment Group,LSEG,388,536,delivered,2025-12-21,2026-01-19
4689,Atlas Ground Support,AGS,965,117,shipped,2025-08-28,2025-09-05
4690,Trident Marine Components,TMC,730,103,pending,2026-03-20,2026-03-26
4691,Sterling Power Systems,SPS,351,251,shipped,2023-05-20,2023-06-01
4692,Falcon Electronics Group,FEG,239,334,pending,2025-12-22,2026-01-14
4693,Atlas Ground Support,AGS,15,937,pending,2025-10-05,2025-10-19
4694,Vector Aerospace Supply,VAS,23,285,delivered,2024-09-25,2024-10-19
4695,Heritage Logistics Supply,HLS,634,260,pending,2024-06-07,2024-06-27
4696,Patriot Precision Parts,PPP,261,980,pending,2026-05-26,2026-06-24
4697,Heritage Logistics Supply,HLS,629,732,delivered,2025-06-20,2025-07-10
4698,Atlas Ground Support,AGS,905,944,delivered,2025-11-18,2025-12-11
4699,Prairie Technical Components,PTC,851,650,delivered,2026-05-10,2026-05-20
4700,Gulf Coast Maintenance Parts,GCMP,547,383,shipped,2025-12-20,2026-01-07
4701,Harborline Industrial Supply,HIS,951,887,shipped,2024-01-11,2024-01-28
4702,Cascade Aerospace Systems,CAS,391,687,shipped,2023-04-09,2023-04-12
4703,Liberty Mechanical Systems,LMS,523,785,shipped,2025-03-07,2025-03-24
4704,Granite State Components,GSC,753,395,shipped,2025-05-11,2025-05-13
4705,Blue Ridge Defense Manufacturing,BRDM,774,129,shipped,2023-03-11,2023-04-10
4706,Gulf Coast Maintenance Parts,GCMP,89,947,shipped,2024-12-07,2024-12-25
4707,Frontier Aviation Components,FAC,277,278,shipped,2026-07-25,2026-08-13
4708,Gulf Coast Maintenance Parts,GCMP,246,68,delivered,2026-12-10,2026-12-17
4709,Titan Mobility Systems,TMS,279,635,delivered,2025-04-19,2025-05-04
4710,Pinnacle Hydraulic Systems,PHS,868,671,delivered,2024-10-15,2024-11-05
4711,Frontier Aviation Components,FAC,639,511,pending,2023-01-12,2023-01-30
4712,Titan Mobility Systems,TMS,810,266,pending,2024-09-16,2024-09-24
4713,Prairie Technical Components,PTC,842,102,delivered,2024-06-09,2024-06-11
4714,Titan Mobility Systems,TMS,599,267,delivered,2025-08-01,2025-08-27
4715,Cedar Valley Manufacturing,CVM,883,233,shipped,2026-06-22,2026-07-05
4716,Harborline Industrial Supply,HIS,82,644,pending,2026-07-13,2026-08-09
4717,Sentinel Equipment Supply,SES,593,20,pending,2025-08-16,2025-08-19
4718,Harborline Industrial Supply,HIS,924,615,delivered,2026-12-23,2026-12-31
4719,Summit Tactical Supply,STS,444,153,pending,2025-05-24,2025-06-12
4720,Compass Maritime Supply,CMS,225,694,delivered,2026-02-12,2026-03-05
4721,Titan Mobility Systems,TMS,97,4,shipped,2026-10-14,2026-10-21
4722,Cascade Aerospace Systems,CAS,927,778,delivered,2023-05-26,2023-06-13
4723,Pinnacle Hydraulic Systems,PHS,638,417,shipped,2025-05-05,2025-05-09
4724,Falcon Electronics Group,FEG,692,104,delivered,2025-02-19,2025-02-21
4725,Falcon Electronics Group,FEG,597,287,pending,2024-02-17,2024-02-20
4726,Summit Tactical Supply,STS,692,771,delivered,2023-02-18,2023-03-18
4727,Cascade Aerospace Systems,CAS,949,145,shipped,2026-05-01,2026-05-27
4728,Evergreen Field Support,EFS,248,951,shipped,2025-09-22,2025-09-24
4729,Northstar Defense Supply,NDS,47,219,delivered,2025-05-03,2025-05-05
4730,Vector Aerospace Supply,VAS,923,657,shipped,2026-11-02,2026-11-17
4731,Sentinel Equipment Supply,SES,314,832,pending,2025-05-01,2025-05-26
4732,Gulf Coast Maintenance Parts,GCMP,532,24,pending,2025-08-07,2025-08-31
4733,Mesa Tactical Manufacturing,MTM,919,272,pending,2024-06-16,2024-07-04
4734,Vector Aerospace Supply,VAS,776,997,delivered,2023-07-08,2023-08-03
4735,Atlas Ground Support,AGS,612,112,delivered,2024-10-08,2024-11-05
4736,Mesa Tactical Manufacturing,MTM,151,876,pending,2023-03-15,2023-03-27
4737,Mesa Tactical Manufacturing,MTM,355,729,pending,2024-04-04,2024-04-05
4738,Pinnacle Hydraulic Systems,PHS,602,99,pending,2024-11-19,2024-12-12
4739,Compass Maritime Supply,CMS,651,605,pending,2025-09-26,2025-09-28
4740,Pinnacle Hydraulic Systems,PHS,959,906,pending,2025-10-02,2025-10-04
4741,Falcon Electronics Group,FEG,375,946,pending,2023-06-17,2023-07-16
4742,Atlas Ground Support,AGS,122,182,shipped,2023-05-02,2023-05-08
4743,Summit Tactical Supply,STS,995,988,shipped,2024-12-05,2024-12-19
4744,Mesa Tactical Manufacturing,MTM,258,848,shipped,2025-02-21,2025-02-25
4745,Apex Defense Components,ADC,54,240,delivered,2026-12-07,2026-12-08
4746,Granite State Components,GSC,192,396,shipped,2023-01-06,2023-01-24
4747,Evergreen Field Support,EFS,866,300,delivered,2026-09-27,2026-09-29
4748,Summit Tactical Supply,STS,544,943,delivered,2023-09-03,2023-09-18
4749,Redstone Logistics Group,RLG,619,358,shipped,2025-01-25,2025-02-11
4750,Sentinel Equipment Supply,SES,989,572,pending,2025-08-16,2025-09-01
4751,Apex Defense Components,ADC,297,423,shipped,2026-10-16,2026-11-05
4752,Lone Star Equipment Group,LSEG,358,812,shipped,2025-11-10,2025-12-07
4753,Falcon Electronics Group,FEG,314,832,delivered,2026-01-12,2026-01-14
4754,Sterling Power Systems,SPS,677,167,pending,2023-03-28,2023-04-17
4755,Apex Defense Components,ADC,889,593,delivered,2025-03-27,2025-04-17
4756,Blue Ridge Defense Manufacturing,BRDM,118,648,pending,2023-08-20,2023-08-24
4757,Patriot Precision Parts,PPP,368,223,pending,2026-10-26,2026-11-06
4758,Summit Tactical Supply,STS,335,968,pending,2026-03-02,2026-03-12
4759,Sterling Power Systems,SPS,115,694,shipped,2025-01-08,2025-01-30
4760,Ranger Vehicle Parts,RVP,71,533,shipped,2025-04-20,2025-05-16
4761,Sentinel Equipment Supply,SES,346,381,pending,2024-10-25,2024-11-19
4762,Sentinel Equipment Supply,SES,391,825,shipped,2023-04-12,2023-04-14
4763,Titan Mobility Systems,TMS,801,525,pending,2025-05-03,2025-05-20
4764,Sentinel Equipment Supply,SES,632,853,pending,2023-12-15,2023-12-19
4765,Apex Defense Components,ADC,271,604,pending,2025-07-01,2025-07-17
4766,Harborline Industrial Supply,HIS,633,438,shipped,2023-07-17,2023-08-06
4767,Compass Maritime Supply,CMS,130,960,pending,2025-07-09,2025-07-21
4768,Trident Marine Components,TMC,645,369,pending,2025-08-09,2025-08-31
4769,Cedar Valley Manufacturing,CVM,746,322,shipped,2026-06-23,2026-06-26
4770,Vector Aerospace Supply,VAS,968,355,delivered,2025-10-02,2025-10-12
4771,Prairie Technical Components,PTC,131,212,delivered,2026-09-13,2026-09-25
4772,Atlas Ground Support,AGS,21,17,pending,2025-01-27,2025-02-20
4773,Cedar Valley Manufacturing,CVM,358,940,pending,2025-06-11,2025-07-08
4774,Evergreen Field Support,EFS,681,987,shipped,2026-11-06,2026-11-15
4775,Northstar Defense Supply,NDS,686,419,shipped,2026-12-15,2027-01-11
4776,Redstone Logistics Group,RLG,90,374,delivered,2025-11-28,2025-12-15
4777,Sterling Power Systems,SPS,969,95,shipped,2026-06-10,2026-06-20
4778,Apex Defense Components,ADC,241,744,delivered,2026-10-06,2026-10-20
4779,Evergreen Field Support,EFS,352,799,shipped,2023-01-24,2023-02-17
4780,Ironclad Industrial Systems,IIS,103,178,pending,2025-12-04,2026-01-03
4781,Trident Marine Components,TMC,993,29,delivered,2023-12-10,2023-12-21
4782,Pinnacle Hydraulic Systems,PHS,669,251,pending,2026-05-09,2026-06-01
4783,Cedar Valley Manufacturing,CVM,611,346,delivered,2026-04-21,2026-05-08
4784,Trident Marine Components,TMC,982,255,delivered,2026-09-05,2026-09-21
4785,Compass Maritime Supply,CMS,912,906,delivered,2026-06-17,2026-06-19
4786,Redstone Logistics Group,RLG,998,564,pending,2023-01-04,2023-01-20
4787,Northstar Defense Supply,NDS,614,495,pending,2026-03-11,2026-04-01
4788,Blue Ridge Defense Manufacturing,BRDM,288,578,pending,2026-12-06,2026-12-09
4789,Trident Marine Components,TMC,934,855,shipped,2026-12-27,2027-01-04
4790,Gulf Coast Maintenance Parts,GCMP,212,824,shipped,2023-07-21,2023-08-19
4791,Titan Mobility Systems,TMS,549,780,pending,2026-06-09,2026-06-18
4792,Trident Marine Components,TMC,549,776,shipped,2026-02-23,2026-03-16
4793,Patriot Precision Parts,PPP,153,88,shipped,2024-09-27,2024-10-09
4794,Sentinel Equipment Supply,SES,770,616,shipped,2024-01-23,2024-02-05
4795,Sterling Power Systems,SPS,229,544,pending,2024-10-01,2024-10-12
4796,Blue Ridge Defense Manufacturing,BRDM,885,884,shipped,2025-06-09,2025-06-23
4797,Mesa Tactical Manufacturing,MTM,402,883,shipped,2026-03-14,2026-03-25
4798,Redstone Logistics Group,RLG,310,574,shipped,2025-09-04,2025-10-04
4799,Compass Maritime Supply,CMS,628,661,pending,2026-06-22,2026-07-21
4800,Redstone Logistics Group,RLG,126,410,pending,2023-10-21,2023-11-02
4801,Redstone Logistics Group,RLG,717,896,delivered,2023-10-28,2023-11-19
4802,Harborline Industrial Supply,HIS,751,438,delivered,2023-10-19,2023-10-23
4803,Gulf Coast Maintenance Parts,GCMP,118,518,pending,2026-06-05,2026-06-26
4804,Cascade Aerospace Systems,CAS,588,215,pending,2025-07-28,2025-08-11
4805,Mesa Tactical Manufacturing,MTM,805,466,shipped,2023-08-01,2023-08-22
4806,Lone Star Equipment Group,LSEG,237,456,shipped,2024-06-13,2024-06-18
4807,Mesa Tactical Manufacturing,MTM,318,824,pending,2023-10-15,2023-11-05
4808,Falcon Electronics Group,FEG,410,771,delivered,2023-12-15,2023-12-18
4809,Ranger Vehicle Parts,RVP,837,714,delivered,2023-03-25,2023-03-26
4810,Cascade Aerospace Systems,CAS,852,305,pending,2024-05-23,2024-06-16
4811,Vector Aerospace Supply,VAS,486,449,pending,2023-09-05,2023-09-17
4812,Apex Defense Components,ADC,669,230,shipped,2024-04-08,2024-04-13
4813,Gulf Coast Maintenance Parts,GCMP,444,27,pending,2025-03-15,2025-03-24
4814,Ranger Vehicle Parts,RVP,658,566,pending,2023-09-07,2023-09-19
4815,Frontier Aviation Components,FAC,31,983,delivered,2023-05-04,2023-05-27
4816,Cedar Valley Manufacturing,CVM,908,302,pending,2025-07-10,2025-07-29
4817,Mesa Tactical Manufacturing,MTM,176,60,delivered,2026-11-25,2026-12-03
4818,Compass Maritime Supply,CMS,762,708,delivered,2024-04-10,2024-05-04
4819,Atlas Ground Support,AGS,176,859,pending,2025-08-03,2025-08-13
4820,Evergreen Field Support,EFS,775,978,pending,2026-01-04,2026-01-24
4821,Redstone Logistics Group,RLG,187,688,pending,2025-11-06,2025-11-09
4822,Lone Star Equipment Group,LSEG,514,179,pending,2023-08-14,2023-08-20
4823,Patriot Precision Parts,PPP,980,177,pending,2023-10-06,2023-10-26
4824,Harborline Industrial Supply,HIS,427,575,delivered,2025-10-25,2025-11-15
4825,Vector Aerospace Supply,VAS,824,575,delivered,2023-05-27,2023-05-28
4826,Patriot Precision Parts,PPP,629,487,delivered,2023-03-24,2023-04-21
4827,Northstar Defense Supply,NDS,655,564,shipped,2026-06-04,2026-06-17
4828,Cascade Aerospace Systems,CAS,485,551,shipped,2025-08-20,2025-09-10
4829,Ironclad Industrial Systems,IIS,648,994,delivered,2026-02-10,2026-02-25
4830,Pinnacle Hydraulic Systems,PHS,359,882,pending,2025-12-02,2025-12-25
4831,Ironclad Industrial Systems,IIS,938,237,pending,2025-07-01,2025-07-17
4832,Redstone Logistics Group,RLG,444,548,delivered,2025-10-20,2025-10-29
4833,Gulf Coast Maintenance Parts,GCMP,896,236,pending,2023-04-12,2023-04-19
4834,Ranger Vehicle Parts,RVP,511,83,delivered,2023-10-02,2023-11-01
4835,Falcon Electronics Group,FEG,185,474,pending,2023-05-28,2023-05-29
4836,Sentinel Equipment Supply,SES,513,927,pending,2024-04-19,2024-05-17
4837,Frontier Aviation Components,FAC,844,853,shipped,2023-06-15,2023-07-11
4838,Vector Aerospace Supply,VAS,406,796,delivered,2024-06-11,2024-06-25
4839,Heritage Logistics Supply,HLS,41,918,pending,2026-03-13,2026-03-14
4840,Falcon Electronics Group,FEG,564,174,pending,2025-07-06,2025-08-02
4841,Cedar Valley Manufacturing,CVM,681,977,delivered,2025-03-28,2025-03-29
4842,Keystone Industrial Supply,KIS,154,291,pending,2023-10-06,2023-10-13
4843,Blue Ridge Defense Manufacturing,BRDM,799,255,delivered,2026-02-05,2026-03-06
4844,Gulf Coast Maintenance Parts,GCMP,835,737,shipped,2025-04-10,2025-04-15
4845,Granite State Components,GSC,598,882,pending,2026-01-05,2026-01-24
4846,Heritage Logistics Supply,HLS,867,752,delivered,2026-05-28,2026-06-10
4847,Mesa Tactical Manufacturing,MTM,403,466,delivered,2026-01-23,2026-02-06
4848,Sterling Power Systems,SPS,146,518,delivered,2025-11-03,2025-11-23
4849,Sterling Power Systems,SPS,474,333,pending,2024-12-23,2024-12-26
4850,Prairie Technical Components,PTC,314,453,shipped,2024-05-21,2024-05-30
4851,Heritage Logistics Supply,HLS,513,224,delivered,2025-09-22,2025-10-21
4852,Vector Aerospace Supply,VAS,996,51,delivered,2023-10-24,2023-11-07
4853,Falcon Electronics Group,FEG,532,941,pending,2025-08-23,2025-09-16
4854,Northstar Defense Supply,NDS,291,484,pending,2025-04-18,2025-04-29
4855,Ironclad Industrial Systems,IIS,619,795,pending,2024-08-12,2024-08-17
4856,Evergreen Field Support,EFS,334,480,delivered,2023-01-16,2023-02-15
4857,Redstone Logistics Group,RLG,647,36,shipped,2024-09-13,2024-10-10
4858,Keystone Industrial Supply,KIS,403,796,pending,2023-11-05,2023-11-28
4859,Northstar Defense Supply,NDS,895,559,pending,2024-03-22,2024-04-09
4860,Redstone Logistics Group,RLG,269,854,delivered,2025-02-26,2025-03-16
4861,Lone Star Equipment Group,LSEG,960,770,pending,2023-12-02,2023-12-29
4862,Redstone Logistics Group,RLG,92,6,shipped,2025-09-12,2025-09-27
4863,Trident Marine Components,TMC,805,776,shipped,2026-12-19,2026-12-22
4864,Ranger Vehicle Parts,RVP,766,788,shipped,2024-11-23,2024-12-15
4865,Heritage Logistics Supply,HLS,297,666,delivered,2025-10-21,2025-10-23
4866,Blue Ridge Defense Manufacturing,BRDM,346,672,shipped,2026-12-04,2026-12-30
4867,Ironclad Industrial Systems,IIS,196,84,shipped,2025-02-22,2025-03-13
4868,Blue Ridge Defense Manufacturing,BRDM,728,47,pending,2023-01-11,2023-01-17
4869,Redstone Logistics Group,RLG,287,725,shipped,2026-02-22,2026-03-18
4870,Trident Marine Components,TMC,47,661,shipped,2026-10-05,2026-10-28
4871,Cedar Valley Manufacturing,CVM,420,301,shipped,2026-03-17,2026-04-04
4872,Liberty Mechanical Systems,LMS,439,819,shipped,2023-06-21,2023-06-25
4873,Patriot Precision Parts,PPP,948,230,shipped,2023-10-15,2023-10-24
4874,Frontier Aviation Components,FAC,134,45,shipped,2024-01-08,2024-01-29
4875,Summit Tactical Supply,STS,946,797,pending,2023-03-25,2023-04-02
4876,Harborline Industrial Supply,HIS,174,137,shipped,2025-03-15,2025-04-11
4877,Evergreen Field Support,EFS,572,72,shipped,2024-02-15,2024-03-01
4878,Evergreen Field Support,EFS,912,188,shipped,2024-11-26,2024-12-03
4879,Ironclad Industrial Systems,IIS,983,47,pending,2025-12-11,2026-01-05
4880,Apex Defense Components,ADC,662,566,shipped,2026-03-15,2026-03-26
4881,Cedar Valley Manufacturing,CVM,609,830,delivered,2025-10-07,2025-10-27
4882,Atlas Ground Support,AGS,882,974,delivered,2024-10-15,2024-11-14
4883,Prairie Technical Components,PTC,420,135,pending,2023-11-12,2023-12-10
4884,Harborline Industrial Supply,HIS,399,541,shipped,2025-04-27,2025-04-29
4885,Prairie Technical Components,PTC,563,733,delivered,2024-09-20,2024-09-29
4886,Apex Defense Components,ADC,606,509,delivered,2024-07-04,2024-07-18
4887,Ranger Vehicle Parts,RVP,538,314,delivered,2024-09-19,2024-10-13
4888,Sterling Power Systems,SPS,101,699,pending,2026-06-11,2026-06-25
4889,Trident Marine Components,TMC,554,113,delivered,2023-08-09,2023-09-07
4890,Liberty Mechanical Systems,LMS,729,371,pending,2026-07-17,2026-08-06
4891,Vector Aerospace Supply,VAS,201,544,shipped,2024-03-08,2024-03-16
4892,Vector Aerospace Supply,VAS,178,387,pending,2025-04-12,2025-04-21
4893,Patriot Precision Parts,PPP,343,95,pending,2026-08-25,2026-08-26
4894,Apex Defense Components,ADC,779,413,pending,2026-05-23,2026-05-31
4895,Liberty Mechanical Systems,LMS,733,446,delivered,2026-06-12,2026-06-17
4896,Frontier Aviation Components,FAC,96,851,delivered,2023-01-04,2023-01-12
4897,Sentinel Equipment Supply,SES,594,57,pending,2024-06-22,2024-07-12
4898,Keystone Industrial Supply,KIS,104,136,shipped,2024-10-23,2024-10-31
4899,Northstar Defense Supply,NDS,16,560,pending,2023-05-28,2023-06-04
4900,Redstone Logistics Group,RLG,189,970,shipped,2024-07-28,2024-08-13
4901,Pinnacle Hydraulic Systems,PHS,759,185,pending,2023-05-11,2023-06-05
4902,Mesa Tactical Manufacturing,MTM,606,349,pending,2023-09-06,2023-09-12
4903,Redstone Logistics Group,RLG,933,586,shipped,2025-02-24,2025-03-21
4904,Cascade Aerospace Systems,CAS,404,492,delivered,2023-01-19,2023-01-22
4905,Mesa Tactical Manufacturing,MTM,235,103,delivered,2023-04-24,2023-05-17
4906,Granite State Components,GSC,329,258,delivered,2025-04-03,2025-04-04
4907,Titan Mobility Systems,TMS,874,979,delivered,2023-06-22,2023-07-05
4908,Trident Marine Components,TMC,222,439,shipped,2024-08-05,2024-08-22
4909,Prairie Technical Components,PTC,202,7,pending,2023-05-24,2023-06-19
4910,Heritage Logistics Supply,HLS,741,733,delivered,2025-12-12,2026-01-06
4911,Ranger Vehicle Parts,RVP,805,257,delivered,2026-12-10,2026-12-12
4912,Patriot Precision Parts,PPP,695,792,shipped,2023-05-21,2023-06-02
4913,Redstone Logistics Group,RLG,780,995,delivered,2026-11-12,2026-11-20
4914,Vector Aerospace Supply,VAS,617,36,pending,2024-04-09,2024-05-06
4915,Redstone Logistics Group,RLG,890,898,shipped,2023-05-09,2023-05-11
4916,Cascade Aerospace Systems,CAS,883,158,delivered,2026-03-26,2026-04-06
4917,Trident Marine Components,TMC,756,876,shipped,2025-06-02,2025-06-05
4918,Keystone Industrial Supply,KIS,925,893,shipped,2023-02-09,2023-02-21
4919,Northstar Defense Supply,NDS,380,987,delivered,2025-03-02,2025-03-13
4920,Trident Marine Components,TMC,523,562,shipped,2026-06-08,2026-06-30
4921,Cascade Aerospace Systems,CAS,867,255,pending,2024-06-03,2024-06-17
4922,Evergreen Field Support,EFS,789,347,shipped,2023-12-01,2023-12-15
4923,Lone Star Equipment Group,LSEG,205,987,delivered,2026-08-04,2026-08-10
4924,Sentinel Equipment Supply,SES,551,323,delivered,2025-03-14,2025-04-13
4925,Gulf Coast Maintenance Parts,GCMP,627,721,shipped,2025-05-27,2025-06-26
4926,Keystone Industrial Supply,KIS,248,966,shipped,2023-11-23,2023-12-03
4927,Ranger Vehicle Parts,RVP,691,795,shipped,2024-11-07,2024-11-13
4928,Ranger Vehicle Parts,RVP,712,528,delivered,2024-12-04,2024-12-14
4929,Redstone Logistics Group,RLG,855,329,delivered,2025-05-06,2025-05-19
4930,Prairie Technical Components,PTC,597,447,pending,2026-04-24,2026-05-21
4931,Ranger Vehicle Parts,RVP,668,397,pending,2023-04-11,2023-04-21
4932,Prairie Technical Components,PTC,487,172,delivered,2026-04-21,2026-05-08
4933,Harborline Industrial Supply,HIS,183,619,delivered,2026-05-07,2026-05-26
4934,Apex Defense Components,ADC,812,658,delivered,2025-11-24,2025-11-27
4935,Prairie Technical Components,PTC,269,909,shipped,2026-07-07,2026-08-03
4936,Gulf Coast Maintenance Parts,GCMP,668,25,pending,2025-01-06,2025-01-20
4937,Lone Star Equipment Group,LSEG,380,178,delivered,2024-08-27,2024-09-08
4938,Prairie Technical Components,PTC,505,517,pending,2026-04-26,2026-05-20
4939,Lone Star Equipment Group,LSEG,491,789,shipped,2026-01-01,2026-01-05
4940,Patriot Precision Parts,PPP,81,966,delivered,2025-08-20,2025-08-25
4941,Lone Star Equipment Group,LSEG,273,370,delivered,2025-10-18,2025-10-24
4942,Sterling Power Systems,SPS,658,708,delivered,2026-05-27,2026-06-13
4943,Ironclad Industrial Systems,IIS,570,336,shipped,2025-09-17,2025-10-05
4944,Pinnacle Hydraulic Systems,PHS,595,584,shipped,2024-01-08,2024-01-18
4945,Mesa Tactical Manufacturing,MTM,35,467,pending,2025-08-03,2025-08-29
4946,Evergreen Field Support,EFS,249,327,delivered,2026-08-14,2026-08-30
4947,Sentinel Equipment Supply,SES,422,346,pending,2023-05-03,2023-05-28
4948,Cascade Aerospace Systems,CAS,50,684,shipped,2026-10-17,2026-11-04
4949,Gulf Coast Maintenance Parts,GCMP,823,241,shipped,2023-03-10,2023-03-24
4950,Evergreen Field Support,EFS,544,461,delivered,2023-05-07,2023-05-18
4951,Gulf Coast Maintenance Parts,GCMP,340,651,pending,2023-03-18,2023-03-25
4952,Redstone Logistics Group,RLG,713,319,pending,2024-02-02,2024-02-05
4953,Cascade Aerospace Systems,CAS,352,999,delivered,2024-10-06,2024-11-03
4954,Summit Tactical Supply,STS,539,214,shipped,2026-02-17,2026-03-01
4955,Keystone Industrial Supply,KIS,534,951,delivered,2023-12-07,2023-12-29
4956,Sterling Power Systems,SPS,418,153,delivered,2025-09-13,2025-09-15
4957,Cedar Valley Manufacturing,CVM,647,357,pending,2025-07-13,2025-07-25
4958,Evergreen Field Support,EFS,219,429,pending,2026-10-13,2026-11-07
4959,Pinnacle Hydraulic Systems,PHS,238,361,shipped,2026-11-22,2026-12-17
4960,Pinnacle Hydraulic Systems,PHS,919,594,pending,2023-02-27,2023-03-11
4961,Ranger Vehicle Parts,RVP,258,766,pending,2025-10-10,2025-10-30
4962,Frontier Aviation Components,FAC,345,277,delivered,2025-06-22,2025-06-23
4963,Titan Mobility Systems,TMS,624,189,delivered,2025-12-03,2025-12-07
4964,Keystone Industrial Supply,KIS,814,885,shipped,2026-04-10,2026-05-10
4965,Cedar Valley Manufacturing,CVM,774,976,shipped,2025-07-15,2025-07-18
4966,Patriot Precision Parts,PPP,264,961,shipped,2026-04-10,2026-05-04
4967,Pinnacle Hydraulic Systems,PHS,946,237,delivered,2025-02-28,2025-03-10
4968,Mesa Tactical Manufacturing,MTM,53,64,delivered,2025-03-09,2025-03-12
4969,Harborline Industrial Supply,HIS,944,771,delivered,2024-09-08,2024-09-12
4970,Redstone Logistics Group,RLG,605,329,delivered,2023-06-24,2023-07-13
4971,Falcon Electronics Group,FEG,406,173,delivered,2026-04-03,2026-04-14
4972,Trident Marine Components,TMC,281,707,pending,2026-08-11,2026-08-27
4973,Falcon Electronics Group,FEG,624,218,delivered,2024-03-08,2024-03-15
4974,Granite State Components,GSC,33,443,pending,2024-09-28,2024-10-16
4975,Atlas Ground Support,AGS,927,983,pending,2023-10-25,2023-11-03
4976,Atlas Ground Support,AGS,803,911,delivered,2024-07-02,2024-07-25
4977,Northstar Defense Supply,NDS,622,148,pending,2023-08-11,2023-08-14
4978,Apex Defense Components,ADC,960,266,pending,2026-03-03,2026-03-06
4979,Gulf Coast Maintenance Parts,GCMP,588,565,shipped,2024-02-02,2024-02-09
4980,Falcon Electronics Group,FEG,720,576,shipped,2025-12-27,2026-01-11
4981,Vector Aerospace Supply,VAS,923,243,delivered,2024-05-22,2024-06-21
4982,Evergreen Field Support,EFS,636,774,shipped,2023-02-20,2023-03-02
4983,Atlas Ground Support,AGS,940,469,shipped,2024-02-06,2024-02-29
4984,Cascade Aerospace Systems,CAS,332,205,pending,2025-12-16,2026-01-12
4985,Cedar Valley Manufacturing,CVM,700,461,shipped,2023-05-08,2023-05-31
4986,Summit Tactical Supply,STS,772,710,pending,2024-02-27,2024-02-28
4987,Redstone Logistics Group,RLG,351,857,delivered,2024-09-09,2024-09-11
4988,Cascade Aerospace Systems,CAS,553,298,delivered,2024-07-26,2024-08-01
4989,Mesa Tactical Manufacturing,MTM,210,154,pending,2024-04-11,2024-04-22
4990,Trident Marine Components,TMC,739,301,delivered,2024-06-14,2024-06-21
4991,Vector Aerospace Supply,VAS,684,977,shipped,2024-09-12,2024-09-16
4992,Pinnacle Hydraulic Systems,PHS,916,624,pending,2025-11-05,2025-12-01
4993,Lone Star Equipment Group,LSEG,896,717,delivered,2025-10-26,2025-11-11
4994,Summit Tactical Supply,STS,750,910,shipped,2026-11-25,2026-12-16
4995,Compass Maritime Supply,CMS,257,719,delivered,2026-12-02,2026-12-29
4996,Lone Star Equipment Group,LSEG,903,66,shipped,2025-09-01,2025-09-20
4997,Harborline Industrial Supply,HIS,228,747,shipped,2023-05-19,2023-05-20
4998,Heritage Logistics Supply,HLS,40,515,shipped,2026-08-05,2026-08-06
4999,Prairie Technical Components,PTC,145,833,delivered,2025-04-10,2025-05-01
5000,Granite State Components,GSC,310,608,pending,2023-09-28,2023-10-17
5001,Mesa Tactical Manufacturing,MTM,164,648,delivered,2024-11-06,2024-11-07
5002,Titan Mobility Systems,TMS,330,950,delivered,2023-04-26,2023-04-29
5003,Evergreen Field Support,EFS,960,337,shipped,2024-05-02,2024-05-15
5004,Atlas Ground Support,AGS,541,696,pending,2026-04-15,2026-04-26
5005,Redstone Logistics Group,RLG,631,637,pending,2024-05-23,2024-05-28
5006,Summit Tactical Supply,STS,953,469,delivered,2026-09-05,2026-09-09
5007,Redstone Logistics Group,RLG,742,175,delivered,2023-10-04,2023-10-10
5008,Gulf Coast Maintenance Parts,GCMP,271,444,pending,2025-08-02,2025-08-18
5009,Atlas Ground Support,AGS,467,917,delivered,2025-02-17,2025-02-24
5010,Ironclad Industrial Systems,IIS,369,921,pending,2025-04-28,2025-05-02
5011,Ranger Vehicle Parts,RVP,556,617,delivered,2025-01-07,2025-01-14
5012,Granite State Components,GSC,229,414,shipped,2025-02-28,2025-03-26
5013,Summit Tactical Supply,STS,890,490,pending,2025-08-07,2025-09-05
5014,Frontier Aviation Components,FAC,451,367,delivered,2026-07-06,2026-07-29
5015,Redstone Logistics Group,RLG,372,458,shipped,2023-10-17,2023-10-29
5016,Vector Aerospace Supply,VAS,77,528,delivered,2025-06-26,2025-07-21
5017,Harborline Industrial Supply,HIS,351,637,delivered,2024-04-27,2024-05-20
5018,Trident Marine Components,TMC,682,773,pending,2025-08-23,2025-09-14
5019,Keystone Industrial Supply,KIS,940,310,pending,2023-04-26,2023-05-17
5020,Compass Maritime Supply,CMS,986,171,shipped,2023-07-03,2023-07-10
5021,Patriot Precision Parts,PPP,909,93,shipped,2026-04-12,2026-05-09
5022,Cascade Aerospace Systems,CAS,915,877,delivered,2026-11-17,2026-11-19
5023,Vector Aerospace Supply,VAS,583,990,pending,2023-05-03,2023-05-08
5024,Harborline Industrial Supply,HIS,262,965,pending,2025-12-13,2026-01-07
5025,Vector Aerospace Supply,VAS,975,930,delivered,2026-08-24,2026-08-26
5026,Sterling Power Systems,SPS,498,961,delivered,2023-09-19,2023-10-07
5027,Liberty Mechanical Systems,LMS,253,585,shipped,2026-10-06,2026-10-26
5028,Lone Star Equipment Group,LSEG,48,962,pending,2025-03-06,2025-03-28
5029,Trident Marine Components,TMC,505,236,shipped,2023-01-03,2023-01-18
5030,Blue Ridge Defense Manufacturing,BRDM,116,257,shipped,2025-06-21,2025-07-06
5031,Frontier Aviation Components,FAC,105,961,shipped,2026-08-24,2026-08-27
5032,Atlas Ground Support,AGS,812,113,shipped,2023-05-02,2023-05-11
5033,Patriot Precision Parts,PPP,960,269,shipped,2026-09-22,2026-09-24
5034,Granite State Components,GSC,328,35,pending,2024-08-26,2024-09-08
5035,Cascade Aerospace Systems,CAS,428,138,pending,2024-01-19,2024-01-23
5036,Lone Star Equipment Group,LSEG,113,232,delivered,2025-09-13,2025-10-12
5037,Sterling Power Systems,SPS,948,123,shipped,2026-03-20,2026-04-10
5038,Cedar Valley Manufacturing,CVM,164,259,shipped,2025-11-05,2025-11-27
5039,Prairie Technical Components,PTC,106,252,delivered,2025-10-18,2025-11-07
5040,Redstone Logistics Group,RLG,294,168,shipped,2026-07-22,2026-08-18
5041,Patriot Precision Parts,PPP,579,894,pending,2026-10-28,2026-11-26
5042,Frontier Aviation Components,FAC,977,70,pending,2025-09-22,2025-10-19
5043,Liberty Mechanical Systems,LMS,432,257,shipped,2026-03-18,2026-03-22
5044,Falcon Electronics Group,FEG,871,909,shipped,2023-05-15,2023-05-30
5045,Titan Mobility Systems,TMS,291,457,shipped,2025-12-17,2026-01-16
5046,Gulf Coast Maintenance Parts,GCMP,521,276,shipped,2024-03-24,2024-03-28
5047,Atlas Ground Support,AGS,97,57,pending,2024-05-13,2024-05-24
5048,Heritage Logistics Supply,HLS,28,963,delivered,2025-11-02,2025-11-06
5049,Redstone Logistics Group,RLG,671,950,pending,2024-12-27,2025-01-14
5050,Atlas Ground Support,AGS,181,162,delivered,2026-03-09,2026-03-28
5051,Heritage Logistics Supply,HLS,657,234,delivered,2024-08-22,2024-09-07
5052,Atlas Ground Support,AGS,633,93,shipped,2023-06-10,2023-07-06
5053,Frontier Aviation Components,FAC,702,105,pending,2024-12-24,2025-01-04
5054,Evergreen Field Support,EFS,10,79,pending,2025-04-13,2025-04-27
5055,Northstar Defense Supply,NDS,679,392,shipped,2025-05-08,2025-05-19
5056,Sentinel Equipment Supply,SES,416,936,delivered,2024-07-23,2024-08-19
5057,Keystone Industrial Supply,KIS,9,838,shipped,2025-12-05,2025-12-25
5058,Keystone Industrial Supply,KIS,329,344,pending,2025-01-24,2025-02-19
5059,Granite State Components,GSC,618,112,shipped,2026-03-03,2026-03-14
5060,Titan Mobility Systems,TMS,611,236,shipped,2023-05-16,2023-06-07
5061,Falcon Electronics Group,FEG,477,720,delivered,2026-08-20,2026-09-09
5062,Keystone Industrial Supply,KIS,462,424,shipped,2026-05-08,2026-05-09
5063,Falcon Electronics Group,FEG,744,200,delivered,2024-06-14,2024-06-17
5064,Heritage Logistics Supply,HLS,525,923,delivered,2026-09-10,2026-10-10
5065,Frontier Aviation Components,FAC,206,48,shipped,2025-07-26,2025-07-30
5066,Keystone Industrial Supply,KIS,692,55,shipped,2026-09-03,2026-09-10
5067,Titan Mobility Systems,TMS,886,359,pending,2023-01-12,2023-01-30
5068,Summit Tactical Supply,STS,341,42,delivered,2023-05-03,2023-05-13
5069,Redstone Logistics Group,RLG,710,169,shipped,2023-11-10,2023-11-27
5070,Prairie Technical Components,PTC,581,707,shipped,2026-07-19,2026-07-25
5071,Granite State Components,GSC,33,56,delivered,2024-07-16,2024-08-12
5072,Prairie Technical Components,PTC,749,184,pending,2026-11-07,2026-12-05
5073,Pinnacle Hydraulic Systems,PHS,248,200,delivered,2023-07-11,2023-07-18
5074,Harborline Industrial Supply,HIS,151,623,shipped,2024-01-10,2024-01-21
5075,Summit Tactical Supply,STS,97,484,delivered,2023-01-03,2023-01-18
5076,Compass Maritime Supply,CMS,176,695,pending,2023-06-09,2023-06-28
5077,Keystone Industrial Supply,KIS,852,588,shipped,2024-09-08,2024-10-02
5078,Harborline Industrial Supply,HIS,880,380,delivered,2026-10-24,2026-11-02
5079,Apex Defense Components,ADC,770,42,shipped,2024-08-24,2024-09-19
5080,Pinnacle Hydraulic Systems,PHS,706,733,pending,2023-08-16,2023-08-27
5081,Summit Tactical Supply,STS,387,302,pending,2024-02-20,2024-03-10
5082,Liberty Mechanical Systems,LMS,26,805,pending,2025-05-07,2025-05-23
5083,Sterling Power Systems,SPS,265,218,delivered,2024-08-13,2024-08-14
5084,Summit Tactical Supply,STS,606,824,shipped,2026-02-28,2026-03-03
5085,Northstar Defense Supply,NDS,374,903,delivered,2023-09-18,2023-10-08
5086,Mesa Tactical Manufacturing,MTM,344,880,shipped,2024-12-28,2025-01-13
5087,Atlas Ground Support,AGS,419,782,delivered,2026-04-07,2026-04-18
5088,Heritage Logistics Supply,HLS,355,328,shipped,2025-12-22,2025-12-30
5089,Gulf Coast Maintenance Parts,GCMP,271,662,delivered,2023-08-02,2023-08-20
5090,Vector Aerospace Supply,VAS,104,185,delivered,2024-02-10,2024-02-22
5091,Patriot Precision Parts,PPP,773,288,shipped,2023-07-04,2023-08-01
5092,Liberty Mechanical Systems,LMS,177,32,delivered,2023-10-01,2023-10-07
5093,Lone Star Equipment Group,LSEG,691,108,pending,2025-12-13,2026-01-06
5094,Titan Mobility Systems,TMS,999,651,shipped,2024-07-20,2024-08-10
5095,Frontier Aviation Components,FAC,240,560,delivered,2024-08-22,2024-09-04
5096,Heritage Logistics Supply,HLS,449,18,pending,2023-09-25,2023-10-20
5097,Falcon Electronics Group,FEG,159,788,pending,2023-07-24,2023-08-13
5098,Heritage Logistics Supply,HLS,112,751,delivered,2024-12-24,2024-12-31
5099,Gulf Coast Maintenance Parts,GCMP,855,390,pending,2024-09-16,2024-10-15
5100,Compass Maritime Supply,CMS,325,944,shipped,2023-02-12,2023-02-24
5101,Atlas Ground Support,AGS,560,418,pending,2024-04-24,2024-05-07
5102,Gulf Coast Maintenance Parts,GCMP,837,179,pending,2026-02-20,2026-03-15
5103,Ranger Vehicle Parts,RVP,913,236,shipped,2023-04-14,2023-05-02
5104,Redstone Logistics Group,RLG,850,769,delivered,2023-06-02,2023-06-11
5105,Northstar Defense Supply,NDS,27,981,pending,2023-10-03,2023-11-01
5106,Apex Defense Components,ADC,695,363,shipped,2024-01-06,2024-01-11
5107,Harborline Industrial Supply,HIS,902,447,delivered,2023-07-09,2023-07-22
5108,Gulf Coast Maintenance Parts,GCMP,665,959,delivered,2026-03-15,2026-03-30
5109,Keystone Industrial Supply,KIS,237,150,shipped,2023-03-04,2023-03-06
5110,Sentinel Equipment Supply,SES,851,693,pending,2023-11-07,2023-12-03
5111,Frontier Aviation Components,FAC,419,905,shipped,2023-02-05,2023-02-28
5112,Harborline Industrial Supply,HIS,225,644,delivered,2026-11-18,2026-12-12
5113,Liberty Mechanical Systems,LMS,717,995,shipped,2025-12-02,2025-12-10
5114,Atlas Ground Support,AGS,30,347,shipped,2023-06-26,2023-07-17
5115,Mesa Tactical Manufacturing,MTM,708,373,pending,2024-09-24,2024-10-21
5116,Apex Defense Components,ADC,658,998,delivered,2025-11-10,2025-12-01
5117,Falcon Electronics Group,FEG,796,665,shipped,2023-07-15,2023-08-01
5118,Vector Aerospace Supply,VAS,9,445,shipped,2026-09-27,2026-10-07
5119,Cedar Valley Manufacturing,CVM,74,488,pending,2026-12-17,2026-12-31
5120,Trident Marine Components,TMC,148,740,shipped,2026-02-17,2026-03-02
5121,Titan Mobility Systems,TMS,690,87,delivered,2024-02-22,2024-03-11
5122,Pinnacle Hydraulic Systems,PHS,854,191,delivered,2024-11-20,2024-11-29
5123,Titan Mobility Systems,TMS,809,364,delivered,2023-06-16,2023-07-07
5124,Evergreen Field Support,EFS,338,743,pending,2025-01-21,2025-02-12
5125,Summit Tactical Supply,STS,817,125,shipped,2025-01-07,2025-01-15
5126,Cascade Aerospace Systems,CAS,233,109,delivered,2026-06-27,2026-07-27
5127,Northstar Defense Supply,NDS,389,288,pending,2024-06-11,2024-07-07
5128,Heritage Logistics Supply,HLS,212,448,shipped,2026-05-26,2026-06-04
5129,Evergreen Field Support,EFS,699,214,delivered,2026-07-07,2026-07-31
5130,Heritage Logistics Supply,HLS,970,563,pending,2023-06-21,2023-06-25
5131,Compass Maritime Supply,CMS,590,537,shipped,2024-08-23,2024-08-28
5132,Granite State Components,GSC,460,474,shipped,2024-08-02,2024-08-25
5133,Blue Ridge Defense Manufacturing,BRDM,539,268,shipped,2026-09-22,2026-10-18
5134,Evergreen Field Support,EFS,996,834,pending,2023-07-21,2023-08-05
5135,Redstone Logistics Group,RLG,406,905,delivered,2026-07-06,2026-07-24
5136,Cedar Valley Manufacturing,CVM,404,272,shipped,2024-06-16,2024-07-07
5137,Sterling Power Systems,SPS,388,911,shipped,2026-02-03,2026-02-12
5138,Compass Maritime Supply,CMS,782,398,pending,2026-03-11,2026-03-26
5139,Apex Defense Components,ADC,64,363,shipped,2023-08-23,2023-09-10
5140,Trident Marine Components,TMC,29,450,pending,2024-10-04,2024-10-09
5141,Pinnacle Hydraulic Systems,PHS,577,133,delivered,2025-11-16,2025-12-02
5142,Ironclad Industrial Systems,IIS,396,541,pending,2024-09-08,2024-09-27
5143,Sentinel Equipment Supply,SES,547,977,delivered,2025-10-17,2025-11-04
5144,Summit Tactical Supply,STS,869,869,shipped,2025-08-08,2025-08-17
5145,Vector Aerospace Supply,VAS,767,651,pending,2023-12-11,2023-12-31
5146,Mesa Tactical Manufacturing,MTM,90,745,pending,2023-12-24,2024-01-11
5147,Patriot Precision Parts,PPP,734,510,shipped,2025-03-02,2025-03-26
5148,Titan Mobility Systems,TMS,810,200,pending,2023-07-08,2023-07-16
5149,Keystone Industrial Supply,KIS,620,88,shipped,2023-06-16,2023-07-15
5150,Cedar Valley Manufacturing,CVM,194,492,shipped,2026-10-25,2026-11-18
5151,Gulf Coast Maintenance Parts,GCMP,27,748,delivered,2024-09-08,2024-09-15
5152,Mesa Tactical Manufacturing,MTM,667,106,shipped,2026-11-08,2026-11-17
5153,Prairie Technical Components,PTC,208,394,pending,2026-09-07,2026-09-29
5154,Vector Aerospace Supply,VAS,333,196,pending,2026-04-22,2026-04-26
5155,Gulf Coast Maintenance Parts,GCMP,792,580,delivered,2024-11-10,2024-11-25
5156,Compass Maritime Supply,CMS,531,196,shipped,2026-11-12,2026-11-28
5157,Redstone Logistics Group,RLG,426,145,pending,2025-07-26,2025-08-08
5158,Granite State Components,GSC,552,588,pending,2024-03-23,2024-03-28
5159,Heritage Logistics Supply,HLS,806,712,pending,2026-02-13,2026-02-14
5160,Sterling Power Systems,SPS,477,16,shipped,2025-07-01,2025-07-19
5161,Granite State Components,GSC,755,112,delivered,2024-01-07,2024-01-28
5162,Prairie Technical Components,PTC,239,983,delivered,2026-03-22,2026-03-28
5163,Redstone Logistics Group,RLG,793,446,delivered,2026-02-18,2026-02-28
5164,Apex Defense Components,ADC,753,658,pending,2024-07-25,2024-08-09
5165,Apex Defense Components,ADC,978,146,pending,2025-11-09,2025-12-03
5166,Evergreen Field Support,EFS,601,96,shipped,2023-04-25,2023-05-06
5167,Patriot Precision Parts,PPP,485,356,pending,2025-05-05,2025-05-13
5168,Ironclad Industrial Systems,IIS,318,520,pending,2024-05-25,2024-06-10
5169,Atlas Ground Support,AGS,488,833,shipped,2023-02-24,2023-03-24
5170,Heritage Logistics Supply,HLS,679,526,shipped,2025-02-23,2025-03-15
5171,Patriot Precision Parts,PPP,800,516,delivered,2023-05-23,2023-05-30
5172,Ranger Vehicle Parts,RVP,130,275,shipped,2026-02-23,2026-03-15
5173,Liberty Mechanical Systems,LMS,952,252,shipped,2026-02-19,2026-03-08
5174,Frontier Aviation Components,FAC,779,980,pending,2026-09-24,2026-09-28
5175,Compass Maritime Supply,CMS,626,978,pending,2026-02-05,2026-02-10
5176,Apex Defense Components,ADC,852,513,shipped,2024-01-02,2024-01-25
5177,Vector Aerospace Supply,VAS,195,869,shipped,2025-10-19,2025-11-10
5178,Ironclad Industrial Systems,IIS,932,696,shipped,2025-07-01,2025-07-14
5179,Blue Ridge Defense Manufacturing,BRDM,605,21,delivered,2025-08-14,2025-09-02
5180,Summit Tactical Supply,STS,440,779,delivered,2025-01-26,2025-01-29
5181,Patriot Precision Parts,PPP,16,505,delivered,2026-09-08,2026-10-05
5182,Prairie Technical Components,PTC,712,582,delivered,2024-09-08,2024-09-09
5183,Redstone Logistics Group,RLG,28,112,delivered,2026-05-07,2026-05-10
5184,Gulf Coast Maintenance Parts,GCMP,105,50,shipped,2023-04-01,2023-04-25
5185,Sentinel Equipment Supply,SES,404,481,shipped,2023-07-08,2023-07-25
5186,Atlas Ground Support,AGS,466,577,pending,2026-09-15,2026-10-08
5187,Harborline Industrial Supply,HIS,111,371,delivered,2025-08-20,2025-09-13
5188,Lone Star Equipment Group,LSEG,421,144,pending,2023-10-26,2023-10-30
5189,Ironclad Industrial Systems,IIS,444,466,pending,2023-11-15,2023-12-01
5190,Redstone Logistics Group,RLG,92,510,pending,2023-06-12,2023-06-28
5191,Sentinel Equipment Supply,SES,224,952,pending,2024-02-16,2024-03-04
5192,Gulf Coast Maintenance Parts,GCMP,903,520,shipped,2023-05-16,2023-06-05
5193,Gulf Coast Maintenance Parts,GCMP,4,821,shipped,2026-09-14,2026-10-02
5194,Cedar Valley Manufacturing,CVM,835,185,pending,2026-10-13,2026-10-25
5195,Granite State Components,GSC,714,637,pending,2024-12-18,2025-01-17
5196,Cascade Aerospace Systems,CAS,27,181,pending,2023-04-16,2023-05-11
5197,Evergreen Field Support,EFS,38,942,shipped,2023-10-12,2023-10-18
5198,Frontier Aviation Components,FAC,389,766,delivered,2024-09-09,2024-09-13
5199,Trident Marine Components,TMC,74,552,delivered,2023-12-10,2024-01-01
5200,Evergreen Field Support,EFS,207,678,pending,2026-11-21,2026-12-13
5201,Titan Mobility Systems,TMS,206,764,delivered,2023-06-26,2023-06-28
5202,Frontier Aviation Components,FAC,60,841,pending,2026-09-22,2026-10-14
5203,Frontier Aviation Components,FAC,703,456,delivered,2025-01-15,2025-01-25
5204,Frontier Aviation Components,FAC,73,374,shipped,2026-12-28,2027-01-11
5205,Ranger Vehicle Parts,RVP,323,408,delivered,2026-02-12,2026-03-10
5206,Trident Marine Components,TMC,893,188,pending,2023-06-11,2023-06-29
5207,Gulf Coast Maintenance Parts,GCMP,635,885,pending,2026-05-16,2026-06-09
5208,Apex Defense Components,ADC,533,532,delivered,2023-06-27,2023-07-09
5209,Atlas Ground Support,AGS,782,51,delivered,2023-03-23,2023-04-18
5210,Ironclad Industrial Systems,IIS,755,731,shipped,2025-11-19,2025-12-09
5211,Compass Maritime Supply,CMS,167,143,pending,2026-03-21,2026-03-31
5212,Mesa Tactical Manufacturing,MTM,905,219,shipped,2025-01-14,2025-01-26
5213,Frontier Aviation Components,FAC,619,107,delivered,2026-05-03,2026-05-29
5214,Patriot Precision Parts,PPP,950,249,shipped,2026-08-27,2026-09-18
5215,Sentinel Equipment Supply,SES,135,439,pending,2023-01-01,2023-01-19
5216,Blue Ridge Defense Manufacturing,BRDM,906,388,pending,2023-05-20,2023-06-12
5217,Keystone Industrial Supply,KIS,675,690,delivered,2024-07-14,2024-07-27
5218,Falcon Electronics Group,FEG,177,261,shipped,2023-12-03,2023-12-31
5219,Ranger Vehicle Parts,RVP,71,540,pending,2025-05-25,2025-06-01
5220,Sentinel Equipment Supply,SES,403,37,delivered,2026-02-04,2026-02-12
5221,Apex Defense Components,ADC,616,176,shipped,2024-11-28,2024-12-13
5222,Heritage Logistics Supply,HLS,390,364,shipped,2023-08-13,2023-09-09
5223,Apex Defense Components,ADC,690,663,delivered,2024-03-06,2024-04-03
5224,Ranger Vehicle Parts,RVP,192,318,delivered,2024-06-27,2024-07-21
5225,Vector Aerospace Supply,VAS,837,999,pending,2026-04-05,2026-05-05
5226,Titan Mobility Systems,TMS,654,84,pending,2023-08-13,2023-08-28
5227,Vector Aerospace Supply,VAS,374,917,pending,2023-09-09,2023-10-02
5228,Prairie Technical Components,PTC,345,736,pending,2024-11-28,2024-12-18
5229,Redstone Logistics Group,RLG,591,786,pending,2025-08-27,2025-09-13
5230,Trident Marine Components,TMC,902,268,shipped,2024-10-23,2024-11-22
5231,Cascade Aerospace Systems,CAS,80,376,delivered,2025-09-23,2025-09-26
5232,Lone Star Equipment Group,LSEG,94,386,pending,2026-09-15,2026-10-10
5233,Lone Star Equipment Group,LSEG,168,395,delivered,2023-11-04,2023-11-29
5234,Sentinel Equipment Supply,SES,856,759,delivered,2024-06-16,2024-07-10
5235,Apex Defense Components,ADC,496,840,delivered,2025-04-28,2025-05-20
5236,Granite State Components,GSC,828,971,delivered,2024-03-15,2024-03-25
5237,Granite State Components,GSC,808,293,shipped,2026-02-24,2026-03-13
5238,Ranger Vehicle Parts,RVP,65,426,delivered,2025-04-05,2025-04-19
5239,Sterling Power Systems,SPS,608,200,pending,2024-04-27,2024-05-21
5240,Cascade Aerospace Systems,CAS,962,129,shipped,2023-01-11,2023-01-15
5241,Vector Aerospace Supply,VAS,701,181,shipped,2024-01-07,2024-01-28
5242,Blue Ridge Defense Manufacturing,BRDM,583,156,pending,2024-04-09,2024-05-06
5243,Titan Mobility Systems,TMS,388,557,pending,2025-11-27,2025-12-24
5244,Patriot Precision Parts,PPP,534,618,pending,2023-11-05,2023-12-04
5245,Gulf Coast Maintenance Parts,GCMP,955,928,delivered,2026-08-15,2026-08-17
5246,Ranger Vehicle Parts,RVP,853,808,shipped,2025-06-13,2025-06-20
5247,Granite State Components,GSC,217,370,pending,2024-03-08,2024-04-02
5248,Summit Tactical Supply,STS,402,685,shipped,2026-07-17,2026-08-11
5249,Mesa Tactical Manufacturing,MTM,856,594,pending,2023-11-11,2023-12-05
5250,Keystone Industrial Supply,KIS,439,932,pending,2025-02-06,2025-03-05
5251,Sterling Power Systems,SPS,139,523,pending,2025-03-24,2025-04-21
5252,Falcon Electronics Group,FEG,175,706,pending,2026-03-17,2026-03-28
5253,Frontier Aviation Components,FAC,138,351,shipped,2026-02-25,2026-03-02
5254,Ironclad Industrial Systems,IIS,90,609,shipped,2025-12-13,2025-12-16
5255,Trident Marine Components,TMC,914,255,delivered,2026-12-16,2026-12-17
5256,Granite State Components,GSC,593,372,shipped,2024-04-05,2024-04-11
5257,Cedar Valley Manufacturing,CVM,121,159,pending,2023-07-17,2023-08-08
5258,Sterling Power Systems,SPS,492,403,pending,2025-06-07,2025-06-11
5259,Ironclad Industrial Systems,IIS,801,436,delivered,2023-02-12,2023-03-11
5260,Ironclad Industrial Systems,IIS,905,982,shipped,2026-10-10,2026-10-22
5261,Blue Ridge Defense Manufacturing,BRDM,984,71,shipped,2023-12-18,2023-12-24
5262,Atlas Ground Support,AGS,91,959,pending,2026-09-18,2026-09-28
5263,Frontier Aviation Components,FAC,262,663,pending,2023-12-08,2023-12-28
5264,Patriot Precision Parts,PPP,119,271,pending,2026-06-16,2026-06-28
5265,Ranger Vehicle Parts,RVP,892,169,delivered,2024-10-23,2024-11-15
5266,Compass Maritime Supply,CMS,137,798,pending,2024-05-01,2024-05-23
5267,Ironclad Industrial Systems,IIS,410,302,delivered,2023-10-16,2023-10-23
5268,Sterling Power Systems,SPS,830,665,shipped,2025-09-19,2025-09-23
5269,Evergreen Field Support,EFS,568,53,pending,2023-12-01,2023-12-30
5270,Liberty Mechanical Systems,LMS,737,373,delivered,2026-09-05,2026-09-17
5271,Frontier Aviation Components,FAC,790,387,pending,2026-02-25,2026-03-16
5272,Cedar Valley Manufacturing,CVM,227,978,delivered,2024-05-26,2024-06-06
5273,Evergreen Field Support,EFS,76,213,shipped,2024-07-22,2024-07-29
5274,Patriot Precision Parts,PPP,438,771,pending,2023-07-04,2023-07-10
5275,Harborline Industrial Supply,HIS,789,418,shipped,2026-01-16,2026-01-19
5276,Sentinel Equipment Supply,SES,203,175,delivered,2026-09-16,2026-09-22
5277,Gulf Coast Maintenance Parts,GCMP,356,793,pending,2023-02-28,2023-03-28
5278,Cedar Valley Manufacturing,CVM,566,574,shipped,2026-07-05,2026-07-24
5279,Sentinel Equipment Supply,SES,103,200,shipped,2024-07-26,2024-08-06
5280,Frontier Aviation Components,FAC,217,180,shipped,2026-08-16,2026-09-12
5281,Cedar Valley Manufacturing,CVM,963,997,pending,2026-12-27,2027-01-05
5282,Heritage Logistics Supply,HLS,494,125,delivered,2023-06-02,2023-06-13
5283,Granite State Components,GSC,884,245,pending,2023-07-08,2023-07-12
5284,Ironclad Industrial Systems,IIS,11,228,pending,2026-06-11,2026-07-05
5285,Lone Star Equipment Group,LSEG,716,894,shipped,2025-10-19,2025-11-03
5286,Redstone Logistics Group,RLG,194,164,pending,2024-05-13,2024-05-15
5287,Sentinel Equipment Supply,SES,383,51,shipped,2024-02-07,2024-02-23
5288,Vector Aerospace Supply,VAS,718,516,shipped,2026-04-12,2026-05-07
5289,Blue Ridge Defense Manufacturing,BRDM,259,368,shipped,2023-05-08,2023-05-22
5290,Frontier Aviation Components,FAC,750,939,delivered,2024-01-21,2024-02-13
5291,Heritage Logistics Supply,HLS,412,841,shipped,2025-07-04,2025-07-28
5292,Lone Star Equipment Group,LSEG,303,674,shipped,2026-11-26,2026-12-01
5293,Atlas Ground Support,AGS,247,205,pending,2026-12-26,2027-01-09
5294,Sterling Power Systems,SPS,726,17,shipped,2026-08-10,2026-08-16
5295,Blue Ridge Defense Manufacturing,BRDM,180,592,shipped,2025-06-02,2025-06-26
5296,Mesa Tactical Manufacturing,MTM,929,550,shipped,2025-08-04,2025-08-07
5297,Heritage Logistics Supply,HLS,626,128,pending,2024-01-13,2024-01-31
5298,Titan Mobility Systems,TMS,224,198,pending,2023-03-26,2023-04-20
5299,Prairie Technical Components,PTC,853,60,shipped,2023-09-04,2023-09-20
5300,Northstar Defense Supply,NDS,215,954,delivered,2024-02-11,2024-02-20
5301,Liberty Mechanical Systems,LMS,612,997,shipped,2024-07-22,2024-08-09
5302,Summit Tactical Supply,STS,952,999,pending,2024-11-03,2024-11-17
5303,Cedar Valley Manufacturing,CVM,958,46,delivered,2023-11-13,2023-11-26
5304,Harborline Industrial Supply,HIS,517,981,delivered,2026-10-06,2026-10-07
5305,Harborline Industrial Supply,HIS,465,344,shipped,2024-04-04,2024-04-27
5306,Apex Defense Components,ADC,569,500,pending,2025-01-09,2025-01-27
5307,Cascade Aerospace Systems,CAS,909,334,delivered,2024-08-12,2024-08-16
5308,Frontier Aviation Components,FAC,780,500,pending,2023-08-06,2023-09-01
5309,Mesa Tactical Manufacturing,MTM,98,120,delivered,2026-09-13,2026-09-25
5310,Titan Mobility Systems,TMS,191,633,delivered,2024-09-18,2024-09-22
5311,Gulf Coast Maintenance Parts,GCMP,493,262,shipped,2026-12-09,2026-12-22
5312,Frontier Aviation Components,FAC,998,534,pending,2025-05-20,2025-05-24
5313,Liberty Mechanical Systems,LMS,259,962,delivered,2026-12-13,2027-01-01
5314,Redstone Logistics Group,RLG,960,420,delivered,2024-09-03,2024-09-04
5315,Heritage Logistics Supply,HLS,266,966,pending,2026-05-27,2026-05-29
5316,Frontier Aviation Components,FAC,932,186,delivered,2023-01-18,2023-02-16
5317,Ranger Vehicle Parts,RVP,523,168,delivered,2023-08-27,2023-09-04
5318,Blue Ridge Defense Manufacturing,BRDM,426,199,pending,2025-02-24,2025-03-13
5319,Gulf Coast Maintenance Parts,GCMP,795,546,pending,2023-11-18,2023-12-13
5320,Sentinel Equipment Supply,SES,149,851,pending,2023-12-23,2024-01-18
5321,Frontier Aviation Components,FAC,896,361,pending,2024-11-13,2024-11-29
5322,Lone Star Equipment Group,LSEG,315,162,delivered,2024-02-04,2024-02-24
5323,Evergreen Field Support,EFS,635,755,shipped,2025-01-12,2025-02-02
5324,Blue Ridge Defense Manufacturing,BRDM,395,901,delivered,2025-05-15,2025-05-26
5325,Cascade Aerospace Systems,CAS,294,66,pending,2024-01-15,2024-01-18
5326,Ranger Vehicle Parts,RVP,561,12,pending,2026-09-15,2026-10-12
5327,Gulf Coast Maintenance Parts,GCMP,70,838,delivered,2026-07-24,2026-07-29
5328,Summit Tactical Supply,STS,735,324,delivered,2026-12-10,2027-01-03
5329,Sentinel Equipment Supply,SES,444,379,shipped,2026-04-16,2026-04-19
5330,Cascade Aerospace Systems,CAS,94,200,pending,2023-04-21,2023-05-08
5331,Pinnacle Hydraulic Systems,PHS,415,366,shipped,2025-10-28,2025-11-14
5332,Compass Maritime Supply,CMS,377,131,pending,2024-11-02,2024-11-20
5333,Gulf Coast Maintenance Parts,GCMP,659,742,delivered,2025-01-26,2025-02-04
5334,Atlas Ground Support,AGS,632,137,delivered,2026-04-08,2026-04-22
5335,Northstar Defense Supply,NDS,239,740,shipped,2025-07-28,2025-07-29
5336,Cedar Valley Manufacturing,CVM,415,337,pending,2023-05-19,2023-06-14
5337,Atlas Ground Support,AGS,826,957,pending,2025-01-05,2025-02-02
5338,Pinnacle Hydraulic Systems,PHS,228,129,pending,2025-10-12,2025-11-06
5339,Harborline Industrial Supply,HIS,815,312,shipped,2023-12-19,2023-12-23
5340,Sterling Power Systems,SPS,590,798,shipped,2025-05-13,2025-05-24
5341,Redstone Logistics Group,RLG,310,634,pending,2025-09-28,2025-10-10
5342,Pinnacle Hydraulic Systems,PHS,864,901,delivered,2026-08-04,2026-08-05
5343,Liberty Mechanical Systems,LMS,590,825,pending,2024-12-05,2024-12-18
5344,Heritage Logistics Supply,HLS,7,137,delivered,2024-05-04,2024-05-07
5345,Prairie Technical Components,PTC,291,26,delivered,2024-01-16,2024-02-09
5346,Mesa Tactical Manufacturing,MTM,853,758,pending,2025-08-07,2025-08-15
5347,Blue Ridge Defense Manufacturing,BRDM,857,205,pending,2024-06-19,2024-07-10
5348,Liberty Mechanical Systems,LMS,296,281,shipped,2024-11-03,2024-11-26
5349,Lone Star Equipment Group,LSEG,88,160,delivered,2024-05-20,2024-06-17
5350,Pinnacle Hydraulic Systems,PHS,546,743,pending,2023-05-27,2023-06-17
5351,Trident Marine Components,TMC,1,345,shipped,2025-11-20,2025-11-24
5352,Cedar Valley Manufacturing,CVM,335,602,pending,2023-06-22,2023-07-18
5353,Apex Defense Components,ADC,325,922,delivered,2024-08-21,2024-09-04
5354,Summit Tactical Supply,STS,725,611,pending,2023-12-06,2023-12-24
5355,Patriot Precision Parts,PPP,875,316,pending,2025-08-19,2025-09-01
5356,Mesa Tactical Manufacturing,MTM,725,347,pending,2023-10-11,2023-10-26
5357,Ranger Vehicle Parts,RVP,499,484,shipped,2023-03-16,2023-04-09
5358,Liberty Mechanical Systems,LMS,760,103,shipped,2024-06-22,2024-07-04
5359,Redstone Logistics Group,RLG,91,176,shipped,2023-09-10,2023-09-11
5360,Blue Ridge Defense Manufacturing,BRDM,516,468,shipped,2025-10-08,2025-10-25
5361,Sterling Power Systems,SPS,309,698,shipped,2026-01-23,2026-01-30
5362,Frontier Aviation Components,FAC,516,661,pending,2023-04-25,2023-05-11
5363,Mesa Tactical Manufacturing,MTM,311,707,shipped,2026-06-13,2026-07-07
5364,Atlas Ground Support,AGS,171,141,pending,2024-10-28,2024-11-07
5365,Redstone Logistics Group,RLG,283,232,pending,2023-09-01,2023-09-27
5366,Evergreen Field Support,EFS,585,734,pending,2024-06-08,2024-06-27
5367,Sterling Power Systems,SPS,950,553,pending,2025-04-24,2025-05-06
5368,Falcon Electronics Group,FEG,101,965,delivered,2026-10-13,2026-10-16
5369,Keystone Industrial Supply,KIS,198,51,pending,2023-11-15,2023-12-13
5370,Blue Ridge Defense Manufacturing,BRDM,950,537,shipped,2023-03-23,2023-04-15
5371,Sterling Power Systems,SPS,802,140,shipped,2023-12-28,2024-01-11
5372,Northstar Defense Supply,NDS,770,932,shipped,2025-03-16,2025-04-09
5373,Frontier Aviation Components,FAC,676,912,shipped,2023-05-22,2023-05-24
5374,Blue Ridge Defense Manufacturing,BRDM,683,655,delivered,2026-05-14,2026-06-12
5375,Trident Marine Components,TMC,568,829,shipped,2025-12-28,2026-01-24
5376,Apex Defense Components,ADC,454,459,delivered,2026-05-15,2026-05-23
5377,Vector Aerospace Supply,VAS,658,406,pending,2026-08-05,2026-08-24
5378,Liberty Mechanical Systems,LMS,456,758,shipped,2024-09-09,2024-10-05
5379,Keystone Industrial Supply,KIS,850,160,delivered,2024-11-26,2024-12-20
5380,Harborline Industrial Supply,HIS,550,128,delivered,2025-01-11,2025-01-22
5381,Compass Maritime Supply,CMS,197,46,pending,2023-05-12,2023-05-27
5382,Cascade Aerospace Systems,CAS,112,738,delivered,2023-07-03,2023-08-01
5383,Sterling Power Systems,SPS,777,273,shipped,2023-06-01,2023-07-01
5384,Ironclad Industrial Systems,IIS,384,104,delivered,2025-06-25,2025-07-22
5385,Evergreen Field Support,EFS,631,109,delivered,2026-12-03,2026-12-16
5386,Heritage Logistics Supply,HLS,394,562,pending,2025-06-21,2025-07-10
5387,Granite State Components,GSC,986,168,pending,2025-01-24,2025-02-21
5388,Patriot Precision Parts,PPP,540,63,pending,2024-05-14,2024-06-07
5389,Redstone Logistics Group,RLG,391,726,delivered,2023-12-19,2024-01-15
5390,Harborline Industrial Supply,HIS,477,370,delivered,2026-09-12,2026-09-30
5391,Titan Mobility Systems,TMS,751,805,shipped,2026-03-26,2026-04-11
5392,Keystone Industrial Supply,KIS,969,730,delivered,2024-10-10,2024-10-22
5393,Vector Aerospace Supply,VAS,5,598,delivered,2026-10-17,2026-11-09
5394,Ironclad Industrial Systems,IIS,71,328,delivered,2026-09-16,2026-10-07
5395,Sentinel Equipment Supply,SES,697,813,shipped,2024-09-11,2024-09-23
5396,Cedar Valley Manufacturing,CVM,620,487,delivered,2026-02-15,2026-03-11
5397,Vector Aerospace Supply,VAS,649,388,pending,2025-10-01,2025-10-03
5398,Ranger Vehicle Parts,RVP,787,157,delivered,2026-05-12,2026-05-27
5399,Prairie Technical Components,PTC,130,395,shipped,2025-01-01,2025-01-26
5400,Sentinel Equipment Supply,SES,722,492,delivered,2026-01-23,2026-02-10
5401,Gulf Coast Maintenance Parts,GCMP,405,689,pending,2024-04-02,2024-04-30
5402,Apex Defense Components,ADC,316,519,delivered,2026-11-15,2026-12-13
5403,Falcon Electronics Group,FEG,829,640,pending,2026-11-15,2026-11-25
5404,Gulf Coast Maintenance Parts,GCMP,783,877,pending,2023-12-21,2024-01-01
5405,Pinnacle Hydraulic Systems,PHS,947,172,delivered,2023-01-18,2023-01-27
5406,Blue Ridge Defense Manufacturing,BRDM,119,50,delivered,2026-08-03,2026-08-19
5407,Cascade Aerospace Systems,CAS,997,482,pending,2025-07-19,2025-07-26
5408,Harborline Industrial Supply,HIS,384,942,shipped,2026-08-13,2026-08-22
5409,Keystone Industrial Supply,KIS,14,266,shipped,2025-01-04,2025-01-11
5410,Sentinel Equipment Supply,SES,315,724,shipped,2026-12-24,2027-01-18
5411,Granite State Components,GSC,184,730,delivered,2024-08-06,2024-08-18
5412,Pinnacle Hydraulic Systems,PHS,320,584,shipped,2024-05-08,2024-06-01
5413,Cascade Aerospace Systems,CAS,851,159,pending,2024-10-28,2024-11-17
5414,Harborline Industrial Supply,HIS,623,342,delivered,2023-02-18,2023-02-23
5415,Prairie Technical Components,PTC,354,290,shipped,2023-01-02,2023-01-17
5416,Lone Star Equipment Group,LSEG,999,240,pending,2024-07-09,2024-07-22
5417,Harborline Industrial Supply,HIS,786,424,delivered,2023-01-09,2023-01-27
5418,Granite State Components,GSC,877,836,shipped,2023-12-17,2023-12-31
5419,Sterling Power Systems,SPS,153,671,delivered,2024-04-16,2024-04-23
5420,Falcon Electronics Group,FEG,481,972,shipped,2024-05-03,2024-05-24
5421,Heritage Logistics Supply,HLS,638,773,delivered,2026-04-16,2026-04-25
5422,Harborline Industrial Supply,HIS,202,309,pending,2025-12-22,2025-12-25
5423,Gulf Coast Maintenance Parts,GCMP,828,305,delivered,2026-09-17,2026-10-06
5424,Northstar Defense Supply,NDS,854,831,shipped,2023-05-07,2023-06-02
5425,Pinnacle Hydraulic Systems,PHS,986,192,delivered,2026-09-13,2026-10-06
5426,Blue Ridge Defense Manufacturing,BRDM,874,989,shipped,2023-03-28,2023-04-19
5427,Cascade Aerospace Systems,CAS,599,71,pending,2024-06-02,2024-06-15
5428,Lone Star Equipment Group,LSEG,371,481,shipped,2025-08-14,2025-08-23
5429,Falcon Electronics Group,FEG,989,793,shipped,2026-02-06,2026-02-14
5430,Liberty Mechanical Systems,LMS,47,967,pending,2023-08-14,2023-09-10
5431,Evergreen Field Support,EFS,143,488,delivered,2025-06-26,2025-07-07
5432,Redstone Logistics Group,RLG,981,982,shipped,2026-06-01,2026-06-04
5433,Heritage Logistics Supply,HLS,231,512,delivered,2026-09-08,2026-10-01
5434,Harborline Industrial Supply,HIS,80,347,pending,2023-07-25,2023-08-20
5435,Lone Star Equipment Group,LSEG,311,479,pending,2025-05-05,2025-05-20
5436,Northstar Defense Supply,NDS,249,7,pending,2026-10-10,2026-11-01
5437,Granite State Components,GSC,444,284,delivered,2026-08-04,2026-08-09
5438,Trident Marine Components,TMC,885,724,delivered,2024-08-04,2024-08-17
5439,Compass Maritime Supply,CMS,957,741,delivered,2026-08-15,2026-08-31
5440,Harborline Industrial Supply,HIS,101,672,delivered,2026-02-03,2026-03-02
5441,Lone Star Equipment Group,LSEG,217,582,shipped,2026-05-02,2026-05-11
5442,Gulf Coast Maintenance Parts,GCMP,385,230,delivered,2024-03-24,2024-04-19
5443,Granite State Components,GSC,941,471,delivered,2024-06-19,2024-07-09
5444,Mesa Tactical Manufacturing,MTM,902,311,shipped,2024-02-10,2024-02-11
5445,Prairie Technical Components,PTC,935,878,delivered,2023-08-13,2023-08-31
5446,Sterling Power Systems,SPS,730,785,shipped,2024-06-18,2024-06-22
5447,Trident Marine Components,TMC,197,78,pending,2025-07-03,2025-07-07
5448,Granite State Components,GSC,16,75,pending,2024-02-17,2024-03-01
5449,Sentinel Equipment Supply,SES,3,707,delivered,2025-11-13,2025-12-07
5450,Redstone Logistics Group,RLG,895,923,delivered,2025-01-26,2025-02-18
5451,Atlas Ground Support,AGS,946,493,delivered,2024-12-24,2025-01-10
5452,Redstone Logistics Group,RLG,305,764,pending,2025-12-22,2026-01-11
5453,Granite State Components,GSC,969,5,delivered,2023-03-12,2023-04-11
5454,Ironclad Industrial Systems,IIS,642,396,shipped,2026-01-16,2026-01-31
5455,Lone Star Equipment Group,LSEG,198,273,delivered,2026-08-14,2026-08-28
5456,Prairie Technical Components,PTC,420,205,delivered,2023-08-05,2023-08-14
5457,Mesa Tactical Manufacturing,MTM,694,665,shipped,2026-02-07,2026-03-04
5458,Vector Aerospace Supply,VAS,232,2,pending,2026-10-01,2026-10-16
5459,Keystone Industrial Supply,KIS,627,39,shipped,2025-07-21,2025-08-17
5460,Apex Defense Components,ADC,355,119,pending,2024-11-14,2024-12-09
5461,Trident Marine Components,TMC,231,718,shipped,2026-06-07,2026-06-20
5462,Evergreen Field Support,EFS,298,986,pending,2025-12-25,2026-01-05
5463,Trident Marine Components,TMC,535,33,shipped,2024-08-04,2024-08-15
5464,Pinnacle Hydraulic Systems,PHS,721,541,delivered,2025-07-12,2025-07-24
5465,Gulf Coast Maintenance Parts,GCMP,726,706,shipped,2025-12-09,2026-01-03
5466,Northstar Defense Supply,NDS,957,575,delivered,2026-10-26,2026-10-31
5467,Gulf Coast Maintenance Parts,GCMP,808,686,shipped,2023-11-20,2023-11-22
5468,Granite State Components,GSC,499,55,shipped,2026-04-27,2026-05-10
5469,Northstar Defense Supply,NDS,479,290,delivered,2026-11-15,2026-11-21
5470,Sterling Power Systems,SPS,361,302,pending,2024-07-28,2024-08-03
5471,Falcon Electronics Group,FEG,473,670,pending,2026-04-04,2026-04-14
5472,Blue Ridge Defense Manufacturing,BRDM,551,477,pending,2023-10-13,2023-10-23
5473,Atlas Ground Support,AGS,928,380,pending,2024-05-07,2024-05-31
5474,Pinnacle Hydraulic Systems,PHS,220,110,delivered,2024-04-22,2024-05-21
5475,Northstar Defense Supply,NDS,793,732,shipped,2023-07-03,2023-07-17
5476,Frontier Aviation Components,FAC,676,825,pending,2025-07-16,2025-08-14
5477,Sterling Power Systems,SPS,776,487,shipped,2023-11-23,2023-12-11
5478,Gulf Coast Maintenance Parts,GCMP,501,477,pending,2025-05-24,2025-05-30
5479,Granite State Components,GSC,346,515,shipped,2025-06-13,2025-07-13
5480,Harborline Industrial Supply,HIS,694,873,shipped,2024-01-14,2024-01-15
5481,Redstone Logistics Group,RLG,961,880,delivered,2025-04-27,2025-05-19
5482,Summit Tactical Supply,STS,982,467,pending,2024-03-04,2024-03-23
5483,Lone Star Equipment Group,LSEG,961,429,shipped,2026-11-25,2026-12-24
5484,Cedar Valley Manufacturing,CVM,622,791,pending,2026-11-10,2026-12-02
5485,Pinnacle Hydraulic Systems,PHS,960,83,delivered,2024-05-03,2024-05-25
5486,Titan Mobility Systems,TMS,914,366,shipped,2026-12-17,2027-01-07
5487,Granite State Components,GSC,969,132,pending,2023-09-22,2023-09-24
5488,Cascade Aerospace Systems,CAS,188,823,shipped,2024-04-15,2024-04-18
5489,Trident Marine Components,TMC,823,907,delivered,2026-07-05,2026-07-28
5490,Mesa Tactical Manufacturing,MTM,959,23,shipped,2026-11-02,2026-11-07
5491,Ranger Vehicle Parts,RVP,793,692,delivered,2023-09-27,2023-10-08
5492,Ranger Vehicle Parts,RVP,607,965,delivered,2025-11-11,2025-11-28
5493,Granite State Components,GSC,439,856,shipped,2026-01-16,2026-02-14
5494,Patriot Precision Parts,PPP,128,991,pending,2024-01-05,2024-01-29
5495,Atlas Ground Support,AGS,903,877,delivered,2026-02-12,2026-03-10
5496,Gulf Coast Maintenance Parts,GCMP,425,352,pending,2026-07-21,2026-08-10
5497,Pinnacle Hydraulic Systems,PHS,252,288,shipped,2024-09-28,2024-10-12
5498,Falcon Electronics Group,FEG,504,125,delivered,2026-07-23,2026-08-14
5499,Titan Mobility Systems,TMS,247,450,shipped,2026-03-16,2026-04-14
5500,Titan Mobility Systems,TMS,65,807,shipped,2024-07-16,2024-08-09
5501,Liberty Mechanical Systems,LMS,963,321,shipped,2023-12-16,2023-12-19
5502,Frontier Aviation Components,FAC,476,657,pending,2026-02-16,2026-02-20
5503,Northstar Defense Supply,NDS,179,382,delivered,2026-10-02,2026-10-13
5504,Compass Maritime Supply,CMS,778,839,shipped,2026-10-24,2026-11-09
5505,Keystone Industrial Supply,KIS,846,568,pending,2024-06-01,2024-06-12
5506,Ironclad Industrial Systems,IIS,25,818,delivered,2023-12-04,2023-12-23
5507,Prairie Technical Components,PTC,826,579,pending,2024-05-10,2024-05-14
5508,Gulf Coast Maintenance Parts,GCMP,603,756,pending,2025-05-12,2025-05-23
5509,Compass Maritime Supply,CMS,72,665,shipped,2026-06-22,2026-07-01
5510,Evergreen Field Support,EFS,460,405,pending,2024-06-09,2024-07-05
5511,Lone Star Equipment Group,LSEG,834,457,delivered,2025-09-20,2025-09-26
5512,Ironclad Industrial Systems,IIS,317,635,delivered,2023-11-02,2023-11-26
5513,Keystone Industrial Supply,KIS,90,535,pending,2025-01-23,2025-02-08
5514,Liberty Mechanical Systems,LMS,426,868,shipped,2025-11-20,2025-11-21
5515,Lone Star Equipment Group,LSEG,357,909,pending,2024-06-27,2024-07-06
5516,Lone Star Equipment Group,LSEG,941,285,pending,2024-11-17,2024-12-08
5517,Apex Defense Components,ADC,528,41,shipped,2023-12-05,2023-12-07
5518,Prairie Technical Components,PTC,422,635,pending,2025-10-11,2025-10-18
5519,Sterling Power Systems,SPS,188,416,delivered,2024-09-01,2024-09-16
5520,Ranger Vehicle Parts,RVP,885,84,shipped,2024-09-15,2024-10-04
5521,Compass Maritime Supply,CMS,53,132,pending,2026-05-27,2026-06-11
5522,Harborline Industrial Supply,HIS,105,230,delivered,2025-06-03,2025-06-20
5523,Mesa Tactical Manufacturing,MTM,712,585,shipped,2023-09-10,2023-09-26
5524,Ironclad Industrial Systems,IIS,52,241,shipped,2025-08-10,2025-09-08
5525,Blue Ridge Defense Manufacturing,BRDM,656,209,pending,2025-06-03,2025-06-12
5526,Heritage Logistics Supply,HLS,221,931,pending,2023-05-17,2023-06-11
5527,Sterling Power Systems,SPS,944,715,pending,2026-09-16,2026-09-21
5528,Granite State Components,GSC,240,734,shipped,2023-05-27,2023-05-30
5529,Atlas Ground Support,AGS,288,608,delivered,2026-03-06,2026-04-02
5530,Ranger Vehicle Parts,RVP,676,457,pending,2025-04-19,2025-04-29
5531,Titan Mobility Systems,TMS,983,46,pending,2025-09-11,2025-09-12
5532,Prairie Technical Components,PTC,50,621,pending,2024-10-05,2024-10-23
5533,Vector Aerospace Supply,VAS,843,989,pending,2026-02-08,2026-03-05
5534,Pinnacle Hydraulic Systems,PHS,925,900,delivered,2024-09-22,2024-10-06
5535,Sterling Power Systems,SPS,614,404,pending,2023-10-25,2023-11-17
5536,Frontier Aviation Components,FAC,915,323,pending,2023-06-14,2023-07-10
5537,Redstone Logistics Group,RLG,612,859,delivered,2025-02-02,2025-03-03
5538,Heritage Logistics Supply,HLS,537,732,delivered,2024-05-17,2024-06-14
5539,Cascade Aerospace Systems,CAS,212,913,pending,2023-02-17,2023-03-11
5540,Cedar Valley Manufacturing,CVM,770,84,delivered,2026-12-26,2027-01-05
5541,Blue Ridge Defense Manufacturing,BRDM,200,539,shipped,2026-09-15,2026-10-02
5542,Gulf Coast Maintenance Parts,GCMP,461,375,delivered,2024-11-22,2024-12-18
5543,Compass Maritime Supply,CMS,534,290,shipped,2023-06-19,2023-07-12
5544,Redstone Logistics Group,RLG,270,277,delivered,2023-11-15,2023-12-10
5545,Heritage Logistics Supply,HLS,125,493,shipped,2025-08-21,2025-09-09
5546,Atlas Ground Support,AGS,575,565,shipped,2024-04-03,2024-04-25
5547,Summit Tactical Supply,STS,71,965,delivered,2026-06-22,2026-06-25
5548,Patriot Precision Parts,PPP,414,288,pending,2026-04-10,2026-04-24
5549,Trident Marine Components,TMC,552,907,delivered,2025-05-19,2025-06-10
5550,Gulf Coast Maintenance Parts,GCMP,913,606,shipped,2023-08-22,2023-09-01
5551,Cedar Valley Manufacturing,CVM,795,173,shipped,2024-09-13,2024-09-23
5552,Cedar Valley Manufacturing,CVM,493,768,pending,2024-02-18,2024-03-15
5553,Atlas Ground Support,AGS,389,5,pending,2025-09-03,2025-09-26
5554,Compass Maritime Supply,CMS,73,453,shipped,2023-04-05,2023-05-05
5555,Ranger Vehicle Parts,RVP,815,810,shipped,2025-02-12,2025-02-26
5556,Blue Ridge Defense Manufacturing,BRDM,904,78,pending,2026-01-01,2026-01-07
5557,Evergreen Field Support,EFS,800,344,shipped,2024-10-01,2024-10-11
5558,Northstar Defense Supply,NDS,983,472,delivered,2023-12-17,2023-12-25
5559,Mesa Tactical Manufacturing,MTM,331,216,delivered,2025-05-26,2025-06-18
5560,Sterling Power Systems,SPS,98,572,delivered,2023-05-02,2023-05-03
5561,Atlas Ground Support,AGS,337,171,delivered,2026-05-04,2026-05-12
5562,Titan Mobility Systems,TMS,546,278,pending,2024-06-21,2024-07-14
5563,Patriot Precision Parts,PPP,459,939,delivered,2025-01-24,2025-02-04
5564,Cedar Valley Manufacturing,CVM,5,688,pending,2025-08-27,2025-09-12
5565,Northstar Defense Supply,NDS,495,988,delivered,2023-05-05,2023-05-25
5566,Evergreen Field Support,EFS,107,433,pending,2024-10-10,2024-10-14
5567,Compass Maritime Supply,CMS,737,16,delivered,2023-02-25,2023-03-16
5568,Falcon Electronics Group,FEG,201,152,delivered,2023-10-02,2023-10-19
5569,Sentinel Equipment Supply,SES,532,342,delivered,2026-10-02,2026-10-03
5570,Liberty Mechanical Systems,LMS,543,688,delivered,2025-12-13,2025-12-21
5571,Northstar Defense Supply,NDS,453,545,pending,2026-07-13,2026-07-24
5572,Redstone Logistics Group,RLG,596,391,shipped,2023-11-23,2023-12-07
5573,Cascade Aerospace Systems,CAS,273,972,shipped,2024-06-13,2024-06-26
5574,Keystone Industrial Supply,KIS,521,14,shipped,2026-04-09,2026-04-21
5575,Titan Mobility Systems,TMS,548,707,shipped,2024-08-21,2024-08-24
5576,Northstar Defense Supply,NDS,306,380,shipped,2026-05-12,2026-05-31
5577,Lone Star Equipment Group,LSEG,941,240,shipped,2025-08-08,2025-08-12
5578,Cedar Valley Manufacturing,CVM,820,159,pending,2023-09-20,2023-09-25
5579,Evergreen Field Support,EFS,838,991,shipped,2026-09-09,2026-09-12
5580,Ironclad Industrial Systems,IIS,198,582,delivered,2025-08-15,2025-09-01
5581,Apex Defense Components,ADC,997,903,delivered,2023-02-26,2023-03-17
5582,Ranger Vehicle Parts,RVP,850,382,delivered,2026-11-05,2026-12-02
5583,Lone Star Equipment Group,LSEG,727,472,shipped,2023-05-02,2023-05-21
5584,Atlas Ground Support,AGS,540,573,shipped,2024-02-07,2024-03-06
5585,Blue Ridge Defense Manufacturing,BRDM,520,94,pending,2023-06-19,2023-06-23
5586,Atlas Ground Support,AGS,22,717,pending,2026-04-28,2026-05-03
5587,Ironclad Industrial Systems,IIS,737,697,shipped,2024-11-15,2024-12-11
5588,Cascade Aerospace Systems,CAS,877,984,shipped,2026-03-09,2026-04-02
5589,Trident Marine Components,TMC,521,176,delivered,2026-07-09,2026-07-21
5590,Northstar Defense Supply,NDS,988,451,shipped,2024-06-05,2024-07-04
5591,Lone Star Equipment Group,LSEG,218,241,delivered,2025-04-02,2025-04-23
5592,Pinnacle Hydraulic Systems,PHS,675,717,delivered,2026-06-13,2026-07-01
5593,Northstar Defense Supply,NDS,265,7,delivered,2025-05-10,2025-05-20
5594,Harborline Industrial Supply,HIS,232,395,shipped,2023-05-06,2023-05-31
5595,Cedar Valley Manufacturing,CVM,214,143,pending,2025-10-28,2025-11-17
5596,Gulf Coast Maintenance Parts,GCMP,750,235,delivered,2025-05-12,2025-06-03
5597,Vector Aerospace Supply,VAS,297,358,pending,2024-11-19,2024-12-11
5598,Ironclad Industrial Systems,IIS,297,758,delivered,2024-12-06,2024-12-08
5599,Titan Mobility Systems,TMS,383,708,delivered,2023-06-09,2023-06-21
5600,Harborline Industrial Supply,HIS,36,927,delivered,2025-03-23,2025-04-11
5601,Harborline Industrial Supply,HIS,874,670,delivered,2025-08-26,2025-08-31
5602,Northstar Defense Supply,NDS,157,942,shipped,2026-10-21,2026-10-24
5603,Gulf Coast Maintenance Parts,GCMP,30,455,shipped,2025-10-15,2025-10-31
5604,Granite State Components,GSC,944,737,shipped,2025-04-01,2025-04-20
5605,Granite State Components,GSC,852,948,pending,2025-08-10,2025-08-24
5606,Northstar Defense Supply,NDS,113,435,delivered,2024-08-06,2024-08-31
5607,Frontier Aviation Components,FAC,595,841,shipped,2023-06-01,2023-06-21
5608,Redstone Logistics Group,RLG,527,929,shipped,2024-03-21,2024-03-22
5609,Atlas Ground Support,AGS,220,623,shipped,2026-10-25,2026-11-10
5610,Cedar Valley Manufacturing,CVM,275,405,pending,2024-02-22,2024-03-10
5611,Apex Defense Components,ADC,704,865,shipped,2025-06-26,2025-07-11
5612,Heritage Logistics Supply,HLS,547,720,delivered,2026-03-27,2026-03-28
5613,Vector Aerospace Supply,VAS,294,223,delivered,2023-11-23,2023-12-22
5614,Redstone Logistics Group,RLG,933,197,delivered,2026-06-18,2026-07-09
5615,Sterling Power Systems,SPS,541,911,pending,2023-02-09,2023-03-09
5616,Ironclad Industrial Systems,IIS,818,550,shipped,2025-12-27,2026-01-16
5617,Prairie Technical Components,PTC,375,158,pending,2026-02-28,2026-03-19
5618,Lone Star Equipment Group,LSEG,273,973,delivered,2026-12-01,2026-12-13
5619,Heritage Logistics Supply,HLS,579,539,delivered,2025-02-27,2025-03-26
5620,Frontier Aviation Components,FAC,89,503,pending,2025-03-13,2025-04-02
5621,Harborline Industrial Supply,HIS,996,953,delivered,2025-11-16,2025-12-08
5622,Prairie Technical Components,PTC,451,348,delivered,2026-09-23,2026-10-10
5623,Evergreen Field Support,EFS,317,148,shipped,2023-02-25,2023-03-26
5624,Evergreen Field Support,EFS,308,702,pending,2025-06-20,2025-06-24
5625,Apex Defense Components,ADC,428,804,delivered,2026-05-15,2026-06-10
5626,Cedar Valley Manufacturing,CVM,551,415,pending,2024-08-26,2024-09-09
5627,Summit Tactical Supply,STS,951,827,delivered,2026-12-11,2026-12-31
5628,Ranger Vehicle Parts,RVP,541,991,delivered,2026-08-07,2026-08-16
5629,Mesa Tactical Manufacturing,MTM,238,121,pending,2023-03-21,2023-04-11
5630,Evergreen Field Support,EFS,184,554,pending,2025-11-16,2025-11-18
5631,Harborline Industrial Supply,HIS,523,360,delivered,2024-06-03,2024-06-17
5632,Cascade Aerospace Systems,CAS,932,933,delivered,2025-08-22,2025-09-02
5633,Liberty Mechanical Systems,LMS,585,1000,shipped,2023-09-10,2023-10-08
5634,Apex Defense Components,ADC,535,499,pending,2025-01-11,2025-01-29
5635,Vector Aerospace Supply,VAS,703,611,pending,2025-05-04,2025-05-26
5636,Ranger Vehicle Parts,RVP,281,220,delivered,2024-01-04,2024-01-28
5637,Evergreen Field Support,EFS,839,43,delivered,2023-10-23,2023-11-02
5638,Heritage Logistics Supply,HLS,971,208,delivered,2023-11-06,2023-11-12
5639,Northstar Defense Supply,NDS,17,69,shipped,2023-05-03,2023-05-29
5640,Compass Maritime Supply,CMS,866,939,pending,2026-02-25,2026-03-23
5641,Sterling Power Systems,SPS,111,414,pending,2026-10-03,2026-10-09
5642,Patriot Precision Parts,PPP,668,512,delivered,2026-08-26,2026-08-27
5643,Falcon Electronics Group,FEG,889,979,pending,2024-04-26,2024-05-19
5644,Keystone Industrial Supply,KIS,463,319,pending,2023-09-20,2023-10-05
5645,Harborline Industrial Supply,HIS,340,976,pending,2025-04-28,2025-05-05
5646,Apex Defense Components,ADC,714,277,shipped,2023-10-03,2023-10-26
5647,Pinnacle Hydraulic Systems,PHS,632,253,shipped,2024-01-24,2024-02-18
5648,Sterling Power Systems,SPS,469,333,delivered,2023-02-12,2023-03-09
5649,Atlas Ground Support,AGS,937,919,shipped,2024-04-23,2024-05-14
5650,Redstone Logistics Group,RLG,961,68,delivered,2025-01-14,2025-01-15
5651,Compass Maritime Supply,CMS,946,633,shipped,2026-07-19,2026-08-01
5652,Lone Star Equipment Group,LSEG,690,578,shipped,2024-02-17,2024-02-28
5653,Falcon Electronics Group,FEG,241,158,pending,2026-08-02,2026-08-23
5654,Titan Mobility Systems,TMS,687,767,pending,2024-06-20,2024-07-15
5655,Northstar Defense Supply,NDS,416,591,shipped,2025-12-15,2025-12-19
5656,Sterling Power Systems,SPS,274,397,delivered,2026-12-15,2026-12-31
5657,Patriot Precision Parts,PPP,654,275,pending,2023-09-06,2023-10-05
5658,Vector Aerospace Supply,VAS,584,554,delivered,2026-09-12,2026-10-01
5659,Ranger Vehicle Parts,RVP,69,453,shipped,2024-06-07,2024-07-06
5660,Trident Marine Components,TMC,630,528,delivered,2025-01-16,2025-02-10
5661,Liberty Mechanical Systems,LMS,676,590,delivered,2023-11-22,2023-12-21
5662,Compass Maritime Supply,CMS,28,495,delivered,2023-09-22,2023-10-10
5663,Ironclad Industrial Systems,IIS,851,211,pending,2026-05-10,2026-05-14
5664,Atlas Ground Support,AGS,332,330,shipped,2026-06-22,2026-07-16
5665,Sterling Power Systems,SPS,948,190,delivered,2025-06-20,2025-07-18
5666,Mesa Tactical Manufacturing,MTM,779,252,pending,2026-02-19,2026-03-14
5667,Redstone Logistics Group,RLG,106,547,pending,2023-04-17,2023-05-16
5668,Lone Star Equipment Group,LSEG,846,241,pending,2023-08-06,2023-09-05
5669,Atlas Ground Support,AGS,187,687,delivered,2023-07-25,2023-08-14
5670,Apex Defense Components,ADC,122,289,shipped,2023-08-13,2023-08-15
5671,Lone Star Equipment Group,LSEG,501,518,shipped,2023-05-18,2023-06-05
5672,Prairie Technical Components,PTC,674,691,delivered,2024-05-17,2024-06-14
5673,Lone Star Equipment Group,LSEG,763,910,delivered,2023-09-14,2023-10-07
5674,Liberty Mechanical Systems,LMS,17,402,pending,2023-11-19,2023-12-17
5675,Blue Ridge Defense Manufacturing,BRDM,402,746,shipped,2026-04-26,2026-05-03
5676,Sentinel Equipment Supply,SES,83,508,pending,2024-11-09,2024-12-06
5677,Frontier Aviation Components,FAC,60,772,shipped,2023-06-12,2023-06-26
5678,Titan Mobility Systems,TMS,305,215,pending,2025-09-04,2025-09-06
5679,Patriot Precision Parts,PPP,122,821,shipped,2024-02-23,2024-02-26
5680,Evergreen Field Support,EFS,994,757,delivered,2023-11-02,2023-12-02
5681,Ranger Vehicle Parts,RVP,817,112,delivered,2024-11-17,2024-11-25
5682,Sterling Power Systems,SPS,902,814,delivered,2026-12-15,2027-01-08
5683,Atlas Ground Support,AGS,161,927,shipped,2023-02-03,2023-02-25
5684,Pinnacle Hydraulic Systems,PHS,389,481,pending,2026-05-14,2026-06-06
5685,Lone Star Equipment Group,LSEG,526,66,delivered,2025-10-09,2025-10-23
5686,Keystone Industrial Supply,KIS,601,331,shipped,2024-04-24,2024-05-21
5687,Titan Mobility Systems,TMS,815,802,pending,2026-07-22,2026-08-01
5688,Compass Maritime Supply,CMS,702,334,shipped,2026-09-20,2026-10-03
5689,Patriot Precision Parts,PPP,551,742,pending,2026-06-18,2026-07-16
5690,Heritage Logistics Supply,HLS,61,889,delivered,2026-06-17,2026-06-23
5691,Evergreen Field Support,EFS,287,143,delivered,2024-11-25,2024-11-30
5692,Apex Defense Components,ADC,461,532,delivered,2026-12-02,2027-01-01
5693,Cascade Aerospace Systems,CAS,970,8,delivered,2026-05-15,2026-05-23
5694,Blue Ridge Defense Manufacturing,BRDM,402,19,shipped,2024-04-03,2024-04-15
5695,Sterling Power Systems,SPS,899,664,delivered,2023-08-26,2023-09-13
5696,Blue Ridge Defense Manufacturing,BRDM,717,470,delivered,2024-11-22,2024-12-01
5697,Vector Aerospace Supply,VAS,173,387,shipped,2023-10-15,2023-11-04
5698,Heritage Logistics Supply,HLS,623,624,pending,2024-09-06,2024-09-09
5699,Cascade Aerospace Systems,CAS,777,134,delivered,2023-01-18,2023-02-03
5700,Vector Aerospace Supply,VAS,343,937,shipped,2024-07-08,2024-07-27
5701,Pinnacle Hydraulic Systems,PHS,692,997,shipped,2026-01-21,2026-02-04
5702,Ironclad Industrial Systems,IIS,389,101,pending,2023-01-10,2023-01-11
5703,Frontier Aviation Components,FAC,423,145,pending,2023-07-12,2023-08-06
5704,Liberty Mechanical Systems,LMS,375,965,pending,2026-01-28,2026-02-13
5705,Sterling Power Systems,SPS,909,517,pending,2023-06-26,2023-07-15
5706,Keystone Industrial Supply,KIS,54,749,delivered,2026-05-25,2026-06-10
5707,Vector Aerospace Supply,VAS,869,270,delivered,2026-10-24,2026-11-05
5708,Prairie Technical Components,PTC,954,767,shipped,2026-08-13,2026-08-20
5709,Titan Mobility Systems,TMS,296,162,shipped,2025-02-07,2025-02-25
5710,Northstar Defense Supply,NDS,504,518,delivered,2023-06-28,2023-07-06
5711,Ironclad Industrial Systems,IIS,857,679,shipped,2024-06-11,2024-07-03
5712,Harborline Industrial Supply,HIS,521,605,delivered,2025-11-02,2025-11-06
5713,Titan Mobility Systems,TMS,699,523,shipped,2025-10-08,2025-10-15
5714,Sterling Power Systems,SPS,163,38,pending,2025-02-16,2025-03-01
5715,Lone Star Equipment Group,LSEG,195,671,delivered,2026-10-24,2026-11-13
5716,Apex Defense Components,ADC,936,363,pending,2026-08-10,2026-08-20
5717,Harborline Industrial Supply,HIS,735,860,delivered,2026-08-20,2026-08-28
5718,Gulf Coast Maintenance Parts,GCMP,974,223,pending,2025-04-04,2025-04-21
5719,Redstone Logistics Group,RLG,180,361,delivered,2024-02-27,2024-03-22
5720,Ranger Vehicle Parts,RVP,965,761,shipped,2026-02-11,2026-02-17
5721,Heritage Logistics Supply,HLS,393,248,delivered,2023-02-27,2023-03-17
5722,Patriot Precision Parts,PPP,556,853,shipped,2026-08-07,2026-08-28
5723,Frontier Aviation Components,FAC,263,322,shipped,2026-06-25,2026-07-12
5724,Vector Aerospace Supply,VAS,468,520,shipped,2024-05-02,2024-05-09
5725,Evergreen Field Support,EFS,516,707,delivered,2023-06-17,2023-06-22
5726,Ranger Vehicle Parts,RVP,387,838,pending,2026-12-11,2026-12-29
5727,Gulf Coast Maintenance Parts,GCMP,995,473,delivered,2026-10-27,2026-10-31
5728,Ranger Vehicle Parts,RVP,882,796,pending,2024-04-17,2024-05-10
5729,Liberty Mechanical Systems,LMS,73,55,shipped,2025-01-19,2025-02-15
5730,Sterling Power Systems,SPS,489,946,pending,2025-03-25,2025-03-29
5731,Liberty Mechanical Systems,LMS,320,822,pending,2023-04-13,2023-05-12
5732,Harborline Industrial Supply,HIS,509,593,shipped,2025-03-27,2025-04-10
5733,Sterling Power Systems,SPS,690,250,delivered,2026-01-05,2026-01-07
5734,Patriot Precision Parts,PPP,211,485,delivered,2025-04-07,2025-05-02
5735,Heritage Logistics Supply,HLS,278,250,shipped,2024-12-21,2025-01-09
5736,Atlas Ground Support,AGS,749,861,shipped,2025-11-15,2025-11-23
5737,Harborline Industrial Supply,HIS,317,177,delivered,2023-03-16,2023-04-15
5738,Summit Tactical Supply,STS,374,998,delivered,2024-11-26,2024-12-24
5739,Falcon Electronics Group,FEG,272,477,delivered,2023-02-19,2023-03-06
5740,Lone Star Equipment Group,LSEG,41,582,pending,2025-09-05,2025-09-22
5741,Patriot Precision Parts,PPP,909,841,shipped,2024-06-13,2024-06-23
5742,Sentinel Equipment Supply,SES,916,623,pending,2024-12-28,2025-01-27
5743,Atlas Ground Support,AGS,835,434,delivered,2026-05-03,2026-05-09
5744,Mesa Tactical Manufacturing,MTM,371,561,shipped,2025-06-18,2025-06-23
5745,Mesa Tactical Manufacturing,MTM,604,484,delivered,2024-05-19,2024-06-09
5746,Apex Defense Components,ADC,253,313,pending,2023-10-18,2023-11-03
5747,Sentinel Equipment Supply,SES,281,500,shipped,2026-11-25,2026-12-14
5748,Compass Maritime Supply,CMS,30,308,delivered,2025-08-28,2025-09-09
5749,Cedar Valley Manufacturing,CVM,715,469,pending,2023-08-20,2023-09-02
5750,Prairie Technical Components,PTC,85,823,shipped,2024-04-23,2024-05-09
5751,Trident Marine Components,TMC,199,60,shipped,2024-12-15,2025-01-10
5752,Sentinel Equipment Supply,SES,486,428,delivered,2024-04-05,2024-04-30
5753,Prairie Technical Components,PTC,390,144,shipped,2026-05-11,2026-06-05
5754,Cedar Valley Manufacturing,CVM,625,116,shipped,2024-03-13,2024-04-09
5755,Cascade Aerospace Systems,CAS,381,482,shipped,2024-09-23,2024-10-14
5756,Frontier Aviation Components,FAC,360,250,shipped,2026-04-19,2026-05-16
5757,Keystone Industrial Supply,KIS,762,684,shipped,2026-10-17,2026-11-13
5758,Compass Maritime Supply,CMS,99,848,shipped,2024-10-18,2024-11-02
5759,Apex Defense Components,ADC,216,128,delivered,2026-07-15,2026-08-09
5760,Mesa Tactical Manufacturing,MTM,998,180,shipped,2025-12-12,2026-01-09
5761,Sentinel Equipment Supply,SES,320,131,shipped,2025-03-16,2025-04-02
5762,Granite State Components,GSC,993,360,delivered,2023-02-22,2023-03-17
5763,Sentinel Equipment Supply,SES,564,838,shipped,2024-04-26,2024-05-06
5764,Vector Aerospace Supply,VAS,607,768,shipped,2024-06-02,2024-06-11
5765,Liberty Mechanical Systems,LMS,236,586,delivered,2026-07-22,2026-08-09
5766,Cedar Valley Manufacturing,CVM,914,68,pending,2023-06-01,2023-06-21
5767,Ironclad Industrial Systems,IIS,629,432,shipped,2026-02-04,2026-02-10
5768,Compass Maritime Supply,CMS,133,976,delivered,2023-04-03,2023-04-09
5769,Titan Mobility Systems,TMS,484,758,shipped,2023-10-11,2023-10-16
5770,Sterling Power Systems,SPS,481,161,delivered,2023-11-17,2023-12-05
5771,Granite State Components,GSC,793,280,pending,2026-01-17,2026-02-16
5772,Redstone Logistics Group,RLG,899,822,pending,2025-12-11,2026-01-04
5773,Atlas Ground Support,AGS,230,86,delivered,2024-03-22,2024-04-06
5774,Vector Aerospace Supply,VAS,341,709,delivered,2025-06-04,2025-06-10
5775,Atlas Ground Support,AGS,748,721,delivered,2023-05-22,2023-06-18
5776,Harborline Industrial Supply,HIS,346,493,pending,2026-04-09,2026-04-10
5777,Trident Marine Components,TMC,838,456,pending,2025-06-08,2025-06-09
5778,Keystone Industrial Supply,KIS,539,38,shipped,2026-04-11,2026-05-07
5779,Evergreen Field Support,EFS,12,264,delivered,2025-01-05,2025-01-30
5780,Ranger Vehicle Parts,RVP,340,169,pending,2023-08-16,2023-08-22
5781,Redstone Logistics Group,RLG,669,136,shipped,2025-01-05,2025-01-26
5782,Liberty Mechanical Systems,LMS,182,597,delivered,2024-06-23,2024-07-05
5783,Ranger Vehicle Parts,RVP,637,390,delivered,2025-08-24,2025-09-13
5784,Keystone Industrial Supply,KIS,32,506,shipped,2024-10-02,2024-10-18
5785,Compass Maritime Supply,CMS,472,122,pending,2025-11-14,2025-11-18
5786,Falcon Electronics Group,FEG,645,679,pending,2026-07-01,2026-07-03
5787,Sentinel Equipment Supply,SES,722,726,delivered,2024-01-27,2024-02-04
5788,Ironclad Industrial Systems,IIS,762,68,shipped,2025-02-18,2025-03-02
5789,Liberty Mechanical Systems,LMS,2,506,shipped,2023-10-20,2023-10-24
5790,Ranger Vehicle Parts,RVP,137,263,delivered,2024-04-22,2024-05-12
5791,Lone Star Equipment Group,LSEG,427,845,delivered,2023-08-07,2023-08-21
5792,Mesa Tactical Manufacturing,MTM,39,610,delivered,2024-02-25,2024-03-16
5793,Ranger Vehicle Parts,RVP,977,663,shipped,2025-06-03,2025-06-14
5794,Vector Aerospace Supply,VAS,902,814,pending,2024-12-08,2024-12-28
5795,Ranger Vehicle Parts,RVP,387,707,shipped,2026-09-21,2026-10-03
5796,Falcon Electronics Group,FEG,13,736,pending,2025-06-18,2025-07-04
5797,Keystone Industrial Supply,KIS,955,51,shipped,2026-07-23,2026-08-19
5798,Cascade Aerospace Systems,CAS,363,183,delivered,2023-01-15,2023-02-01
5799,Trident Marine Components,TMC,584,657,pending,2024-08-27,2024-09-25
5800,Apex Defense Components,ADC,242,24,delivered,2023-08-09,2023-09-04
5801,Redstone Logistics Group,RLG,923,614,delivered,2026-09-01,2026-09-14
5802,Titan Mobility Systems,TMS,598,802,delivered,2024-02-06,2024-02-16
5803,Compass Maritime Supply,CMS,343,290,shipped,2023-10-17,2023-11-04
5804,Cedar Valley Manufacturing,CVM,210,478,shipped,2024-03-13,2024-03-19
5805,Ironclad Industrial Systems,IIS,890,1,shipped,2025-06-04,2025-06-16
5806,Sterling Power Systems,SPS,689,890,delivered,2023-11-03,2023-11-06
5807,Northstar Defense Supply,NDS,434,454,pending,2026-01-19,2026-02-01
5808,Mesa Tactical Manufacturing,MTM,637,772,delivered,2024-01-19,2024-02-09
5809,Apex Defense Components,ADC,621,353,delivered,2024-02-19,2024-03-02
5810,Redstone Logistics Group,RLG,460,258,shipped,2023-07-17,2023-08-04
5811,Patriot Precision Parts,PPP,113,600,delivered,2025-03-26,2025-04-03
5812,Blue Ridge Defense Manufacturing,BRDM,523,751,shipped,2024-02-23,2024-03-16
5813,Gulf Coast Maintenance Parts,GCMP,991,957,pending,2024-01-17,2024-01-18
5814,Frontier Aviation Components,FAC,556,54,pending,2025-11-16,2025-12-03
5815,Harborline Industrial Supply,HIS,312,959,delivered,2026-04-17,2026-04-29
5816,Liberty Mechanical Systems,LMS,979,826,delivered,2026-10-18,2026-11-03
5817,Apex Defense Components,ADC,551,755,delivered,2025-01-25,2025-02-04
5818,Prairie Technical Components,PTC,391,607,pending,2023-04-25,2023-04-27
5819,Keystone Industrial Supply,KIS,231,122,shipped,2024-09-26,2024-10-02
5820,Gulf Coast Maintenance Parts,GCMP,573,898,pending,2024-01-13,2024-02-07
5821,Cedar Valley Manufacturing,CVM,698,432,shipped,2025-10-03,2025-10-10
5822,Vector Aerospace Supply,VAS,164,623,delivered,2026-08-24,2026-09-10
5823,Redstone Logistics Group,RLG,165,472,delivered,2023-06-15,2023-06-17
5824,Prairie Technical Components,PTC,140,207,shipped,2024-01-03,2024-02-02
5825,Cascade Aerospace Systems,CAS,265,534,delivered,2024-05-04,2024-06-02
5826,Sterling Power Systems,SPS,704,376,pending,2023-08-07,2023-08-20
5827,Patriot Precision Parts,PPP,669,792,pending,2024-01-22,2024-01-29
5828,Harborline Industrial Supply,HIS,976,406,pending,2024-03-02,2024-03-23
5829,Redstone Logistics Group,RLG,749,655,delivered,2024-04-16,2024-04-22
5830,Prairie Technical Components,PTC,231,686,delivered,2026-04-09,2026-04-10
5831,Granite State Components,GSC,883,973,pending,2026-04-24,2026-05-07
5832,Cascade Aerospace Systems,CAS,519,127,pending,2024-09-02,2024-09-11
5833,Atlas Ground Support,AGS,694,677,pending,2024-09-23,2024-09-30
5834,Trident Marine Components,TMC,55,379,delivered,2024-04-28,2024-05-06
5835,Vector Aerospace Supply,VAS,216,808,pending,2025-11-04,2025-11-08
5836,Frontier Aviation Components,FAC,397,808,pending,2025-01-19,2025-01-28
5837,Pinnacle Hydraulic Systems,PHS,561,539,shipped,2025-05-08,2025-05-12
5838,Blue Ridge Defense Manufacturing,BRDM,308,537,delivered,2024-12-26,2025-01-07
5839,Gulf Coast Maintenance Parts,GCMP,716,896,shipped,2025-07-17,2025-08-12
5840,Liberty Mechanical Systems,LMS,655,547,pending,2026-12-12,2027-01-01
5841,Liberty Mechanical Systems,LMS,775,126,delivered,2025-12-18,2026-01-17
5842,Blue Ridge Defense Manufacturing,BRDM,45,57,shipped,2026-01-16,2026-01-21
5843,Atlas Ground Support,AGS,879,7,shipped,2026-01-19,2026-02-10
5844,Blue Ridge Defense Manufacturing,BRDM,756,846,delivered,2023-07-27,2023-08-23
5845,Vector Aerospace Supply,VAS,373,795,delivered,2024-08-05,2024-08-10
5846,Northstar Defense Supply,NDS,614,214,delivered,2023-04-11,2023-05-01
5847,Redstone Logistics Group,RLG,986,989,shipped,2023-05-17,2023-05-29
5848,Redstone Logistics Group,RLG,899,87,shipped,2023-09-23,2023-10-10
5849,Sterling Power Systems,SPS,235,383,delivered,2025-09-12,2025-10-06
5850,Ranger Vehicle Parts,RVP,446,530,delivered,2024-01-28,2024-02-11
5851,Falcon Electronics Group,FEG,809,671,pending,2025-08-01,2025-08-04
5852,Pinnacle Hydraulic Systems,PHS,399,571,shipped,2023-08-22,2023-08-25
5853,Lone Star Equipment Group,LSEG,757,666,shipped,2026-03-17,2026-03-24
5854,Prairie Technical Components,PTC,59,169,shipped,2026-03-19,2026-04-14
5855,Sterling Power Systems,SPS,34,222,pending,2024-02-07,2024-03-07
5856,Summit Tactical Supply,STS,517,682,shipped,2026-01-27,2026-02-16
5857,Falcon Electronics Group,FEG,930,281,pending,2024-02-07,2024-02-29
5858,Cascade Aerospace Systems,CAS,438,412,delivered,2026-11-27,2026-12-25
5859,Vector Aerospace Supply,VAS,703,874,pending,2025-06-06,2025-06-27
5860,Heritage Logistics Supply,HLS,855,35,delivered,2025-05-04,2025-05-15
5861,Pinnacle Hydraulic Systems,PHS,320,628,pending,2025-10-03,2025-10-04
5862,Mesa Tactical Manufacturing,MTM,495,486,shipped,2025-04-01,2025-04-13
5863,Sentinel Equipment Supply,SES,561,512,pending,2023-01-09,2023-01-29
5864,Keystone Industrial Supply,KIS,593,210,pending,2023-04-23,2023-05-17
5865,Patriot Precision Parts,PPP,458,684,pending,2026-12-05,2026-12-25
5866,Pinnacle Hydraulic Systems,PHS,622,668,shipped,2024-09-18,2024-10-17
5867,Evergreen Field Support,EFS,637,301,pending,2026-11-13,2026-11-30
5868,Trident Marine Components,TMC,647,133,pending,2025-09-08,2025-09-20
5869,Liberty Mechanical Systems,LMS,100,925,delivered,2024-02-28,2024-03-06
5870,Vector Aerospace Supply,VAS,778,812,delivered,2025-05-17,2025-06-15
5871,Sentinel Equipment Supply,SES,411,976,pending,2025-10-17,2025-10-24
5872,Gulf Coast Maintenance Parts,GCMP,419,481,pending,2025-05-01,2025-05-20
5873,Patriot Precision Parts,PPP,185,825,delivered,2024-01-09,2024-02-04
5874,Trident Marine Components,TMC,839,705,shipped,2025-04-07,2025-05-07
5875,Gulf Coast Maintenance Parts,GCMP,462,480,shipped,2025-08-02,2025-08-13
5876,Falcon Electronics Group,FEG,661,83,shipped,2025-08-20,2025-09-05
5877,Titan Mobility Systems,TMS,293,87,pending,2023-04-10,2023-04-15
5878,Heritage Logistics Supply,HLS,641,569,pending,2026-06-02,2026-06-26
5879,Heritage Logistics Supply,HLS,899,928,pending,2023-07-16,2023-07-18
5880,Northstar Defense Supply,NDS,178,762,shipped,2024-12-22,2025-01-03
5881,Cascade Aerospace Systems,CAS,104,624,shipped,2024-09-16,2024-10-06
5882,Compass Maritime Supply,CMS,44,461,delivered,2023-05-12,2023-05-13
5883,Evergreen Field Support,EFS,474,768,pending,2024-09-15,2024-09-17
5884,Heritage Logistics Supply,HLS,752,729,shipped,2023-06-08,2023-06-17
5885,Apex Defense Components,ADC,136,647,delivered,2023-05-09,2023-06-04
5886,Redstone Logistics Group,RLG,845,331,shipped,2025-08-01,2025-08-18
5887,Blue Ridge Defense Manufacturing,BRDM,591,738,delivered,2025-01-09,2025-01-26
5888,Blue Ridge Defense Manufacturing,BRDM,337,995,shipped,2026-09-22,2026-10-02
5889,Sterling Power Systems,SPS,130,476,pending,2024-07-02,2024-07-11
5890,Cascade Aerospace Systems,CAS,682,714,pending,2026-07-08,2026-07-26
5891,Sentinel Equipment Supply,SES,707,868,pending,2023-10-09,2023-10-27
5892,Lone Star Equipment Group,LSEG,181,7,delivered,2023-03-23,2023-04-09
5893,Blue Ridge Defense Manufacturing,BRDM,836,361,delivered,2023-04-06,2023-04-26
5894,Titan Mobility Systems,TMS,862,343,delivered,2023-01-06,2023-01-23
5895,Sterling Power Systems,SPS,299,614,shipped,2025-12-23,2026-01-06
5896,Trident Marine Components,TMC,420,373,shipped,2023-09-13,2023-09-16
5897,Cedar Valley Manufacturing,CVM,286,662,delivered,2026-12-03,2026-12-31
5898,Blue Ridge Defense Manufacturing,BRDM,945,743,pending,2024-12-14,2024-12-25
5899,Prairie Technical Components,PTC,531,501,shipped,2025-04-17,2025-05-02
5900,Prairie Technical Components,PTC,204,271,shipped,2025-09-23,2025-10-23
5901,Mesa Tactical Manufacturing,MTM,397,382,shipped,2023-08-19,2023-09-01
5902,Redstone Logistics Group,RLG,690,408,delivered,2025-08-20,2025-09-17
5903,Ranger Vehicle Parts,RVP,242,974,pending,2025-05-24,2025-06-17
5904,Heritage Logistics Supply,HLS,524,862,delivered,2024-12-15,2024-12-16
5905,Lone Star Equipment Group,LSEG,147,763,pending,2025-07-02,2025-07-14
5906,Sterling Power Systems,SPS,310,473,shipped,2023-03-23,2023-04-10
5907,Northstar Defense Supply,NDS,904,324,shipped,2025-08-01,2025-08-18
5908,Evergreen Field Support,EFS,777,563,delivered,2024-02-14,2024-02-23
5909,Sterling Power Systems,SPS,783,900,shipped,2023-06-07,2023-06-27
5910,Lone Star Equipment Group,LSEG,572,104,delivered,2024-09-08,2024-09-12
5911,Mesa Tactical Manufacturing,MTM,6,146,pending,2023-04-25,2023-05-11
5912,Sentinel Equipment Supply,SES,999,7,delivered,2023-10-27,2023-11-15
5913,Northstar Defense Supply,NDS,815,564,shipped,2023-08-14,2023-08-28
5914,Frontier Aviation Components,FAC,277,806,pending,2023-05-27,2023-06-04
5915,Liberty Mechanical Systems,LMS,445,947,pending,2024-06-13,2024-06-30
5916,Evergreen Field Support,EFS,761,53,shipped,2023-12-14,2024-01-10
5917,Lone Star Equipment Group,LSEG,266,106,shipped,2023-05-01,2023-05-28
5918,Cedar Valley Manufacturing,CVM,869,684,pending,2025-12-01,2025-12-11
5919,Liberty Mechanical Systems,LMS,53,452,pending,2024-03-27,2024-04-11
5920,Cascade Aerospace Systems,CAS,468,440,pending,2025-07-12,2025-08-09
5921,Redstone Logistics Group,RLG,79,597,shipped,2024-07-28,2024-08-12
5922,Gulf Coast Maintenance Parts,GCMP,418,882,pending,2023-02-18,2023-02-20
5923,Granite State Components,GSC,612,360,shipped,2026-10-25,2026-11-11
5924,Redstone Logistics Group,RLG,267,473,delivered,2026-07-01,2026-07-11
5925,Mesa Tactical Manufacturing,MTM,336,563,pending,2025-12-07,2025-12-08
5926,Prairie Technical Components,PTC,221,879,delivered,2023-04-18,2023-04-20
5927,Pinnacle Hydraulic Systems,PHS,633,377,shipped,2025-12-10,2025-12-30
5928,Atlas Ground Support,AGS,483,723,delivered,2023-05-16,2023-05-31
5929,Granite State Components,GSC,680,522,shipped,2024-01-22,2024-01-25
5930,Titan Mobility Systems,TMS,469,440,delivered,2024-06-23,2024-07-19
5931,Prairie Technical Components,PTC,219,586,delivered,2023-06-03,2023-06-17
5932,Ironclad Industrial Systems,IIS,532,874,shipped,2026-10-14,2026-11-12
5933,Liberty Mechanical Systems,LMS,492,699,delivered,2026-04-06,2026-04-08
5934,Sentinel Equipment Supply,SES,913,326,shipped,2023-05-07,2023-05-20
5935,Gulf Coast Maintenance Parts,GCMP,467,316,shipped,2026-10-27,2026-11-10
5936,Vector Aerospace Supply,VAS,787,54,shipped,2024-03-07,2024-03-25
5937,Ranger Vehicle Parts,RVP,135,782,pending,2026-07-11,2026-07-27
5938,Gulf Coast Maintenance Parts,GCMP,889,276,shipped,2025-11-15,2025-11-17
5939,Granite State Components,GSC,628,614,shipped,2026-12-11,2026-12-26
5940,Prairie Technical Components,PTC,307,153,shipped,2026-07-01,2026-07-03
5941,Patriot Precision Parts,PPP,162,771,delivered,2024-12-16,2024-12-23
5942,Keystone Industrial Supply,KIS,866,411,pending,2024-09-18,2024-10-05
5943,Vector Aerospace Supply,VAS,696,908,pending,2025-08-23,2025-09-01
5944,Ranger Vehicle Parts,RVP,417,831,pending,2025-05-08,2025-05-17
5945,Lone Star Equipment Group,LSEG,730,451,delivered,2025-04-08,2025-04-17
5946,Trident Marine Components,TMC,231,492,delivered,2025-08-13,2025-09-10
5947,Ranger Vehicle Parts,RVP,485,839,shipped,2024-12-02,2024-12-16
5948,Titan Mobility Systems,TMS,823,716,delivered,2023-11-15,2023-12-15
5949,Prairie Technical Components,PTC,296,891,pending,2024-06-02,2024-06-07
5950,Compass Maritime Supply,CMS,914,163,shipped,2025-06-27,2025-07-25
5951,Trident Marine Components,TMC,568,136,delivered,2026-12-18,2027-01-11
5952,Sentinel Equipment Supply,SES,398,689,shipped,2025-10-23,2025-10-28
5953,Mesa Tactical Manufacturing,MTM,404,53,pending,2023-05-24,2023-05-25
5954,Sterling Power Systems,SPS,820,45,shipped,2024-06-19,2024-07-16
5955,Patriot Precision Parts,PPP,722,313,delivered,2024-04-14,2024-05-01
5956,Keystone Industrial Supply,KIS,393,714,pending,2023-07-16,2023-07-21
5957,Titan Mobility Systems,TMS,994,790,pending,2024-07-19,2024-08-12
5958,Cedar Valley Manufacturing,CVM,573,638,delivered,2026-02-22,2026-03-19
5959,Trident Marine Components,TMC,865,950,shipped,2025-02-19,2025-02-27
5960,Sterling Power Systems,SPS,114,551,shipped,2023-01-17,2023-01-24
5961,Keystone Industrial Supply,KIS,21,198,pending,2023-02-15,2023-03-02
5962,Liberty Mechanical Systems,LMS,413,389,pending,2025-08-13,2025-09-07
5963,Patriot Precision Parts,PPP,971,593,delivered,2024-11-26,2024-12-05
5964,Evergreen Field Support,EFS,853,172,delivered,2023-10-12,2023-10-15
5965,Pinnacle Hydraulic Systems,PHS,274,180,shipped,2026-11-17,2026-12-09
5966,Pinnacle Hydraulic Systems,PHS,297,879,pending,2025-03-12,2025-03-27
5967,Atlas Ground Support,AGS,579,349,pending,2024-09-23,2024-10-15
5968,Falcon Electronics Group,FEG,730,33,pending,2023-10-26,2023-11-19
5969,Northstar Defense Supply,NDS,596,301,delivered,2026-11-14,2026-12-01
5970,Atlas Ground Support,AGS,781,816,delivered,2026-01-12,2026-01-20
5971,Patriot Precision Parts,PPP,244,762,pending,2023-12-24,2023-12-25
5972,Blue Ridge Defense Manufacturing,BRDM,467,325,delivered,2025-06-09,2025-07-08
5973,Atlas Ground Support,AGS,787,891,pending,2023-08-26,2023-09-07
5974,Mesa Tactical Manufacturing,MTM,437,0,delivered,2024-11-15,2024-12-15
5975,Patriot Precision Parts,PPP,442,695,delivered,2025-09-09,2025-09-16
5976,Redstone Logistics Group,RLG,201,809,shipped,2026-01-28,2026-02-05
5977,Lone Star Equipment Group,LSEG,663,230,pending,2023-07-25,2023-08-13
5978,Prairie Technical Components,PTC,876,633,shipped,2023-01-14,2023-01-22
5979,Northstar Defense Supply,NDS,463,934,pending,2023-06-16,2023-06-28
5980,Northstar Defense Supply,NDS,509,329,delivered,2024-12-13,2024-12-18
5981,Frontier Aviation Components,FAC,860,163,delivered,2024-03-15,2024-03-21
5982,Pinnacle Hydraulic Systems,PHS,497,0,delivered,2025-11-08,2025-11-22
5983,Sterling Power Systems,SPS,734,330,pending,2026-12-11,2026-12-20
5984,Trident Marine Components,TMC,87,923,pending,2024-04-25,2024-05-19
5985,Redstone Logistics Group,RLG,255,340,shipped,2024-01-28,2024-02-21
5986,Sentinel Equipment Supply,SES,684,866,pending,2026-12-25,2027-01-20
5987,Summit Tactical Supply,STS,451,965,pending,2023-10-19,2023-10-23
5988,Northstar Defense Supply,NDS,17,542,delivered,2024-07-11,2024-07-27
5989,Evergreen Field Support,EFS,340,674,delivered,2026-05-25,2026-05-26
5990,Gulf Coast Maintenance Parts,GCMP,117,45,delivered,2025-02-04,2025-02-24
5991,Sentinel Equipment Supply,SES,848,10,pending,2026-03-12,2026-04-02
5992,Redstone Logistics Group,RLG,690,54,pending,2024-12-02,2024-12-05
5993,Frontier Aviation Components,FAC,881,352,pending,2023-11-13,2023-11-28
5994,Cedar Valley Manufacturing,CVM,480,968,delivered,2025-03-15,2025-04-02
5995,Apex Defense Components,ADC,939,636,pending,2025-12-01,2025-12-31
5996,Gulf Coast Maintenance Parts,GCMP,50,558,pending,2025-06-04,2025-06-14
5997,Summit Tactical Supply,STS,36,585,shipped,2025-03-11,2025-03-28
5998,Falcon Electronics Group,FEG,926,172,delivered,2026-03-15,2026-03-16
5999,Cascade Aerospace Systems,CAS,111,193,shipped,2023-02-06,2023-02-16
6000,Titan Mobility Systems,TMS,500,370,delivered,2023-12-16,2024-01-02
6001,Evergreen Field Support,EFS,617,119,shipped,2026-10-15,2026-11-03
6002,Titan Mobility Systems,TMS,594,573,shipped,2025-11-12,2025-12-01
6003,Sterling Power Systems,SPS,694,86,shipped,2025-11-02,2025-11-09
6004,Harborline Industrial Supply,HIS,423,755,shipped,2025-01-26,2025-01-27
6005,Sentinel Equipment Supply,SES,506,156,shipped,2026-01-05,2026-01-19
6006,Heritage Logistics Supply,HLS,166,575,pending,2025-12-07,2026-01-05
6007,Patriot Precision Parts,PPP,567,106,delivered,2026-06-16,2026-07-06
6008,Ranger Vehicle Parts,RVP,361,189,pending,2025-08-13,2025-09-10
6009,Gulf Coast Maintenance Parts,GCMP,977,556,delivered,2023-06-27,2023-07-05
6010,Ironclad Industrial Systems,IIS,867,145,delivered,2023-06-08,2023-06-27
6011,Sentinel Equipment Supply,SES,160,862,delivered,2024-10-12,2024-10-17
6012,Prairie Technical Components,PTC,447,613,delivered,2024-09-16,2024-10-11
6013,Vector Aerospace Supply,VAS,937,833,shipped,2024-11-18,2024-12-17
6014,Gulf Coast Maintenance Parts,GCMP,447,444,shipped,2024-03-08,2024-03-18
6015,Mesa Tactical Manufacturing,MTM,22,141,shipped,2025-01-06,2025-01-29
6016,Redstone Logistics Group,RLG,275,714,pending,2026-01-07,2026-01-31
6017,Falcon Electronics Group,FEG,422,279,pending,2023-08-07,2023-09-05
6018,Vector Aerospace Supply,VAS,393,950,shipped,2026-11-10,2026-11-18
6019,Lone Star Equipment Group,LSEG,64,981,shipped,2026-07-18,2026-08-01
6020,Granite State Components,GSC,401,809,pending,2025-10-06,2025-10-11
6021,Harborline Industrial Supply,HIS,348,745,pending,2026-02-25,2026-03-19
6022,Cedar Valley Manufacturing,CVM,291,233,shipped,2026-10-12,2026-10-29
6023,Mesa Tactical Manufacturing,MTM,388,600,delivered,2026-12-03,2027-01-01
6024,Sterling Power Systems,SPS,977,907,pending,2025-04-18,2025-05-05
6025,Vector Aerospace Supply,VAS,840,491,shipped,2023-05-21,2023-06-08
6026,Ranger Vehicle Parts,RVP,707,770,delivered,2026-03-28,2026-04-08
6027,Mesa Tactical Manufacturing,MTM,210,132,pending,2025-01-18,2025-01-30
6028,Falcon Electronics Group,FEG,298,218,delivered,2023-09-21,2023-10-19
6029,Cedar Valley Manufacturing,CVM,949,611,shipped,2025-01-09,2025-01-25
6030,Keystone Industrial Supply,KIS,344,339,pending,2026-02-06,2026-02-23
6031,Granite State Components,GSC,165,453,shipped,2026-07-02,2026-07-12
6032,Pinnacle Hydraulic Systems,PHS,8,572,shipped,2024-03-11,2024-03-18
6033,Titan Mobility Systems,TMS,642,383,delivered,2024-02-19,2024-02-28
6034,Gulf Coast Maintenance Parts,GCMP,918,371,pending,2026-01-11,2026-01-29
6035,Falcon Electronics Group,FEG,397,2,shipped,2026-08-01,2026-08-24
6036,Ranger Vehicle Parts,RVP,326,635,shipped,2026-12-13,2026-12-25
6037,Apex Defense Components,ADC,845,919,shipped,2025-08-18,2025-09-11
6038,Frontier Aviation Components,FAC,991,776,shipped,2023-08-13,2023-08-30
6039,Evergreen Field Support,EFS,527,57,delivered,2023-09-03,2023-09-04
6040,Northstar Defense Supply,NDS,544,981,shipped,2026-03-11,2026-03-20
6041,Summit Tactical Supply,STS,884,832,shipped,2026-05-02,2026-05-31
6042,Patriot Precision Parts,PPP,674,411,pending,2026-10-12,2026-11-06
6043,Gulf Coast Maintenance Parts,GCMP,392,354,shipped,2023-10-12,2023-10-24
6044,Granite State Components,GSC,325,864,delivered,2025-06-24,2025-07-02
6045,Cedar Valley Manufacturing,CVM,130,378,pending,2026-06-19,2026-06-20
6046,Apex Defense Components,ADC,489,862,shipped,2023-01-28,2023-02-11
6047,Patriot Precision Parts,PPP,450,739,shipped,2026-02-11,2026-02-26
6048,Granite State Components,GSC,212,436,shipped,2023-03-18,2023-04-13
6049,Trident Marine Components,TMC,611,444,shipped,2023-12-11,2024-01-01
6050,Cascade Aerospace Systems,CAS,213,571,delivered,2026-04-18,2026-04-20
6051,Lone Star Equipment Group,LSEG,263,698,shipped,2025-05-14,2025-05-24
6052,Cedar Valley Manufacturing,CVM,84,122,shipped,2026-08-02,2026-08-27
6053,Atlas Ground Support,AGS,485,371,shipped,2026-06-27,2026-07-06
6054,Falcon Electronics Group,FEG,759,806,shipped,2023-07-03,2023-07-25
6055,Harborline Industrial Supply,HIS,173,734,pending,2023-01-18,2023-02-06
6056,Vector Aerospace Supply,VAS,639,262,shipped,2026-02-17,2026-03-11
6057,Frontier Aviation Components,FAC,270,771,shipped,2025-11-25,2025-12-04
6058,Mesa Tactical Manufacturing,MTM,680,274,pending,2026-10-14,2026-10-27
6059,Cedar Valley Manufacturing,CVM,726,68,shipped,2025-06-14,2025-07-02
6060,Harborline Industrial Supply,HIS,808,950,delivered,2026-09-03,2026-09-25
6061,Northstar Defense Supply,NDS,171,693,shipped,2023-07-10,2023-08-04
6062,Northstar Defense Supply,NDS,296,810,delivered,2024-07-09,2024-07-24
6063,Lone Star Equipment Group,LSEG,449,10,shipped,2025-09-28,2025-10-06
6064,Ironclad Industrial Systems,IIS,21,213,delivered,2023-07-09,2023-07-14
6065,Summit Tactical Supply,STS,67,187,shipped,2025-07-04,2025-07-19
6066,Titan Mobility Systems,TMS,722,9,pending,2023-05-11,2023-05-25
6067,Titan Mobility Systems,TMS,913,317,pending,2026-01-10,2026-01-19
6068,Sentinel Equipment Supply,SES,229,448,pending,2024-03-01,2024-03-30
6069,Cedar Valley Manufacturing,CVM,9,654,pending,2026-06-28,2026-07-05
6070,Frontier Aviation Components,FAC,202,243,pending,2023-11-07,2023-11-21
6071,Cedar Valley Manufacturing,CVM,822,396,pending,2024-02-11,2024-02-16
6072,Prairie Technical Components,PTC,896,262,pending,2025-06-09,2025-06-27
6073,Sentinel Equipment Supply,SES,626,742,shipped,2024-06-19,2024-07-15
6074,Ranger Vehicle Parts,RVP,114,981,shipped,2025-12-06,2025-12-18
6075,Granite State Components,GSC,285,274,shipped,2026-02-14,2026-03-15
6076,Apex Defense Components,ADC,180,759,shipped,2025-07-03,2025-07-10
6077,Cascade Aerospace Systems,CAS,963,76,delivered,2026-06-16,2026-07-03
6078,Mesa Tactical Manufacturing,MTM,106,302,pending,2024-10-11,2024-11-10
6079,Pinnacle Hydraulic Systems,PHS,435,20,pending,2025-09-02,2025-09-21
6080,Frontier Aviation Components,FAC,560,526,delivered,2023-01-28,2023-02-03
6081,Keystone Industrial Supply,KIS,133,380,delivered,2026-07-09,2026-08-03
6082,Granite State Components,GSC,857,25,delivered,2026-10-13,2026-11-10
6083,Keystone Industrial Supply,KIS,552,484,pending,2025-12-09,2025-12-21
6084,Lone Star Equipment Group,LSEG,633,303,shipped,2024-11-11,2024-11-17
6085,Apex Defense Components,ADC,865,580,shipped,2023-09-20,2023-10-18
6086,Prairie Technical Components,PTC,667,67,pending,2025-01-28,2025-01-30
6087,Atlas Ground Support,AGS,690,696,shipped,2023-01-24,2023-02-13
6088,Prairie Technical Components,PTC,419,925,pending,2026-12-05,2026-12-30
6089,Redstone Logistics Group,RLG,37,391,shipped,2024-01-13,2024-01-28
6090,Patriot Precision Parts,PPP,653,335,delivered,2026-11-04,2026-11-07
6091,Mesa Tactical Manufacturing,MTM,375,982,shipped,2025-09-02,2025-09-12
6092,Blue Ridge Defense Manufacturing,BRDM,121,879,delivered,2026-01-08,2026-02-05
6093,Sentinel Equipment Supply,SES,300,984,delivered,2026-09-22,2026-09-23
6094,Lone Star Equipment Group,LSEG,223,996,pending,2026-10-22,2026-10-26
6095,Falcon Electronics Group,FEG,982,153,delivered,2026-08-18,2026-08-24
6096,Northstar Defense Supply,NDS,278,250,shipped,2023-07-24,2023-08-10
6097,Blue Ridge Defense Manufacturing,BRDM,579,880,shipped,2023-01-07,2023-01-16
6098,Sentinel Equipment Supply,SES,9,334,pending,2026-08-10,2026-08-18
6099,Atlas Ground Support,AGS,717,391,delivered,2025-11-13,2025-12-11
6100,Compass Maritime Supply,CMS,952,367,pending,2025-01-06,2025-01-12
6101,Ranger Vehicle Parts,RVP,936,237,shipped,2024-09-18,2024-09-24
6102,Heritage Logistics Supply,HLS,25,261,pending,2026-09-05,2026-09-26
6103,Lone Star Equipment Group,LSEG,535,935,shipped,2023-03-08,2023-03-31
6104,Keystone Industrial Supply,KIS,472,989,shipped,2024-05-01,2024-05-13
6105,Falcon Electronics Group,FEG,270,970,pending,2023-06-20,2023-07-20
6106,Keystone Industrial Supply,KIS,23,536,shipped,2024-03-21,2024-04-11
6107,Atlas Ground Support,AGS,759,632,pending,2024-10-12,2024-10-18
6108,Cascade Aerospace Systems,CAS,575,184,shipped,2023-06-17,2023-06-28
6109,Summit Tactical Supply,STS,38,992,shipped,2026-11-05,2026-11-17
6110,Trident Marine Components,TMC,836,350,shipped,2026-08-10,2026-08-25
6111,Ironclad Industrial Systems,IIS,717,432,shipped,2023-03-07,2023-03-30
6112,Granite State Components,GSC,850,662,delivered,2023-04-16,2023-04-22
6113,Keystone Industrial Supply,KIS,539,5,pending,2026-06-18,2026-06-29
6114,Cedar Valley Manufacturing,CVM,313,749,shipped,2026-07-18,2026-07-23
6115,Blue Ridge Defense Manufacturing,BRDM,511,884,shipped,2025-03-08,2025-03-23
6116,Prairie Technical Components,PTC,713,374,delivered,2026-11-11,2026-12-11
6117,Mesa Tactical Manufacturing,MTM,871,744,shipped,2025-02-01,2025-02-27
6118,Ranger Vehicle Parts,RVP,615,944,delivered,2023-07-12,2023-08-02
6119,Atlas Ground Support,AGS,132,500,shipped,2026-02-10,2026-02-15
6120,Harborline Industrial Supply,HIS,94,539,pending,2023-08-06,2023-08-10
6121,Vector Aerospace Supply,VAS,81,64,shipped,2026-05-03,2026-05-09
6122,Mesa Tactical Manufacturing,MTM,56,78,pending,2023-09-21,2023-09-28
6123,Trident Marine Components,TMC,524,154,delivered,2025-10-06,2025-10-27
6124,Redstone Logistics Group,RLG,179,136,shipped,2024-03-11,2024-04-08
6125,Falcon Electronics Group,FEG,825,547,delivered,2025-01-01,2025-01-12
6126,Falcon Electronics Group,FEG,710,219,delivered,2023-09-16,2023-10-02
6127,Sentinel Equipment Supply,SES,360,565,pending,2023-10-19,2023-10-21
6128,Sentinel Equipment Supply,SES,518,144,pending,2025-05-23,2025-06-01
6129,Redstone Logistics Group,RLG,901,308,delivered,2023-10-14,2023-10-15
6130,Granite State Components,GSC,578,852,pending,2026-02-16,2026-02-25
6131,Summit Tactical Supply,STS,615,174,shipped,2026-03-07,2026-04-06
6132,Summit Tactical Supply,STS,134,80,pending,2023-01-10,2023-02-02
6133,Falcon Electronics Group,FEG,670,52,delivered,2023-11-22,2023-12-09
6134,Apex Defense Components,ADC,54,146,pending,2026-09-23,2026-10-13
6135,Sentinel Equipment Supply,SES,99,429,delivered,2026-05-03,2026-06-02
6136,Compass Maritime Supply,CMS,365,149,delivered,2025-06-08,2025-06-18
6137,Redstone Logistics Group,RLG,861,983,delivered,2025-01-01,2025-01-20
6138,Lone Star Equipment Group,LSEG,319,479,pending,2026-06-02,2026-06-10
6139,Granite State Components,GSC,463,442,delivered,2023-11-05,2023-11-16
6140,Trident Marine Components,TMC,528,187,shipped,2026-04-13,2026-05-02
6141,Falcon Electronics Group,FEG,262,857,delivered,2024-04-07,2024-05-03
6142,Granite State Components,GSC,22,675,pending,2026-09-06,2026-09-07
6143,Falcon Electronics Group,FEG,14,793,delivered,2026-11-05,2026-11-07
6144,Blue Ridge Defense Manufacturing,BRDM,409,954,shipped,2024-12-24,2025-01-18
6145,Sterling Power Systems,SPS,263,596,pending,2026-06-16,2026-06-30
6146,Gulf Coast Maintenance Parts,GCMP,658,135,shipped,2023-08-09,2023-08-10
6147,Patriot Precision Parts,PPP,656,52,shipped,2026-12-20,2026-12-31
6148,Liberty Mechanical Systems,LMS,704,941,delivered,2023-12-16,2023-12-27
6149,Titan Mobility Systems,TMS,208,848,pending,2026-02-10,2026-03-02
6150,Cedar Valley Manufacturing,CVM,515,528,pending,2025-04-05,2025-04-28
6151,Blue Ridge Defense Manufacturing,BRDM,130,284,delivered,2025-05-16,2025-05-18
6152,Pinnacle Hydraulic Systems,PHS,759,636,pending,2023-03-18,2023-03-27
6153,Harborline Industrial Supply,HIS,869,915,pending,2024-03-21,2024-04-14
6154,Lone Star Equipment Group,LSEG,456,755,shipped,2026-01-24,2026-02-10
6155,Lone Star Equipment Group,LSEG,672,418,delivered,2024-10-06,2024-10-29
6156,Prairie Technical Components,PTC,435,368,shipped,2025-06-07,2025-06-23
6157,Apex Defense Components,ADC,418,7,shipped,2024-09-13,2024-09-18
6158,Cedar Valley Manufacturing,CVM,972,214,shipped,2025-02-20,2025-02-26
6159,Prairie Technical Components,PTC,726,802,shipped,2025-08-27,2025-09-04
6160,Vector Aerospace Supply,VAS,63,568,shipped,2024-11-23,2024-12-22
6161,Compass Maritime Supply,CMS,963,399,delivered,2023-01-14,2023-01-21
6162,Ranger Vehicle Parts,RVP,92,19,shipped,2026-09-16,2026-09-20
6163,Vector Aerospace Supply,VAS,971,614,delivered,2026-06-09,2026-07-04
6164,Mesa Tactical Manufacturing,MTM,242,986,delivered,2025-12-13,2026-01-10
6165,Keystone Industrial Supply,KIS,844,441,pending,2024-12-27,2025-01-22
6166,Ironclad Industrial Systems,IIS,279,81,shipped,2026-01-14,2026-01-28
6167,Cedar Valley Manufacturing,CVM,592,606,delivered,2024-06-28,2024-07-18
6168,Atlas Ground Support,AGS,187,820,pending,2024-08-26,2024-08-29
6169,Gulf Coast Maintenance Parts,GCMP,521,499,shipped,2023-02-09,2023-03-08
6170,Atlas Ground Support,AGS,288,54,pending,2023-08-24,2023-09-13
6171,Ranger Vehicle Parts,RVP,688,731,pending,2026-02-18,2026-03-04
6172,Sentinel Equipment Supply,SES,227,483,delivered,2024-06-02,2024-06-26
6173,Compass Maritime Supply,CMS,255,25,shipped,2026-04-01,2026-04-13
6174,Falcon Electronics Group,FEG,681,516,pending,2024-08-02,2024-08-06
6175,Heritage Logistics Supply,HLS,525,746,shipped,2024-02-23,2024-03-21
6176,Vector Aerospace Supply,VAS,420,646,shipped,2023-11-17,2023-11-27
6177,Atlas Ground Support,AGS,954,520,delivered,2025-09-14,2025-09-21
6178,Prairie Technical Components,PTC,852,270,shipped,2024-12-08,2025-01-07
6179,Lone Star Equipment Group,LSEG,450,149,shipped,2025-11-13,2025-12-01
6180,Frontier Aviation Components,FAC,80,731,delivered,2023-12-09,2023-12-29
6181,Prairie Technical Components,PTC,204,939,shipped,2023-06-23,2023-07-05
6182,Evergreen Field Support,EFS,160,216,delivered,2023-10-03,2023-10-07
6183,Keystone Industrial Supply,KIS,394,36,pending,2024-10-27,2024-11-21
6184,Blue Ridge Defense Manufacturing,BRDM,836,129,pending,2023-07-05,2023-07-25
6185,Heritage Logistics Supply,HLS,938,607,pending,2023-03-06,2023-03-23
6186,Redstone Logistics Group,RLG,283,285,delivered,2023-09-13,2023-10-10
6187,Summit Tactical Supply,STS,725,47,shipped,2024-01-03,2024-01-28
6188,Cedar Valley Manufacturing,CVM,868,997,shipped,2023-09-18,2023-10-10
6189,Sterling Power Systems,SPS,886,782,shipped,2025-01-03,2025-01-11
6190,Trident Marine Components,TMC,801,725,delivered,2025-02-26,2025-03-08
6191,Liberty Mechanical Systems,LMS,566,782,shipped,2024-12-18,2024-12-27
6192,Titan Mobility Systems,TMS,210,652,pending,2023-04-12,2023-05-07
6193,Pinnacle Hydraulic Systems,PHS,890,99,delivered,2024-06-16,2024-07-01
6194,Mesa Tactical Manufacturing,MTM,868,298,shipped,2023-05-25,2023-06-09
6195,Prairie Technical Components,PTC,941,750,delivered,2023-08-04,2023-08-30
6196,Prairie Technical Components,PTC,634,309,pending,2025-02-20,2025-03-08
6197,Northstar Defense Supply,NDS,670,502,pending,2025-07-08,2025-07-11
6198,Liberty Mechanical Systems,LMS,178,742,pending,2025-03-14,2025-04-09
6199,Pinnacle Hydraulic Systems,PHS,450,729,delivered,2023-07-15,2023-08-09
6200,Titan Mobility Systems,TMS,523,456,delivered,2024-05-08,2024-06-03
6201,Keystone Industrial Supply,KIS,261,858,delivered,2024-03-17,2024-04-01
6202,Patriot Precision Parts,PPP,891,128,pending,2025-02-09,2025-03-03
6203,Atlas Ground Support,AGS,671,144,pending,2025-02-23,2025-03-02
6204,Liberty Mechanical Systems,LMS,494,823,shipped,2026-09-15,2026-09-29
6205,Ranger Vehicle Parts,RVP,954,36,delivered,2025-04-28,2025-05-05
6206,Gulf Coast Maintenance Parts,GCMP,249,558,shipped,2023-02-25,2023-03-14
6207,Titan Mobility Systems,TMS,677,679,pending,2026-05-21,2026-06-09
6208,Prairie Technical Components,PTC,970,811,shipped,2025-01-24,2025-02-19
6209,Atlas Ground Support,AGS,512,384,delivered,2024-03-25,2024-04-12
6210,Sentinel Equipment Supply,SES,404,350,delivered,2023-06-23,2023-07-10
6211,Falcon Electronics Group,FEG,735,54,delivered,2025-02-20,2025-02-21
6212,Atlas Ground Support,AGS,489,884,delivered,2025-01-28,2025-02-09
6213,Pinnacle Hydraulic Systems,PHS,735,228,shipped,2024-08-18,2024-08-19
6214,Blue Ridge Defense Manufacturing,BRDM,231,675,delivered,2026-06-06,2026-07-06
6215,Prairie Technical Components,PTC,370,199,delivered,2024-04-11,2024-04-23
6216,Summit Tactical Supply,STS,446,920,delivered,2025-05-13,2025-06-10
6217,Frontier Aviation Components,FAC,734,398,pending,2026-05-25,2026-06-07
6218,Apex Defense Components,ADC,779,1,pending,2023-01-05,2023-01-16
6219,Evergreen Field Support,EFS,4,248,shipped,2023-04-05,2023-04-08
6220,Atlas Ground Support,AGS,743,336,shipped,2026-09-24,2026-10-17
6221,Liberty Mechanical Systems,LMS,568,604,delivered,2026-03-27,2026-04-26
6222,Gulf Coast Maintenance Parts,GCMP,910,460,shipped,2025-06-27,2025-07-07
6223,Prairie Technical Components,PTC,507,605,shipped,2023-09-17,2023-09-30
6224,Gulf Coast Maintenance Parts,GCMP,342,886,delivered,2025-11-10,2025-12-01
6225,Summit Tactical Supply,STS,169,111,shipped,2023-04-09,2023-04-23
6226,Summit Tactical Supply,STS,19,322,delivered,2023-06-19,2023-07-02
6227,Cascade Aerospace Systems,CAS,550,473,pending,2024-06-06,2024-06-09
6228,Northstar Defense Supply,NDS,228,531,delivered,2026-11-18,2026-12-13
6229,Ironclad Industrial Systems,IIS,746,655,pending,2026-11-23,2026-12-14
6230,Granite State Components,GSC,395,174,delivered,2024-05-14,2024-05-24
6231,Cedar Valley Manufacturing,CVM,354,628,shipped,2025-05-17,2025-05-18
6232,Pinnacle Hydraulic Systems,PHS,560,926,pending,2024-03-11,2024-03-24
6233,Atlas Ground Support,AGS,106,686,delivered,2025-12-04,2025-12-18
6234,Harborline Industrial Supply,HIS,902,571,shipped,2026-02-06,2026-03-08
6235,Patriot Precision Parts,PPP,279,459,shipped,2025-12-22,2026-01-10
6236,Vector Aerospace Supply,VAS,472,920,pending,2025-06-07,2025-06-09
6237,Gulf Coast Maintenance Parts,GCMP,790,906,pending,2025-05-16,2025-06-06
6238,Ranger Vehicle Parts,RVP,708,134,shipped,2023-08-05,2023-08-09
6239,Summit Tactical Supply,STS,635,670,pending,2023-06-23,2023-07-09
6240,Pinnacle Hydraulic Systems,PHS,995,105,delivered,2026-09-19,2026-10-02
6241,Falcon Electronics Group,FEG,905,693,delivered,2025-05-04,2025-05-21
6242,Ranger Vehicle Parts,RVP,847,125,shipped,2024-12-23,2025-01-15
6243,Northstar Defense Supply,NDS,145,675,shipped,2025-10-05,2025-11-02
6244,Harborline Industrial Supply,HIS,436,721,delivered,2024-11-27,2024-12-20
6245,Pinnacle Hydraulic Systems,PHS,447,755,pending,2026-02-16,2026-03-18
6246,Northstar Defense Supply,NDS,636,870,pending,2024-11-02,2024-11-21
6247,Compass Maritime Supply,CMS,584,370,delivered,2024-08-12,2024-09-01
6248,Evergreen Field Support,EFS,963,526,pending,2026-11-22,2026-12-16
6249,Falcon Electronics Group,FEG,352,565,shipped,2025-09-09,2025-10-09
6250,Lone Star Equipment Group,LSEG,603,176,pending,2023-06-09,2023-06-12
6251,Trident Marine Components,TMC,611,453,pending,2026-03-03,2026-03-13
6252,Cedar Valley Manufacturing,CVM,457,672,delivered,2024-08-20,2024-09-17
6253,Patriot Precision Parts,PPP,280,723,delivered,2024-07-19,2024-07-24
6254,Compass Maritime Supply,CMS,993,948,pending,2024-10-20,2024-11-16
6255,Apex Defense Components,ADC,517,720,delivered,2026-02-12,2026-03-06
6256,Apex Defense Components,ADC,107,909,shipped,2023-11-26,2023-12-04
6257,Redstone Logistics Group,RLG,846,991,shipped,2026-06-22,2026-07-09
6258,Apex Defense Components,ADC,700,832,pending,2026-04-12,2026-05-08
6259,Blue Ridge Defense Manufacturing,BRDM,703,622,pending,2024-10-16,2024-11-10
6260,Cascade Aerospace Systems,CAS,231,607,pending,2026-06-22,2026-06-23
6261,Sentinel Equipment Supply,SES,785,690,pending,2025-03-26,2025-04-17
6262,Cascade Aerospace Systems,CAS,106,506,shipped,2025-08-09,2025-09-04
6263,Apex Defense Components,ADC,736,855,shipped,2024-07-17,2024-07-23
6264,Liberty Mechanical Systems,LMS,111,697,shipped,2024-12-02,2024-12-31
6265,Vector Aerospace Supply,VAS,521,411,delivered,2023-04-26,2023-05-19
6266,Sentinel Equipment Supply,SES,278,533,delivered,2023-01-08,2023-01-14
6267,Ranger Vehicle Parts,RVP,167,951,pending,2023-08-28,2023-08-29
6268,Sentinel Equipment Supply,SES,783,275,delivered,2023-08-01,2023-08-19
6269,Cedar Valley Manufacturing,CVM,367,241,shipped,2026-12-23,2026-12-27
6270,Ranger Vehicle Parts,RVP,410,669,shipped,2025-05-21,2025-06-05
6271,Falcon Electronics Group,FEG,829,881,delivered,2026-01-19,2026-01-28
6272,Granite State Components,GSC,709,583,pending,2025-01-08,2025-01-24
6273,Granite State Components,GSC,102,236,shipped,2025-06-13,2025-06-20
6274,Redstone Logistics Group,RLG,624,84,delivered,2023-06-13,2023-06-17
6275,Vector Aerospace Supply,VAS,952,287,pending,2026-10-04,2026-10-08
6276,Atlas Ground Support,AGS,20,545,pending,2025-10-18,2025-10-21
6277,Heritage Logistics Supply,HLS,642,447,delivered,2026-01-28,2026-02-10
6278,Northstar Defense Supply,NDS,976,149,pending,2023-06-08,2023-06-25
6279,Keystone Industrial Supply,KIS,451,215,pending,2023-12-02,2023-12-08
6280,Apex Defense Components,ADC,417,420,delivered,2025-04-03,2025-04-25
6281,Ranger Vehicle Parts,RVP,93,509,pending,2024-01-15,2024-02-08
6282,Ranger Vehicle Parts,RVP,287,368,shipped,2025-10-27,2025-11-23
6283,Sterling Power Systems,SPS,184,116,delivered,2024-01-04,2024-01-21
6284,Compass Maritime Supply,CMS,575,817,delivered,2026-10-26,2026-11-19
6285,Liberty Mechanical Systems,LMS,725,106,pending,2023-03-17,2023-03-27
6286,Harborline Industrial Supply,HIS,73,685,delivered,2024-05-06,2024-05-29
6287,Blue Ridge Defense Manufacturing,BRDM,526,394,delivered,2023-03-28,2023-04-20
6288,Blue Ridge Defense Manufacturing,BRDM,146,675,delivered,2025-10-17,2025-11-10
6289,Granite State Components,GSC,649,464,shipped,2024-05-13,2024-05-18
6290,Patriot Precision Parts,PPP,281,203,delivered,2023-02-06,2023-02-19
6291,Mesa Tactical Manufacturing,MTM,452,994,delivered,2023-12-28,2024-01-22
6292,Evergreen Field Support,EFS,594,810,delivered,2024-03-10,2024-03-20
6293,Keystone Industrial Supply,KIS,907,281,shipped,2026-01-05,2026-02-02
6294,Patriot Precision Parts,PPP,724,743,shipped,2026-06-03,2026-06-09
6295,Compass Maritime Supply,CMS,466,475,delivered,2023-09-28,2023-10-09
6296,Titan Mobility Systems,TMS,823,761,delivered,2023-05-10,2023-06-08
6297,Northstar Defense Supply,NDS,938,536,delivered,2024-08-13,2024-09-01
6298,Sterling Power Systems,SPS,320,886,delivered,2025-07-19,2025-08-05
6299,Cedar Valley Manufacturing,CVM,129,7,pending,2024-12-15,2024-12-19
6300,Pinnacle Hydraulic Systems,PHS,821,497,pending,2026-07-22,2026-08-06
6301,Summit Tactical Supply,STS,528,611,delivered,2025-08-03,2025-08-08
6302,Titan Mobility Systems,TMS,667,719,pending,2025-04-28,2025-05-11
6303,Cascade Aerospace Systems,CAS,589,712,delivered,2024-04-01,2024-04-30
6304,Northstar Defense Supply,NDS,293,473,shipped,2026-05-09,2026-05-27
6305,Liberty Mechanical Systems,LMS,314,889,delivered,2026-02-05,2026-02-08
6306,Patriot Precision Parts,PPP,147,263,pending,2024-12-25,2024-12-30
6307,Prairie Technical Components,PTC,870,940,shipped,2024-12-19,2024-12-29
6308,Atlas Ground Support,AGS,446,891,shipped,2024-03-27,2024-04-19
6309,Blue Ridge Defense Manufacturing,BRDM,412,761,delivered,2023-06-28,2023-07-08
6310,Titan Mobility Systems,TMS,505,882,shipped,2024-06-14,2024-06-25
6311,Titan Mobility Systems,TMS,179,725,delivered,2024-03-12,2024-03-27
6312,Heritage Logistics Supply,HLS,261,611,shipped,2023-06-04,2023-06-11
6313,Patriot Precision Parts,PPP,980,565,pending,2023-09-06,2023-09-14
6314,Prairie Technical Components,PTC,224,755,pending,2026-06-12,2026-07-12
6315,Falcon Electronics Group,FEG,990,889,pending,2023-02-05,2023-02-23
6316,Ironclad Industrial Systems,IIS,695,192,delivered,2023-10-01,2023-10-25
6317,Ranger Vehicle Parts,RVP,628,687,pending,2025-01-20,2025-02-17
6318,Atlas Ground Support,AGS,426,572,pending,2023-04-28,2023-04-29
6319,Trident Marine Components,TMC,915,98,delivered,2023-02-15,2023-02-17
6320,Sentinel Equipment Supply,SES,452,832,shipped,2024-03-06,2024-03-07
6321,Sterling Power Systems,SPS,915,384,delivered,2024-04-01,2024-05-01
6322,Granite State Components,GSC,413,382,shipped,2023-06-17,2023-07-07
6323,Ironclad Industrial Systems,IIS,414,203,pending,2024-05-22,2024-06-02
6324,Titan Mobility Systems,TMS,782,85,pending,2024-01-25,2024-02-15
6325,Ironclad Industrial Systems,IIS,870,162,shipped,2024-11-03,2024-11-18
6326,Pinnacle Hydraulic Systems,PHS,220,487,delivered,2025-10-21,2025-11-14
6327,Frontier Aviation Components,FAC,813,573,pending,2026-06-13,2026-07-13
6328,Keystone Industrial Supply,KIS,432,859,pending,2026-06-12,2026-06-29
6329,Pinnacle Hydraulic Systems,PHS,862,415,pending,2025-02-22,2025-03-13
6330,Vector Aerospace Supply,VAS,741,716,delivered,2025-10-02,2025-10-29
6331,Sterling Power Systems,SPS,468,109,delivered,2025-06-19,2025-06-24
6332,Patriot Precision Parts,PPP,925,477,pending,2023-11-14,2023-11-23
6333,Titan Mobility Systems,TMS,662,450,delivered,2025-11-26,2025-12-18
6334,Granite State Components,GSC,551,390,delivered,2023-04-08,2023-04-14
6335,Blue Ridge Defense Manufacturing,BRDM,483,155,shipped,2023-01-02,2023-01-15
6336,Blue Ridge Defense Manufacturing,BRDM,923,200,pending,2025-01-21,2025-02-09
6337,Evergreen Field Support,EFS,574,794,delivered,2023-08-22,2023-09-07
6338,Gulf Coast Maintenance Parts,GCMP,42,718,delivered,2024-11-13,2024-12-11
6339,Apex Defense Components,ADC,885,945,shipped,2024-01-12,2024-01-16
6340,Keystone Industrial Supply,KIS,253,822,pending,2024-12-18,2025-01-12
6341,Pinnacle Hydraulic Systems,PHS,20,799,pending,2023-09-27,2023-10-15
6342,Evergreen Field Support,EFS,58,196,delivered,2024-09-09,2024-09-28
6343,Granite State Components,GSC,217,651,shipped,2023-09-04,2023-09-16
6344,Falcon Electronics Group,FEG,767,654,delivered,2025-04-19,2025-05-06
6345,Gulf Coast Maintenance Parts,GCMP,680,6,delivered,2023-05-12,2023-06-09
6346,Heritage Logistics Supply,HLS,563,725,delivered,2025-08-26,2025-09-12
6347,Atlas Ground Support,AGS,951,932,pending,2025-10-01,2025-10-25
6348,Compass Maritime Supply,CMS,963,289,shipped,2025-11-23,2025-11-26
6349,Trident Marine Components,TMC,111,120,shipped,2026-12-25,2027-01-09
6350,Titan Mobility Systems,TMS,544,350,pending,2023-06-20,2023-06-30
6351,Cascade Aerospace Systems,CAS,656,545,shipped,2025-02-25,2025-03-03
6352,Ironclad Industrial Systems,IIS,817,475,delivered,2026-12-27,2027-01-10
6353,Cedar Valley Manufacturing,CVM,658,295,shipped,2026-07-25,2026-08-05
6354,Blue Ridge Defense Manufacturing,BRDM,510,933,shipped,2025-01-14,2025-02-08
6355,Ironclad Industrial Systems,IIS,717,580,pending,2023-09-17,2023-10-07
6356,Granite State Components,GSC,532,12,delivered,2025-02-16,2025-03-09
6357,Atlas Ground Support,AGS,32,184,shipped,2024-06-11,2024-06-25
6358,Falcon Electronics Group,FEG,486,614,delivered,2023-02-04,2023-02-21
6359,Redstone Logistics Group,RLG,656,289,shipped,2026-03-05,2026-03-11
6360,Frontier Aviation Components,FAC,613,179,shipped,2025-05-22,2025-06-06
6361,Cedar Valley Manufacturing,CVM,948,337,shipped,2023-07-25,2023-08-21
6362,Prairie Technical Components,PTC,468,81,pending,2023-11-20,2023-12-20
6363,Sterling Power Systems,SPS,665,9,shipped,2025-03-20,2025-04-16
6364,Prairie Technical Components,PTC,330,205,delivered,2024-07-10,2024-08-07
6365,Pinnacle Hydraulic Systems,PHS,439,370,shipped,2026-08-12,2026-08-25
6366,Apex Defense Components,ADC,265,321,delivered,2024-03-26,2024-04-24
6367,Northstar Defense Supply,NDS,869,639,pending,2026-02-08,2026-03-02
6368,Northstar Defense Supply,NDS,183,251,shipped,2024-10-07,2024-10-25
6369,Keystone Industrial Supply,KIS,91,929,delivered,2024-12-08,2024-12-16
6370,Patriot Precision Parts,PPP,715,37,pending,2024-04-14,2024-05-01
6371,Frontier Aviation Components,FAC,793,508,pending,2026-02-17,2026-03-06
6372,Apex Defense Components,ADC,304,758,delivered,2023-01-07,2023-02-01
6373,Mesa Tactical Manufacturing,MTM,41,572,pending,2025-12-17,2026-01-05
6374,Vector Aerospace Supply,VAS,808,389,delivered,2025-04-15,2025-05-04
6375,Mesa Tactical Manufacturing,MTM,705,919,delivered,2026-10-26,2026-11-08
6376,Vector Aerospace Supply,VAS,544,49,delivered,2026-07-14,2026-07-27
6377,Falcon Electronics Group,FEG,856,898,shipped,2023-08-16,2023-09-07
6378,Vector Aerospace Supply,VAS,696,537,delivered,2025-06-25,2025-07-01
6379,Lone Star Equipment Group,LSEG,964,792,delivered,2023-11-11,2023-12-06
6380,Northstar Defense Supply,NDS,950,63,delivered,2024-11-07,2024-11-27
6381,Blue Ridge Defense Manufacturing,BRDM,778,141,shipped,2025-01-22,2025-02-16
6382,Granite State Components,GSC,662,432,shipped,2023-12-25,2024-01-17
6383,Ranger Vehicle Parts,RVP,685,341,shipped,2023-10-21,2023-11-02
6384,Gulf Coast Maintenance Parts,GCMP,830,314,delivered,2026-05-27,2026-06-05
6385,Liberty Mechanical Systems,LMS,811,671,delivered,2026-07-10,2026-07-16
6386,Apex Defense Components,ADC,20,2,pending,2023-03-03,2023-03-04
6387,Pinnacle Hydraulic Systems,PHS,854,452,shipped,2025-08-05,2025-09-02
6388,Vector Aerospace Supply,VAS,604,558,delivered,2024-07-17,2024-07-31
6389,Vector Aerospace Supply,VAS,414,382,delivered,2024-08-20,2024-09-07
6390,Sterling Power Systems,SPS,420,106,pending,2025-12-11,2025-12-23
6391,Liberty Mechanical Systems,LMS,618,943,pending,2023-07-08,2023-08-04
6392,Gulf Coast Maintenance Parts,GCMP,90,817,shipped,2026-12-19,2027-01-03
6393,Keystone Industrial Supply,KIS,131,868,shipped,2026-05-22,2026-05-24
6394,Summit Tactical Supply,STS,906,669,shipped,2024-03-17,2024-04-13
6395,Cedar Valley Manufacturing,CVM,909,621,pending,2025-07-23,2025-08-09
6396,Granite State Components,GSC,103,457,shipped,2025-12-03,2025-12-24
6397,Ranger Vehicle Parts,RVP,824,571,shipped,2025-06-04,2025-07-01
6398,Prairie Technical Components,PTC,154,372,shipped,2026-08-11,2026-09-01
6399,Ranger Vehicle Parts,RVP,536,314,pending,2024-01-21,2024-01-26
6400,Evergreen Field Support,EFS,868,388,pending,2025-11-08,2025-11-14
6401,Titan Mobility Systems,TMS,491,742,delivered,2025-02-20,2025-03-15
6402,Granite State Components,GSC,496,255,pending,2023-08-13,2023-09-09
6403,Gulf Coast Maintenance Parts,GCMP,1000,542,delivered,2023-07-10,2023-07-26
6404,Ranger Vehicle Parts,RVP,512,721,shipped,2023-07-10,2023-07-18
6405,Evergreen Field Support,EFS,904,490,shipped,2024-01-25,2024-02-04
6406,Heritage Logistics Supply,HLS,368,838,pending,2026-01-22,2026-02-03
6407,Keystone Industrial Supply,KIS,758,285,shipped,2025-08-28,2025-09-15
6408,Heritage Logistics Supply,HLS,163,695,shipped,2023-06-19,2023-06-25
6409,Atlas Ground Support,AGS,496,84,pending,2026-09-28,2026-10-16
6410,Liberty Mechanical Systems,LMS,881,530,delivered,2023-04-13,2023-04-30
6411,Mesa Tactical Manufacturing,MTM,159,409,pending,2026-05-19,2026-06-05
6412,Harborline Industrial Supply,HIS,107,192,pending,2025-12-19,2026-01-10
6413,Granite State Components,GSC,93,764,shipped,2023-05-28,2023-06-14
6414,Frontier Aviation Components,FAC,725,812,pending,2023-06-20,2023-06-26
6415,Ranger Vehicle Parts,RVP,842,53,pending,2026-07-05,2026-07-21
6416,Redstone Logistics Group,RLG,553,13,shipped,2024-11-21,2024-12-11
6417,Prairie Technical Components,PTC,98,895,delivered,2024-09-13,2024-09-24
6418,Sterling Power Systems,SPS,469,544,pending,2023-04-25,2023-05-05
6419,Vector Aerospace Supply,VAS,522,321,pending,2024-12-14,2025-01-06
6420,Northstar Defense Supply,NDS,696,689,shipped,2026-04-27,2026-05-15
6421,Trident Marine Components,TMC,518,377,shipped,2024-09-28,2024-10-13
6422,Frontier Aviation Components,FAC,617,431,shipped,2023-07-20,2023-08-14
6423,Patriot Precision Parts,PPP,13,690,pending,2023-09-04,2023-09-11
6424,Ranger Vehicle Parts,RVP,551,874,delivered,2024-09-08,2024-09-26
6425,Liberty Mechanical Systems,LMS,733,909,pending,2025-09-01,2025-09-24
6426,Summit Tactical Supply,STS,583,524,delivered,2023-05-15,2023-05-19
6427,Compass Maritime Supply,CMS,472,952,shipped,2025-01-02,2025-01-05
6428,Summit Tactical Supply,STS,772,235,shipped,2026-11-05,2026-11-24
6429,Evergreen Field Support,EFS,534,438,shipped,2024-04-09,2024-04-23
6430,Gulf Coast Maintenance Parts,GCMP,85,87,delivered,2024-02-01,2024-02-09
6431,Sterling Power Systems,SPS,875,355,delivered,2026-08-16,2026-08-24
6432,Harborline Industrial Supply,HIS,458,958,delivered,2025-07-15,2025-07-16
6433,Redstone Logistics Group,RLG,749,830,pending,2025-03-15,2025-03-23
6434,Vector Aerospace Supply,VAS,310,163,shipped,2026-01-21,2026-01-22
6435,Vector Aerospace Supply,VAS,807,188,pending,2026-04-08,2026-05-01
6436,Ironclad Industrial Systems,IIS,102,170,delivered,2026-01-11,2026-01-16
6437,Liberty Mechanical Systems,LMS,802,692,shipped,2026-06-13,2026-06-20
6438,Evergreen Field Support,EFS,860,977,delivered,2023-11-09,2023-11-30
6439,Heritage Logistics Supply,HLS,529,710,delivered,2024-12-26,2025-01-01
6440,Falcon Electronics Group,FEG,923,917,pending,2025-06-25,2025-07-11
6441,Frontier Aviation Components,FAC,764,465,shipped,2025-09-20,2025-10-13
6442,Lone Star Equipment Group,LSEG,795,246,shipped,2025-11-22,2025-12-19
6443,Mesa Tactical Manufacturing,MTM,214,6,pending,2025-12-09,2025-12-24
6444,Falcon Electronics Group,FEG,698,385,shipped,2024-10-02,2024-10-26
6445,Apex Defense Components,ADC,74,552,pending,2023-10-20,2023-11-09
6446,Cascade Aerospace Systems,CAS,749,815,pending,2025-06-15,2025-07-09
6447,Lone Star Equipment Group,LSEG,997,463,pending,2023-05-19,2023-06-11
6448,Compass Maritime Supply,CMS,31,660,pending,2024-07-07,2024-07-20
6449,Compass Maritime Supply,CMS,404,708,pending,2025-02-12,2025-03-08
6450,Prairie Technical Components,PTC,232,257,pending,2023-05-03,2023-05-05
6451,Cascade Aerospace Systems,CAS,147,137,pending,2026-02-03,2026-03-04
6452,Compass Maritime Supply,CMS,234,222,delivered,2026-05-20,2026-05-30
6453,Frontier Aviation Components,FAC,171,335,shipped,2026-08-13,2026-08-21
6454,Northstar Defense Supply,NDS,954,578,delivered,2023-01-22,2023-01-31
6455,Cascade Aerospace Systems,CAS,687,629,pending,2024-11-18,2024-12-17
6456,Heritage Logistics Supply,HLS,909,939,pending,2026-06-17,2026-07-10
6457,Vector Aerospace Supply,VAS,815,213,shipped,2024-08-24,2024-09-16
6458,Gulf Coast Maintenance Parts,GCMP,981,905,shipped,2026-10-20,2026-10-23
6459,Mesa Tactical Manufacturing,MTM,566,287,pending,2024-05-06,2024-05-19
6460,Falcon Electronics Group,FEG,246,761,shipped,2023-01-07,2023-01-11
6461,Atlas Ground Support,AGS,136,344,delivered,2024-08-10,2024-09-07
6462,Sterling Power Systems,SPS,138,668,delivered,2025-12-09,2025-12-10
6463,Pinnacle Hydraulic Systems,PHS,278,670,delivered,2023-09-08,2023-10-03
6464,Blue Ridge Defense Manufacturing,BRDM,752,719,delivered,2023-06-04,2023-06-15
6465,Trident Marine Components,TMC,32,830,shipped,2026-03-09,2026-03-12
6466,Keystone Industrial Supply,KIS,781,755,shipped,2025-05-21,2025-06-08
6467,Pinnacle Hydraulic Systems,PHS,997,853,pending,2024-07-13,2024-08-04
6468,Northstar Defense Supply,NDS,286,275,shipped,2025-02-19,2025-03-07
6469,Evergreen Field Support,EFS,855,805,pending,2026-09-15,2026-10-11
6470,Compass Maritime Supply,CMS,711,971,delivered,2023-09-10,2023-09-17
6471,Pinnacle Hydraulic Systems,PHS,113,427,pending,2025-06-11,2025-06-26
6472,Sentinel Equipment Supply,SES,180,363,pending,2023-09-09,2023-09-10
6473,Titan Mobility Systems,TMS,245,689,delivered,2026-07-23,2026-08-13
6474,Patriot Precision Parts,PPP,680,682,delivered,2023-07-25,2023-08-23
6475,Harborline Industrial Supply,HIS,305,3,shipped,2025-09-11,2025-10-05
6476,Blue Ridge Defense Manufacturing,BRDM,870,847,shipped,2024-03-01,2024-03-31
6477,Summit Tactical Supply,STS,573,123,shipped,2025-01-28,2025-02-26
6478,Summit Tactical Supply,STS,467,719,pending,2025-07-22,2025-08-02
6479,Mesa Tactical Manufacturing,MTM,290,915,delivered,2026-02-22,2026-03-23
6480,Sterling Power Systems,SPS,895,629,shipped,2026-05-28,2026-06-07
6481,Trident Marine Components,TMC,417,750,shipped,2023-05-23,2023-06-20
6482,Frontier Aviation Components,FAC,294,353,pending,2024-07-17,2024-07-28
6483,Mesa Tactical Manufacturing,MTM,672,520,pending,2025-12-11,2026-01-07
6484,Titan Mobility Systems,TMS,870,968,pending,2026-01-08,2026-02-03
6485,Compass Maritime Supply,CMS,890,423,pending,2023-06-15,2023-07-09
6486,Atlas Ground Support,AGS,960,884,pending,2023-02-22,2023-02-28
6487,Ironclad Industrial Systems,IIS,797,862,delivered,2023-09-02,2023-09-16
6488,Heritage Logistics Supply,HLS,907,679,delivered,2025-12-14,2026-01-06
6489,Sterling Power Systems,SPS,510,494,pending,2025-05-15,2025-05-27
6490,Apex Defense Components,ADC,287,494,shipped,2026-11-09,2026-11-10
6491,Vector Aerospace Supply,VAS,387,860,pending,2026-09-06,2026-09-12
6492,Keystone Industrial Supply,KIS,372,47,pending,2024-11-12,2024-11-13
6493,Keystone Industrial Supply,KIS,904,592,pending,2026-06-17,2026-06-25
6494,Ranger Vehicle Parts,RVP,268,980,delivered,2024-09-23,2024-09-30
6495,Apex Defense Components,ADC,129,678,pending,2024-12-28,2025-01-15
6496,Titan Mobility Systems,TMS,506,880,shipped,2024-08-15,2024-08-19
6497,Pinnacle Hydraulic Systems,PHS,635,993,shipped,2023-12-17,2023-12-22
6498,Liberty Mechanical Systems,LMS,251,257,pending,2024-09-24,2024-10-23
6499,Atlas Ground Support,AGS,14,391,pending,2025-09-26,2025-10-24
6500,Atlas Ground Support,AGS,27,540,shipped,2026-10-11,2026-10-25
6501,Liberty Mechanical Systems,LMS,766,816,pending,2023-02-11,2023-03-02
6502,Ranger Vehicle Parts,RVP,906,662,pending,2026-06-07,2026-06-27
6503,Compass Maritime Supply,CMS,167,968,shipped,2026-07-20,2026-08-06
6504,Titan Mobility Systems,TMS,618,410,shipped,2026-12-04,2026-12-20
6505,Prairie Technical Components,PTC,474,31,delivered,2023-09-17,2023-10-15
6506,Summit Tactical Supply,STS,140,914,shipped,2025-06-14,2025-06-19
6507,Ironclad Industrial Systems,IIS,285,983,shipped,2026-02-05,2026-03-03
6508,Summit Tactical Supply,STS,513,860,pending,2026-05-12,2026-05-21
6509,Mesa Tactical Manufacturing,MTM,845,583,delivered,2023-06-21,2023-06-23
6510,Ranger Vehicle Parts,RVP,73,86,shipped,2026-11-15,2026-11-22
6511,Patriot Precision Parts,PPP,567,117,shipped,2024-09-22,2024-10-07
6512,Sentinel Equipment Supply,SES,1,592,shipped,2025-02-20,2025-02-26
6513,Heritage Logistics Supply,HLS,979,210,shipped,2024-02-21,2024-03-04
6514,Apex Defense Components,ADC,355,479,delivered,2023-02-15,2023-02-23
6515,Ranger Vehicle Parts,RVP,316,292,delivered,2026-09-03,2026-09-22
6516,Harborline Industrial Supply,HIS,929,492,shipped,2023-05-08,2023-05-24
6517,Blue Ridge Defense Manufacturing,BRDM,932,688,pending,2026-04-06,2026-05-01
6518,Compass Maritime Supply,CMS,232,82,delivered,2024-03-24,2024-03-30
6519,Harborline Industrial Supply,HIS,398,580,delivered,2025-08-15,2025-09-04
6520,Heritage Logistics Supply,HLS,428,276,shipped,2024-04-07,2024-04-14
6521,Heritage Logistics Supply,HLS,792,708,shipped,2024-03-19,2024-03-23
6522,Liberty Mechanical Systems,LMS,110,811,delivered,2023-08-16,2023-09-03
6523,Summit Tactical Supply,STS,288,436,shipped,2023-07-20,2023-07-21
6524,Granite State Components,GSC,43,103,shipped,2025-11-27,2025-12-23
6525,Ironclad Industrial Systems,IIS,192,241,shipped,2024-09-12,2024-09-30
6526,Prairie Technical Components,PTC,346,5,delivered,2025-01-15,2025-01-25
6527,Compass Maritime Supply,CMS,73,1,delivered,2025-06-05,2025-06-12
6528,Ironclad Industrial Systems,IIS,646,783,delivered,2025-10-16,2025-10-26
6529,Keystone Industrial Supply,KIS,519,35,pending,2025-12-06,2025-12-19
6530,Compass Maritime Supply,CMS,672,680,shipped,2023-05-22,2023-05-27
6531,Liberty Mechanical Systems,LMS,332,45,pending,2025-05-28,2025-06-16
6532,Redstone Logistics Group,RLG,279,317,delivered,2024-11-12,2024-11-13
6533,Mesa Tactical Manufacturing,MTM,144,802,delivered,2026-05-11,2026-05-27
6534,Redstone Logistics Group,RLG,747,940,pending,2026-06-01,2026-06-17
6535,Redstone Logistics Group,RLG,279,40,delivered,2025-12-22,2026-01-15
6536,Redstone Logistics Group,RLG,31,766,shipped,2026-06-15,2026-06-19
6537,Titan Mobility Systems,TMS,937,321,shipped,2024-02-01,2024-03-01
6538,Ironclad Industrial Systems,IIS,427,885,pending,2023-06-05,2023-06-23
6539,Sentinel Equipment Supply,SES,205,134,shipped,2025-02-13,2025-03-12
6540,Cascade Aerospace Systems,CAS,305,984,shipped,2023-06-02,2023-06-28
6541,Mesa Tactical Manufacturing,MTM,941,906,pending,2026-07-14,2026-07-26
6542,Gulf Coast Maintenance Parts,GCMP,873,913,pending,2025-03-23,2025-04-09
6543,Apex Defense Components,ADC,773,550,delivered,2023-05-20,2023-05-22
6544,Sentinel Equipment Supply,SES,386,551,pending,2025-12-15,2026-01-07
6545,Titan Mobility Systems,TMS,356,416,delivered,2024-10-20,2024-11-13
6546,Titan Mobility Systems,TMS,422,660,pending,2026-06-03,2026-06-18
6547,Lone Star Equipment Group,LSEG,311,970,delivered,2024-09-27,2024-10-14
6548,Sterling Power Systems,SPS,361,334,shipped,2026-08-16,2026-08-30
6549,Granite State Components,GSC,266,408,shipped,2023-08-28,2023-09-07
6550,Lone Star Equipment Group,LSEG,254,49,delivered,2024-06-15,2024-06-27
6551,Cedar Valley Manufacturing,CVM,756,247,shipped,2024-11-20,2024-12-09
6552,Redstone Logistics Group,RLG,958,126,shipped,2023-08-04,2023-08-25
6553,Patriot Precision Parts,PPP,873,510,delivered,2024-11-23,2024-12-04
6554,Ranger Vehicle Parts,RVP,799,358,pending,2025-07-09,2025-07-25
6555,Trident Marine Components,TMC,145,294,pending,2024-11-13,2024-11-18
6556,Trident Marine Components,TMC,848,322,delivered,2025-01-06,2025-01-13
6557,Keystone Industrial Supply,KIS,198,573,delivered,2024-01-16,2024-01-19
6558,Redstone Logistics Group,RLG,798,45,delivered,2024-06-12,2024-06-18
6559,Cascade Aerospace Systems,CAS,501,752,shipped,2025-11-24,2025-12-19
6560,Trident Marine Components,TMC,994,686,shipped,2025-08-21,2025-09-09
6561,Falcon Electronics Group,FEG,139,524,shipped,2025-12-07,2025-12-26
6562,Falcon Electronics Group,FEG,169,843,pending,2023-12-23,2024-01-08
6563,Redstone Logistics Group,RLG,819,986,pending,2024-09-12,2024-09-17
6564,Granite State Components,GSC,947,883,delivered,2025-05-23,2025-06-18
6565,Redstone Logistics Group,RLG,538,261,pending,2025-08-22,2025-09-11
6566,Northstar Defense Supply,NDS,805,474,delivered,2023-06-11,2023-06-29
6567,Blue Ridge Defense Manufacturing,BRDM,482,699,delivered,2023-03-08,2023-03-29
6568,Prairie Technical Components,PTC,954,699,shipped,2024-05-16,2024-06-14
6569,Frontier Aviation Components,FAC,342,284,pending,2026-09-08,2026-09-10
6570,Gulf Coast Maintenance Parts,GCMP,640,352,shipped,2025-10-21,2025-11-16
6571,Pinnacle Hydraulic Systems,PHS,516,608,shipped,2023-01-27,2023-02-02
6572,Liberty Mechanical Systems,LMS,191,301,pending,2024-07-26,2024-07-29
6573,Mesa Tactical Manufacturing,MTM,32,605,shipped,2025-12-06,2025-12-15
6574,Frontier Aviation Components,FAC,636,494,shipped,2025-08-14,2025-08-26
6575,Titan Mobility Systems,TMS,35,109,shipped,2026-01-10,2026-01-14
6576,Gulf Coast Maintenance Parts,GCMP,361,646,delivered,2023-01-13,2023-01-22
6577,Northstar Defense Supply,NDS,863,775,shipped,2025-01-18,2025-02-14
6578,Gulf Coast Maintenance Parts,GCMP,746,135,pending,2024-03-26,2024-04-05
6579,Ranger Vehicle Parts,RVP,31,596,pending,2026-04-21,2026-04-29
6580,Prairie Technical Components,PTC,528,516,delivered,2025-06-09,2025-06-28
6581,Prairie Technical Components,PTC,468,411,pending,2026-10-20,2026-11-03
6582,Titan Mobility Systems,TMS,26,899,shipped,2023-03-04,2023-04-02
6583,Blue Ridge Defense Manufacturing,BRDM,965,503,pending,2023-04-02,2023-04-18
6584,Compass Maritime Supply,CMS,395,89,pending,2026-09-18,2026-10-16
6585,Redstone Logistics Group,RLG,970,927,shipped,2024-12-07,2024-12-09
6586,Ironclad Industrial Systems,IIS,986,531,shipped,2025-04-06,2025-04-20
6587,Granite State Components,GSC,426,415,pending,2024-03-26,2024-04-15
6588,Sterling Power Systems,SPS,958,129,pending,2026-04-01,2026-04-18
6589,Falcon Electronics Group,FEG,247,426,pending,2025-08-14,2025-09-05
6590,Patriot Precision Parts,PPP,284,339,pending,2025-01-09,2025-01-31
6591,Mesa Tactical Manufacturing,MTM,240,695,shipped,2024-03-07,2024-03-21
6592,Prairie Technical Components,PTC,786,177,shipped,2026-09-11,2026-09-22
6593,Frontier Aviation Components,FAC,884,125,shipped,2026-09-12,2026-09-24
6594,Patriot Precision Parts,PPP,565,166,shipped,2023-04-19,2023-04-20
6595,Sterling Power Systems,SPS,685,730,shipped,2024-06-22,2024-06-23
6596,Cedar Valley Manufacturing,CVM,671,855,shipped,2024-07-25,2024-08-08
6597,Summit Tactical Supply,STS,883,917,shipped,2024-08-06,2024-08-11
6598,Harborline Industrial Supply,HIS,418,258,delivered,2026-04-03,2026-04-19
6599,Cascade Aerospace Systems,CAS,925,379,pending,2024-06-02,2024-06-11
6600,Harborline Industrial Supply,HIS,931,178,pending,2024-11-09,2024-11-25
6601,Cedar Valley Manufacturing,CVM,656,537,pending,2026-12-08,2027-01-05
6602,Sterling Power Systems,SPS,559,357,delivered,2024-06-19,2024-07-16
6603,Ironclad Industrial Systems,IIS,753,785,shipped,2023-10-11,2023-10-15
6604,Evergreen Field Support,EFS,447,958,delivered,2026-02-20,2026-03-06
6605,Keystone Industrial Supply,KIS,674,712,delivered,2026-09-08,2026-10-03
6606,Liberty Mechanical Systems,LMS,213,578,pending,2023-12-04,2023-12-13
6607,Compass Maritime Supply,CMS,537,849,pending,2023-11-25,2023-12-11
6608,Trident Marine Components,TMC,463,770,shipped,2023-10-07,2023-11-01
6609,Cascade Aerospace Systems,CAS,376,283,shipped,2025-12-18,2026-01-03
6610,Cedar Valley Manufacturing,CVM,31,953,delivered,2023-09-18,2023-09-25
6611,Lone Star Equipment Group,LSEG,423,427,pending,2024-06-18,2024-06-22
6612,Compass Maritime Supply,CMS,673,244,shipped,2023-08-27,2023-09-25
6613,Liberty Mechanical Systems,LMS,603,185,delivered,2025-12-14,2025-12-29
6614,Compass Maritime Supply,CMS,318,224,delivered,2026-07-28,2026-08-23
6615,Trident Marine Components,TMC,460,975,pending,2025-01-15,2025-01-16
6616,Cascade Aerospace Systems,CAS,373,860,pending,2025-06-07,2025-06-09
6617,Northstar Defense Supply,NDS,141,169,delivered,2026-10-08,2026-10-27
6618,Prairie Technical Components,PTC,399,916,shipped,2026-04-13,2026-05-06
6619,Lone Star Equipment Group,LSEG,46,822,delivered,2025-07-05,2025-07-16
6620,Sterling Power Systems,SPS,446,898,delivered,2025-09-15,2025-10-04
6621,Cascade Aerospace Systems,CAS,423,211,delivered,2025-11-26,2025-12-13
6622,Keystone Industrial Supply,KIS,88,364,delivered,2025-01-12,2025-01-16
6623,Ranger Vehicle Parts,RVP,991,221,shipped,2026-10-21,2026-10-31
6624,Blue Ridge Defense Manufacturing,BRDM,714,642,shipped,2026-06-02,2026-06-03
6625,Keystone Industrial Supply,KIS,806,120,shipped,2024-04-25,2024-04-30
6626,Evergreen Field Support,EFS,72,818,delivered,2025-04-18,2025-04-27
6627,Granite State Components,GSC,567,62,shipped,2026-09-09,2026-09-13
6628,Gulf Coast Maintenance Parts,GCMP,938,175,shipped,2026-08-07,2026-09-03
6629,Prairie Technical Components,PTC,464,421,pending,2025-11-12,2025-11-26
6630,Sentinel Equipment Supply,SES,804,30,delivered,2026-11-19,2026-11-25
6631,Summit Tactical Supply,STS,107,731,delivered,2023-06-24,2023-07-01
6632,Evergreen Field Support,EFS,423,925,pending,2025-08-21,2025-09-11
6633,Sentinel Equipment Supply,SES,95,81,pending,2023-06-15,2023-07-02
6634,Liberty Mechanical Systems,LMS,778,335,pending,2026-11-26,2026-12-04
6635,Titan Mobility Systems,TMS,770,727,shipped,2024-04-19,2024-05-04
6636,Blue Ridge Defense Manufacturing,BRDM,614,958,pending,2024-10-20,2024-11-11
6637,Cedar Valley Manufacturing,CVM,63,307,delivered,2024-04-18,2024-04-30
6638,Keystone Industrial Supply,KIS,665,832,shipped,2023-02-23,2023-03-13
6639,Harborline Industrial Supply,HIS,482,399,delivered,2023-02-15,2023-03-15
6640,Keystone Industrial Supply,KIS,861,839,pending,2023-05-23,2023-06-14
6641,Northstar Defense Supply,NDS,741,511,pending,2023-03-10,2023-03-20
6642,Titan Mobility Systems,TMS,191,442,delivered,2023-09-24,2023-10-15
6643,Ranger Vehicle Parts,RVP,933,131,shipped,2026-11-21,2026-11-23
6644,Evergreen Field Support,EFS,765,78,delivered,2024-09-12,2024-09-15
6645,Blue Ridge Defense Manufacturing,BRDM,378,458,delivered,2024-11-11,2024-11-18
6646,Falcon Electronics Group,FEG,860,556,pending,2025-08-17,2025-09-08
6647,Apex Defense Components,ADC,897,46,pending,2026-01-04,2026-01-22
6648,Atlas Ground Support,AGS,686,58,pending,2025-08-07,2025-08-16
6649,Liberty Mechanical Systems,LMS,556,343,pending,2025-12-02,2025-12-19
6650,Compass Maritime Supply,CMS,924,150,shipped,2025-10-22,2025-10-24
6651,Blue Ridge Defense Manufacturing,BRDM,290,188,delivered,2026-04-06,2026-04-20
6652,Trident Marine Components,TMC,119,449,delivered,2025-02-13,2025-02-25
6653,Ironclad Industrial Systems,IIS,497,312,pending,2023-02-17,2023-02-26
6654,Cedar Valley Manufacturing,CVM,83,231,shipped,2025-05-21,2025-06-09
6655,Sterling Power Systems,SPS,414,854,shipped,2026-06-25,2026-07-19
6656,Patriot Precision Parts,PPP,628,444,delivered,2025-01-21,2025-02-13
6657,Mesa Tactical Manufacturing,MTM,782,250,shipped,2025-12-01,2025-12-05
6658,Sentinel Equipment Supply,SES,126,453,shipped,2023-07-19,2023-07-20
6659,Falcon Electronics Group,FEG,153,786,pending,2026-09-04,2026-10-03
6660,Pinnacle Hydraulic Systems,PHS,383,369,pending,2026-02-20,2026-03-12
6661,Sterling Power Systems,SPS,363,225,shipped,2023-04-23,2023-05-03
6662,Redstone Logistics Group,RLG,889,36,pending,2025-10-01,2025-10-05
6663,Summit Tactical Supply,STS,325,942,pending,2025-04-25,2025-05-11
6664,Prairie Technical Components,PTC,368,639,pending,2026-07-24,2026-08-06
6665,Trident Marine Components,TMC,626,786,shipped,2023-03-04,2023-03-07
6666,Atlas Ground Support,AGS,667,790,delivered,2025-02-03,2025-02-16
6667,Lone Star Equipment Group,LSEG,554,133,delivered,2024-07-07,2024-07-18
6668,Sterling Power Systems,SPS,513,717,pending,2026-11-27,2026-11-28
6669,Prairie Technical Components,PTC,569,234,pending,2023-06-24,2023-07-08
6670,Cedar Valley Manufacturing,CVM,583,602,delivered,2025-01-24,2025-02-19
6671,Patriot Precision Parts,PPP,283,94,delivered,2026-10-22,2026-11-17
6672,Compass Maritime Supply,CMS,852,64,pending,2024-04-18,2024-05-02
6673,Blue Ridge Defense Manufacturing,BRDM,785,688,delivered,2024-09-11,2024-10-05
6674,Prairie Technical Components,PTC,996,4,shipped,2024-07-21,2024-08-02
6675,Gulf Coast Maintenance Parts,GCMP,528,317,shipped,2025-06-18,2025-07-01
6676,Liberty Mechanical Systems,LMS,147,607,delivered,2023-06-20,2023-07-13
6677,Lone Star Equipment Group,LSEG,391,808,pending,2023-01-06,2023-01-31
6678,Falcon Electronics Group,FEG,768,204,shipped,2024-04-19,2024-04-20
6679,Liberty Mechanical Systems,LMS,138,679,delivered,2024-06-06,2024-07-03
6680,Cedar Valley Manufacturing,CVM,390,775,shipped,2024-01-08,2024-01-19
6681,Sterling Power Systems,SPS,2,221,delivered,2023-01-24,2023-02-07
6682,Granite State Components,GSC,783,927,delivered,2023-10-27,2023-11-20
6683,Frontier Aviation Components,FAC,727,174,shipped,2026-12-10,2026-12-22
6684,Prairie Technical Components,PTC,627,640,delivered,2025-08-26,2025-08-27
6685,Apex Defense Components,ADC,447,3,pending,2024-08-04,2024-08-07
6686,Cascade Aerospace Systems,CAS,942,5,delivered,2025-06-27,2025-06-30
6687,Pinnacle Hydraulic Systems,PHS,41,329,delivered,2025-02-28,2025-03-23
6688,Falcon Electronics Group,FEG,721,992,shipped,2024-12-07,2025-01-05
6689,Frontier Aviation Components,FAC,375,198,pending,2025-10-18,2025-11-16
6690,Redstone Logistics Group,RLG,143,504,delivered,2024-10-19,2024-11-04
6691,Sterling Power Systems,SPS,292,737,delivered,2023-04-02,2023-04-13
6692,Frontier Aviation Components,FAC,830,346,delivered,2023-07-24,2023-07-31
6693,Harborline Industrial Supply,HIS,451,915,delivered,2025-02-14,2025-03-01
6694,Evergreen Field Support,EFS,857,810,pending,2023-09-04,2023-09-29
6695,Apex Defense Components,ADC,196,998,shipped,2024-09-18,2024-09-19
6696,Titan Mobility Systems,TMS,345,320,pending,2026-04-03,2026-04-09
6697,Ranger Vehicle Parts,RVP,101,75,pending,2023-06-19,2023-07-07
6698,Falcon Electronics Group,FEG,301,52,delivered,2025-09-06,2025-09-21
6699,Sentinel Equipment Supply,SES,692,398,delivered,2023-09-02,2023-09-13
6700,Patriot Precision Parts,PPP,346,986,pending,2026-03-13,2026-04-12
6701,Northstar Defense Supply,NDS,709,552,pending,2026-05-13,2026-05-27
6702,Apex Defense Components,ADC,90,723,shipped,2025-10-09,2025-10-14
6703,Summit Tactical Supply,STS,167,784,pending,2026-09-22,2026-10-19
6704,Gulf Coast Maintenance Parts,GCMP,197,880,shipped,2024-08-12,2024-09-04
6705,Keystone Industrial Supply,KIS,753,891,pending,2026-05-25,2026-06-13
6706,Prairie Technical Components,PTC,692,990,delivered,2026-07-14,2026-08-01
6707,Compass Maritime Supply,CMS,209,207,shipped,2025-12-17,2026-01-13
6708,Granite State Components,GSC,419,997,shipped,2026-10-27,2026-11-06
6709,Evergreen Field Support,EFS,921,367,shipped,2025-12-16,2025-12-24
6710,Cascade Aerospace Systems,CAS,938,571,delivered,2025-05-16,2025-05-23
6711,Pinnacle Hydraulic Systems,PHS,328,870,delivered,2024-01-02,2024-01-31
6712,Cedar Valley Manufacturing,CVM,285,812,pending,2023-06-27,2023-07-09
6713,Keystone Industrial Supply,KIS,270,435,shipped,2024-03-13,2024-03-29
6714,Sentinel Equipment Supply,SES,745,286,delivered,2024-04-23,2024-05-11
6715,Cedar Valley Manufacturing,CVM,243,970,shipped,2024-10-18,2024-11-14
6716,Apex Defense Components,ADC,782,463,shipped,2023-11-14,2023-12-12
6717,Gulf Coast Maintenance Parts,GCMP,174,385,pending,2024-07-27,2024-08-15
6718,Liberty Mechanical Systems,LMS,420,445,delivered,2024-07-15,2024-08-06
6719,Patriot Precision Parts,PPP,124,38,shipped,2023-08-14,2023-09-12
6720,Patriot Precision Parts,PPP,850,732,delivered,2023-12-04,2023-12-17
6721,Summit Tactical Supply,STS,16,600,pending,2024-02-08,2024-02-28
6722,Redstone Logistics Group,RLG,371,14,delivered,2023-10-17,2023-10-28
6723,Trident Marine Components,TMC,507,788,shipped,2024-04-15,2024-04-27
6724,Compass Maritime Supply,CMS,133,67,delivered,2024-06-28,2024-07-08
6725,Trident Marine Components,TMC,428,974,shipped,2025-12-19,2025-12-22
6726,Redstone Logistics Group,RLG,689,677,pending,2025-09-13,2025-09-30
6727,Falcon Electronics Group,FEG,415,47,delivered,2025-04-24,2025-04-25
6728,Frontier Aviation Components,FAC,789,688,delivered,2024-10-03,2024-10-06
6729,Frontier Aviation Components,FAC,311,543,shipped,2023-03-12,2023-04-07
6730,Evergreen Field Support,EFS,110,693,pending,2023-06-28,2023-07-23
6731,Ranger Vehicle Parts,RVP,751,780,delivered,2023-11-02,2023-12-02
6732,Sentinel Equipment Supply,SES,402,848,shipped,2025-01-12,2025-01-30
6733,Titan Mobility Systems,TMS,489,217,pending,2026-10-24,2026-11-20
6734,Mesa Tactical Manufacturing,MTM,75,380,pending,2024-12-15,2024-12-30
6735,Harborline Industrial Supply,HIS,625,858,pending,2026-04-05,2026-05-04
6736,Evergreen Field Support,EFS,674,249,shipped,2024-08-16,2024-09-15
6737,Sentinel Equipment Supply,SES,233,475,shipped,2026-01-19,2026-02-14
6738,Patriot Precision Parts,PPP,886,905,shipped,2025-07-08,2025-07-13
6739,Gulf Coast Maintenance Parts,GCMP,861,678,shipped,2023-04-07,2023-05-03
6740,Redstone Logistics Group,RLG,592,882,pending,2023-04-22,2023-05-09
6741,Falcon Electronics Group,FEG,177,97,delivered,2025-08-04,2025-08-09
6742,Atlas Ground Support,AGS,696,920,shipped,2025-08-13,2025-08-30
6743,Blue Ridge Defense Manufacturing,BRDM,523,561,delivered,2024-09-27,2024-10-03
6744,Titan Mobility Systems,TMS,292,617,delivered,2025-03-28,2025-04-13
6745,Sentinel Equipment Supply,SES,253,112,shipped,2025-01-04,2025-01-19
6746,Falcon Electronics Group,FEG,760,905,shipped,2026-04-13,2026-04-24
6747,Keystone Industrial Supply,KIS,333,688,shipped,2023-03-07,2023-04-01
6748,Summit Tactical Supply,STS,917,798,shipped,2025-02-25,2025-03-16
6749,Vector Aerospace Supply,VAS,601,903,pending,2026-05-07,2026-05-13
6750,Summit Tactical Supply,STS,880,575,delivered,2026-06-08,2026-06-13
6751,Cascade Aerospace Systems,CAS,19,979,pending,2023-12-11,2023-12-29
6752,Harborline Industrial Supply,HIS,494,190,shipped,2024-02-10,2024-02-21
6753,Harborline Industrial Supply,HIS,328,749,delivered,2023-05-21,2023-06-03
6754,Heritage Logistics Supply,HLS,469,764,shipped,2026-08-08,2026-08-29
6755,Apex Defense Components,ADC,852,62,shipped,2024-11-09,2024-11-27
6756,Ironclad Industrial Systems,IIS,771,91,delivered,2025-06-06,2025-06-11
6757,Mesa Tactical Manufacturing,MTM,295,56,shipped,2026-11-25,2026-12-23
6758,Titan Mobility Systems,TMS,125,797,pending,2023-07-03,2023-07-13
6759,Prairie Technical Components,PTC,774,141,shipped,2026-03-21,2026-03-26
6760,Atlas Ground Support,AGS,667,790,delivered,2023-01-13,2023-01-19
6761,Atlas Ground Support,AGS,191,591,delivered,2025-10-01,2025-10-06
6762,Northstar Defense Supply,NDS,522,935,delivered,2025-06-13,2025-07-09
6763,Ranger Vehicle Parts,RVP,35,385,pending,2026-09-07,2026-09-23
6764,Blue Ridge Defense Manufacturing,BRDM,992,740,delivered,2026-12-01,2026-12-25
6765,Keystone Industrial Supply,KIS,841,359,shipped,2026-01-02,2026-01-04
6766,Sterling Power Systems,SPS,39,396,shipped,2026-07-02,2026-07-09
6767,Vector Aerospace Supply,VAS,12,341,delivered,2024-10-18,2024-10-26
6768,Sterling Power Systems,SPS,598,593,shipped,2024-05-09,2024-05-12
6769,Blue Ridge Defense Manufacturing,BRDM,616,381,delivered,2024-01-23,2024-02-15
6770,Trident Marine Components,TMC,708,678,delivered,2024-01-11,2024-01-29
6771,Pinnacle Hydraulic Systems,PHS,248,244,delivered,2025-12-09,2025-12-10
6772,Titan Mobility Systems,TMS,946,393,shipped,2023-01-16,2023-01-21
6773,Prairie Technical Components,PTC,358,251,shipped,2024-10-13,2024-10-20
6774,Sentinel Equipment Supply,SES,436,220,shipped,2026-09-20,2026-10-10
6775,Prairie Technical Components,PTC,988,429,shipped,2023-03-10,2023-04-06
6776,Atlas Ground Support,AGS,976,23,shipped,2025-02-12,2025-03-03
6777,Trident Marine Components,TMC,24,158,shipped,2025-09-04,2025-09-28
6778,Gulf Coast Maintenance Parts,GCMP,909,903,pending,2023-06-08,2023-06-10
6779,Titan Mobility Systems,TMS,337,230,shipped,2023-12-23,2023-12-27
6780,Apex Defense Components,ADC,797,912,pending,2023-07-22,2023-07-29
6781,Falcon Electronics Group,FEG,987,114,delivered,2024-06-03,2024-06-17
6782,Vector Aerospace Supply,VAS,234,599,pending,2025-10-09,2025-10-27
6783,Ranger Vehicle Parts,RVP,256,949,shipped,2024-10-14,2024-10-24
6784,Patriot Precision Parts,PPP,92,670,pending,2023-03-27,2023-04-15
6785,Prairie Technical Components,PTC,161,850,shipped,2026-07-03,2026-07-10
6786,Compass Maritime Supply,CMS,626,201,pending,2024-01-15,2024-02-08
6787,Trident Marine Components,TMC,676,506,pending,2024-11-12,2024-11-21
6788,Sentinel Equipment Supply,SES,272,461,pending,2026-09-19,2026-10-05
6789,Vector Aerospace Supply,VAS,44,257,shipped,2025-06-19,2025-06-25
6790,Keystone Industrial Supply,KIS,436,685,delivered,2025-05-16,2025-06-09
6791,Compass Maritime Supply,CMS,265,504,pending,2024-09-06,2024-09-11
6792,Sterling Power Systems,SPS,136,589,pending,2023-02-11,2023-03-08
6793,Granite State Components,GSC,425,927,shipped,2024-07-09,2024-07-16
6794,Liberty Mechanical Systems,LMS,32,236,delivered,2023-11-08,2023-11-27
6795,Evergreen Field Support,EFS,358,647,pending,2023-09-18,2023-09-26
6796,Frontier Aviation Components,FAC,143,64,delivered,2023-11-09,2023-11-16
6797,Harborline Industrial Supply,HIS,122,178,pending,2024-01-24,2024-02-07
6798,Mesa Tactical Manufacturing,MTM,844,320,pending,2023-08-28,2023-09-05
6799,Sentinel Equipment Supply,SES,119,665,pending,2026-12-02,2027-01-01
6800,Evergreen Field Support,EFS,95,409,pending,2024-06-12,2024-06-15
6801,Sterling Power Systems,SPS,482,581,shipped,2026-05-22,2026-06-08
6802,Evergreen Field Support,EFS,570,78,delivered,2026-02-26,2026-03-05
6803,Summit Tactical Supply,STS,171,578,pending,2025-09-12,2025-09-30
6804,Mesa Tactical Manufacturing,MTM,662,105,shipped,2026-09-23,2026-09-30
6805,Ranger Vehicle Parts,RVP,629,116,delivered,2024-07-05,2024-07-13
6806,Evergreen Field Support,EFS,545,739,shipped,2025-04-19,2025-05-11
6807,Heritage Logistics Supply,HLS,485,517,pending,2023-05-25,2023-06-22
6808,Sterling Power Systems,SPS,895,303,delivered,2026-03-28,2026-04-12
6809,Harborline Industrial Supply,HIS,165,288,delivered,2023-03-28,2023-04-07
6810,Trident Marine Components,TMC,70,10,pending,2025-06-18,2025-07-10
6811,Redstone Logistics Group,RLG,158,581,shipped,2025-07-07,2025-07-15
6812,Keystone Industrial Supply,KIS,173,343,delivered,2026-03-11,2026-03-28
6813,Compass Maritime Supply,CMS,374,106,delivered,2026-09-14,2026-09-22
6814,Redstone Logistics Group,RLG,103,969,shipped,2023-09-21,2023-10-21
6815,Apex Defense Components,ADC,628,702,pending,2023-06-17,2023-07-13
6816,Vector Aerospace Supply,VAS,88,180,shipped,2025-06-07,2025-06-26
6817,Frontier Aviation Components,FAC,439,938,shipped,2025-07-05,2025-07-31
6818,Keystone Industrial Supply,KIS,417,596,shipped,2026-02-03,2026-02-08
6819,Evergreen Field Support,EFS,93,851,delivered,2023-01-01,2023-01-29
6820,Redstone Logistics Group,RLG,638,617,shipped,2026-03-21,2026-03-25
6821,Keystone Industrial Supply,KIS,172,769,delivered,2025-07-18,2025-07-20
6822,Heritage Logistics Supply,HLS,54,264,pending,2025-03-27,2025-04-22
6823,Northstar Defense Supply,NDS,846,821,shipped,2024-09-28,2024-10-10
6824,Lone Star Equipment Group,LSEG,219,363,pending,2023-06-05,2023-06-06
6825,Pinnacle Hydraulic Systems,PHS,618,59,shipped,2025-08-13,2025-08-28
6826,Liberty Mechanical Systems,LMS,784,22,shipped,2024-11-13,2024-11-16
6827,Atlas Ground Support,AGS,868,467,shipped,2024-10-06,2024-10-26
6828,Harborline Industrial Supply,HIS,201,498,shipped,2024-01-01,2024-01-10
6829,Granite State Components,GSC,35,434,delivered,2023-01-14,2023-01-17
6830,Cascade Aerospace Systems,CAS,591,466,delivered,2023-01-28,2023-02-19
6831,Compass Maritime Supply,CMS,238,200,delivered,2024-08-28,2024-09-06
6832,Lone Star Equipment Group,LSEG,981,620,pending,2023-09-14,2023-10-12
6833,Frontier Aviation Components,FAC,32,87,delivered,2023-03-01,2023-03-31
6834,Sentinel Equipment Supply,SES,349,773,pending,2025-03-19,2025-04-10
6835,Cascade Aerospace Systems,CAS,178,539,pending,2026-02-16,2026-02-28
6836,Lone Star Equipment Group,LSEG,813,574,shipped,2023-06-04,2023-06-21
6837,Redstone Logistics Group,RLG,910,150,shipped,2026-11-04,2026-11-13
6838,Titan Mobility Systems,TMS,632,550,pending,2026-08-09,2026-09-04
6839,Harborline Industrial Supply,HIS,117,631,pending,2023-07-27,2023-08-04
6840,Granite State Components,GSC,970,121,delivered,2023-05-25,2023-06-12
6841,Cascade Aerospace Systems,CAS,17,189,delivered,2026-02-04,2026-02-23
6842,Ironclad Industrial Systems,IIS,614,10,shipped,2023-10-05,2023-10-23
6843,Sterling Power Systems,SPS,667,438,pending,2023-05-28,2023-06-13
6844,Sterling Power Systems,SPS,410,980,shipped,2024-12-10,2024-12-20
6845,Lone Star Equipment Group,LSEG,406,543,pending,2025-11-26,2025-12-18
6846,Mesa Tactical Manufacturing,MTM,50,813,shipped,2025-05-07,2025-05-22
6847,Trident Marine Components,TMC,35,526,shipped,2026-07-25,2026-08-24
6848,Patriot Precision Parts,PPP,920,123,pending,2026-10-13,2026-11-12
6849,Sentinel Equipment Supply,SES,519,470,delivered,2025-06-20,2025-07-15
6850,Lone Star Equipment Group,LSEG,852,948,delivered,2024-12-17,2024-12-22
6851,Gulf Coast Maintenance Parts,GCMP,249,324,delivered,2025-06-02,2025-06-09
6852,Sterling Power Systems,SPS,612,161,delivered,2023-11-11,2023-11-18
6853,Liberty Mechanical Systems,LMS,647,114,pending,2025-01-22,2025-02-07
6854,Prairie Technical Components,PTC,381,261,delivered,2025-02-06,2025-03-05
6855,Redstone Logistics Group,RLG,706,648,shipped,2024-01-06,2024-01-07
6856,Heritage Logistics Supply,HLS,871,12,shipped,2026-12-09,2026-12-19
6857,Evergreen Field Support,EFS,635,567,delivered,2026-04-05,2026-04-16
6858,Prairie Technical Components,PTC,270,136,shipped,2024-09-10,2024-10-02
6859,Blue Ridge Defense Manufacturing,BRDM,667,233,shipped,2026-05-09,2026-05-30
6860,Harborline Industrial Supply,HIS,826,769,delivered,2025-11-13,2025-11-21
6861,Heritage Logistics Supply,HLS,212,624,shipped,2025-08-17,2025-08-29
6862,Northstar Defense Supply,NDS,300,572,shipped,2026-06-24,2026-07-09
6863,Prairie Technical Components,PTC,584,262,pending,2026-06-23,2026-07-20
6864,Vector Aerospace Supply,VAS,704,581,shipped,2023-12-18,2024-01-14
6865,Frontier Aviation Components,FAC,115,634,delivered,2024-07-08,2024-07-13
6866,Redstone Logistics Group,RLG,607,186,pending,2023-03-07,2023-04-05
6867,Compass Maritime Supply,CMS,83,533,shipped,2024-01-18,2024-02-11
6868,Evergreen Field Support,EFS,662,528,shipped,2024-06-17,2024-06-29
6869,Sentinel Equipment Supply,SES,458,341,pending,2024-08-25,2024-09-08
6870,Prairie Technical Components,PTC,878,203,delivered,2026-11-01,2026-11-27
6871,Liberty Mechanical Systems,LMS,933,143,delivered,2024-07-20,2024-07-21
6872,Falcon Electronics Group,FEG,151,185,pending,2026-12-28,2027-01-05
6873,Titan Mobility Systems,TMS,762,787,delivered,2026-02-06,2026-02-27
6874,Vector Aerospace Supply,VAS,353,663,shipped,2024-12-13,2024-12-20
6875,Keystone Industrial Supply,KIS,92,412,shipped,2025-05-11,2025-05-19
6876,Vector Aerospace Supply,VAS,253,523,shipped,2024-09-07,2024-10-04
6877,Patriot Precision Parts,PPP,60,724,shipped,2026-01-15,2026-02-07
6878,Vector Aerospace Supply,VAS,712,842,pending,2026-08-15,2026-09-13
6879,Mesa Tactical Manufacturing,MTM,345,83,pending,2023-02-01,2023-02-18
6880,Pinnacle Hydraulic Systems,PHS,81,688,pending,2024-01-18,2024-01-21
6881,Redstone Logistics Group,RLG,915,950,pending,2025-09-08,2025-09-30
6882,Compass Maritime Supply,CMS,142,93,delivered,2024-07-08,2024-07-11
6883,Cascade Aerospace Systems,CAS,655,495,pending,2026-05-02,2026-05-06
6884,Evergreen Field Support,EFS,70,535,pending,2024-11-25,2024-12-02
6885,Ironclad Industrial Systems,IIS,759,316,pending,2026-11-24,2026-12-06
6886,Ranger Vehicle Parts,RVP,149,150,shipped,2023-01-21,2023-01-26
6887,Mesa Tactical Manufacturing,MTM,235,974,pending,2024-10-15,2024-10-28
6888,Frontier Aviation Components,FAC,747,944,delivered,2023-03-03,2023-03-23
6889,Ironclad Industrial Systems,IIS,42,585,pending,2025-10-07,2025-10-26
6890,Liberty Mechanical Systems,LMS,943,247,delivered,2026-12-23,2027-01-13
6891,Frontier Aviation Components,FAC,278,501,delivered,2024-11-11,2024-12-11
6892,Blue Ridge Defense Manufacturing,BRDM,31,248,delivered,2024-03-03,2024-03-31
6893,Atlas Ground Support,AGS,911,308,shipped,2025-11-11,2025-12-06
6894,Cascade Aerospace Systems,CAS,521,283,shipped,2024-05-13,2024-05-20
6895,Pinnacle Hydraulic Systems,PHS,407,6,delivered,2023-08-08,2023-08-13
6896,Evergreen Field Support,EFS,311,95,shipped,2026-07-15,2026-08-05
6897,Summit Tactical Supply,STS,18,80,shipped,2025-04-01,2025-04-23
6898,Evergreen Field Support,EFS,64,379,delivered,2023-06-03,2023-06-13
6899,Liberty Mechanical Systems,LMS,873,78,shipped,2025-07-07,2025-08-03
6900,Patriot Precision Parts,PPP,6,951,pending,2024-06-12,2024-07-01
6901,Granite State Components,GSC,748,414,shipped,2026-12-16,2027-01-02
6902,Ranger Vehicle Parts,RVP,783,520,shipped,2024-01-13,2024-01-20
6903,Redstone Logistics Group,RLG,702,553,delivered,2025-02-19,2025-03-14
6904,Ranger Vehicle Parts,RVP,500,389,delivered,2026-01-12,2026-02-01
6905,Apex Defense Components,ADC,18,326,pending,2025-12-17,2026-01-11
6906,Liberty Mechanical Systems,LMS,235,364,delivered,2024-02-28,2024-03-20
6907,Frontier Aviation Components,FAC,791,869,pending,2026-09-24,2026-09-28
6908,Frontier Aviation Components,FAC,446,601,pending,2026-11-24,2026-12-13
6909,Atlas Ground Support,AGS,729,316,pending,2024-10-08,2024-10-27
6910,Heritage Logistics Supply,HLS,297,551,shipped,2023-09-25,2023-09-28
6911,Mesa Tactical Manufacturing,MTM,274,66,shipped,2025-01-14,2025-02-12
6912,Titan Mobility Systems,TMS,170,315,delivered,2023-06-12,2023-07-02
6913,Falcon Electronics Group,FEG,149,314,delivered,2026-09-12,2026-10-11
6914,Compass Maritime Supply,CMS,126,345,delivered,2024-04-04,2024-04-12
6915,Prairie Technical Components,PTC,595,999,delivered,2024-03-28,2024-03-30
6916,Trident Marine Components,TMC,473,240,pending,2025-07-07,2025-07-12
6917,Mesa Tactical Manufacturing,MTM,16,735,shipped,2023-04-24,2023-05-10
6918,Redstone Logistics Group,RLG,357,578,delivered,2026-11-09,2026-11-26
6919,Vector Aerospace Supply,VAS,851,193,pending,2025-12-17,2025-12-25
6920,Compass Maritime Supply,CMS,28,737,delivered,2025-04-09,2025-04-10
6921,Mesa Tactical Manufacturing,MTM,245,607,shipped,2026-02-01,2026-02-05
6922,Compass Maritime Supply,CMS,411,869,pending,2024-02-09,2024-03-08
6923,Heritage Logistics Supply,HLS,919,466,shipped,2026-07-12,2026-07-14
6924,Mesa Tactical Manufacturing,MTM,80,189,shipped,2025-10-14,2025-11-04
6925,Northstar Defense Supply,NDS,81,74,pending,2026-03-28,2026-04-04
6926,Atlas Ground Support,AGS,1,21,shipped,2024-12-24,2025-01-01
6927,Pinnacle Hydraulic Systems,PHS,567,553,shipped,2025-04-01,2025-04-04
6928,Pinnacle Hydraulic Systems,PHS,739,46,shipped,2024-03-02,2024-03-19
6929,Northstar Defense Supply,NDS,959,334,delivered,2025-08-16,2025-09-07
6930,Compass Maritime Supply,CMS,497,273,shipped,2023-12-11,2023-12-12
6931,Heritage Logistics Supply,HLS,940,479,pending,2023-01-11,2023-02-09
6932,Patriot Precision Parts,PPP,192,270,delivered,2023-07-02,2023-07-12
6933,Sentinel Equipment Supply,SES,608,967,pending,2026-11-18,2026-11-20
6934,Sentinel Equipment Supply,SES,751,800,shipped,2023-02-28,2023-03-29
6935,Mesa Tactical Manufacturing,MTM,819,619,pending,2025-10-09,2025-10-25
6936,Sentinel Equipment Supply,SES,288,99,shipped,2024-12-15,2024-12-29
6937,Cedar Valley Manufacturing,CVM,765,653,pending,2026-08-27,2026-08-28
6938,Atlas Ground Support,AGS,274,14,shipped,2025-09-16,2025-09-17
6939,Harborline Industrial Supply,HIS,219,125,pending,2026-12-05,2026-12-26
6940,Sentinel Equipment Supply,SES,52,765,delivered,2023-08-13,2023-08-29
6941,Blue Ridge Defense Manufacturing,BRDM,869,730,delivered,2026-06-24,2026-07-21
6942,Ironclad Industrial Systems,IIS,736,900,delivered,2026-01-08,2026-01-18
6943,Apex Defense Components,ADC,742,852,shipped,2024-12-17,2025-01-13
6944,Cascade Aerospace Systems,CAS,158,306,pending,2026-09-21,2026-10-10
6945,Vector Aerospace Supply,VAS,324,125,shipped,2026-12-14,2027-01-02
6946,Frontier Aviation Components,FAC,183,844,pending,2024-10-03,2024-10-10
6947,Mesa Tactical Manufacturing,MTM,830,597,pending,2023-11-16,2023-11-19
6948,Summit Tactical Supply,STS,669,771,pending,2025-09-24,2025-10-01
6949,Lone Star Equipment Group,LSEG,675,965,pending,2025-02-14,2025-03-13
6950,Redstone Logistics Group,RLG,133,970,delivered,2025-04-26,2025-05-02
6951,Lone Star Equipment Group,LSEG,30,592,pending,2024-03-17,2024-03-28
6952,Lone Star Equipment Group,LSEG,821,124,pending,2026-12-25,2026-12-29
6953,Compass Maritime Supply,CMS,755,581,pending,2026-02-07,2026-02-23
6954,Lone Star Equipment Group,LSEG,523,893,pending,2023-11-17,2023-12-05
6955,Evergreen Field Support,EFS,774,539,pending,2023-11-21,2023-12-17
6956,Prairie Technical Components,PTC,692,831,delivered,2025-12-18,2026-01-07
6957,Titan Mobility Systems,TMS,315,994,shipped,2023-12-15,2023-12-20
6958,Sentinel Equipment Supply,SES,357,700,shipped,2026-04-08,2026-04-28
6959,Cedar Valley Manufacturing,CVM,501,617,pending,2024-01-06,2024-02-04
6960,Falcon Electronics Group,FEG,140,75,delivered,2023-07-20,2023-07-31
6961,Compass Maritime Supply,CMS,544,443,pending,2025-05-24,2025-05-28
6962,Granite State Components,GSC,551,131,delivered,2025-01-08,2025-01-27
6963,Cascade Aerospace Systems,CAS,223,921,delivered,2025-04-02,2025-04-22
6964,Falcon Electronics Group,FEG,827,679,shipped,2023-06-26,2023-06-30
6965,Falcon Electronics Group,FEG,690,925,pending,2024-10-27,2024-11-23
6966,Prairie Technical Components,PTC,1,206,pending,2024-10-21,2024-11-03
6967,Vector Aerospace Supply,VAS,396,700,shipped,2026-09-16,2026-10-02
6968,Ranger Vehicle Parts,RVP,680,468,delivered,2026-02-03,2026-02-22
6969,Prairie Technical Components,PTC,365,163,pending,2026-08-14,2026-08-30
6970,Keystone Industrial Supply,KIS,596,672,delivered,2026-05-27,2026-06-26
6971,Patriot Precision Parts,PPP,17,77,shipped,2025-05-05,2025-05-18
6972,Keystone Industrial Supply,KIS,721,324,delivered,2023-02-27,2023-03-25
6973,Cedar Valley Manufacturing,CVM,662,192,delivered,2025-02-23,2025-03-09
6974,Evergreen Field Support,EFS,376,195,shipped,2026-05-01,2026-05-31
6975,Titan Mobility Systems,TMS,802,634,shipped,2023-07-11,2023-08-06
6976,Heritage Logistics Supply,HLS,91,878,shipped,2023-06-10,2023-06-13
6977,Apex Defense Components,ADC,83,111,pending,2023-04-16,2023-04-28
6978,Lone Star Equipment Group,LSEG,446,481,shipped,2024-05-07,2024-05-10
6979,Sterling Power Systems,SPS,234,405,delivered,2024-01-08,2024-02-03
6980,Falcon Electronics Group,FEG,993,49,shipped,2023-12-08,2024-01-03
6981,Prairie Technical Components,PTC,697,626,shipped,2024-04-09,2024-04-29
6982,Granite State Components,GSC,388,416,delivered,2026-12-10,2026-12-28
6983,Titan Mobility Systems,TMS,566,274,delivered,2024-02-15,2024-03-14
6984,Frontier Aviation Components,FAC,960,528,pending,2026-08-07,2026-08-08
6985,Sterling Power Systems,SPS,901,662,delivered,2024-12-27,2025-01-25
6986,Compass Maritime Supply,CMS,445,301,delivered,2024-04-26,2024-05-03
6987,Mesa Tactical Manufacturing,MTM,443,608,pending,2026-12-26,2027-01-20
6988,Cedar Valley Manufacturing,CVM,690,461,delivered,2026-12-22,2027-01-01
6989,Liberty Mechanical Systems,LMS,35,700,delivered,2026-08-20,2026-09-16
6990,Northstar Defense Supply,NDS,551,485,delivered,2026-05-07,2026-06-02
6991,Liberty Mechanical Systems,LMS,869,707,shipped,2025-12-13,2025-12-17
6992,Summit Tactical Supply,STS,421,989,delivered,2024-02-27,2024-03-21
6993,Harborline Industrial Supply,HIS,405,959,shipped,2024-08-08,2024-08-10
6994,Ranger Vehicle Parts,RVP,150,669,shipped,2024-12-28,2025-01-05
6995,Falcon Electronics Group,FEG,597,711,delivered,2024-11-04,2024-12-01
6996,Apex Defense Components,ADC,576,138,delivered,2023-01-21,2023-02-19
6997,Mesa Tactical Manufacturing,MTM,218,623,pending,2025-02-17,2025-03-19
6998,Patriot Precision Parts,PPP,830,427,delivered,2025-06-05,2025-06-15
6999,Patriot Precision Parts,PPP,34,158,shipped,2025-06-02,2025-06-28
7000,Ranger Vehicle Parts,RVP,356,817,delivered,2023-10-28,2023-11-22
7001,Mesa Tactical Manufacturing,MTM,719,707,delivered,2024-07-15,2024-08-11
7002,Frontier Aviation Components,FAC,828,157,delivered,2026-08-28,2026-09-15
7003,Mesa Tactical Manufacturing,MTM,67,930,shipped,2024-02-12,2024-02-15
7004,Vector Aerospace Supply,VAS,104,80,pending,2026-07-15,2026-08-14
7005,Northstar Defense Supply,NDS,990,77,pending,2023-06-18,2023-06-30
7006,Liberty Mechanical Systems,LMS,751,181,pending,2024-05-10,2024-06-06
7007,Patriot Precision Parts,PPP,12,132,shipped,2025-10-08,2025-10-09
7008,Falcon Electronics Group,FEG,754,243,shipped,2024-03-18,2024-03-19
7009,Blue Ridge Defense Manufacturing,BRDM,327,218,pending,2024-04-02,2024-04-04
7010,Atlas Ground Support,AGS,760,325,delivered,2025-12-14,2026-01-09
7011,Titan Mobility Systems,TMS,281,664,delivered,2024-09-01,2024-09-16
7012,Keystone Industrial Supply,KIS,346,603,shipped,2025-07-17,2025-07-20
7013,Granite State Components,GSC,752,952,pending,2026-08-02,2026-08-10
7014,Mesa Tactical Manufacturing,MTM,714,67,delivered,2023-04-19,2023-05-10
7015,Patriot Precision Parts,PPP,340,412,shipped,2024-12-17,2025-01-04
7016,Prairie Technical Components,PTC,416,484,pending,2025-12-15,2026-01-13
7017,Pinnacle Hydraulic Systems,PHS,332,447,delivered,2025-09-11,2025-10-03
7018,Lone Star Equipment Group,LSEG,556,185,pending,2025-08-17,2025-09-07
7019,Trident Marine Components,TMC,106,57,delivered,2024-09-26,2024-10-19
7020,Keystone Industrial Supply,KIS,630,497,shipped,2025-01-01,2025-01-28
7021,Ironclad Industrial Systems,IIS,10,945,delivered,2025-07-07,2025-07-21
7022,Mesa Tactical Manufacturing,MTM,967,168,shipped,2025-03-15,2025-03-22
7023,Ironclad Industrial Systems,IIS,992,621,delivered,2025-08-24,2025-09-18
7024,Vector Aerospace Supply,VAS,170,336,delivered,2025-07-25,2025-08-02
7025,Atlas Ground Support,AGS,705,930,pending,2024-06-21,2024-07-08
7026,Ranger Vehicle Parts,RVP,512,14,pending,2026-09-13,2026-10-02
7027,Harborline Industrial Supply,HIS,338,705,shipped,2025-05-11,2025-05-22
7028,Sentinel Equipment Supply,SES,522,654,pending,2024-12-17,2024-12-28
7029,Lone Star Equipment Group,LSEG,960,194,pending,2026-05-10,2026-05-14
7030,Lone Star Equipment Group,LSEG,317,628,pending,2025-11-12,2025-11-15
7031,Atlas Ground Support,AGS,643,401,shipped,2024-03-24,2024-04-02
7032,Lone Star Equipment Group,LSEG,900,722,pending,2023-03-25,2023-04-16
7033,Keystone Industrial Supply,KIS,411,445,shipped,2023-06-25,2023-07-22
7034,Vector Aerospace Supply,VAS,721,727,shipped,2026-10-09,2026-10-26
7035,Atlas Ground Support,AGS,436,37,shipped,2025-09-10,2025-10-07
7036,Sterling Power Systems,SPS,374,134,shipped,2023-04-20,2023-05-11
7037,Blue Ridge Defense Manufacturing,BRDM,480,791,delivered,2023-05-01,2023-05-29
7038,Summit Tactical Supply,STS,973,363,shipped,2024-06-05,2024-06-17
7039,Sterling Power Systems,SPS,567,815,delivered,2024-12-26,2025-01-08
7040,Blue Ridge Defense Manufacturing,BRDM,7,107,delivered,2025-06-09,2025-06-22
7041,Sterling Power Systems,SPS,171,544,delivered,2025-01-23,2025-02-18
7042,Lone Star Equipment Group,LSEG,510,611,delivered,2025-12-09,2026-01-03
7043,Cascade Aerospace Systems,CAS,536,674,pending,2025-05-03,2025-06-01
7044,Heritage Logistics Supply,HLS,564,92,delivered,2026-07-04,2026-07-30
7045,Blue Ridge Defense Manufacturing,BRDM,695,659,delivered,2024-09-07,2024-09-22
7046,Keystone Industrial Supply,KIS,299,706,shipped,2023-02-12,2023-02-27
7047,Vector Aerospace Supply,VAS,938,430,delivered,2026-03-08,2026-03-26
7048,Keystone Industrial Supply,KIS,10,722,delivered,2026-11-23,2026-11-29
7049,Granite State Components,GSC,53,231,delivered,2025-08-26,2025-09-25
7050,Sentinel Equipment Supply,SES,233,940,pending,2026-11-16,2026-12-05
7051,Harborline Industrial Supply,HIS,838,205,delivered,2024-10-19,2024-10-22
7052,Patriot Precision Parts,PPP,320,35,shipped,2025-02-21,2025-03-02
7053,Atlas Ground Support,AGS,925,500,shipped,2025-03-24,2025-04-21
7054,Vector Aerospace Supply,VAS,85,386,shipped,2026-08-11,2026-08-12
7055,Blue Ridge Defense Manufacturing,BRDM,846,570,delivered,2023-04-09,2023-05-08
7056,Gulf Coast Maintenance Parts,GCMP,497,971,pending,2026-06-09,2026-07-01
7057,Patriot Precision Parts,PPP,861,234,delivered,2025-04-20,2025-05-20
7058,Cedar Valley Manufacturing,CVM,521,666,shipped,2025-06-17,2025-07-09
7059,Mesa Tactical Manufacturing,MTM,848,441,pending,2026-10-18,2026-11-05
7060,Prairie Technical Components,PTC,876,724,pending,2024-02-11,2024-02-24
7061,Summit Tactical Supply,STS,6,263,shipped,2026-06-20,2026-07-05
7062,Gulf Coast Maintenance Parts,GCMP,443,298,shipped,2025-12-01,2025-12-11
7063,Blue Ridge Defense Manufacturing,BRDM,733,330,delivered,2023-06-17,2023-07-09
7064,Granite State Components,GSC,981,50,delivered,2024-08-22,2024-08-24
7065,Blue Ridge Defense Manufacturing,BRDM,327,937,pending,2025-07-15,2025-07-22
7066,Frontier Aviation Components,FAC,527,807,shipped,2024-01-28,2024-02-19
7067,Evergreen Field Support,EFS,8,240,shipped,2023-08-25,2023-09-14
7068,Frontier Aviation Components,FAC,102,170,delivered,2024-06-20,2024-07-11
7069,Harborline Industrial Supply,HIS,394,366,delivered,2025-02-18,2025-03-19
7070,Heritage Logistics Supply,HLS,872,474,delivered,2025-09-14,2025-09-16
7071,Redstone Logistics Group,RLG,48,856,delivered,2024-10-06,2024-10-07
7072,Vector Aerospace Supply,VAS,693,532,delivered,2026-03-07,2026-03-09
7073,Pinnacle Hydraulic Systems,PHS,521,456,pending,2023-11-10,2023-12-08
7074,Liberty Mechanical Systems,LMS,606,359,pending,2023-06-05,2023-06-14
7075,Ironclad Industrial Systems,IIS,453,587,delivered,2026-08-14,2026-08-21
7076,Lone Star Equipment Group,LSEG,176,782,pending,2024-08-12,2024-08-18
7077,Sentinel Equipment Supply,SES,619,407,pending,2023-07-04,2023-07-31
7078,Patriot Precision Parts,PPP,509,369,pending,2024-02-19,2024-02-20
7079,Keystone Industrial Supply,KIS,94,276,pending,2023-12-24,2023-12-27
7080,Cascade Aerospace Systems,CAS,829,930,delivered,2026-01-09,2026-01-18
7081,Prairie Technical Components,PTC,987,578,delivered,2026-05-22,2026-05-26
7082,Compass Maritime Supply,CMS,217,717,pending,2026-03-12,2026-03-17
7083,Northstar Defense Supply,NDS,923,977,shipped,2025-11-28,2025-11-29
7084,Pinnacle Hydraulic Systems,PHS,976,132,pending,2023-02-27,2023-03-13
7085,Mesa Tactical Manufacturing,MTM,844,923,shipped,2025-07-27,2025-08-19
7086,Heritage Logistics Supply,HLS,261,741,pending,2023-02-01,2023-02-14
7087,Vector Aerospace Supply,VAS,498,351,pending,2025-04-08,2025-05-02
7088,Patriot Precision Parts,PPP,515,76,shipped,2025-09-22,2025-10-18
7089,Ranger Vehicle Parts,RVP,934,452,pending,2023-02-12,2023-02-28
7090,Blue Ridge Defense Manufacturing,BRDM,917,708,delivered,2023-10-08,2023-10-24
7091,Trident Marine Components,TMC,865,800,pending,2025-08-05,2025-08-07
7092,Apex Defense Components,ADC,414,874,delivered,2023-05-09,2023-06-04
7093,Pinnacle Hydraulic Systems,PHS,687,234,pending,2026-04-27,2026-04-30
7094,Evergreen Field Support,EFS,228,761,delivered,2023-06-16,2023-07-13
7095,Redstone Logistics Group,RLG,940,715,delivered,2024-04-26,2024-05-18
7096,Ranger Vehicle Parts,RVP,852,941,shipped,2025-11-17,2025-12-11
7097,Trident Marine Components,TMC,283,45,delivered,2026-10-05,2026-10-17
7098,Ranger Vehicle Parts,RVP,597,910,pending,2025-10-20,2025-11-08
7099,Apex Defense Components,ADC,370,239,delivered,2026-12-07,2026-12-16
7100,Compass Maritime Supply,CMS,552,493,pending,2025-07-12,2025-07-24
7101,Summit Tactical Supply,STS,97,460,shipped,2023-12-21,2024-01-06
7102,Sterling Power Systems,SPS,608,639,shipped,2025-01-08,2025-02-02
7103,Apex Defense Components,ADC,996,899,pending,2025-05-23,2025-05-29
7104,Northstar Defense Supply,NDS,34,612,shipped,2024-08-23,2024-09-03
7105,Trident Marine Components,TMC,495,800,delivered,2026-03-28,2026-03-31
7106,Falcon Electronics Group,FEG,577,855,delivered,2025-05-06,2025-05-24
7107,Harborline Industrial Supply,HIS,467,860,shipped,2023-06-25,2023-07-10
7108,Redstone Logistics Group,RLG,790,107,delivered,2023-07-06,2023-07-08
7109,Atlas Ground Support,AGS,159,401,shipped,2023-08-20,2023-08-27
7110,Mesa Tactical Manufacturing,MTM,55,641,pending,2026-01-27,2026-02-03
7111,Pinnacle Hydraulic Systems,PHS,741,872,pending,2025-12-12,2026-01-03
7112,Gulf Coast Maintenance Parts,GCMP,753,108,delivered,2024-11-24,2024-11-27
7113,Ironclad Industrial Systems,IIS,661,502,delivered,2025-06-15,2025-06-18
7114,Northstar Defense Supply,NDS,870,932,delivered,2025-06-07,2025-06-21
7115,Blue Ridge Defense Manufacturing,BRDM,110,488,delivered,2026-11-23,2026-11-28
7116,Cascade Aerospace Systems,CAS,556,894,shipped,2024-12-01,2024-12-28
7117,Apex Defense Components,ADC,812,767,delivered,2023-06-03,2023-06-12
7118,Cedar Valley Manufacturing,CVM,605,69,pending,2023-08-07,2023-09-05
7119,Gulf Coast Maintenance Parts,GCMP,222,912,shipped,2024-01-04,2024-01-27
7120,Atlas Ground Support,AGS,984,445,delivered,2025-06-28,2025-07-09
7121,Compass Maritime Supply,CMS,488,707,pending,2023-06-12,2023-06-19
7122,Gulf Coast Maintenance Parts,GCMP,905,872,shipped,2023-11-22,2023-12-08
7123,Summit Tactical Supply,STS,169,420,pending,2026-08-10,2026-09-07
7124,Frontier Aviation Components,FAC,377,721,shipped,2026-07-19,2026-08-11
7125,Falcon Electronics Group,FEG,79,250,pending,2024-11-25,2024-12-19
7126,Liberty Mechanical Systems,LMS,756,792,pending,2026-01-12,2026-01-28
7127,Mesa Tactical Manufacturing,MTM,944,611,delivered,2026-10-13,2026-10-27
7128,Apex Defense Components,ADC,952,317,shipped,2023-07-19,2023-08-05
7129,Titan Mobility Systems,TMS,140,940,pending,2023-09-10,2023-10-04
7130,Sentinel Equipment Supply,SES,822,758,pending,2025-02-12,2025-02-24
7131,Evergreen Field Support,EFS,12,69,shipped,2026-02-12,2026-02-19
7132,Prairie Technical Components,PTC,656,28,pending,2023-09-10,2023-09-25
7133,Sterling Power Systems,SPS,220,896,shipped,2024-11-02,2024-11-22
7134,Pinnacle Hydraulic Systems,PHS,21,880,delivered,2026-02-17,2026-03-10
7135,Falcon Electronics Group,FEG,284,111,shipped,2025-08-27,2025-09-26
7136,Summit Tactical Supply,STS,868,283,shipped,2023-03-19,2023-03-30
7137,Cedar Valley Manufacturing,CVM,137,314,pending,2023-10-07,2023-10-28
7138,Compass Maritime Supply,CMS,269,692,delivered,2024-04-04,2024-04-25
7139,Cascade Aerospace Systems,CAS,93,553,pending,2026-05-22,2026-06-01
7140,Blue Ridge Defense Manufacturing,BRDM,930,180,delivered,2024-11-20,2024-11-22
7141,Keystone Industrial Supply,KIS,769,899,pending,2025-06-02,2025-06-15
7142,Harborline Industrial Supply,HIS,596,993,delivered,2024-06-03,2024-06-22
7143,Lone Star Equipment Group,LSEG,635,687,delivered,2024-06-08,2024-06-27
7144,Patriot Precision Parts,PPP,585,67,shipped,2024-03-25,2024-03-29
7145,Patriot Precision Parts,PPP,338,386,shipped,2024-08-03,2024-08-18
7146,Blue Ridge Defense Manufacturing,BRDM,958,113,pending,2023-01-09,2023-01-16
7147,Redstone Logistics Group,RLG,674,376,shipped,2023-10-26,2023-11-14
7148,Titan Mobility Systems,TMS,894,335,pending,2024-09-25,2024-09-30
7149,Vector Aerospace Supply,VAS,891,147,pending,2023-03-23,2023-04-14
7150,Cedar Valley Manufacturing,CVM,765,747,shipped,2023-01-27,2023-02-22
7151,Frontier Aviation Components,FAC,807,781,delivered,2026-09-01,2026-09-29
7152,Apex Defense Components,ADC,446,204,shipped,2024-04-07,2024-04-28
7153,Ranger Vehicle Parts,RVP,218,590,shipped,2023-05-23,2023-05-28
7154,Liberty Mechanical Systems,LMS,125,694,shipped,2025-02-09,2025-03-10
7155,Lone Star Equipment Group,LSEG,565,513,shipped,2025-05-01,2025-05-17
7156,Apex Defense Components,ADC,828,479,pending,2023-04-28,2023-05-27
7157,Evergreen Field Support,EFS,804,575,pending,2023-06-24,2023-07-05
7158,Vector Aerospace Supply,VAS,760,595,pending,2026-08-04,2026-08-13
7159,Cedar Valley Manufacturing,CVM,88,712,delivered,2025-05-21,2025-06-01
7160,Apex Defense Components,ADC,73,852,pending,2024-06-22,2024-06-28
7161,Vector Aerospace Supply,VAS,989,821,delivered,2023-06-05,2023-06-09
7162,Prairie Technical Components,PTC,865,872,delivered,2026-05-15,2026-05-31
7163,Prairie Technical Components,PTC,927,356,shipped,2024-06-17,2024-07-17
7164,Redstone Logistics Group,RLG,729,989,shipped,2023-05-01,2023-05-11
7165,Cedar Valley Manufacturing,CVM,287,100,delivered,2025-08-11,2025-09-06
7166,Northstar Defense Supply,NDS,116,499,delivered,2025-02-08,2025-02-11
7167,Liberty Mechanical Systems,LMS,618,679,shipped,2025-04-03,2025-04-18
7168,Gulf Coast Maintenance Parts,GCMP,804,917,shipped,2024-07-26,2024-08-20
7169,Granite State Components,GSC,735,276,delivered,2023-02-08,2023-02-10
7170,Compass Maritime Supply,CMS,146,33,shipped,2025-10-13,2025-11-05
7171,Cascade Aerospace Systems,CAS,58,815,delivered,2024-05-24,2024-05-26
7172,Patriot Precision Parts,PPP,753,444,pending,2023-10-02,2023-10-30
7173,Trident Marine Components,TMC,224,780,pending,2023-10-23,2023-11-15
7174,Keystone Industrial Supply,KIS,828,856,shipped,2025-04-16,2025-05-07
7175,Harborline Industrial Supply,HIS,420,111,shipped,2024-12-16,2024-12-29
7176,Lone Star Equipment Group,LSEG,792,76,shipped,2025-04-25,2025-05-13
7177,Heritage Logistics Supply,HLS,609,127,delivered,2023-12-23,2023-12-24
7178,Cascade Aerospace Systems,CAS,705,672,delivered,2025-09-07,2025-09-27
7179,Titan Mobility Systems,TMS,955,833,shipped,2026-08-03,2026-08-23
7180,Prairie Technical Components,PTC,160,477,delivered,2023-09-02,2023-09-11
7181,Apex Defense Components,ADC,786,6,pending,2025-08-13,2025-08-21
7182,Titan Mobility Systems,TMS,567,18,delivered,2023-11-18,2023-12-09
7183,Prairie Technical Components,PTC,802,334,shipped,2024-04-13,2024-05-05
7184,Prairie Technical Components,PTC,32,565,pending,2023-05-03,2023-05-24
7185,Summit Tactical Supply,STS,777,301,shipped,2023-03-19,2023-04-02
7186,Mesa Tactical Manufacturing,MTM,852,949,delivered,2025-02-26,2025-03-05
7187,Vector Aerospace Supply,VAS,287,645,delivered,2026-12-17,2027-01-05
7188,Cascade Aerospace Systems,CAS,773,117,delivered,2026-05-17,2026-06-16
7189,Mesa Tactical Manufacturing,MTM,396,943,delivered,2025-12-14,2025-12-23
7190,Apex Defense Components,ADC,631,172,delivered,2026-11-12,2026-12-07
7191,Pinnacle Hydraulic Systems,PHS,267,749,pending,2023-02-26,2023-03-06
7192,Evergreen Field Support,EFS,614,368,pending,2023-01-26,2023-02-05
7193,Heritage Logistics Supply,HLS,284,779,delivered,2024-02-02,2024-02-15
7194,Evergreen Field Support,EFS,169,20,shipped,2025-10-24,2025-11-10
7195,Granite State Components,GSC,938,277,pending,2025-12-28,2026-01-24
7196,Trident Marine Components,TMC,945,438,delivered,2023-03-15,2023-03-30
7197,Ironclad Industrial Systems,IIS,856,415,pending,2026-05-04,2026-05-21
7198,Sentinel Equipment Supply,SES,457,579,pending,2023-04-23,2023-05-22
7199,Blue Ridge Defense Manufacturing,BRDM,36,312,delivered,2024-12-23,2024-12-31
7200,Cascade Aerospace Systems,CAS,286,891,delivered,2026-02-01,2026-02-19
7201,Trident Marine Components,TMC,389,109,shipped,2025-07-10,2025-07-28
7202,Atlas Ground Support,AGS,394,227,pending,2025-08-21,2025-09-05
7203,Atlas Ground Support,AGS,948,146,pending,2024-09-19,2024-10-14
7204,Ironclad Industrial Systems,IIS,281,128,pending,2026-10-02,2026-10-28
7205,Liberty Mechanical Systems,LMS,600,763,pending,2025-08-18,2025-08-28
7206,Compass Maritime Supply,CMS,27,183,shipped,2024-02-05,2024-02-20
7207,Vector Aerospace Supply,VAS,518,424,shipped,2026-12-01,2026-12-08
7208,Ironclad Industrial Systems,IIS,61,727,shipped,2026-09-27,2026-10-19
7209,Ranger Vehicle Parts,RVP,303,424,pending,2025-08-13,2025-09-02
7210,Vector Aerospace Supply,VAS,842,52,delivered,2023-01-02,2023-01-21
7211,Mesa Tactical Manufacturing,MTM,118,61,pending,2026-03-27,2026-04-23
7212,Keystone Industrial Supply,KIS,561,855,delivered,2023-11-05,2023-11-22
7213,Gulf Coast Maintenance Parts,GCMP,168,280,delivered,2023-06-08,2023-07-03
7214,Frontier Aviation Components,FAC,986,371,pending,2024-02-08,2024-02-12
7215,Heritage Logistics Supply,HLS,32,687,delivered,2026-01-27,2026-01-31
7216,Northstar Defense Supply,NDS,914,940,shipped,2025-05-22,2025-05-30
7217,Mesa Tactical Manufacturing,MTM,752,584,pending,2024-02-26,2024-03-05
7218,Ironclad Industrial Systems,IIS,82,809,pending,2024-05-23,2024-06-02
7219,Pinnacle Hydraulic Systems,PHS,870,642,shipped,2023-11-22,2023-12-22
7220,Compass Maritime Supply,CMS,773,699,pending,2024-11-10,2024-11-30
7221,Redstone Logistics Group,RLG,791,180,shipped,2026-11-04,2026-11-08
7222,Lone Star Equipment Group,LSEG,338,313,pending,2023-10-24,2023-10-30
7223,Titan Mobility Systems,TMS,319,581,shipped,2025-04-25,2025-05-07
7224,Sentinel Equipment Supply,SES,208,504,delivered,2026-02-01,2026-03-02
7225,Evergreen Field Support,EFS,39,57,delivered,2023-08-20,2023-09-19
7226,Redstone Logistics Group,RLG,773,455,pending,2026-06-07,2026-06-10
7227,Falcon Electronics Group,FEG,871,742,shipped,2025-11-07,2025-12-01
7228,Ironclad Industrial Systems,IIS,608,771,delivered,2024-06-06,2024-07-03
7229,Ironclad Industrial Systems,IIS,832,269,shipped,2024-12-27,2025-01-03
7230,Atlas Ground Support,AGS,503,884,delivered,2023-04-06,2023-04-23
7231,Cedar Valley Manufacturing,CVM,135,134,delivered,2023-12-26,2024-01-23
7232,Trident Marine Components,TMC,378,155,delivered,2023-01-09,2023-01-20
7233,Lone Star Equipment Group,LSEG,807,875,pending,2025-09-06,2025-09-09
7234,Patriot Precision Parts,PPP,970,97,delivered,2025-11-17,2025-11-24
7235,Frontier Aviation Components,FAC,577,501,pending,2026-03-17,2026-04-16
7236,Patriot Precision Parts,PPP,502,626,pending,2026-12-24,2027-01-11
7237,Blue Ridge Defense Manufacturing,BRDM,713,74,delivered,2026-12-01,2026-12-20
7238,Ironclad Industrial Systems,IIS,48,44,delivered,2023-02-26,2023-03-14
7239,Titan Mobility Systems,TMS,493,517,shipped,2025-07-05,2025-07-24
7240,Blue Ridge Defense Manufacturing,BRDM,818,741,shipped,2025-06-02,2025-06-21
7241,Summit Tactical Supply,STS,59,825,delivered,2025-12-05,2025-12-28
7242,Falcon Electronics Group,FEG,690,755,pending,2023-03-15,2023-04-08
7243,Blue Ridge Defense Manufacturing,BRDM,82,651,shipped,2023-01-23,2023-01-26
7244,Keystone Industrial Supply,KIS,223,554,delivered,2023-05-07,2023-05-08
7245,Pinnacle Hydraulic Systems,PHS,528,999,pending,2026-04-23,2026-05-15
7246,Northstar Defense Supply,NDS,433,410,shipped,2026-08-03,2026-08-15
7247,Prairie Technical Components,PTC,832,536,pending,2026-01-25,2026-02-13
7248,Vector Aerospace Supply,VAS,304,498,delivered,2026-12-19,2027-01-01
7249,Harborline Industrial Supply,HIS,879,12,pending,2025-01-10,2025-02-07
7250,Apex Defense Components,ADC,679,222,pending,2024-06-25,2024-07-01
7251,Liberty Mechanical Systems,LMS,344,704,delivered,2024-03-19,2024-04-06
7252,Summit Tactical Supply,STS,209,554,delivered,2025-08-24,2025-09-02
7253,Trident Marine Components,TMC,136,118,delivered,2023-12-13,2024-01-12
7254,Compass Maritime Supply,CMS,786,405,delivered,2025-01-17,2025-02-03
7255,Gulf Coast Maintenance Parts,GCMP,928,773,shipped,2026-10-03,2026-10-07
7256,Summit Tactical Supply,STS,498,337,delivered,2026-06-15,2026-06-18
7257,Sterling Power Systems,SPS,655,231,shipped,2023-11-14,2023-12-04
7258,Cedar Valley Manufacturing,CVM,690,908,shipped,2023-11-26,2023-12-15
7259,Evergreen Field Support,EFS,329,620,pending,2025-03-02,2025-03-12
7260,Cedar Valley Manufacturing,CVM,278,68,pending,2026-07-01,2026-07-29
7261,Apex Defense Components,ADC,118,357,shipped,2025-05-10,2025-05-20
7262,Trident Marine Components,TMC,773,510,shipped,2026-04-04,2026-04-24
7263,Frontier Aviation Components,FAC,746,573,shipped,2025-01-02,2025-01-22
7264,Cedar Valley Manufacturing,CVM,462,368,pending,2024-02-09,2024-03-02
7265,Patriot Precision Parts,PPP,513,899,pending,2025-04-23,2025-04-30
7266,Harborline Industrial Supply,HIS,207,838,pending,2026-04-27,2026-05-27
7267,Patriot Precision Parts,PPP,132,5,shipped,2023-12-16,2023-12-25
7268,Northstar Defense Supply,NDS,530,228,delivered,2026-12-27,2027-01-18
7269,Gulf Coast Maintenance Parts,GCMP,893,973,pending,2023-02-25,2023-03-24
7270,Ironclad Industrial Systems,IIS,565,264,pending,2025-02-12,2025-02-23
7271,Keystone Industrial Supply,KIS,456,320,pending,2023-04-21,2023-04-30
7272,Blue Ridge Defense Manufacturing,BRDM,311,262,shipped,2023-08-21,2023-08-30
7273,Ranger Vehicle Parts,RVP,555,701,shipped,2023-09-27,2023-10-22
7274,Ranger Vehicle Parts,RVP,859,830,delivered,2023-09-12,2023-10-03
7275,Frontier Aviation Components,FAC,802,509,shipped,2024-04-13,2024-05-03
7276,Summit Tactical Supply,STS,531,739,delivered,2026-04-07,2026-04-23
7277,Sentinel Equipment Supply,SES,888,513,delivered,2025-10-24,2025-11-10
7278,Cascade Aerospace Systems,CAS,487,903,shipped,2026-01-19,2026-01-28
7279,Vector Aerospace Supply,VAS,349,927,pending,2026-08-16,2026-09-03
7280,Gulf Coast Maintenance Parts,GCMP,767,104,delivered,2025-06-04,2025-06-14
7281,Granite State Components,GSC,401,779,shipped,2024-02-25,2024-02-29
7282,Harborline Industrial Supply,HIS,713,339,shipped,2024-05-25,2024-06-17
7283,Evergreen Field Support,EFS,948,888,delivered,2024-09-26,2024-09-27
7284,Keystone Industrial Supply,KIS,180,559,shipped,2026-08-27,2026-09-18
7285,Apex Defense Components,ADC,284,42,pending,2025-07-23,2025-08-16
7286,Liberty Mechanical Systems,LMS,425,281,pending,2026-02-02,2026-02-27
7287,Prairie Technical Components,PTC,261,468,delivered,2024-01-27,2024-02-03
7288,Redstone Logistics Group,RLG,967,509,pending,2026-03-04,2026-03-19
7289,Mesa Tactical Manufacturing,MTM,632,11,delivered,2025-11-12,2025-11-14
7290,Falcon Electronics Group,FEG,669,442,pending,2024-07-17,2024-08-15
7291,Cedar Valley Manufacturing,CVM,69,940,delivered,2023-10-18,2023-10-26
7292,Trident Marine Components,TMC,417,956,delivered,2024-08-12,2024-09-04
7293,Ranger Vehicle Parts,RVP,927,27,pending,2026-02-23,2026-03-20
7294,Atlas Ground Support,AGS,640,969,delivered,2025-06-24,2025-06-27
7295,Sterling Power Systems,SPS,192,127,delivered,2024-11-07,2024-11-12
7296,Gulf Coast Maintenance Parts,GCMP,827,430,pending,2024-01-08,2024-01-23
7297,Ironclad Industrial Systems,IIS,260,426,shipped,2025-07-25,2025-08-11
7298,Ranger Vehicle Parts,RVP,7,137,shipped,2024-08-03,2024-08-18
7299,Sterling Power Systems,SPS,116,808,delivered,2023-03-26,2023-04-13
7300,Blue Ridge Defense Manufacturing,BRDM,215,526,pending,2026-03-25,2026-04-01
7301,Evergreen Field Support,EFS,954,753,delivered,2023-12-01,2023-12-31
7302,Northstar Defense Supply,NDS,98,428,shipped,2024-06-28,2024-07-03
7303,Cedar Valley Manufacturing,CVM,677,919,pending,2026-08-21,2026-08-23
7304,Sterling Power Systems,SPS,942,549,shipped,2025-04-28,2025-05-16
7305,Patriot Precision Parts,PPP,457,307,delivered,2025-08-24,2025-09-10
7306,Falcon Electronics Group,FEG,246,134,pending,2025-04-13,2025-04-23
7307,Keystone Industrial Supply,KIS,7,831,pending,2025-02-09,2025-03-02
7308,Evergreen Field Support,EFS,615,75,pending,2025-05-13,2025-05-24
7309,Ironclad Industrial Systems,IIS,772,213,shipped,2025-03-23,2025-04-12
7310,Gulf Coast Maintenance Parts,GCMP,480,374,delivered,2025-10-26,2025-11-16
7311,Ironclad Industrial Systems,IIS,137,906,shipped,2024-02-01,2024-03-01
7312,Gulf Coast Maintenance Parts,GCMP,182,757,shipped,2025-10-16,2025-10-28
7313,Pinnacle Hydraulic Systems,PHS,997,510,shipped,2026-02-04,2026-02-28
7314,Summit Tactical Supply,STS,300,959,delivered,2026-02-12,2026-02-16
7315,Evergreen Field Support,EFS,515,968,pending,2024-08-28,2024-09-22
7316,Pinnacle Hydraulic Systems,PHS,990,415,shipped,2024-03-10,2024-04-09
7317,Liberty Mechanical Systems,LMS,153,837,shipped,2023-05-25,2023-06-09
7318,Pinnacle Hydraulic Systems,PHS,601,774,delivered,2024-10-24,2024-11-06
7319,Summit Tactical Supply,STS,857,295,pending,2023-04-15,2023-05-03
7320,Gulf Coast Maintenance Parts,GCMP,739,506,pending,2023-07-24,2023-07-30
7321,Evergreen Field Support,EFS,480,785,delivered,2025-06-08,2025-06-14
7322,Sterling Power Systems,SPS,176,318,pending,2023-07-11,2023-08-07
7323,Sterling Power Systems,SPS,451,493,pending,2025-12-07,2026-01-03
7324,Compass Maritime Supply,CMS,159,105,pending,2024-03-10,2024-04-06
7325,Cedar Valley Manufacturing,CVM,979,285,delivered,2023-11-15,2023-12-01
7326,Heritage Logistics Supply,HLS,402,43,pending,2025-01-04,2025-01-26
7327,Titan Mobility Systems,TMS,808,508,pending,2025-08-19,2025-09-18
7328,Summit Tactical Supply,STS,923,535,delivered,2026-04-20,2026-04-22
7329,Summit Tactical Supply,STS,236,826,delivered,2025-03-08,2025-04-04
7330,Heritage Logistics Supply,HLS,161,72,delivered,2023-05-09,2023-05-31
7331,Northstar Defense Supply,NDS,596,588,delivered,2024-07-05,2024-07-29
7332,Atlas Ground Support,AGS,88,854,delivered,2025-11-10,2025-11-21
7333,Ranger Vehicle Parts,RVP,348,116,delivered,2024-03-03,2024-03-29
7334,Summit Tactical Supply,STS,646,593,delivered,2026-06-10,2026-06-19
7335,Atlas Ground Support,AGS,202,424,delivered,2023-05-25,2023-06-17
7336,Ironclad Industrial Systems,IIS,710,651,shipped,2024-04-10,2024-04-22
7337,Gulf Coast Maintenance Parts,GCMP,501,328,delivered,2023-01-03,2023-01-25
7338,Compass Maritime Supply,CMS,220,631,shipped,2025-11-21,2025-12-11
7339,Northstar Defense Supply,NDS,797,405,pending,2023-10-22,2023-11-12
7340,Evergreen Field Support,EFS,799,245,pending,2023-06-06,2023-06-10
7341,Keystone Industrial Supply,KIS,896,698,shipped,2024-02-15,2024-03-10
7342,Falcon Electronics Group,FEG,948,505,shipped,2025-07-01,2025-07-02
7343,Summit Tactical Supply,STS,63,572,delivered,2025-11-26,2025-12-23
7344,Sentinel Equipment Supply,SES,294,954,shipped,2025-04-09,2025-04-18
7345,Apex Defense Components,ADC,200,54,delivered,2026-10-17,2026-11-03
7346,Mesa Tactical Manufacturing,MTM,878,945,pending,2025-01-17,2025-01-20
7347,Gulf Coast Maintenance Parts,GCMP,890,503,shipped,2024-02-23,2024-03-02
7348,Mesa Tactical Manufacturing,MTM,993,107,pending,2023-08-19,2023-08-28
7349,Trident Marine Components,TMC,776,102,pending,2024-01-18,2024-01-28
7350,Keystone Industrial Supply,KIS,445,78,pending,2024-12-26,2025-01-02
7351,Apex Defense Components,ADC,981,677,delivered,2025-09-18,2025-10-14
7352,Ranger Vehicle Parts,RVP,851,418,shipped,2026-02-22,2026-03-02
7353,Summit Tactical Supply,STS,604,28,shipped,2026-02-26,2026-03-12
7354,Trident Marine Components,TMC,377,807,delivered,2023-07-18,2023-07-30
7355,Ironclad Industrial Systems,IIS,878,8,pending,2026-09-11,2026-09-21
7356,Evergreen Field Support,EFS,898,690,shipped,2024-09-06,2024-10-06
7357,Harborline Industrial Supply,HIS,558,833,pending,2024-06-22,2024-07-08
7358,Cedar Valley Manufacturing,CVM,366,668,pending,2023-02-03,2023-02-13
7359,Liberty Mechanical Systems,LMS,502,325,delivered,2025-12-13,2025-12-28
7360,Patriot Precision Parts,PPP,608,188,shipped,2025-07-05,2025-07-16
7361,Redstone Logistics Group,RLG,893,795,delivered,2026-06-12,2026-07-07
7362,Redstone Logistics Group,RLG,739,168,pending,2025-11-28,2025-12-04
7363,Lone Star Equipment Group,LSEG,345,934,pending,2023-01-20,2023-01-28
7364,Heritage Logistics Supply,HLS,707,699,shipped,2023-02-14,2023-03-04
7365,Keystone Industrial Supply,KIS,304,717,pending,2025-11-06,2025-11-22
7366,Granite State Components,GSC,736,211,shipped,2023-01-03,2023-01-07
7367,Compass Maritime Supply,CMS,383,557,shipped,2026-10-06,2026-10-18
7368,Redstone Logistics Group,RLG,326,578,shipped,2023-04-16,2023-05-06
7369,Ironclad Industrial Systems,IIS,887,607,shipped,2024-01-19,2024-02-15
7370,Blue Ridge Defense Manufacturing,BRDM,410,112,delivered,2023-07-26,2023-08-09
7371,Gulf Coast Maintenance Parts,GCMP,821,796,shipped,2025-08-15,2025-09-07
7372,Mesa Tactical Manufacturing,MTM,915,402,shipped,2023-11-22,2023-12-18
7373,Blue Ridge Defense Manufacturing,BRDM,963,946,shipped,2023-01-13,2023-01-18
7374,Mesa Tactical Manufacturing,MTM,718,976,shipped,2025-01-25,2025-02-19
7375,Cascade Aerospace Systems,CAS,988,277,shipped,2026-10-09,2026-10-23
7376,Sentinel Equipment Supply,SES,413,487,delivered,2026-12-02,2026-12-16
7377,Ranger Vehicle Parts,RVP,106,697,shipped,2026-09-18,2026-10-10
7378,Lone Star Equipment Group,LSEG,429,710,delivered,2025-08-28,2025-09-14
7379,Keystone Industrial Supply,KIS,493,757,pending,2025-04-07,2025-04-28
7380,Pinnacle Hydraulic Systems,PHS,987,450,delivered,2026-08-16,2026-08-19
7381,Prairie Technical Components,PTC,364,70,shipped,2026-03-27,2026-04-21
7382,Mesa Tactical Manufacturing,MTM,138,973,pending,2026-10-01,2026-10-22
7383,Trident Marine Components,TMC,734,148,pending,2023-06-19,2023-07-15
7384,Titan Mobility Systems,TMS,833,997,shipped,2025-10-10,2025-10-28
7385,Ironclad Industrial Systems,IIS,924,183,pending,2025-07-02,2025-07-06
7386,Vector Aerospace Supply,VAS,326,274,delivered,2024-09-12,2024-09-26
7387,Gulf Coast Maintenance Parts,GCMP,200,935,delivered,2026-07-05,2026-07-16
7388,Granite State Components,GSC,161,889,pending,2025-03-14,2025-03-21
7389,Frontier Aviation Components,FAC,284,536,delivered,2026-08-10,2026-09-03
7390,Granite State Components,GSC,468,238,shipped,2023-11-09,2023-11-14
7391,Heritage Logistics Supply,HLS,540,219,pending,2023-03-14,2023-04-01
7392,Mesa Tactical Manufacturing,MTM,421,212,shipped,2025-07-02,2025-08-01
7393,Redstone Logistics Group,RLG,145,621,shipped,2023-09-19,2023-10-04
7394,Patriot Precision Parts,PPP,135,133,shipped,2023-02-11,2023-03-08
7395,Redstone Logistics Group,RLG,662,410,delivered,2025-01-17,2025-02-05
7396,Pinnacle Hydraulic Systems,PHS,495,860,shipped,2023-01-12,2023-02-02
7397,Frontier Aviation Components,FAC,200,706,pending,2025-06-06,2025-06-11
7398,Gulf Coast Maintenance Parts,GCMP,563,268,delivered,2025-09-28,2025-10-09
7399,Liberty Mechanical Systems,LMS,18,272,delivered,2023-11-16,2023-12-11
7400,Atlas Ground Support,AGS,896,301,pending,2023-05-21,2023-05-26
7401,Falcon Electronics Group,FEG,246,527,shipped,2024-09-10,2024-10-02
7402,Frontier Aviation Components,FAC,961,443,shipped,2024-02-16,2024-02-27
7403,Cascade Aerospace Systems,CAS,995,127,shipped,2026-11-15,2026-11-24
7404,Trident Marine Components,TMC,31,130,shipped,2025-05-15,2025-05-25
7405,Sterling Power Systems,SPS,213,352,delivered,2025-11-06,2025-11-27
7406,Mesa Tactical Manufacturing,MTM,150,969,shipped,2025-09-21,2025-09-27
7407,Heritage Logistics Supply,HLS,760,370,shipped,2023-07-19,2023-08-02
7408,Frontier Aviation Components,FAC,153,355,shipped,2023-09-03,2023-09-07
7409,Compass Maritime Supply,CMS,214,858,shipped,2025-07-28,2025-08-07
7410,Trident Marine Components,TMC,459,264,delivered,2024-04-14,2024-04-30
7411,Harborline Industrial Supply,HIS,334,191,pending,2025-01-05,2025-02-03
7412,Summit Tactical Supply,STS,554,903,pending,2026-09-18,2026-10-15
7413,Cedar Valley Manufacturing,CVM,797,966,pending,2026-01-17,2026-02-02
7414,Apex Defense Components,ADC,410,182,pending,2023-01-08,2023-01-28
7415,Apex Defense Components,ADC,433,872,pending,2023-02-07,2023-02-13
7416,Patriot Precision Parts,PPP,354,773,shipped,2023-10-06,2023-10-28
7417,Falcon Electronics Group,FEG,675,733,pending,2024-11-03,2024-11-29
7418,Cedar Valley Manufacturing,CVM,811,125,delivered,2026-03-14,2026-04-04
7419,Atlas Ground Support,AGS,430,369,pending,2024-12-14,2025-01-09
7420,Ranger Vehicle Parts,RVP,595,598,delivered,2026-10-21,2026-11-03
7421,Compass Maritime Supply,CMS,246,33,delivered,2024-02-03,2024-03-03
7422,Trident Marine Components,TMC,561,543,delivered,2026-12-15,2026-12-31
7423,Granite State Components,GSC,636,10,shipped,2025-12-11,2026-01-06
7424,Vector Aerospace Supply,VAS,600,853,shipped,2026-03-12,2026-03-15
7425,Apex Defense Components,ADC,942,338,delivered,2024-12-02,2024-12-28
7426,Patriot Precision Parts,PPP,284,852,shipped,2023-04-20,2023-04-24
7427,Cascade Aerospace Systems,CAS,258,911,delivered,2026-02-18,2026-02-23
7428,Summit Tactical Supply,STS,626,515,pending,2026-08-19,2026-09-06
7429,Cedar Valley Manufacturing,CVM,553,626,delivered,2025-06-13,2025-06-17
7430,Heritage Logistics Supply,HLS,969,9,shipped,2024-05-26,2024-06-04
7431,Cedar Valley Manufacturing,CVM,153,879,pending,2025-04-15,2025-04-20
7432,Titan Mobility Systems,TMS,701,110,delivered,2025-05-25,2025-06-15
7433,Cascade Aerospace Systems,CAS,538,133,pending,2025-03-01,2025-03-13
7434,Northstar Defense Supply,NDS,219,311,pending,2025-01-20,2025-01-23
7435,Vector Aerospace Supply,VAS,154,749,pending,2023-04-08,2023-05-08
7436,Granite State Components,GSC,654,748,shipped,2023-02-25,2023-03-22
7437,Prairie Technical Components,PTC,409,839,delivered,2023-11-24,2023-11-29
7438,Prairie Technical Components,PTC,163,982,shipped,2025-06-02,2025-07-01
7439,Harborline Industrial Supply,HIS,172,413,pending,2026-09-13,2026-09-19
7440,Ironclad Industrial Systems,IIS,734,992,shipped,2026-02-28,2026-03-10
7441,Atlas Ground Support,AGS,132,888,shipped,2025-04-13,2025-05-04
7442,Heritage Logistics Supply,HLS,20,44,shipped,2026-02-22,2026-03-17
7443,Sterling Power Systems,SPS,439,154,delivered,2024-11-22,2024-12-07
7444,Redstone Logistics Group,RLG,365,1,pending,2024-08-02,2024-08-26
7445,Lone Star Equipment Group,LSEG,236,709,pending,2023-03-13,2023-03-27
7446,Patriot Precision Parts,PPP,712,485,delivered,2026-10-22,2026-11-14
7447,Harborline Industrial Supply,HIS,839,531,shipped,2023-11-01,2023-11-20
7448,Patriot Precision Parts,PPP,986,755,delivered,2026-09-17,2026-10-04
7449,Pinnacle Hydraulic Systems,PHS,682,258,delivered,2023-10-10,2023-10-14
7450,Gulf Coast Maintenance Parts,GCMP,833,526,shipped,2026-09-03,2026-09-06
7451,Cascade Aerospace Systems,CAS,847,817,pending,2025-07-25,2025-08-13
7452,Apex Defense Components,ADC,387,939,shipped,2024-08-26,2024-09-24
7453,Ironclad Industrial Systems,IIS,37,921,shipped,2024-10-18,2024-10-20
7454,Northstar Defense Supply,NDS,278,84,delivered,2024-06-14,2024-07-12
7455,Sterling Power Systems,SPS,317,128,shipped,2023-10-14,2023-10-20
7456,Redstone Logistics Group,RLG,231,94,delivered,2023-05-04,2023-05-18
7457,Pinnacle Hydraulic Systems,PHS,384,509,pending,2025-08-27,2025-09-05
7458,Pinnacle Hydraulic Systems,PHS,140,427,pending,2025-11-28,2025-12-28
7459,Vector Aerospace Supply,VAS,504,902,pending,2024-02-05,2024-02-18
7460,Apex Defense Components,ADC,397,395,delivered,2025-07-02,2025-07-07
7461,Heritage Logistics Supply,HLS,671,758,shipped,2026-05-14,2026-06-01
7462,Ironclad Industrial Systems,IIS,88,83,pending,2026-06-15,2026-06-24
7463,Trident Marine Components,TMC,280,908,delivered,2024-09-03,2024-09-25
7464,Liberty Mechanical Systems,LMS,645,405,shipped,2026-09-02,2026-09-17
7465,Lone Star Equipment Group,LSEG,12,64,shipped,2026-12-11,2026-12-29
7466,Sterling Power Systems,SPS,996,808,delivered,2023-07-14,2023-07-27
7467,Compass Maritime Supply,CMS,810,487,pending,2026-01-27,2026-02-11
7468,Trident Marine Components,TMC,20,817,delivered,2025-07-02,2025-07-08
7469,Ironclad Industrial Systems,IIS,876,725,delivered,2026-09-09,2026-09-23
7470,Lone Star Equipment Group,LSEG,569,505,delivered,2025-05-05,2025-05-24
7471,Summit Tactical Supply,STS,833,738,shipped,2026-06-04,2026-06-21
7472,Gulf Coast Maintenance Parts,GCMP,751,666,delivered,2024-07-03,2024-07-12
7473,Atlas Ground Support,AGS,972,784,pending,2025-12-04,2025-12-10
7474,Patriot Precision Parts,PPP,843,300,shipped,2025-10-10,2025-11-05
7475,Cedar Valley Manufacturing,CVM,984,272,shipped,2026-03-05,2026-03-28
7476,Sterling Power Systems,SPS,671,81,shipped,2023-09-20,2023-10-09
7477,Gulf Coast Maintenance Parts,GCMP,372,123,pending,2024-01-09,2024-01-25
7478,Summit Tactical Supply,STS,618,556,delivered,2026-08-05,2026-08-07
7479,Mesa Tactical Manufacturing,MTM,251,470,shipped,2023-04-27,2023-05-05
7480,Heritage Logistics Supply,HLS,905,765,delivered,2024-11-28,2024-12-27
7481,Falcon Electronics Group,FEG,466,775,shipped,2023-09-22,2023-10-21
7482,Falcon Electronics Group,FEG,247,86,shipped,2024-07-18,2024-08-14
7483,Sterling Power Systems,SPS,10,303,shipped,2023-06-08,2023-06-22
7484,Lone Star Equipment Group,LSEG,533,533,pending,2024-02-25,2024-03-17
7485,Vector Aerospace Supply,VAS,994,327,shipped,2025-05-12,2025-06-02
7486,Sentinel Equipment Supply,SES,41,462,delivered,2023-11-15,2023-11-27
7487,Sterling Power Systems,SPS,837,228,pending,2023-09-28,2023-10-17
7488,Apex Defense Components,ADC,476,145,shipped,2026-10-02,2026-10-15
7489,Harborline Industrial Supply,HIS,280,105,shipped,2023-11-14,2023-11-24
7490,Sterling Power Systems,SPS,459,91,shipped,2024-11-21,2024-11-30
7491,Patriot Precision Parts,PPP,868,737,delivered,2025-04-11,2025-04-19
7492,Ironclad Industrial Systems,IIS,679,58,shipped,2023-12-06,2023-12-08
7493,Blue Ridge Defense Manufacturing,BRDM,208,549,shipped,2025-05-25,2025-06-11
7494,Trident Marine Components,TMC,131,260,pending,2025-07-05,2025-07-15
7495,Frontier Aviation Components,FAC,498,92,pending,2026-02-02,2026-02-26
7496,Patriot Precision Parts,PPP,919,149,shipped,2023-07-06,2023-08-02
7497,Evergreen Field Support,EFS,162,321,pending,2026-02-13,2026-03-14
7498,Vector Aerospace Supply,VAS,472,173,shipped,2025-05-16,2025-05-31
7499,Redstone Logistics Group,RLG,458,593,shipped,2026-01-12,2026-01-19
7500,Ironclad Industrial Systems,IIS,504,927,pending,2024-12-04,2024-12-05
7501,Gulf Coast Maintenance Parts,GCMP,91,500,pending,2025-05-02,2025-05-24
7502,Falcon Electronics Group,FEG,636,904,delivered,2025-01-03,2025-02-01
7503,Atlas Ground Support,AGS,90,103,delivered,2023-08-01,2023-08-12
7504,Keystone Industrial Supply,KIS,569,989,pending,2023-12-16,2023-12-26
7505,Lone Star Equipment Group,LSEG,110,905,delivered,2023-09-09,2023-10-08
7506,Blue Ridge Defense Manufacturing,BRDM,548,761,shipped,2024-01-07,2024-01-14
7507,Patriot Precision Parts,PPP,152,310,shipped,2023-06-25,2023-07-03
7508,Prairie Technical Components,PTC,952,80,shipped,2025-07-01,2025-07-14
7509,Compass Maritime Supply,CMS,332,958,delivered,2024-08-01,2024-08-27
7510,Atlas Ground Support,AGS,893,142,pending,2024-07-07,2024-07-29
7511,Granite State Components,GSC,109,132,delivered,2025-12-18,2025-12-21
7512,Keystone Industrial Supply,KIS,719,408,pending,2024-01-11,2024-01-27
7513,Ranger Vehicle Parts,RVP,467,790,shipped,2025-05-07,2025-05-16
7514,Gulf Coast Maintenance Parts,GCMP,138,563,delivered,2025-06-04,2025-07-04
7515,Ironclad Industrial Systems,IIS,50,215,shipped,2023-03-12,2023-03-17
7516,Blue Ridge Defense Manufacturing,BRDM,173,387,delivered,2023-07-17,2023-07-31
7517,Atlas Ground Support,AGS,388,102,delivered,2024-03-25,2024-04-01
7518,Titan Mobility Systems,TMS,356,698,shipped,2025-11-02,2025-11-26
7519,Apex Defense Components,ADC,792,554,pending,2024-04-14,2024-05-08
7520,Redstone Logistics Group,RLG,708,873,pending,2025-04-04,2025-04-19
7521,Mesa Tactical Manufacturing,MTM,621,441,delivered,2026-11-26,2026-12-25
7522,Cedar Valley Manufacturing,CVM,697,148,delivered,2026-12-04,2026-12-21
7523,Trident Marine Components,TMC,64,283,delivered,2023-01-17,2023-01-24
7524,Blue Ridge Defense Manufacturing,BRDM,634,356,shipped,2026-08-22,2026-09-06
7525,Frontier Aviation Components,FAC,716,988,shipped,2026-11-06,2026-11-28
7526,Falcon Electronics Group,FEG,360,234,delivered,2025-01-25,2025-02-04
7527,Liberty Mechanical Systems,LMS,608,841,pending,2026-06-19,2026-07-08
7528,Gulf Coast Maintenance Parts,GCMP,191,186,pending,2024-09-01,2024-09-09
7529,Ranger Vehicle Parts,RVP,515,398,pending,2024-09-09,2024-09-21
7530,Redstone Logistics Group,RLG,677,192,pending,2026-02-03,2026-02-12
7531,Northstar Defense Supply,NDS,484,234,delivered,2026-04-20,2026-04-23
7532,Titan Mobility Systems,TMS,327,533,pending,2025-05-24,2025-06-12
7533,Cascade Aerospace Systems,CAS,503,110,shipped,2024-07-13,2024-08-07
7534,Liberty Mechanical Systems,LMS,291,538,pending,2026-03-15,2026-03-22
7535,Summit Tactical Supply,STS,933,464,shipped,2026-02-22,2026-02-28
7536,Harborline Industrial Supply,HIS,17,460,shipped,2023-09-26,2023-10-18
7537,Sterling Power Systems,SPS,151,306,pending,2023-06-14,2023-07-10
7538,Blue Ridge Defense Manufacturing,BRDM,95,841,delivered,2024-08-14,2024-09-04
7539,Titan Mobility Systems,TMS,189,225,delivered,2025-12-09,2025-12-25
7540,Blue Ridge Defense Manufacturing,BRDM,803,614,shipped,2026-01-01,2026-01-16
7541,Lone Star Equipment Group,LSEG,492,828,delivered,2024-06-16,2024-07-14
7542,Atlas Ground Support,AGS,960,509,shipped,2026-01-16,2026-02-11
7543,Summit Tactical Supply,STS,63,843,pending,2023-05-28,2023-06-13
7544,Atlas Ground Support,AGS,957,715,shipped,2025-02-13,2025-02-21
7545,Keystone Industrial Supply,KIS,355,10,pending,2023-04-14,2023-04-27
7546,Pinnacle Hydraulic Systems,PHS,864,423,pending,2024-01-07,2024-01-16
7547,Keystone Industrial Supply,KIS,550,158,shipped,2024-01-28,2024-01-29
7548,Sentinel Equipment Supply,SES,73,750,pending,2023-05-17,2023-05-19
7549,Trident Marine Components,TMC,394,329,delivered,2026-09-01,2026-09-23
7550,Trident Marine Components,TMC,463,599,delivered,2024-08-01,2024-08-18
7551,Heritage Logistics Supply,HLS,49,176,pending,2023-04-09,2023-04-21
7552,Trident Marine Components,TMC,18,793,pending,2025-02-01,2025-02-05
7553,Harborline Industrial Supply,HIS,282,348,shipped,2023-12-28,2024-01-19
7554,Northstar Defense Supply,NDS,190,792,shipped,2023-10-19,2023-11-03
7555,Cascade Aerospace Systems,CAS,612,31,shipped,2024-09-15,2024-10-12
7556,Frontier Aviation Components,FAC,190,269,shipped,2025-10-12,2025-10-22
7557,Compass Maritime Supply,CMS,631,825,pending,2023-04-20,2023-04-24
7558,Harborline Industrial Supply,HIS,988,123,shipped,2026-12-17,2027-01-15
7559,Gulf Coast Maintenance Parts,GCMP,931,965,delivered,2025-01-17,2025-02-13
7560,Apex Defense Components,ADC,84,135,pending,2025-07-09,2025-07-31
7561,Evergreen Field Support,EFS,137,743,shipped,2026-07-16,2026-07-31
7562,Atlas Ground Support,AGS,963,66,delivered,2023-09-24,2023-09-28
7563,Pinnacle Hydraulic Systems,PHS,2,927,shipped,2025-06-08,2025-07-04
7564,Gulf Coast Maintenance Parts,GCMP,523,309,pending,2025-09-22,2025-10-12
7565,Granite State Components,GSC,123,936,shipped,2026-05-26,2026-06-20
7566,Ranger Vehicle Parts,RVP,737,524,shipped,2026-10-26,2026-11-14
7567,Prairie Technical Components,PTC,859,324,pending,2023-05-08,2023-05-31
7568,Cascade Aerospace Systems,CAS,908,68,pending,2026-09-12,2026-10-05
7569,Frontier Aviation Components,FAC,183,74,shipped,2025-02-03,2025-02-11
7570,Patriot Precision Parts,PPP,781,913,pending,2023-01-25,2023-02-01
7571,Trident Marine Components,TMC,631,853,delivered,2024-05-11,2024-06-07
7572,Summit Tactical Supply,STS,318,218,shipped,2026-06-10,2026-06-19
7573,Ironclad Industrial Systems,IIS,3,983,shipped,2024-05-07,2024-05-26
7574,Harborline Industrial Supply,HIS,549,172,delivered,2023-12-22,2024-01-03
7575,Harborline Industrial Supply,HIS,609,766,pending,2025-01-03,2025-01-29
7576,Ironclad Industrial Systems,IIS,413,999,delivered,2023-04-25,2023-05-18
7577,Trident Marine Components,TMC,595,956,pending,2026-09-16,2026-10-01
7578,Harborline Industrial Supply,HIS,940,863,pending,2023-02-04,2023-02-10
7579,Cedar Valley Manufacturing,CVM,79,408,shipped,2023-06-13,2023-07-11
7580,Northstar Defense Supply,NDS,713,597,pending,2026-06-16,2026-07-11
7581,Evergreen Field Support,EFS,188,575,shipped,2023-11-27,2023-12-27
7582,Apex Defense Components,ADC,364,802,pending,2023-08-22,2023-08-28
7583,Titan Mobility Systems,TMS,488,665,delivered,2023-09-21,2023-10-04
7584,Northstar Defense Supply,NDS,205,792,shipped,2026-12-10,2026-12-11
7585,Trident Marine Components,TMC,699,326,delivered,2024-12-01,2024-12-31
7586,Granite State Components,GSC,775,974,shipped,2023-07-16,2023-08-13
7587,Granite State Components,GSC,67,360,pending,2026-11-17,2026-11-28
7588,Cedar Valley Manufacturing,CVM,259,518,pending,2025-06-04,2025-06-24
7589,Northstar Defense Supply,NDS,994,39,pending,2024-03-08,2024-03-27
7590,Vector Aerospace Supply,VAS,320,227,pending,2023-01-13,2023-01-21
7591,Gulf Coast Maintenance Parts,GCMP,795,577,delivered,2024-11-17,2024-12-12
7592,Vector Aerospace Supply,VAS,851,580,delivered,2024-02-06,2024-03-02
7593,Gulf Coast Maintenance Parts,GCMP,526,302,pending,2026-01-28,2026-02-20
7594,Sentinel Equipment Supply,SES,918,116,pending,2026-05-01,2026-05-28
7595,Compass Maritime Supply,CMS,660,796,shipped,2025-05-09,2025-06-06
7596,Patriot Precision Parts,PPP,570,531,pending,2024-08-13,2024-08-16
7597,Liberty Mechanical Systems,LMS,384,731,shipped,2024-12-26,2025-01-06
7598,Atlas Ground Support,AGS,403,915,shipped,2026-10-24,2026-11-17
7599,Sterling Power Systems,SPS,814,589,delivered,2025-03-25,2025-04-12
7600,Patriot Precision Parts,PPP,114,18,shipped,2025-10-13,2025-10-27
7601,Patriot Precision Parts,PPP,473,122,shipped,2026-10-12,2026-10-19
7602,Lone Star Equipment Group,LSEG,710,919,pending,2024-04-24,2024-05-06
7603,Sentinel Equipment Supply,SES,557,178,delivered,2023-04-06,2023-05-06
7604,Patriot Precision Parts,PPP,320,219,shipped,2025-03-25,2025-04-06
7605,Prairie Technical Components,PTC,810,957,delivered,2025-07-08,2025-07-31
7606,Trident Marine Components,TMC,383,214,delivered,2026-02-17,2026-03-02
7607,Sterling Power Systems,SPS,271,917,pending,2026-10-10,2026-10-25
7608,Trident Marine Components,TMC,392,337,shipped,2026-12-18,2026-12-23
7609,Atlas Ground Support,AGS,684,531,pending,2026-11-03,2026-12-02
7610,Blue Ridge Defense Manufacturing,BRDM,631,452,delivered,2023-04-15,2023-05-04
7611,Cascade Aerospace Systems,CAS,979,900,delivered,2024-03-25,2024-04-18
7612,Blue Ridge Defense Manufacturing,BRDM,251,64,pending,2026-02-05,2026-03-07
7613,Northstar Defense Supply,NDS,218,160,pending,2025-06-21,2025-07-13
7614,Ironclad Industrial Systems,IIS,494,160,shipped,2026-05-13,2026-06-02
7615,Falcon Electronics Group,FEG,892,956,delivered,2025-12-23,2026-01-22
7616,Blue Ridge Defense Manufacturing,BRDM,1000,86,delivered,2025-12-17,2026-01-08
7617,Pinnacle Hydraulic Systems,PHS,937,727,pending,2025-06-26,2025-07-21
7618,Northstar Defense Supply,NDS,41,977,delivered,2026-03-20,2026-03-21
7619,Atlas Ground Support,AGS,608,97,pending,2025-05-24,2025-06-19
7620,Sterling Power Systems,SPS,648,896,delivered,2026-09-19,2026-10-06
7621,Heritage Logistics Supply,HLS,137,170,shipped,2026-01-13,2026-01-18
7622,Heritage Logistics Supply,HLS,173,887,shipped,2025-09-21,2025-09-27
7623,Frontier Aviation Components,FAC,485,166,shipped,2024-03-18,2024-04-08
7624,Gulf Coast Maintenance Parts,GCMP,867,138,pending,2024-07-05,2024-07-12
7625,Titan Mobility Systems,TMS,825,890,delivered,2025-04-01,2025-04-16
7626,Cedar Valley Manufacturing,CVM,64,422,shipped,2024-07-11,2024-07-23
7627,Redstone Logistics Group,RLG,131,166,delivered,2025-05-24,2025-06-23
7628,Redstone Logistics Group,RLG,194,97,pending,2026-09-28,2026-10-24
7629,Ironclad Industrial Systems,IIS,749,615,delivered,2023-12-03,2024-01-01
7630,Vector Aerospace Supply,VAS,490,545,delivered,2025-05-02,2025-05-05
7631,Heritage Logistics Supply,HLS,222,944,pending,2024-08-24,2024-09-19
7632,Sterling Power Systems,SPS,636,401,pending,2024-09-26,2024-10-24
7633,Keystone Industrial Supply,KIS,175,465,pending,2025-04-06,2025-05-02
7634,Blue Ridge Defense Manufacturing,BRDM,561,443,delivered,2023-01-28,2023-02-23
7635,Harborline Industrial Supply,HIS,372,397,delivered,2026-01-04,2026-01-09
7636,Sentinel Equipment Supply,SES,509,850,shipped,2023-08-13,2023-08-17
7637,Prairie Technical Components,PTC,465,747,shipped,2026-04-19,2026-04-28
7638,Sentinel Equipment Supply,SES,6,75,delivered,2026-04-22,2026-05-14
7639,Lone Star Equipment Group,LSEG,732,539,pending,2026-12-09,2026-12-24
7640,Mesa Tactical Manufacturing,MTM,765,245,delivered,2026-10-28,2026-11-16
7641,Apex Defense Components,ADC,886,617,shipped,2026-01-24,2026-02-07
7642,Atlas Ground Support,AGS,982,119,pending,2025-06-27,2025-07-17
7643,Keystone Industrial Supply,KIS,140,425,delivered,2024-08-23,2024-09-20
7644,Sterling Power Systems,SPS,17,857,delivered,2026-01-15,2026-01-28
7645,Summit Tactical Supply,STS,839,202,pending,2023-10-24,2023-10-26
7646,Blue Ridge Defense Manufacturing,BRDM,89,679,pending,2024-04-18,2024-04-22
7647,Keystone Industrial Supply,KIS,42,247,pending,2025-02-09,2025-03-09
7648,Pinnacle Hydraulic Systems,PHS,249,773,pending,2024-10-04,2024-10-27
7649,Falcon Electronics Group,FEG,845,404,shipped,2025-07-01,2025-07-06
7650,Ranger Vehicle Parts,RVP,606,923,pending,2024-06-08,2024-06-24
7651,Redstone Logistics Group,RLG,309,847,pending,2024-08-07,2024-08-20
7652,Lone Star Equipment Group,LSEG,4,149,delivered,2024-07-20,2024-08-12
7653,Keystone Industrial Supply,KIS,858,367,shipped,2025-02-28,2025-03-22
7654,Sentinel Equipment Supply,SES,430,73,delivered,2023-11-01,2023-12-01
7655,Patriot Precision Parts,PPP,277,708,delivered,2023-06-09,2023-07-06
7656,Prairie Technical Components,PTC,672,660,pending,2025-10-10,2025-10-31
7657,Northstar Defense Supply,NDS,152,909,pending,2025-09-17,2025-10-12
7658,Titan Mobility Systems,TMS,413,346,pending,2023-10-28,2023-11-10
7659,Vector Aerospace Supply,VAS,321,442,delivered,2023-05-20,2023-05-28
7660,Sterling Power Systems,SPS,545,681,pending,2024-01-20,2024-02-10
7661,Keystone Industrial Supply,KIS,880,768,pending,2023-08-14,2023-09-04
7662,Granite State Components,GSC,147,669,shipped,2024-01-11,2024-02-01
7663,Evergreen Field Support,EFS,444,193,pending,2026-04-25,2026-05-24
7664,Frontier Aviation Components,FAC,178,813,shipped,2025-01-25,2025-01-26
7665,Keystone Industrial Supply,KIS,119,307,pending,2025-09-14,2025-09-21
7666,Atlas Ground Support,AGS,450,605,pending,2024-03-21,2024-03-22
7667,Mesa Tactical Manufacturing,MTM,413,472,shipped,2023-08-13,2023-09-04
7668,Granite State Components,GSC,288,51,shipped,2024-12-07,2024-12-30
7669,Northstar Defense Supply,NDS,720,222,delivered,2023-05-22,2023-06-06
7670,Compass Maritime Supply,CMS,274,758,shipped,2023-04-13,2023-04-21
7671,Trident Marine Components,TMC,517,423,shipped,2026-11-16,2026-12-03
7672,Sterling Power Systems,SPS,926,963,shipped,2024-09-28,2024-10-04
7673,Falcon Electronics Group,FEG,333,618,delivered,2024-04-01,2024-04-22
7674,Blue Ridge Defense Manufacturing,BRDM,526,764,delivered,2023-06-06,2023-06-11
7675,Compass Maritime Supply,CMS,578,653,delivered,2023-06-04,2023-06-12
7676,Summit Tactical Supply,STS,235,355,pending,2026-06-05,2026-06-19
7677,Sentinel Equipment Supply,SES,757,9,shipped,2026-12-17,2026-12-27
7678,Granite State Components,GSC,958,737,pending,2025-12-28,2026-01-09
7679,Liberty Mechanical Systems,LMS,537,358,delivered,2025-11-22,2025-12-07
7680,Ranger Vehicle Parts,RVP,58,425,pending,2023-09-16,2023-09-28
7681,Sentinel Equipment Supply,SES,289,814,shipped,2023-10-25,2023-10-31
7682,Titan Mobility Systems,TMS,456,525,delivered,2023-02-03,2023-02-04
7683,Keystone Industrial Supply,KIS,419,768,delivered,2026-07-12,2026-07-16
7684,Trident Marine Components,TMC,896,456,pending,2025-08-26,2025-09-24
7685,Blue Ridge Defense Manufacturing,BRDM,663,567,pending,2023-08-16,2023-08-17
7686,Cascade Aerospace Systems,CAS,432,877,pending,2026-05-16,2026-05-19
7687,Pinnacle Hydraulic Systems,PHS,281,861,shipped,2025-08-04,2025-08-12
7688,Trident Marine Components,TMC,311,869,delivered,2023-06-27,2023-07-16
7689,Mesa Tactical Manufacturing,MTM,178,130,delivered,2026-05-05,2026-05-14
7690,Gulf Coast Maintenance Parts,GCMP,623,289,delivered,2025-06-16,2025-06-30
7691,Ranger Vehicle Parts,RVP,152,654,pending,2025-11-11,2025-12-07
7692,Cedar Valley Manufacturing,CVM,230,163,shipped,2024-12-16,2025-01-05
7693,Apex Defense Components,ADC,216,924,delivered,2025-01-08,2025-01-27
7694,Heritage Logistics Supply,HLS,959,132,pending,2026-04-03,2026-04-04
7695,Cascade Aerospace Systems,CAS,280,724,shipped,2024-11-01,2024-11-28
7696,Apex Defense Components,ADC,248,295,shipped,2023-05-23,2023-05-30
7697,Blue Ridge Defense Manufacturing,BRDM,548,505,shipped,2024-02-15,2024-03-11
7698,Cascade Aerospace Systems,CAS,829,373,shipped,2024-10-12,2024-11-08
7699,Sterling Power Systems,SPS,992,410,pending,2024-09-27,2024-10-07
7700,Titan Mobility Systems,TMS,395,713,delivered,2024-08-11,2024-09-04
7701,Pinnacle Hydraulic Systems,PHS,554,632,delivered,2024-02-23,2024-03-15
7702,Pinnacle Hydraulic Systems,PHS,166,442,delivered,2023-11-21,2023-12-01
7703,Mesa Tactical Manufacturing,MTM,941,395,delivered,2026-05-12,2026-05-28
7704,Summit Tactical Supply,STS,612,126,shipped,2024-08-13,2024-08-29
7705,Vector Aerospace Supply,VAS,298,842,pending,2026-06-17,2026-07-02
7706,Falcon Electronics Group,FEG,198,265,delivered,2025-02-28,2025-03-08
7707,Ironclad Industrial Systems,IIS,467,988,shipped,2026-02-03,2026-02-09
7708,Summit Tactical Supply,STS,106,189,delivered,2023-05-19,2023-05-24
7709,Falcon Electronics Group,FEG,416,935,shipped,2024-02-16,2024-02-22
7710,Blue Ridge Defense Manufacturing,BRDM,775,100,delivered,2024-10-28,2024-11-06
7711,Redstone Logistics Group,RLG,503,0,delivered,2025-11-07,2025-11-28
7712,Vector Aerospace Supply,VAS,82,981,delivered,2023-05-20,2023-05-24
7713,Keystone Industrial Supply,KIS,46,722,shipped,2023-03-28,2023-04-06
7714,Lone Star Equipment Group,LSEG,26,930,pending,2026-06-16,2026-07-07
7715,Vector Aerospace Supply,VAS,277,113,pending,2026-01-26,2026-02-01
7716,Cascade Aerospace Systems,CAS,584,248,pending,2025-07-05,2025-07-09
7717,Lone Star Equipment Group,LSEG,889,992,shipped,2025-07-27,2025-08-19
7718,Ironclad Industrial Systems,IIS,104,27,delivered,2026-09-22,2026-10-20
7719,Keystone Industrial Supply,KIS,38,327,pending,2026-01-15,2026-02-03
7720,Harborline Industrial Supply,HIS,436,983,shipped,2024-01-02,2024-01-22
7721,Falcon Electronics Group,FEG,844,991,shipped,2025-09-10,2025-10-04
7722,Ranger Vehicle Parts,RVP,103,517,pending,2024-07-02,2024-07-29
7723,Gulf Coast Maintenance Parts,GCMP,584,856,pending,2024-06-09,2024-07-06
7724,Sterling Power Systems,SPS,554,209,delivered,2025-12-18,2026-01-07
7725,Keystone Industrial Supply,KIS,212,380,pending,2024-03-02,2024-03-14
7726,Trident Marine Components,TMC,547,620,delivered,2024-04-20,2024-04-28
7727,Patriot Precision Parts,PPP,119,35,delivered,2023-08-20,2023-09-01
7728,Frontier Aviation Components,FAC,368,969,delivered,2026-06-10,2026-07-01
7729,Compass Maritime Supply,CMS,312,606,delivered,2024-01-19,2024-01-29
7730,Summit Tactical Supply,STS,352,926,delivered,2026-09-22,2026-09-24
7731,Summit Tactical Supply,STS,405,447,shipped,2024-11-11,2024-11-21
7732,Mesa Tactical Manufacturing,MTM,986,110,pending,2025-02-24,2025-02-25
7733,Apex Defense Components,ADC,494,780,pending,2025-03-23,2025-04-07
7734,Atlas Ground Support,AGS,805,87,pending,2024-08-17,2024-09-09
7735,Ranger Vehicle Parts,RVP,808,312,pending,2023-02-25,2023-03-14
7736,Sterling Power Systems,SPS,105,826,shipped,2024-12-14,2025-01-05
7737,Liberty Mechanical Systems,LMS,292,97,pending,2023-11-09,2023-12-09
7738,Atlas Ground Support,AGS,398,891,delivered,2024-10-14,2024-11-12
7739,Titan Mobility Systems,TMS,275,888,shipped,2025-01-28,2025-02-08
7740,Vector Aerospace Supply,VAS,834,911,delivered,2026-08-11,2026-09-04
7741,Granite State Components,GSC,23,987,shipped,2025-01-19,2025-02-12
7742,Compass Maritime Supply,CMS,918,715,shipped,2024-04-10,2024-04-25
7743,Cascade Aerospace Systems,CAS,227,964,shipped,2023-05-10,2023-05-15
7744,Pinnacle Hydraulic Systems,PHS,492,242,delivered,2026-08-06,2026-09-05
7745,Blue Ridge Defense Manufacturing,BRDM,432,326,pending,2023-03-23,2023-04-09
7746,Sentinel Equipment Supply,SES,468,647,shipped,2026-10-04,2026-10-27
7747,Northstar Defense Supply,NDS,26,869,delivered,2023-12-13,2024-01-06
7748,Northstar Defense Supply,NDS,899,61,shipped,2024-03-25,2024-04-07
7749,Apex Defense Components,ADC,432,770,shipped,2026-06-07,2026-07-07
7750,Sentinel Equipment Supply,SES,378,27,shipped,2024-09-16,2024-10-09
7751,Harborline Industrial Supply,HIS,629,57,shipped,2024-07-26,2024-08-22
7752,Ranger Vehicle Parts,RVP,252,415,pending,2024-11-25,2024-12-05
7753,Ironclad Industrial Systems,IIS,477,433,delivered,2024-08-01,2024-08-16
7754,Ranger Vehicle Parts,RVP,821,818,delivered,2024-01-12,2024-02-07
7755,Lone Star Equipment Group,LSEG,359,706,delivered,2025-11-03,2025-12-03
7756,Evergreen Field Support,EFS,524,198,delivered,2024-10-11,2024-10-15
7757,Summit Tactical Supply,STS,976,443,pending,2023-09-10,2023-09-29
7758,Ranger Vehicle Parts,RVP,811,326,delivered,2026-05-12,2026-05-31
7759,Redstone Logistics Group,RLG,683,615,shipped,2024-02-10,2024-02-14
7760,Trident Marine Components,TMC,216,1000,pending,2026-03-03,2026-03-25
7761,Apex Defense Components,ADC,578,737,shipped,2026-05-11,2026-05-29
7762,Patriot Precision Parts,PPP,602,758,shipped,2025-01-22,2025-02-05
7763,Patriot Precision Parts,PPP,870,129,shipped,2026-02-07,2026-02-10
7764,Keystone Industrial Supply,KIS,29,428,pending,2024-10-03,2024-10-11
7765,Northstar Defense Supply,NDS,972,584,shipped,2026-08-05,2026-08-08
7766,Northstar Defense Supply,NDS,140,425,pending,2026-06-13,2026-06-24
7767,Prairie Technical Components,PTC,430,564,delivered,2026-12-18,2027-01-06
7768,Harborline Industrial Supply,HIS,395,740,pending,2026-09-08,2026-09-12
7769,Pinnacle Hydraulic Systems,PHS,440,704,shipped,2024-06-23,2024-07-16
7770,Ranger Vehicle Parts,RVP,193,564,shipped,2025-11-05,2025-11-30
7771,Compass Maritime Supply,CMS,838,450,shipped,2025-04-19,2025-05-16
7772,Ironclad Industrial Systems,IIS,499,312,delivered,2024-10-28,2024-11-04
7773,Gulf Coast Maintenance Parts,GCMP,453,610,shipped,2024-02-27,2024-03-23
7774,Gulf Coast Maintenance Parts,GCMP,666,24,delivered,2023-12-02,2023-12-10
7775,Sentinel Equipment Supply,SES,174,275,delivered,2026-02-28,2026-03-25
7776,Pinnacle Hydraulic Systems,PHS,735,722,shipped,2026-05-13,2026-06-03
7777,Prairie Technical Components,PTC,888,671,shipped,2023-12-20,2024-01-06
7778,Mesa Tactical Manufacturing,MTM,915,793,pending,2026-09-27,2026-10-07
7779,Frontier Aviation Components,FAC,658,175,pending,2023-10-27,2023-11-03
7780,Sentinel Equipment Supply,SES,22,642,shipped,2024-10-04,2024-11-03
7781,Sterling Power Systems,SPS,178,468,shipped,2023-10-26,2023-11-06
7782,Summit Tactical Supply,STS,77,951,delivered,2023-07-02,2023-07-31
7783,Granite State Components,GSC,5,999,delivered,2023-08-14,2023-08-30
7784,Compass Maritime Supply,CMS,989,265,shipped,2024-11-12,2024-11-17
7785,Harborline Industrial Supply,HIS,546,234,delivered,2025-05-27,2025-06-23
7786,Vector Aerospace Supply,VAS,901,672,shipped,2025-04-21,2025-04-28
7787,Prairie Technical Components,PTC,51,948,shipped,2026-01-25,2026-02-10
7788,Ironclad Industrial Systems,IIS,840,14,pending,2025-06-28,2025-06-30
7789,Vector Aerospace Supply,VAS,788,142,pending,2024-07-11,2024-07-30
7790,Ranger Vehicle Parts,RVP,258,409,shipped,2024-01-06,2024-01-19
7791,Sentinel Equipment Supply,SES,668,571,shipped,2023-12-17,2023-12-25
7792,Liberty Mechanical Systems,LMS,944,57,shipped,2023-03-03,2023-03-27
7793,Evergreen Field Support,EFS,633,737,delivered,2024-06-12,2024-06-20
7794,Patriot Precision Parts,PPP,344,165,pending,2025-08-27,2025-09-24
7795,Trident Marine Components,TMC,768,180,shipped,2023-10-25,2023-11-16
7796,Frontier Aviation Components,FAC,804,302,pending,2026-05-27,2026-06-16
7797,Titan Mobility Systems,TMS,13,766,delivered,2025-05-07,2025-05-19
7798,Heritage Logistics Supply,HLS,911,154,shipped,2026-03-06,2026-03-10
7799,Granite State Components,GSC,221,990,pending,2024-03-11,2024-04-08
7800,Apex Defense Components,ADC,456,184,delivered,2025-07-02,2025-07-19
7801,Redstone Logistics Group,RLG,125,53,shipped,2026-07-26,2026-08-12
7802,Mesa Tactical Manufacturing,MTM,343,694,pending,2024-06-05,2024-06-13
7803,Apex Defense Components,ADC,973,522,delivered,2024-01-05,2024-01-11
7804,Redstone Logistics Group,RLG,474,218,pending,2023-12-13,2023-12-19
7805,Summit Tactical Supply,STS,172,293,delivered,2025-12-10,2026-01-03
7806,Liberty Mechanical Systems,LMS,275,233,delivered,2025-12-21,2026-01-07
7807,Granite State Components,GSC,452,807,pending,2025-04-06,2025-04-15
7808,Sentinel Equipment Supply,SES,79,724,delivered,2025-10-07,2025-10-29
7809,Gulf Coast Maintenance Parts,GCMP,135,510,delivered,2025-02-18,2025-03-02
7810,Keystone Industrial Supply,KIS,416,91,pending,2023-04-16,2023-05-15
7811,Blue Ridge Defense Manufacturing,BRDM,882,308,pending,2023-09-07,2023-09-15
7812,Atlas Ground Support,AGS,999,234,pending,2024-08-06,2024-08-27
7813,Summit Tactical Supply,STS,164,688,shipped,2026-02-01,2026-02-08
7814,Sentinel Equipment Supply,SES,76,263,delivered,2024-03-01,2024-03-29
7815,Ironclad Industrial Systems,IIS,356,612,pending,2025-03-18,2025-04-16
7816,Atlas Ground Support,AGS,568,905,shipped,2024-05-14,2024-06-08
7817,Falcon Electronics Group,FEG,708,106,delivered,2023-01-18,2023-02-01
7818,Frontier Aviation Components,FAC,241,79,shipped,2023-12-23,2024-01-08
7819,Patriot Precision Parts,PPP,191,930,shipped,2026-04-03,2026-04-11
7820,Atlas Ground Support,AGS,285,616,shipped,2025-01-02,2025-01-03
7821,Prairie Technical Components,PTC,279,237,delivered,2025-06-28,2025-07-06
7822,Apex Defense Components,ADC,514,447,delivered,2025-07-24,2025-08-05
7823,Cascade Aerospace Systems,CAS,22,653,shipped,2023-02-16,2023-03-10
7824,Gulf Coast Maintenance Parts,GCMP,876,234,delivered,2026-01-16,2026-02-14
7825,Ironclad Industrial Systems,IIS,674,582,pending,2023-06-07,2023-06-20
7826,Patriot Precision Parts,PPP,350,896,shipped,2025-07-09,2025-08-08
7827,Evergreen Field Support,EFS,301,384,delivered,2025-10-25,2025-11-08
7828,Northstar Defense Supply,NDS,856,171,delivered,2024-01-21,2024-01-27
7829,Titan Mobility Systems,TMS,757,852,pending,2023-12-01,2023-12-26
7830,Trident Marine Components,TMC,252,31,delivered,2023-12-12,2023-12-29
7831,Summit Tactical Supply,STS,933,106,delivered,2024-03-14,2024-03-23
7832,Lone Star Equipment Group,LSEG,693,289,shipped,2024-11-21,2024-11-28
7833,Lone Star Equipment Group,LSEG,793,618,pending,2024-11-07,2024-11-30
7834,Mesa Tactical Manufacturing,MTM,225,424,pending,2023-05-02,2023-05-31
7835,Sentinel Equipment Supply,SES,896,904,pending,2024-09-04,2024-09-11
7836,Patriot Precision Parts,PPP,787,653,delivered,2025-12-27,2026-01-15
7837,Frontier Aviation Components,FAC,676,694,pending,2024-03-19,2024-04-05
7838,Evergreen Field Support,EFS,103,431,shipped,2025-05-20,2025-05-24
7839,Blue Ridge Defense Manufacturing,BRDM,8,998,shipped,2024-05-14,2024-06-08
7840,Blue Ridge Defense Manufacturing,BRDM,778,355,shipped,2026-03-07,2026-03-12
7841,Ranger Vehicle Parts,RVP,140,925,delivered,2024-06-02,2024-06-19
7842,Sterling Power Systems,SPS,77,315,delivered,2026-02-25,2026-03-12
7843,Prairie Technical Components,PTC,186,681,shipped,2024-03-04,2024-04-03
7844,Sentinel Equipment Supply,SES,504,868,pending,2023-11-17,2023-11-27
7845,Ranger Vehicle Parts,RVP,323,478,pending,2026-04-06,2026-04-20
7846,Sterling Power Systems,SPS,661,930,delivered,2023-11-02,2023-11-24
7847,Gulf Coast Maintenance Parts,GCMP,634,879,pending,2025-06-19,2025-06-24
7848,Patriot Precision Parts,PPP,31,655,pending,2023-01-20,2023-02-16
7849,Titan Mobility Systems,TMS,87,876,shipped,2024-06-03,2024-06-28
7850,Harborline Industrial Supply,HIS,285,870,shipped,2023-10-07,2023-10-24
7851,Granite State Components,GSC,335,601,shipped,2023-06-05,2023-06-06
7852,Summit Tactical Supply,STS,434,909,shipped,2025-09-16,2025-09-25
7853,Cascade Aerospace Systems,CAS,951,317,shipped,2023-01-02,2023-01-08
7854,Cedar Valley Manufacturing,CVM,318,105,pending,2026-04-04,2026-04-09
7855,Frontier Aviation Components,FAC,566,44,delivered,2023-12-20,2023-12-21
7856,Northstar Defense Supply,NDS,921,930,delivered,2025-06-03,2025-06-29
7857,Northstar Defense Supply,NDS,943,308,pending,2025-03-23,2025-03-29
7858,Sentinel Equipment Supply,SES,433,997,delivered,2025-01-02,2025-01-05
7859,Cascade Aerospace Systems,CAS,360,216,pending,2023-06-01,2023-06-16
7860,Compass Maritime Supply,CMS,775,356,pending,2026-05-28,2026-06-03
7861,Prairie Technical Components,PTC,563,989,delivered,2026-07-14,2026-07-24
7862,Granite State Components,GSC,358,652,delivered,2024-05-22,2024-06-18
7863,Vector Aerospace Supply,VAS,662,322,pending,2024-01-22,2024-01-23
7864,Compass Maritime Supply,CMS,302,681,shipped,2024-05-24,2024-06-11
7865,Granite State Components,GSC,342,384,delivered,2026-07-17,2026-07-20
7866,Cascade Aerospace Systems,CAS,506,785,delivered,2026-07-17,2026-07-18
7867,Prairie Technical Components,PTC,348,475,shipped,2024-09-11,2024-10-01
7868,Atlas Ground Support,AGS,517,542,delivered,2025-01-19,2025-02-05
7869,Blue Ridge Defense Manufacturing,BRDM,556,718,shipped,2025-12-03,2025-12-12
7870,Ranger Vehicle Parts,RVP,962,357,shipped,2026-07-08,2026-07-12
7871,Patriot Precision Parts,PPP,888,560,pending,2026-02-19,2026-03-10
7872,Summit Tactical Supply,STS,43,779,shipped,2026-08-18,2026-09-10
7873,Gulf Coast Maintenance Parts,GCMP,447,761,shipped,2025-02-21,2025-03-02
7874,Cascade Aerospace Systems,CAS,992,894,pending,2024-04-23,2024-05-22
7875,Sentinel Equipment Supply,SES,940,31,pending,2024-07-06,2024-07-09
7876,Pinnacle Hydraulic Systems,PHS,992,953,shipped,2023-09-12,2023-10-07
7877,Cedar Valley Manufacturing,CVM,121,662,shipped,2025-10-15,2025-11-13
7878,Heritage Logistics Supply,HLS,158,491,delivered,2023-05-17,2023-06-14
7879,Evergreen Field Support,EFS,154,873,pending,2026-01-13,2026-01-23
7880,Lone Star Equipment Group,LSEG,148,776,pending,2024-01-22,2024-02-01
7881,Granite State Components,GSC,405,340,pending,2026-03-18,2026-03-31
7882,Summit Tactical Supply,STS,728,803,pending,2023-01-21,2023-02-19
7883,Gulf Coast Maintenance Parts,GCMP,584,986,delivered,2024-10-15,2024-10-22
7884,Cascade Aerospace Systems,CAS,807,860,delivered,2026-08-16,2026-08-29
7885,Harborline Industrial Supply,HIS,268,21,pending,2025-09-23,2025-10-03
7886,Pinnacle Hydraulic Systems,PHS,778,863,delivered,2025-08-28,2025-08-30
7887,Keystone Industrial Supply,KIS,197,594,shipped,2023-08-26,2023-08-27
7888,Redstone Logistics Group,RLG,328,833,delivered,2024-04-08,2024-04-11
7889,Evergreen Field Support,EFS,645,947,pending,2023-07-02,2023-07-07
7890,Frontier Aviation Components,FAC,125,323,shipped,2023-02-01,2023-02-16
7891,Granite State Components,GSC,668,551,delivered,2025-02-12,2025-02-26
7892,Heritage Logistics Supply,HLS,718,190,delivered,2026-10-25,2026-10-31
7893,Keystone Industrial Supply,KIS,870,928,pending,2025-02-10,2025-02-17
7894,Lone Star Equipment Group,LSEG,147,112,pending,2026-07-12,2026-07-24
7895,Patriot Precision Parts,PPP,232,79,pending,2023-10-24,2023-11-15
7896,Granite State Components,GSC,195,710,shipped,2023-03-14,2023-03-15
7897,Keystone Industrial Supply,KIS,959,581,delivered,2026-08-02,2026-08-17
7898,Vector Aerospace Supply,VAS,497,158,shipped,2023-12-04,2024-01-02
7899,Trident Marine Components,TMC,666,249,pending,2025-09-24,2025-09-27
7900,Titan Mobility Systems,TMS,745,647,delivered,2025-06-16,2025-06-26
7901,Ironclad Industrial Systems,IIS,22,445,pending,2025-07-04,2025-07-22
7902,Harborline Industrial Supply,HIS,402,539,pending,2026-04-20,2026-05-06
7903,Vector Aerospace Supply,VAS,426,227,pending,2026-02-20,2026-03-01
7904,Compass Maritime Supply,CMS,588,953,delivered,2025-05-11,2025-05-20
7905,Sterling Power Systems,SPS,327,69,pending,2023-02-12,2023-03-06
7906,Apex Defense Components,ADC,844,811,shipped,2024-11-09,2024-11-26
7907,Northstar Defense Supply,NDS,900,909,shipped,2024-02-03,2024-02-10
7908,Lone Star Equipment Group,LSEG,819,108,pending,2025-12-27,2026-01-16
7909,Gulf Coast Maintenance Parts,GCMP,470,438,shipped,2024-03-09,2024-04-04
7910,Titan Mobility Systems,TMS,415,720,pending,2025-04-07,2025-05-04
7911,Prairie Technical Components,PTC,555,772,shipped,2023-01-09,2023-01-13
7912,Cedar Valley Manufacturing,CVM,95,321,shipped,2023-02-19,2023-02-28
7913,Liberty Mechanical Systems,LMS,815,187,pending,2026-08-20,2026-09-10
7914,Lone Star Equipment Group,LSEG,744,301,pending,2023-08-07,2023-08-14
7915,Vector Aerospace Supply,VAS,552,185,pending,2023-07-05,2023-07-21
7916,Summit Tactical Supply,STS,666,121,delivered,2026-02-21,2026-03-13
7917,Evergreen Field Support,EFS,959,309,pending,2023-06-04,2023-06-25
7918,Gulf Coast Maintenance Parts,GCMP,638,196,pending,2023-07-14,2023-08-11
7919,Mesa Tactical Manufacturing,MTM,874,820,shipped,2026-08-26,2026-09-18
7920,Liberty Mechanical Systems,LMS,721,383,delivered,2026-07-10,2026-07-16
7921,Titan Mobility Systems,TMS,779,876,pending,2025-03-13,2025-04-03
7922,Northstar Defense Supply,NDS,872,336,pending,2024-10-05,2024-10-20
7923,Harborline Industrial Supply,HIS,57,562,pending,2024-10-20,2024-11-07
7924,Pinnacle Hydraulic Systems,PHS,349,344,pending,2025-06-23,2025-07-22
7925,Cedar Valley Manufacturing,CVM,647,516,pending,2026-01-08,2026-01-13
7926,Patriot Precision Parts,PPP,56,985,shipped,2024-06-23,2024-06-27
7927,Northstar Defense Supply,NDS,116,827,shipped,2024-09-07,2024-09-16
7928,Heritage Logistics Supply,HLS,379,924,shipped,2024-07-24,2024-08-22
7929,Atlas Ground Support,AGS,943,154,pending,2025-11-19,2025-12-05
7930,Liberty Mechanical Systems,LMS,569,705,delivered,2026-01-16,2026-01-23
7931,Heritage Logistics Supply,HLS,43,718,delivered,2023-02-02,2023-03-01
7932,Sterling Power Systems,SPS,834,338,pending,2023-01-04,2023-01-15
7933,Prairie Technical Components,PTC,901,155,shipped,2026-12-18,2026-12-30
7934,Pinnacle Hydraulic Systems,PHS,553,401,shipped,2026-11-01,2026-11-29
7935,Blue Ridge Defense Manufacturing,BRDM,733,429,pending,2026-02-09,2026-03-06
7936,Keystone Industrial Supply,KIS,168,947,delivered,2025-09-23,2025-10-13
7937,Cascade Aerospace Systems,CAS,115,615,shipped,2024-06-08,2024-07-04
7938,Ironclad Industrial Systems,IIS,130,698,pending,2026-02-07,2026-02-19
7939,Compass Maritime Supply,CMS,429,290,shipped,2026-10-19,2026-11-12
7940,Keystone Industrial Supply,KIS,483,220,delivered,2023-08-17,2023-09-15
7941,Heritage Logistics Supply,HLS,895,275,pending,2026-11-16,2026-12-15
7942,Cascade Aerospace Systems,CAS,423,116,delivered,2023-06-18,2023-06-21
7943,Sterling Power Systems,SPS,196,177,delivered,2026-11-01,2026-11-29
7944,Redstone Logistics Group,RLG,30,966,shipped,2024-08-22,2024-08-27
7945,Pinnacle Hydraulic Systems,PHS,338,603,shipped,2023-03-11,2023-04-08
7946,Ironclad Industrial Systems,IIS,296,202,pending,2024-12-14,2025-01-12
7947,Compass Maritime Supply,CMS,421,937,shipped,2024-04-25,2024-05-21
7948,Lone Star Equipment Group,LSEG,201,110,delivered,2023-04-10,2023-04-24
7949,Ranger Vehicle Parts,RVP,891,959,shipped,2023-04-21,2023-05-19
7950,Heritage Logistics Supply,HLS,89,142,shipped,2025-05-27,2025-05-28
7951,Heritage Logistics Supply,HLS,699,247,delivered,2025-03-22,2025-03-28
7952,Falcon Electronics Group,FEG,620,634,pending,2026-09-27,2026-10-05
7953,Ranger Vehicle Parts,RVP,693,42,delivered,2026-04-10,2026-04-17
7954,Sterling Power Systems,SPS,77,408,delivered,2026-01-18,2026-02-12
7955,Cascade Aerospace Systems,CAS,697,698,delivered,2023-10-25,2023-11-18
7956,Apex Defense Components,ADC,560,633,delivered,2025-08-17,2025-08-18
7957,Vector Aerospace Supply,VAS,938,338,shipped,2024-07-14,2024-08-03
7958,Granite State Components,GSC,867,686,pending,2025-03-18,2025-04-01
7959,Ironclad Industrial Systems,IIS,497,747,shipped,2023-10-15,2023-11-12
7960,Patriot Precision Parts,PPP,597,111,pending,2025-03-03,2025-03-09
7961,Compass Maritime Supply,CMS,272,371,pending,2024-04-26,2024-05-19
7962,Patriot Precision Parts,PPP,685,81,delivered,2025-02-07,2025-02-26
7963,Ranger Vehicle Parts,RVP,507,528,pending,2026-03-27,2026-04-18
7964,Harborline Industrial Supply,HIS,181,451,pending,2025-04-15,2025-05-06
7965,Cedar Valley Manufacturing,CVM,928,319,delivered,2025-05-09,2025-05-15
7966,Ironclad Industrial Systems,IIS,816,26,delivered,2024-08-28,2024-08-29
7967,Patriot Precision Parts,PPP,966,166,pending,2024-09-27,2024-10-03
7968,Vector Aerospace Supply,VAS,877,442,delivered,2025-10-24,2025-10-25
7969,Redstone Logistics Group,RLG,26,60,pending,2025-03-03,2025-03-05
7970,Patriot Precision Parts,PPP,16,937,shipped,2025-09-08,2025-09-29
7971,Falcon Electronics Group,FEG,912,768,shipped,2023-10-20,2023-11-12
7972,Compass Maritime Supply,CMS,229,503,pending,2025-02-19,2025-02-26
7973,Apex Defense Components,ADC,180,834,delivered,2026-07-25,2026-08-13
7974,Summit Tactical Supply,STS,602,183,pending,2024-03-13,2024-04-09
7975,Compass Maritime Supply,CMS,272,604,shipped,2026-10-16,2026-10-30
7976,Sentinel Equipment Supply,SES,325,791,delivered,2025-11-08,2025-11-25
7977,Sterling Power Systems,SPS,372,700,delivered,2024-02-15,2024-03-10
7978,Liberty Mechanical Systems,LMS,929,781,shipped,2026-02-10,2026-02-15
7979,Atlas Ground Support,AGS,462,902,shipped,2024-05-21,2024-06-12
7980,Heritage Logistics Supply,HLS,824,400,pending,2023-04-09,2023-04-27
7981,Mesa Tactical Manufacturing,MTM,855,291,pending,2023-10-19,2023-10-22
7982,Vector Aerospace Supply,VAS,629,53,delivered,2023-11-27,2023-12-02
7983,Compass Maritime Supply,CMS,694,491,pending,2026-04-22,2026-04-30
7984,Cedar Valley Manufacturing,CVM,484,543,shipped,2024-05-28,2024-05-31
7985,Summit Tactical Supply,STS,51,275,shipped,2023-05-07,2023-06-02
7986,Heritage Logistics Supply,HLS,437,845,delivered,2025-08-28,2025-09-08
7987,Sterling Power Systems,SPS,86,917,shipped,2026-07-09,2026-07-10
7988,Prairie Technical Components,PTC,41,308,shipped,2025-06-21,2025-07-03
7989,Sentinel Equipment Supply,SES,115,1,shipped,2024-01-25,2024-01-27
7990,Liberty Mechanical Systems,LMS,159,446,pending,2025-07-26,2025-08-16
7991,Cedar Valley Manufacturing,CVM,222,683,pending,2026-06-17,2026-07-01
7992,Harborline Industrial Supply,HIS,148,334,delivered,2026-10-12,2026-10-20
7993,Keystone Industrial Supply,KIS,259,573,shipped,2023-10-18,2023-11-16
7994,Prairie Technical Components,PTC,199,682,pending,2025-05-24,2025-06-06
7995,Falcon Electronics Group,FEG,970,520,pending,2026-02-10,2026-03-09
7996,Mesa Tactical Manufacturing,MTM,276,145,shipped,2024-12-25,2025-01-04
7997,Heritage Logistics Supply,HLS,780,181,pending,2023-11-25,2023-12-01
7998,Cedar Valley Manufacturing,CVM,884,836,shipped,2023-11-27,2023-12-03
7999,Vector Aerospace Supply,VAS,420,442,delivered,2026-11-19,2026-12-17
8000,Heritage Logistics Supply,HLS,380,852,delivered,2024-04-19,2024-04-30
8001,Patriot Precision Parts,PPP,541,469,shipped,2025-06-12,2025-07-05
8002,Lone Star Equipment Group,LSEG,128,186,delivered,2023-06-26,2023-07-22
8003,Trident Marine Components,TMC,151,998,pending,2026-04-18,2026-05-18
8004,Apex Defense Components,ADC,227,330,shipped,2025-10-04,2025-11-03
8005,Cascade Aerospace Systems,CAS,434,871,shipped,2023-02-22,2023-02-28
8006,Frontier Aviation Components,FAC,189,177,shipped,2026-12-10,2026-12-24
8007,Cedar Valley Manufacturing,CVM,28,378,delivered,2024-10-24,2024-11-16
8008,Vector Aerospace Supply,VAS,943,827,pending,2026-04-28,2026-05-16
8009,Granite State Components,GSC,20,367,pending,2025-12-02,2025-12-28
8010,Vector Aerospace Supply,VAS,875,73,shipped,2026-08-26,2026-09-04
8011,Lone Star Equipment Group,LSEG,457,744,delivered,2026-11-07,2026-11-23
8012,Patriot Precision Parts,PPP,108,392,delivered,2026-10-25,2026-11-06
8013,Prairie Technical Components,PTC,136,499,pending,2026-09-14,2026-10-12
8014,Atlas Ground Support,AGS,271,959,shipped,2024-04-26,2024-05-09
8015,Northstar Defense Supply,NDS,756,354,pending,2025-11-12,2025-12-08
8016,Ironclad Industrial Systems,IIS,564,213,shipped,2026-06-25,2026-07-21
8017,Apex Defense Components,ADC,769,105,pending,2023-08-11,2023-08-12
8018,Titan Mobility Systems,TMS,216,940,pending,2023-09-05,2023-09-18
8019,Lone Star Equipment Group,LSEG,43,351,shipped,2023-10-28,2023-11-05
8020,Evergreen Field Support,EFS,599,748,pending,2026-09-23,2026-10-09
8021,Cascade Aerospace Systems,CAS,423,233,delivered,2024-05-16,2024-05-20
8022,Patriot Precision Parts,PPP,234,597,pending,2026-01-09,2026-01-19
8023,Harborline Industrial Supply,HIS,483,305,delivered,2024-04-12,2024-05-12
8024,Blue Ridge Defense Manufacturing,BRDM,920,478,delivered,2026-11-16,2026-12-08
8025,Sterling Power Systems,SPS,906,566,delivered,2026-02-22,2026-03-20
8026,Redstone Logistics Group,RLG,625,329,pending,2023-08-09,2023-08-24
8027,Prairie Technical Components,PTC,21,757,shipped,2023-01-04,2023-01-26
8028,Falcon Electronics Group,FEG,352,658,delivered,2026-01-18,2026-02-05
8029,Gulf Coast Maintenance Parts,GCMP,295,69,pending,2026-04-08,2026-04-25
8030,Frontier Aviation Components,FAC,688,905,pending,2026-06-02,2026-06-24
8031,Trident Marine Components,TMC,371,708,delivered,2023-07-17,2023-08-04
8032,Gulf Coast Maintenance Parts,GCMP,638,601,pending,2025-12-25,2026-01-20
8033,Trident Marine Components,TMC,65,415,pending,2024-01-26,2024-02-03
8034,Ironclad Industrial Systems,IIS,670,918,pending,2024-06-13,2024-06-18
8035,Sentinel Equipment Supply,SES,75,872,pending,2025-05-02,2025-05-27
8036,Ironclad Industrial Systems,IIS,799,672,delivered,2026-10-08,2026-10-22
8037,Gulf Coast Maintenance Parts,GCMP,22,166,pending,2023-09-19,2023-10-12
8038,Granite State Components,GSC,701,54,shipped,2025-10-02,2025-10-11
8039,Harborline Industrial Supply,HIS,558,742,delivered,2025-09-23,2025-10-10
8040,Blue Ridge Defense Manufacturing,BRDM,568,157,delivered,2025-12-19,2025-12-28
8041,Ironclad Industrial Systems,IIS,320,914,pending,2023-04-11,2023-05-10
8042,Patriot Precision Parts,PPP,402,785,shipped,2023-06-05,2023-06-20
8043,Atlas Ground Support,AGS,976,712,shipped,2024-12-23,2025-01-15
8044,Titan Mobility Systems,TMS,24,348,delivered,2025-11-18,2025-11-27
8045,Ironclad Industrial Systems,IIS,19,269,delivered,2023-09-13,2023-09-30
8046,Sterling Power Systems,SPS,197,690,delivered,2024-12-13,2024-12-30
8047,Sterling Power Systems,SPS,8,948,delivered,2026-04-17,2026-04-24
8048,Summit Tactical Supply,STS,184,799,delivered,2024-04-14,2024-05-13
8049,Mesa Tactical Manufacturing,MTM,57,385,delivered,2023-11-22,2023-11-28
8050,Cascade Aerospace Systems,CAS,550,577,shipped,2025-10-13,2025-11-01
8051,Summit Tactical Supply,STS,237,761,shipped,2025-10-18,2025-10-22
8052,Frontier Aviation Components,FAC,964,593,delivered,2024-10-14,2024-10-30
8053,Summit Tactical Supply,STS,207,404,pending,2025-02-24,2025-03-17
8054,Evergreen Field Support,EFS,74,870,pending,2025-07-27,2025-08-07
8055,Mesa Tactical Manufacturing,MTM,841,479,delivered,2023-03-02,2023-03-19
8056,Sentinel Equipment Supply,SES,855,923,delivered,2025-04-11,2025-05-08
8057,Frontier Aviation Components,FAC,730,38,shipped,2025-08-01,2025-08-22
8058,Summit Tactical Supply,STS,603,563,shipped,2024-09-04,2024-09-06
8059,Sterling Power Systems,SPS,64,80,pending,2023-12-03,2023-12-12
8060,Atlas Ground Support,AGS,59,278,delivered,2024-01-10,2024-02-06
8061,Summit Tactical Supply,STS,344,83,delivered,2024-11-03,2024-11-09
8062,Atlas Ground Support,AGS,380,18,delivered,2025-07-04,2025-07-30
8063,Blue Ridge Defense Manufacturing,BRDM,201,791,delivered,2025-04-01,2025-04-16
8064,Patriot Precision Parts,PPP,84,288,delivered,2023-09-15,2023-10-02
8065,Granite State Components,GSC,340,926,delivered,2026-11-22,2026-12-13
8066,Frontier Aviation Components,FAC,377,742,pending,2023-08-08,2023-08-30
8067,Prairie Technical Components,PTC,788,671,shipped,2024-11-03,2024-11-05
8068,Titan Mobility Systems,TMS,757,713,shipped,2025-05-19,2025-06-01
8069,Evergreen Field Support,EFS,837,135,shipped,2023-10-25,2023-11-01
8070,Sentinel Equipment Supply,SES,671,755,delivered,2025-08-01,2025-08-31
8071,Mesa Tactical Manufacturing,MTM,259,682,delivered,2024-01-14,2024-01-17
8072,Northstar Defense Supply,NDS,699,25,delivered,2026-10-15,2026-10-26
8073,Evergreen Field Support,EFS,351,85,delivered,2024-10-15,2024-10-23
8074,Redstone Logistics Group,RLG,13,133,delivered,2024-12-25,2025-01-10
8075,Prairie Technical Components,PTC,472,938,pending,2025-05-12,2025-05-23
8076,Liberty Mechanical Systems,LMS,637,495,delivered,2024-05-09,2024-05-22
8077,Atlas Ground Support,AGS,729,283,shipped,2025-02-19,2025-03-11
8078,Trident Marine Components,TMC,670,533,delivered,2025-02-12,2025-02-13
8079,Patriot Precision Parts,PPP,231,564,shipped,2023-06-10,2023-06-12
8080,Titan Mobility Systems,TMS,458,501,delivered,2026-05-05,2026-05-29
8081,Redstone Logistics Group,RLG,980,457,delivered,2026-11-13,2026-12-10
8082,Summit Tactical Supply,STS,152,904,shipped,2025-03-23,2025-04-02
8083,Prairie Technical Components,PTC,276,766,delivered,2026-10-27,2026-11-16
8084,Heritage Logistics Supply,HLS,890,416,shipped,2025-01-13,2025-01-19
8085,Pinnacle Hydraulic Systems,PHS,558,14,pending,2026-11-13,2026-11-29
8086,Cascade Aerospace Systems,CAS,693,662,delivered,2025-12-18,2026-01-07
8087,Apex Defense Components,ADC,675,697,pending,2025-02-09,2025-03-10
8088,Vector Aerospace Supply,VAS,924,43,delivered,2023-06-24,2023-07-22
8089,Keystone Industrial Supply,KIS,345,44,pending,2024-06-18,2024-06-28
8090,Ranger Vehicle Parts,RVP,857,589,pending,2025-03-21,2025-04-13
8091,Liberty Mechanical Systems,LMS,308,479,pending,2024-10-11,2024-10-15
8092,Northstar Defense Supply,NDS,943,218,delivered,2024-10-09,2024-11-08
8093,Granite State Components,GSC,949,794,shipped,2023-11-19,2023-12-08
8094,Liberty Mechanical Systems,LMS,968,878,pending,2026-09-01,2026-09-09
8095,Blue Ridge Defense Manufacturing,BRDM,494,354,shipped,2025-11-24,2025-12-18
8096,Cascade Aerospace Systems,CAS,128,511,pending,2025-12-13,2025-12-29
8097,Vector Aerospace Supply,VAS,588,894,pending,2026-03-16,2026-04-15
8098,Cascade Aerospace Systems,CAS,617,697,shipped,2025-06-06,2025-06-08
8099,Liberty Mechanical Systems,LMS,863,793,delivered,2024-09-09,2024-09-29
8100,Lone Star Equipment Group,LSEG,845,293,pending,2024-10-22,2024-11-04
8101,Falcon Electronics Group,FEG,537,598,pending,2024-11-03,2024-12-03
8102,Redstone Logistics Group,RLG,139,645,pending,2026-07-12,2026-08-08
8103,Ranger Vehicle Parts,RVP,279,408,shipped,2024-01-01,2024-01-13
8104,Summit Tactical Supply,STS,894,436,pending,2023-08-17,2023-08-31
8105,Heritage Logistics Supply,HLS,312,926,delivered,2023-12-19,2023-12-21
8106,Apex Defense Components,ADC,653,133,delivered,2026-11-12,2026-11-25
8107,Patriot Precision Parts,PPP,42,180,delivered,2025-07-10,2025-07-27
8108,Liberty Mechanical Systems,LMS,84,462,pending,2026-09-06,2026-09-26
8109,Compass Maritime Supply,CMS,646,99,delivered,2025-03-04,2025-03-20
8110,Prairie Technical Components,PTC,462,812,shipped,2023-05-22,2023-06-14
8111,Prairie Technical Components,PTC,526,123,pending,2026-01-25,2026-02-21
8112,Patriot Precision Parts,PPP,662,677,shipped,2024-12-20,2025-01-13
8113,Northstar Defense Supply,NDS,73,309,shipped,2026-01-22,2026-01-24
8114,Granite State Components,GSC,187,975,shipped,2023-07-12,2023-07-17
8115,Compass Maritime Supply,CMS,691,358,delivered,2023-03-04,2023-03-19
8116,Heritage Logistics Supply,HLS,242,225,shipped,2024-11-24,2024-12-11
8117,Harborline Industrial Supply,HIS,557,433,pending,2023-07-11,2023-07-24
8118,Sterling Power Systems,SPS,942,14,shipped,2024-05-06,2024-05-26
8119,Apex Defense Components,ADC,798,240,delivered,2026-10-08,2026-11-03
8120,Frontier Aviation Components,FAC,772,273,pending,2024-07-01,2024-07-12
8121,Falcon Electronics Group,FEG,204,86,shipped,2025-02-13,2025-03-08
8122,Trident Marine Components,TMC,649,877,shipped,2024-07-15,2024-07-31
8123,Summit Tactical Supply,STS,852,791,shipped,2026-05-11,2026-06-03
8124,Sterling Power Systems,SPS,340,89,pending,2024-07-24,2024-08-06
8125,Frontier Aviation Components,FAC,584,30,shipped,2025-01-12,2025-02-09
8126,Gulf Coast Maintenance Parts,GCMP,400,595,pending,2023-03-06,2023-03-18
8127,Cascade Aerospace Systems,CAS,442,600,shipped,2024-04-21,2024-05-05
8128,Sentinel Equipment Supply,SES,753,517,delivered,2023-07-01,2023-07-18
8129,Sterling Power Systems,SPS,162,638,delivered,2026-02-10,2026-02-23
8130,Redstone Logistics Group,RLG,647,139,shipped,2023-10-03,2023-10-29
8131,Atlas Ground Support,AGS,374,195,shipped,2026-09-09,2026-09-29
8132,Sentinel Equipment Supply,SES,683,301,shipped,2023-04-10,2023-04-20
8133,Apex Defense Components,ADC,476,407,shipped,2026-08-09,2026-08-24
8134,Heritage Logistics Supply,HLS,230,394,delivered,2024-03-04,2024-03-05
8135,Heritage Logistics Supply,HLS,96,111,delivered,2025-07-06,2025-07-28
8136,Mesa Tactical Manufacturing,MTM,731,787,shipped,2026-08-21,2026-09-02
8137,Ranger Vehicle Parts,RVP,459,935,delivered,2024-02-04,2024-02-23
8138,Harborline Industrial Supply,HIS,881,877,pending,2026-06-02,2026-06-11
8139,Blue Ridge Defense Manufacturing,BRDM,803,121,pending,2025-06-21,2025-07-21
8140,Mesa Tactical Manufacturing,MTM,459,730,delivered,2026-05-19,2026-06-15
8141,Patriot Precision Parts,PPP,779,71,shipped,2026-10-19,2026-10-27
8142,Cedar Valley Manufacturing,CVM,652,232,shipped,2026-01-22,2026-02-07
8143,Keystone Industrial Supply,KIS,327,905,shipped,2024-11-26,2024-12-21
8144,Apex Defense Components,ADC,646,1000,shipped,2025-06-05,2025-06-06
8145,Atlas Ground Support,AGS,223,769,delivered,2025-02-22,2025-03-23
8146,Keystone Industrial Supply,KIS,731,217,delivered,2025-07-11,2025-07-24
8147,Cascade Aerospace Systems,CAS,455,717,shipped,2023-11-14,2023-11-24
8148,Patriot Precision Parts,PPP,152,156,pending,2024-04-19,2024-05-08
8149,Evergreen Field Support,EFS,996,467,delivered,2025-01-18,2025-01-24
8150,Granite State Components,GSC,740,497,shipped,2025-10-12,2025-11-04
8151,Redstone Logistics Group,RLG,883,209,pending,2024-04-28,2024-05-27
8152,Liberty Mechanical Systems,LMS,429,87,shipped,2025-02-07,2025-03-04
8153,Ironclad Industrial Systems,IIS,172,516,pending,2023-09-09,2023-10-01
8154,Pinnacle Hydraulic Systems,PHS,940,656,shipped,2025-07-19,2025-08-10
8155,Sentinel Equipment Supply,SES,750,973,pending,2025-01-14,2025-02-13
8156,Mesa Tactical Manufacturing,MTM,762,84,delivered,2026-02-03,2026-02-24
8157,Ranger Vehicle Parts,RVP,199,305,delivered,2024-07-05,2024-07-20
8158,Falcon Electronics Group,FEG,265,725,shipped,2026-04-25,2026-05-15
8159,Redstone Logistics Group,RLG,268,327,pending,2026-03-28,2026-04-09
8160,Northstar Defense Supply,NDS,307,790,delivered,2024-08-03,2024-08-20
8161,Pinnacle Hydraulic Systems,PHS,9,464,shipped,2026-11-11,2026-11-16
8162,Northstar Defense Supply,NDS,227,504,pending,2023-12-06,2023-12-19
8163,Titan Mobility Systems,TMS,188,431,pending,2026-10-07,2026-10-26
8164,Keystone Industrial Supply,KIS,603,966,delivered,2026-08-13,2026-09-12
8165,Prairie Technical Components,PTC,261,691,pending,2023-05-04,2023-05-14
8166,Prairie Technical Components,PTC,284,713,pending,2025-11-12,2025-12-06
8167,Titan Mobility Systems,TMS,747,118,delivered,2024-12-28,2024-12-29
8168,Atlas Ground Support,AGS,390,34,delivered,2025-01-22,2025-02-03
8169,Falcon Electronics Group,FEG,101,652,shipped,2026-04-10,2026-04-23
8170,Patriot Precision Parts,PPP,115,111,delivered,2026-03-15,2026-03-17
8171,Cedar Valley Manufacturing,CVM,21,538,shipped,2023-03-08,2023-03-17
8172,Keystone Industrial Supply,KIS,893,659,delivered,2023-08-05,2023-09-04
8173,Frontier Aviation Components,FAC,738,597,shipped,2024-10-26,2024-11-06
8174,Cascade Aerospace Systems,CAS,272,705,shipped,2026-12-01,2026-12-09
8175,Falcon Electronics Group,FEG,613,688,shipped,2024-10-26,2024-11-25
8176,Apex Defense Components,ADC,717,311,pending,2024-06-19,2024-07-15
8177,Blue Ridge Defense Manufacturing,BRDM,701,218,delivered,2023-05-18,2023-05-31
8178,Liberty Mechanical Systems,LMS,21,935,shipped,2026-12-01,2026-12-18
8179,Cedar Valley Manufacturing,CVM,810,699,pending,2025-01-22,2025-01-29
8180,Titan Mobility Systems,TMS,893,164,pending,2023-07-26,2023-08-07
8181,Prairie Technical Components,PTC,485,661,pending,2023-08-22,2023-09-10
8182,Atlas Ground Support,AGS,435,835,pending,2026-08-25,2026-09-21
8183,Apex Defense Components,ADC,963,739,pending,2024-09-02,2024-09-13
8184,Ironclad Industrial Systems,IIS,735,24,shipped,2026-10-12,2026-10-17
8185,Cedar Valley Manufacturing,CVM,297,986,shipped,2023-04-03,2023-04-22
8186,Gulf Coast Maintenance Parts,GCMP,42,857,shipped,2025-10-18,2025-10-28
8187,Frontier Aviation Components,FAC,666,816,shipped,2025-10-25,2025-11-08
8188,Sterling Power Systems,SPS,483,507,pending,2023-12-02,2023-12-17
8189,Compass Maritime Supply,CMS,255,419,delivered,2025-12-25,2025-12-30
8190,Compass Maritime Supply,CMS,58,617,delivered,2025-08-06,2025-08-16
8191,Gulf Coast Maintenance Parts,GCMP,167,531,delivered,2026-04-28,2026-05-28
8192,Heritage Logistics Supply,HLS,860,578,shipped,2025-09-23,2025-09-25
8193,Evergreen Field Support,EFS,557,843,delivered,2023-06-22,2023-07-07
8194,Ironclad Industrial Systems,IIS,977,785,shipped,2024-07-08,2024-07-10
8195,Falcon Electronics Group,FEG,231,6,shipped,2023-04-01,2023-04-06
8196,Northstar Defense Supply,NDS,134,564,shipped,2025-09-11,2025-09-26
8197,Liberty Mechanical Systems,LMS,366,999,shipped,2023-09-19,2023-09-21
8198,Cascade Aerospace Systems,CAS,617,558,delivered,2023-03-24,2023-04-19
8199,Redstone Logistics Group,RLG,545,299,delivered,2023-07-14,2023-08-09
8200,Blue Ridge Defense Manufacturing,BRDM,832,56,shipped,2024-12-05,2024-12-25
8201,Compass Maritime Supply,CMS,629,989,delivered,2024-11-07,2024-11-25
8202,Patriot Precision Parts,PPP,283,440,delivered,2025-05-03,2025-05-08
8203,Keystone Industrial Supply,KIS,530,524,pending,2024-11-03,2024-11-30
8204,Keystone Industrial Supply,KIS,587,728,delivered,2025-04-20,2025-04-29
8205,Sterling Power Systems,SPS,207,610,pending,2024-07-08,2024-07-14
8206,Trident Marine Components,TMC,971,62,delivered,2023-06-17,2023-07-11
8207,Atlas Ground Support,AGS,79,70,shipped,2023-02-21,2023-03-08
8208,Cedar Valley Manufacturing,CVM,435,923,shipped,2024-05-25,2024-06-14
8209,Lone Star Equipment Group,LSEG,705,178,shipped,2024-11-08,2024-11-19
8210,Atlas Ground Support,AGS,642,459,pending,2023-03-26,2023-03-31
8211,Heritage Logistics Supply,HLS,40,958,pending,2025-04-12,2025-05-02
8212,Harborline Industrial Supply,HIS,491,447,shipped,2026-11-23,2026-11-24
8213,Trident Marine Components,TMC,78,27,delivered,2024-06-04,2024-07-02
8214,Apex Defense Components,ADC,943,496,delivered,2023-03-16,2023-04-07
8215,Sterling Power Systems,SPS,922,333,shipped,2026-03-16,2026-03-21
8216,Heritage Logistics Supply,HLS,819,616,pending,2024-01-18,2024-01-29
8217,Falcon Electronics Group,FEG,200,411,delivered,2026-09-27,2026-09-28
8218,Blue Ridge Defense Manufacturing,BRDM,824,761,delivered,2024-01-19,2024-02-09
8219,Evergreen Field Support,EFS,403,626,shipped,2024-09-13,2024-10-01
8220,Granite State Components,GSC,514,866,pending,2023-12-14,2023-12-27
8221,Keystone Industrial Supply,KIS,605,917,shipped,2023-01-05,2023-01-27
8222,Cedar Valley Manufacturing,CVM,245,226,delivered,2023-04-08,2023-04-23
8223,Compass Maritime Supply,CMS,170,882,pending,2024-12-26,2025-01-17
8224,Trident Marine Components,TMC,760,351,pending,2023-03-17,2023-04-11
8225,Summit Tactical Supply,STS,196,103,pending,2023-06-23,2023-07-22
8226,Titan Mobility Systems,TMS,90,577,shipped,2026-07-09,2026-07-31
8227,Trident Marine Components,TMC,331,430,pending,2026-06-06,2026-06-25
8228,Gulf Coast Maintenance Parts,GCMP,363,353,shipped,2023-05-16,2023-05-28
8229,Ironclad Industrial Systems,IIS,134,904,delivered,2026-06-12,2026-07-05
8230,Apex Defense Components,ADC,660,43,pending,2024-01-11,2024-01-18
8231,Summit Tactical Supply,STS,615,426,shipped,2023-09-11,2023-10-08
8232,Granite State Components,GSC,804,584,delivered,2023-01-05,2023-01-11
8233,Apex Defense Components,ADC,45,367,pending,2025-01-11,2025-01-18
8234,Sterling Power Systems,SPS,811,617,delivered,2025-01-25,2025-01-31
8235,Vector Aerospace Supply,VAS,488,980,delivered,2025-10-11,2025-11-08
8236,Ranger Vehicle Parts,RVP,908,842,delivered,2023-02-27,2023-03-21
8237,Mesa Tactical Manufacturing,MTM,883,666,pending,2023-01-06,2023-01-21
8238,Granite State Components,GSC,928,312,delivered,2025-06-18,2025-07-11
8239,Cascade Aerospace Systems,CAS,211,329,shipped,2023-05-13,2023-06-05
8240,Ironclad Industrial Systems,IIS,596,382,pending,2025-03-09,2025-04-01
8241,Blue Ridge Defense Manufacturing,BRDM,145,250,shipped,2025-06-16,2025-07-16
8242,Summit Tactical Supply,STS,207,475,delivered,2023-06-27,2023-07-17
8243,Keystone Industrial Supply,KIS,257,754,pending,2024-04-05,2024-04-22
8244,Sterling Power Systems,SPS,410,714,pending,2026-01-03,2026-01-25
8245,Evergreen Field Support,EFS,438,694,pending,2024-11-14,2024-11-29
8246,Sterling Power Systems,SPS,347,952,shipped,2024-06-15,2024-07-05
8247,Mesa Tactical Manufacturing,MTM,741,519,shipped,2024-12-22,2025-01-04
8248,Northstar Defense Supply,NDS,904,987,delivered,2025-01-03,2025-01-08
8249,Apex Defense Components,ADC,122,157,delivered,2023-12-10,2023-12-15
8250,Granite State Components,GSC,103,994,pending,2026-05-09,2026-06-04
8251,Keystone Industrial Supply,KIS,313,437,shipped,2024-05-03,2024-05-21
8252,Prairie Technical Components,PTC,663,815,delivered,2023-06-17,2023-07-03
8253,Liberty Mechanical Systems,LMS,547,232,pending,2024-01-19,2024-01-31
8254,Frontier Aviation Components,FAC,831,380,delivered,2026-06-21,2026-06-22
8255,Titan Mobility Systems,TMS,984,706,shipped,2026-01-10,2026-01-24
8256,Frontier Aviation Components,FAC,441,408,delivered,2025-01-11,2025-01-23
8257,Evergreen Field Support,EFS,890,101,delivered,2023-07-05,2023-07-14
8258,Titan Mobility Systems,TMS,415,686,pending,2025-07-21,2025-07-22
8259,Sentinel Equipment Supply,SES,675,540,delivered,2023-07-28,2023-07-29
8260,Titan Mobility Systems,TMS,841,202,pending,2026-04-19,2026-04-30
8261,Atlas Ground Support,AGS,849,816,pending,2024-09-04,2024-10-04
8262,Evergreen Field Support,EFS,957,160,shipped,2025-11-20,2025-12-14
8263,Heritage Logistics Supply,HLS,357,412,delivered,2024-11-17,2024-11-30
8264,Prairie Technical Components,PTC,273,437,shipped,2023-11-12,2023-12-07
8265,Trident Marine Components,TMC,302,182,pending,2025-03-28,2025-03-30
8266,Gulf Coast Maintenance Parts,GCMP,991,908,shipped,2025-04-17,2025-04-21
8267,Cascade Aerospace Systems,CAS,918,389,shipped,2026-03-27,2026-03-30
8268,Evergreen Field Support,EFS,606,18,shipped,2025-04-24,2025-04-29
8269,Harborline Industrial Supply,HIS,540,141,delivered,2023-09-16,2023-10-11
8270,Titan Mobility Systems,TMS,942,512,shipped,2023-08-28,2023-09-09
8271,Gulf Coast Maintenance Parts,GCMP,636,950,shipped,2023-01-16,2023-02-01
8272,Compass Maritime Supply,CMS,188,293,delivered,2026-05-07,2026-05-19
8273,Sterling Power Systems,SPS,820,727,pending,2026-05-14,2026-05-22
8274,Ironclad Industrial Systems,IIS,198,77,shipped,2024-10-22,2024-11-06
8275,Cascade Aerospace Systems,CAS,646,214,delivered,2024-11-27,2024-11-29
8276,Prairie Technical Components,PTC,831,874,shipped,2026-07-21,2026-08-08
8277,Compass Maritime Supply,CMS,1,462,shipped,2025-02-06,2025-02-16
8278,Blue Ridge Defense Manufacturing,BRDM,619,967,delivered,2024-11-24,2024-12-04
8279,Compass Maritime Supply,CMS,785,256,shipped,2026-10-21,2026-11-15
8280,Lone Star Equipment Group,LSEG,322,238,delivered,2026-04-25,2026-04-26
8281,Harborline Industrial Supply,HIS,264,723,shipped,2023-04-20,2023-04-27
8282,Heritage Logistics Supply,HLS,710,77,shipped,2024-04-02,2024-04-28
8283,Ironclad Industrial Systems,IIS,308,231,delivered,2026-11-13,2026-11-19
8284,Granite State Components,GSC,520,298,delivered,2024-06-23,2024-07-05
8285,Frontier Aviation Components,FAC,784,420,pending,2023-01-24,2023-02-17
8286,Liberty Mechanical Systems,LMS,575,99,delivered,2023-10-28,2023-11-09
8287,Apex Defense Components,ADC,385,139,pending,2023-10-24,2023-11-19
8288,Apex Defense Components,ADC,662,949,shipped,2026-08-19,2026-09-03
8289,Apex Defense Components,ADC,695,221,pending,2025-09-11,2025-10-01
8290,Liberty Mechanical Systems,LMS,224,922,pending,2024-11-22,2024-12-16
8291,Titan Mobility Systems,TMS,563,38,shipped,2024-04-07,2024-05-04
8292,Keystone Industrial Supply,KIS,979,533,shipped,2025-01-17,2025-01-19
8293,Blue Ridge Defense Manufacturing,BRDM,65,561,pending,2024-04-23,2024-05-03
8294,Titan Mobility Systems,TMS,156,681,pending,2024-12-19,2025-01-16
8295,Ranger Vehicle Parts,RVP,150,918,shipped,2024-02-01,2024-02-02
8296,Gulf Coast Maintenance Parts,GCMP,946,324,pending,2024-12-17,2025-01-15
8297,Titan Mobility Systems,TMS,120,837,delivered,2023-05-24,2023-06-23
8298,Apex Defense Components,ADC,549,668,delivered,2025-06-13,2025-06-18
8299,Atlas Ground Support,AGS,139,953,shipped,2024-09-07,2024-09-21
8300,Atlas Ground Support,AGS,13,544,delivered,2023-12-26,2024-01-17
8301,Pinnacle Hydraulic Systems,PHS,627,316,delivered,2026-04-23,2026-05-15
8302,Falcon Electronics Group,FEG,628,928,pending,2025-10-03,2025-10-12
8303,Keystone Industrial Supply,KIS,996,604,pending,2024-03-01,2024-03-14
8304,Falcon Electronics Group,FEG,692,539,delivered,2025-03-22,2025-04-20
8305,Redstone Logistics Group,RLG,449,914,delivered,2024-04-07,2024-05-01
8306,Vector Aerospace Supply,VAS,454,760,shipped,2026-02-21,2026-03-21
8307,Pinnacle Hydraulic Systems,PHS,354,615,shipped,2025-07-01,2025-07-26
8308,Vector Aerospace Supply,VAS,428,41,shipped,2025-02-21,2025-03-01
8309,Atlas Ground Support,AGS,545,550,delivered,2024-05-08,2024-05-25
8310,Sentinel Equipment Supply,SES,574,911,shipped,2026-02-28,2026-03-20
8311,Lone Star Equipment Group,LSEG,879,257,pending,2025-01-06,2025-02-05
8312,Prairie Technical Components,PTC,527,40,delivered,2025-11-15,2025-12-04
8313,Titan Mobility Systems,TMS,691,275,shipped,2023-03-19,2023-03-31
8314,Gulf Coast Maintenance Parts,GCMP,632,431,delivered,2026-02-28,2026-03-07
8315,Blue Ridge Defense Manufacturing,BRDM,212,995,pending,2024-11-09,2024-12-03
8316,Prairie Technical Components,PTC,569,718,delivered,2026-08-01,2026-08-31
8317,Keystone Industrial Supply,KIS,952,236,delivered,2025-03-28,2025-04-01
8318,Atlas Ground Support,AGS,855,162,delivered,2026-07-14,2026-07-26
8319,Compass Maritime Supply,CMS,670,952,shipped,2026-09-14,2026-09-29
8320,Apex Defense Components,ADC,707,347,shipped,2025-09-01,2025-09-06
8321,Heritage Logistics Supply,HLS,904,597,pending,2024-10-10,2024-11-04
8322,Heritage Logistics Supply,HLS,999,428,delivered,2025-03-13,2025-03-16
8323,Ranger Vehicle Parts,RVP,691,892,delivered,2024-12-21,2025-01-14
8324,Northstar Defense Supply,NDS,92,315,delivered,2026-03-08,2026-03-24
8325,Falcon Electronics Group,FEG,725,18,shipped,2025-10-16,2025-11-05
8326,Liberty Mechanical Systems,LMS,908,378,pending,2024-01-12,2024-01-17
8327,Compass Maritime Supply,CMS,796,480,shipped,2026-01-24,2026-02-04
8328,Compass Maritime Supply,CMS,897,487,delivered,2024-02-07,2024-02-22
8329,Harborline Industrial Supply,HIS,233,818,pending,2023-05-20,2023-06-01
8330,Keystone Industrial Supply,KIS,152,678,shipped,2025-09-25,2025-10-04
8331,Keystone Industrial Supply,KIS,380,549,shipped,2026-05-06,2026-05-28
8332,Lone Star Equipment Group,LSEG,362,352,pending,2025-06-02,2025-06-24
8333,Atlas Ground Support,AGS,423,292,delivered,2024-03-13,2024-04-11
8334,Granite State Components,GSC,444,788,pending,2026-07-14,2026-08-13
8335,Sterling Power Systems,SPS,316,330,delivered,2024-03-21,2024-03-22
8336,Trident Marine Components,TMC,257,803,pending,2023-07-25,2023-08-07
8337,Falcon Electronics Group,FEG,332,774,shipped,2023-04-22,2023-05-15
8338,Patriot Precision Parts,PPP,972,869,pending,2026-05-19,2026-06-01
8339,Vector Aerospace Supply,VAS,105,967,pending,2023-04-22,2023-05-18
8340,Blue Ridge Defense Manufacturing,BRDM,954,522,pending,2025-10-02,2025-10-05
8341,Titan Mobility Systems,TMS,672,601,shipped,2023-04-06,2023-04-25
8342,Patriot Precision Parts,PPP,501,208,delivered,2025-01-16,2025-01-27
8343,Ironclad Industrial Systems,IIS,382,547,shipped,2025-11-02,2025-11-20
8344,Blue Ridge Defense Manufacturing,BRDM,919,122,pending,2025-07-14,2025-07-20
8345,Summit Tactical Supply,STS,607,417,shipped,2025-05-24,2025-06-02
8346,Keystone Industrial Supply,KIS,408,519,pending,2025-04-05,2025-04-08
8347,Patriot Precision Parts,PPP,69,826,delivered,2026-09-28,2026-10-14
8348,Liberty Mechanical Systems,LMS,423,731,pending,2026-05-16,2026-05-20
8349,Ranger Vehicle Parts,RVP,339,246,delivered,2026-10-02,2026-10-12
8350,Cedar Valley Manufacturing,CVM,206,225,pending,2025-02-06,2025-02-10
8351,Lone Star Equipment Group,LSEG,484,175,shipped,2025-07-05,2025-07-13
8352,Gulf Coast Maintenance Parts,GCMP,491,250,shipped,2024-03-25,2024-04-11
8353,Heritage Logistics Supply,HLS,855,868,delivered,2025-05-09,2025-05-18
8354,Sterling Power Systems,SPS,668,303,delivered,2023-12-12,2023-12-24
8355,Titan Mobility Systems,TMS,177,904,pending,2023-06-23,2023-07-23
8356,Granite State Components,GSC,899,424,shipped,2026-10-07,2026-11-01
8357,Cedar Valley Manufacturing,CVM,186,105,pending,2024-08-05,2024-08-29
8358,Gulf Coast Maintenance Parts,GCMP,989,339,delivered,2023-03-09,2023-03-18
8359,Liberty Mechanical Systems,LMS,706,312,shipped,2026-10-25,2026-11-22
8360,Falcon Electronics Group,FEG,324,2,delivered,2023-04-13,2023-04-17
8361,Falcon Electronics Group,FEG,1,3,delivered,2025-09-25,2025-09-26
8362,Mesa Tactical Manufacturing,MTM,589,418,pending,2025-07-07,2025-07-13
8363,Keystone Industrial Supply,KIS,239,796,pending,2026-06-27,2026-07-17
8364,Apex Defense Components,ADC,61,21,delivered,2023-03-23,2023-03-24
8365,Compass Maritime Supply,CMS,656,768,shipped,2025-08-05,2025-08-31
8366,Prairie Technical Components,PTC,115,827,delivered,2024-04-01,2024-04-11
8367,Falcon Electronics Group,FEG,956,844,shipped,2025-06-06,2025-06-25
8368,Liberty Mechanical Systems,LMS,447,710,delivered,2024-02-03,2024-02-27
8369,Trident Marine Components,TMC,937,465,pending,2026-02-13,2026-03-05
8370,Lone Star Equipment Group,LSEG,671,157,pending,2024-04-20,2024-05-18
8371,Ironclad Industrial Systems,IIS,730,906,delivered,2025-09-10,2025-09-21
8372,Trident Marine Components,TMC,302,1,pending,2024-12-04,2024-12-16
8373,Granite State Components,GSC,756,362,shipped,2023-02-12,2023-02-25
8374,Northstar Defense Supply,NDS,956,256,shipped,2024-02-28,2024-03-10
8375,Keystone Industrial Supply,KIS,913,648,pending,2024-10-09,2024-11-04
8376,Titan Mobility Systems,TMS,208,209,shipped,2023-12-02,2023-12-07
8377,Gulf Coast Maintenance Parts,GCMP,440,740,pending,2024-09-09,2024-09-24
8378,Northstar Defense Supply,NDS,141,332,delivered,2026-11-10,2026-11-11
8379,Ironclad Industrial Systems,IIS,378,347,pending,2023-08-22,2023-09-01
8380,Lone Star Equipment Group,LSEG,202,861,delivered,2026-02-02,2026-02-12
8381,Frontier Aviation Components,FAC,707,621,pending,2023-11-10,2023-11-28
8382,Gulf Coast Maintenance Parts,GCMP,703,820,shipped,2026-12-15,2026-12-28
8383,Liberty Mechanical Systems,LMS,236,845,shipped,2026-03-01,2026-03-29
8384,Compass Maritime Supply,CMS,685,943,shipped,2024-09-24,2024-10-13
8385,Cedar Valley Manufacturing,CVM,861,267,shipped,2025-12-02,2025-12-14
8386,Cascade Aerospace Systems,CAS,447,768,pending,2024-11-22,2024-12-15
8387,Liberty Mechanical Systems,LMS,885,709,delivered,2023-04-12,2023-05-05
8388,Frontier Aviation Components,FAC,961,627,delivered,2025-05-28,2025-06-14
8389,Compass Maritime Supply,CMS,469,854,pending,2026-08-22,2026-09-12
8390,Heritage Logistics Supply,HLS,371,211,shipped,2023-08-22,2023-09-19
8391,Blue Ridge Defense Manufacturing,BRDM,693,887,shipped,2023-01-13,2023-01-23
8392,Summit Tactical Supply,STS,54,243,delivered,2024-02-28,2024-03-21
8393,Gulf Coast Maintenance Parts,GCMP,606,695,pending,2026-06-04,2026-06-10
8394,Pinnacle Hydraulic Systems,PHS,238,649,shipped,2024-10-21,2024-11-05
8395,Patriot Precision Parts,PPP,239,799,shipped,2026-11-17,2026-12-15
8396,Blue Ridge Defense Manufacturing,BRDM,257,417,pending,2026-08-06,2026-08-31
8397,Gulf Coast Maintenance Parts,GCMP,856,347,delivered,2024-05-19,2024-06-08
8398,Cedar Valley Manufacturing,CVM,929,734,delivered,2025-09-26,2025-10-11
8399,Vector Aerospace Supply,VAS,353,472,delivered,2023-05-21,2023-06-17
8400,Compass Maritime Supply,CMS,530,455,shipped,2025-01-10,2025-01-18
8401,Trident Marine Components,TMC,243,549,shipped,2023-05-13,2023-05-26
8402,Sterling Power Systems,SPS,84,408,pending,2025-02-21,2025-03-13
8403,Atlas Ground Support,AGS,139,900,pending,2024-09-13,2024-09-23
8404,Prairie Technical Components,PTC,746,69,delivered,2024-08-05,2024-08-16
8405,Liberty Mechanical Systems,LMS,470,563,pending,2026-09-19,2026-09-23
8406,Keystone Industrial Supply,KIS,961,684,shipped,2026-06-06,2026-06-22
8407,Falcon Electronics Group,FEG,483,101,shipped,2023-03-11,2023-03-21
8408,Blue Ridge Defense Manufacturing,BRDM,619,572,shipped,2025-05-12,2025-05-21
8409,Atlas Ground Support,AGS,851,510,pending,2024-09-28,2024-10-07
8410,Compass Maritime Supply,CMS,452,588,delivered,2024-12-19,2024-12-30
8411,Compass Maritime Supply,CMS,938,227,delivered,2024-05-03,2024-05-31
8412,Vector Aerospace Supply,VAS,202,603,shipped,2025-02-26,2025-03-23
8413,Titan Mobility Systems,TMS,153,467,delivered,2024-10-27,2024-10-31
8414,Cascade Aerospace Systems,CAS,949,332,delivered,2026-02-07,2026-03-05
8415,Frontier Aviation Components,FAC,513,268,shipped,2026-01-28,2026-02-10
8416,Evergreen Field Support,EFS,234,862,shipped,2024-12-06,2025-01-03
8417,Sterling Power Systems,SPS,867,966,shipped,2025-11-03,2025-11-19
8418,Compass Maritime Supply,CMS,439,356,shipped,2025-01-13,2025-01-27
8419,Evergreen Field Support,EFS,143,596,delivered,2026-12-19,2026-12-31
8420,Northstar Defense Supply,NDS,349,420,delivered,2025-06-26,2025-07-17
8421,Ranger Vehicle Parts,RVP,860,566,shipped,2023-10-18,2023-10-21
8422,Keystone Industrial Supply,KIS,525,906,pending,2024-03-07,2024-03-15
8423,Frontier Aviation Components,FAC,446,795,delivered,2024-12-08,2025-01-05
8424,Titan Mobility Systems,TMS,782,447,shipped,2024-04-18,2024-05-04
8425,Lone Star Equipment Group,LSEG,729,783,shipped,2026-08-15,2026-08-21
8426,Granite State Components,GSC,241,607,delivered,2025-10-13,2025-10-23
8427,Summit Tactical Supply,STS,670,495,delivered,2024-02-10,2024-02-14
8428,Compass Maritime Supply,CMS,736,100,pending,2023-09-05,2023-09-12
8429,Frontier Aviation Components,FAC,711,355,pending,2026-03-24,2026-04-21
8430,Harborline Industrial Supply,HIS,714,897,shipped,2023-07-11,2023-08-09
8431,Patriot Precision Parts,PPP,566,348,pending,2026-05-16,2026-05-26
8432,Sentinel Equipment Supply,SES,217,482,pending,2026-07-09,2026-07-27
8433,Titan Mobility Systems,TMS,564,486,delivered,2024-10-17,2024-11-09
8434,Titan Mobility Systems,TMS,333,831,delivered,2025-08-09,2025-08-24
8435,Ironclad Industrial Systems,IIS,177,590,shipped,2025-08-05,2025-08-14
8436,Frontier Aviation Components,FAC,426,453,pending,2025-02-15,2025-02-18
8437,Falcon Electronics Group,FEG,628,351,pending,2023-09-21,2023-10-21
8438,Redstone Logistics Group,RLG,712,809,delivered,2024-10-18,2024-11-10
8439,Vector Aerospace Supply,VAS,687,490,pending,2025-03-04,2025-03-19
8440,Pinnacle Hydraulic Systems,PHS,509,401,pending,2026-11-13,2026-11-14
8441,Vector Aerospace Supply,VAS,643,156,delivered,2026-06-28,2026-07-13
8442,Compass Maritime Supply,CMS,243,585,pending,2026-08-18,2026-09-09
8443,Trident Marine Components,TMC,20,15,delivered,2023-08-25,2023-08-27
8444,Compass Maritime Supply,CMS,727,130,pending,2023-09-22,2023-10-05
8445,Atlas Ground Support,AGS,567,102,shipped,2026-11-15,2026-12-10
8446,Harborline Industrial Supply,HIS,658,353,shipped,2025-08-18,2025-09-09
8447,Lone Star Equipment Group,LSEG,347,278,shipped,2026-12-05,2026-12-25
8448,Patriot Precision Parts,PPP,226,410,pending,2026-07-11,2026-08-02
8449,Northstar Defense Supply,NDS,317,977,shipped,2023-12-04,2023-12-20
8450,Heritage Logistics Supply,HLS,630,821,delivered,2023-07-19,2023-08-15
8451,Harborline Industrial Supply,HIS,78,893,shipped,2026-03-22,2026-04-11
8452,Cascade Aerospace Systems,CAS,827,36,pending,2026-09-22,2026-10-21
8453,Granite State Components,GSC,736,344,shipped,2023-07-12,2023-07-30
8454,Summit Tactical Supply,STS,700,578,pending,2026-09-05,2026-09-27
8455,Compass Maritime Supply,CMS,823,302,delivered,2023-09-25,2023-10-02
8456,Trident Marine Components,TMC,603,159,pending,2024-11-26,2024-12-07
8457,Harborline Industrial Supply,HIS,29,73,delivered,2025-08-26,2025-09-08
8458,Apex Defense Components,ADC,751,681,shipped,2023-12-11,2023-12-18
8459,Frontier Aviation Components,FAC,740,69,delivered,2025-03-21,2025-04-09
8460,Prairie Technical Components,PTC,598,213,delivered,2025-06-26,2025-07-26
8461,Sterling Power Systems,SPS,864,739,delivered,2026-12-22,2027-01-20
8462,Mesa Tactical Manufacturing,MTM,923,556,pending,2023-04-10,2023-04-25
8463,Falcon Electronics Group,FEG,40,263,pending,2025-11-15,2025-12-13
8464,Frontier Aviation Components,FAC,753,366,pending,2026-08-19,2026-09-02
8465,Compass Maritime Supply,CMS,400,107,shipped,2023-11-06,2023-11-25
8466,Mesa Tactical Manufacturing,MTM,370,129,shipped,2024-07-11,2024-07-28
8467,Cascade Aerospace Systems,CAS,827,775,shipped,2023-07-16,2023-07-26
8468,Granite State Components,GSC,64,750,shipped,2023-01-08,2023-02-06
8469,Heritage Logistics Supply,HLS,509,771,pending,2026-01-07,2026-01-17
8470,Sterling Power Systems,SPS,304,58,shipped,2026-04-26,2026-05-03
8471,Compass Maritime Supply,CMS,240,626,pending,2026-06-02,2026-06-21
8472,Ironclad Industrial Systems,IIS,808,340,delivered,2026-07-14,2026-08-09
8473,Granite State Components,GSC,998,448,pending,2023-07-24,2023-08-06
8474,Evergreen Field Support,EFS,772,335,shipped,2023-09-05,2023-09-20
8475,Trident Marine Components,TMC,757,983,delivered,2023-01-17,2023-02-02
8476,Redstone Logistics Group,RLG,418,14,delivered,2026-10-07,2026-10-30
8477,Gulf Coast Maintenance Parts,GCMP,294,67,pending,2025-02-12,2025-03-06
8478,Northstar Defense Supply,NDS,239,714,delivered,2026-09-10,2026-10-07
8479,Granite State Components,GSC,273,912,delivered,2025-12-16,2025-12-20
8480,Trident Marine Components,TMC,357,818,pending,2025-04-26,2025-05-16
8481,Ironclad Industrial Systems,IIS,829,785,pending,2026-12-16,2027-01-04
8482,Cascade Aerospace Systems,CAS,396,747,delivered,2023-09-20,2023-10-16
8483,Keystone Industrial Supply,KIS,13,429,delivered,2023-11-17,2023-12-04
8484,Apex Defense Components,ADC,248,323,shipped,2024-09-08,2024-09-27
8485,Lone Star Equipment Group,LSEG,574,734,pending,2024-12-27,2025-01-03
8486,Harborline Industrial Supply,HIS,653,451,delivered,2026-06-18,2026-07-15
8487,Keystone Industrial Supply,KIS,865,65,pending,2023-12-12,2023-12-24
8488,Heritage Logistics Supply,HLS,981,577,shipped,2024-07-12,2024-07-27
8489,Sterling Power Systems,SPS,342,337,pending,2024-11-09,2024-11-18
8490,Keystone Industrial Supply,KIS,719,178,pending,2023-07-18,2023-07-29
8491,Cascade Aerospace Systems,CAS,1000,461,pending,2023-02-12,2023-02-13
8492,Sterling Power Systems,SPS,210,543,delivered,2023-03-23,2023-03-24
8493,Compass Maritime Supply,CMS,94,851,delivered,2026-10-02,2026-10-26
8494,Evergreen Field Support,EFS,983,889,shipped,2025-02-01,2025-02-10
8495,Pinnacle Hydraulic Systems,PHS,767,3,delivered,2024-02-04,2024-02-10
8496,Ironclad Industrial Systems,IIS,670,591,pending,2023-12-28,2024-01-02
8497,Sterling Power Systems,SPS,457,715,shipped,2025-03-15,2025-04-03
8498,Blue Ridge Defense Manufacturing,BRDM,992,906,pending,2026-09-16,2026-09-17
8499,Falcon Electronics Group,FEG,221,563,delivered,2023-04-06,2023-04-11
8500,Apex Defense Components,ADC,858,737,shipped,2026-02-15,2026-03-07
8501,Cascade Aerospace Systems,CAS,522,360,pending,2023-11-17,2023-12-12
8502,Lone Star Equipment Group,LSEG,148,474,shipped,2026-03-10,2026-03-27
8503,Keystone Industrial Supply,KIS,1000,58,shipped,2026-04-22,2026-04-23
8504,Compass Maritime Supply,CMS,34,500,shipped,2025-08-06,2025-08-25
8505,Mesa Tactical Manufacturing,MTM,383,464,delivered,2026-10-26,2026-10-30
8506,Atlas Ground Support,AGS,92,529,shipped,2026-11-18,2026-12-15
8507,Liberty Mechanical Systems,LMS,379,545,delivered,2026-11-13,2026-11-24
8508,Vector Aerospace Supply,VAS,249,642,delivered,2026-07-13,2026-07-28
8509,Blue Ridge Defense Manufacturing,BRDM,424,805,delivered,2025-11-13,2025-11-21
8510,Granite State Components,GSC,545,779,delivered,2024-12-10,2024-12-11
8511,Vector Aerospace Supply,VAS,598,505,pending,2023-08-15,2023-08-16
8512,Ironclad Industrial Systems,IIS,437,711,pending,2023-02-20,2023-03-19
8513,Harborline Industrial Supply,HIS,178,736,shipped,2025-07-09,2025-07-27
8514,Cedar Valley Manufacturing,CVM,828,476,pending,2023-06-10,2023-06-16
8515,Gulf Coast Maintenance Parts,GCMP,821,685,delivered,2023-06-06,2023-06-29
8516,Titan Mobility Systems,TMS,734,306,shipped,2024-06-10,2024-07-01
8517,Redstone Logistics Group,RLG,564,313,shipped,2026-10-08,2026-10-13
8518,Sentinel Equipment Supply,SES,912,308,delivered,2026-01-09,2026-01-15
8519,Lone Star Equipment Group,LSEG,759,419,shipped,2023-01-25,2023-02-01
8520,Falcon Electronics Group,FEG,461,847,pending,2024-06-07,2024-06-13
8521,Cedar Valley Manufacturing,CVM,568,487,delivered,2026-07-10,2026-08-02
8522,Patriot Precision Parts,PPP,6,552,delivered,2025-07-05,2025-07-17
8523,Compass Maritime Supply,CMS,198,676,shipped,2026-01-04,2026-01-22
8524,Lone Star Equipment Group,LSEG,307,634,pending,2024-06-25,2024-07-19
8525,Redstone Logistics Group,RLG,355,943,delivered,2026-09-14,2026-10-12
8526,Harborline Industrial Supply,HIS,332,362,delivered,2024-02-22,2024-03-20
8527,Harborline Industrial Supply,HIS,311,511,delivered,2023-03-14,2023-03-20
8528,Evergreen Field Support,EFS,573,126,delivered,2025-01-06,2025-01-17
8529,Evergreen Field Support,EFS,609,692,pending,2023-07-02,2023-07-13
8530,Mesa Tactical Manufacturing,MTM,917,515,shipped,2026-10-13,2026-11-07
8531,Ranger Vehicle Parts,RVP,893,51,delivered,2024-09-05,2024-09-27
8532,Sentinel Equipment Supply,SES,264,253,pending,2023-07-09,2023-07-17
8533,Vector Aerospace Supply,VAS,726,992,delivered,2025-10-25,2025-11-17
8534,Evergreen Field Support,EFS,770,919,delivered,2025-09-09,2025-09-28
8535,Patriot Precision Parts,PPP,461,991,delivered,2023-11-10,2023-12-02
8536,Pinnacle Hydraulic Systems,PHS,519,679,delivered,2023-04-06,2023-04-23
8537,Vector Aerospace Supply,VAS,5,45,pending,2024-05-27,2024-06-15
8538,Blue Ridge Defense Manufacturing,BRDM,264,53,shipped,2025-03-24,2025-03-29
8539,Redstone Logistics Group,RLG,427,734,delivered,2026-09-25,2026-10-01
8540,Prairie Technical Components,PTC,708,778,shipped,2026-02-27,2026-03-06
8541,Falcon Electronics Group,FEG,539,302,shipped,2025-06-14,2025-07-07
8542,Apex Defense Components,ADC,430,602,shipped,2023-04-25,2023-05-01
8543,Ironclad Industrial Systems,IIS,42,509,pending,2025-01-25,2025-02-21
8544,Blue Ridge Defense Manufacturing,BRDM,208,41,shipped,2025-05-08,2025-05-30
8545,Evergreen Field Support,EFS,157,654,pending,2026-12-20,2027-01-02
8546,Granite State Components,GSC,473,285,delivered,2025-04-20,2025-04-29
8547,Granite State Components,GSC,508,142,delivered,2024-01-06,2024-01-09
8548,Trident Marine Components,TMC,989,522,pending,2024-07-06,2024-07-24
8549,Lone Star Equipment Group,LSEG,867,333,pending,2023-06-19,2023-07-04
8550,Titan Mobility Systems,TMS,367,482,pending,2025-05-19,2025-05-23
8551,Redstone Logistics Group,RLG,454,327,pending,2024-12-05,2025-01-02
8552,Evergreen Field Support,EFS,613,852,shipped,2025-01-23,2025-02-14
8553,Granite State Components,GSC,50,36,pending,2023-11-11,2023-12-07
8554,Pinnacle Hydraulic Systems,PHS,591,670,pending,2024-03-06,2024-03-31
8555,Frontier Aviation Components,FAC,65,917,pending,2026-10-18,2026-11-12
8556,Patriot Precision Parts,PPP,678,88,pending,2024-04-28,2024-05-15
8557,Cascade Aerospace Systems,CAS,563,176,pending,2026-06-21,2026-06-26
8558,Evergreen Field Support,EFS,587,469,shipped,2023-05-15,2023-06-11
8559,Patriot Precision Parts,PPP,602,720,delivered,2025-08-09,2025-08-24
8560,Ranger Vehicle Parts,RVP,697,609,delivered,2026-11-10,2026-11-25
8561,Trident Marine Components,TMC,646,861,shipped,2026-07-06,2026-07-22
8562,Patriot Precision Parts,PPP,807,174,shipped,2025-01-07,2025-01-31
8563,Redstone Logistics Group,RLG,202,966,shipped,2025-11-12,2025-12-03
8564,Frontier Aviation Components,FAC,657,604,delivered,2026-09-21,2026-09-25
8565,Trident Marine Components,TMC,615,74,pending,2025-08-01,2025-08-15
8566,Redstone Logistics Group,RLG,83,636,pending,2025-11-01,2025-11-11
8567,Titan Mobility Systems,TMS,810,319,shipped,2023-05-15,2023-05-20
8568,Redstone Logistics Group,RLG,457,409,shipped,2025-07-13,2025-07-27
8569,Lone Star Equipment Group,LSEG,948,763,delivered,2025-07-27,2025-08-16
8570,Cedar Valley Manufacturing,CVM,731,107,delivered,2025-01-16,2025-02-14
8571,Sentinel Equipment Supply,SES,210,597,pending,2026-09-22,2026-09-27
8572,Frontier Aviation Components,FAC,768,857,delivered,2023-10-25,2023-10-31
8573,Ranger Vehicle Parts,RVP,591,483,delivered,2026-12-05,2026-12-21
8574,Northstar Defense Supply,NDS,399,14,delivered,2026-01-28,2026-02-16
8575,Ironclad Industrial Systems,IIS,693,838,pending,2024-11-16,2024-11-29
8576,Apex Defense Components,ADC,218,752,pending,2025-06-24,2025-07-03
8577,Keystone Industrial Supply,KIS,376,732,shipped,2024-01-04,2024-01-17
8578,Keystone Industrial Supply,KIS,808,696,pending,2025-02-18,2025-02-21
8579,Pinnacle Hydraulic Systems,PHS,926,318,pending,2026-04-23,2026-05-23
8580,Blue Ridge Defense Manufacturing,BRDM,663,328,pending,2023-07-24,2023-08-19
8581,Compass Maritime Supply,CMS,359,530,delivered,2025-07-24,2025-08-18
8582,Sentinel Equipment Supply,SES,148,703,delivered,2024-04-18,2024-05-11
8583,Pinnacle Hydraulic Systems,PHS,494,747,shipped,2024-09-27,2024-10-25
8584,Patriot Precision Parts,PPP,576,542,shipped,2024-12-13,2025-01-10
8585,Sentinel Equipment Supply,SES,202,853,delivered,2026-02-18,2026-03-02
8586,Blue Ridge Defense Manufacturing,BRDM,157,571,pending,2024-04-19,2024-05-06
8587,Heritage Logistics Supply,HLS,776,118,pending,2023-10-10,2023-10-31
8588,Lone Star Equipment Group,LSEG,602,757,pending,2026-06-26,2026-07-10
8589,Redstone Logistics Group,RLG,624,58,shipped,2024-01-23,2024-02-18
8590,Apex Defense Components,ADC,766,905,pending,2025-09-27,2025-10-09
8591,Atlas Ground Support,AGS,286,597,delivered,2025-07-20,2025-08-02
8592,Northstar Defense Supply,NDS,999,244,delivered,2023-02-05,2023-02-21
8593,Liberty Mechanical Systems,LMS,962,709,shipped,2026-10-10,2026-10-12
8594,Keystone Industrial Supply,KIS,645,636,delivered,2025-11-04,2025-11-28
8595,Cascade Aerospace Systems,CAS,725,375,delivered,2023-06-12,2023-06-16
8596,Cedar Valley Manufacturing,CVM,598,665,delivered,2025-02-22,2025-03-22
8597,Cedar Valley Manufacturing,CVM,33,786,shipped,2025-07-19,2025-07-26
8598,Mesa Tactical Manufacturing,MTM,140,580,shipped,2023-08-21,2023-09-09
8599,Ironclad Industrial Systems,IIS,508,888,pending,2025-07-19,2025-08-05
8600,Atlas Ground Support,AGS,471,231,shipped,2023-01-04,2023-01-30
8601,Harborline Industrial Supply,HIS,249,985,pending,2024-02-12,2024-02-13
8602,Prairie Technical Components,PTC,595,92,delivered,2025-08-22,2025-09-18
8603,Apex Defense Components,ADC,143,828,delivered,2026-06-04,2026-06-14
8604,Ranger Vehicle Parts,RVP,44,699,shipped,2025-10-17,2025-10-24
8605,Evergreen Field Support,EFS,803,762,shipped,2023-10-25,2023-10-26
8606,Sentinel Equipment Supply,SES,608,610,delivered,2024-09-05,2024-10-05
8607,Mesa Tactical Manufacturing,MTM,330,520,pending,2023-12-28,2024-01-21
8608,Vector Aerospace Supply,VAS,303,895,shipped,2026-02-20,2026-02-27
8609,Ironclad Industrial Systems,IIS,645,91,pending,2024-12-19,2025-01-07
8610,Northstar Defense Supply,NDS,550,887,pending,2026-12-26,2027-01-22
8611,Apex Defense Components,ADC,613,481,pending,2026-07-25,2026-08-11
8612,Frontier Aviation Components,FAC,549,890,delivered,2023-02-28,2023-03-19
8613,Mesa Tactical Manufacturing,MTM,439,924,delivered,2026-03-27,2026-04-24
8614,Sterling Power Systems,SPS,411,305,pending,2024-10-07,2024-10-26
8615,Liberty Mechanical Systems,LMS,641,215,pending,2024-07-27,2024-07-29
8616,Sterling Power Systems,SPS,533,542,delivered,2024-01-18,2024-01-21
8617,Titan Mobility Systems,TMS,935,139,pending,2024-06-28,2024-07-09
8618,Mesa Tactical Manufacturing,MTM,1,898,shipped,2026-01-24,2026-02-03
8619,Keystone Industrial Supply,KIS,985,488,shipped,2024-12-16,2025-01-02
8620,Mesa Tactical Manufacturing,MTM,876,943,pending,2026-07-02,2026-07-06
8621,Redstone Logistics Group,RLG,741,474,delivered,2026-01-18,2026-02-13
8622,Evergreen Field Support,EFS,702,817,delivered,2023-04-24,2023-04-27
8623,Vector Aerospace Supply,VAS,574,654,delivered,2026-12-24,2027-01-17
8624,Patriot Precision Parts,PPP,430,605,delivered,2025-01-03,2025-01-07
8625,Granite State Components,GSC,599,399,shipped,2024-04-25,2024-05-15
8626,Mesa Tactical Manufacturing,MTM,977,287,delivered,2023-12-10,2023-12-14
8627,Redstone Logistics Group,RLG,708,282,pending,2023-11-23,2023-12-14
8628,Apex Defense Components,ADC,722,1,shipped,2023-01-07,2023-02-03
8629,Compass Maritime Supply,CMS,101,211,shipped,2026-10-02,2026-10-19
8630,Blue Ridge Defense Manufacturing,BRDM,378,187,pending,2025-03-04,2025-03-05
8631,Vector Aerospace Supply,VAS,587,808,delivered,2024-12-13,2024-12-18
8632,Northstar Defense Supply,NDS,114,850,pending,2023-11-21,2023-12-18
8633,Liberty Mechanical Systems,LMS,387,495,pending,2023-08-22,2023-08-28
8634,Ironclad Industrial Systems,IIS,180,441,shipped,2026-09-01,2026-09-22
8635,Cedar Valley Manufacturing,CVM,612,980,delivered,2025-11-27,2025-12-16
8636,Northstar Defense Supply,NDS,310,211,delivered,2026-07-11,2026-07-23
8637,Ranger Vehicle Parts,RVP,581,353,pending,2025-02-17,2025-02-21
8638,Sterling Power Systems,SPS,596,923,shipped,2026-08-25,2026-09-17
8639,Gulf Coast Maintenance Parts,GCMP,668,887,delivered,2025-01-22,2025-02-11
8640,Evergreen Field Support,EFS,914,468,delivered,2024-10-01,2024-10-04
8641,Gulf Coast Maintenance Parts,GCMP,464,153,shipped,2026-04-27,2026-05-27
8642,Pinnacle Hydraulic Systems,PHS,761,682,delivered,2026-02-07,2026-02-20
8643,Titan Mobility Systems,TMS,561,111,pending,2023-11-23,2023-12-14
8644,Northstar Defense Supply,NDS,567,387,shipped,2023-07-19,2023-08-18
8645,Patriot Precision Parts,PPP,788,247,shipped,2023-09-08,2023-09-16
8646,Apex Defense Components,ADC,240,0,pending,2023-08-25,2023-08-31
8647,Frontier Aviation Components,FAC,590,698,shipped,2024-10-15,2024-11-05
8648,Liberty Mechanical Systems,LMS,336,194,delivered,2025-11-20,2025-11-28
8649,Patriot Precision Parts,PPP,100,624,pending,2024-04-25,2024-05-25
8650,Sterling Power Systems,SPS,812,119,shipped,2023-10-06,2023-10-22
8651,Ironclad Industrial Systems,IIS,404,786,shipped,2026-03-06,2026-03-21
8652,Falcon Electronics Group,FEG,187,840,delivered,2023-01-17,2023-02-03
8653,Granite State Components,GSC,644,566,pending,2025-01-01,2025-01-14
8654,Sentinel Equipment Supply,SES,636,390,delivered,2025-04-16,2025-05-01
8655,Evergreen Field Support,EFS,153,857,delivered,2023-10-16,2023-10-30
8656,Sentinel Equipment Supply,SES,879,93,pending,2024-07-02,2024-07-03
8657,Cascade Aerospace Systems,CAS,328,781,delivered,2023-10-25,2023-11-11
8658,Titan Mobility Systems,TMS,336,586,shipped,2026-08-17,2026-09-13
8659,Compass Maritime Supply,CMS,606,817,shipped,2023-08-15,2023-08-20
8660,Vector Aerospace Supply,VAS,593,615,shipped,2023-01-21,2023-02-16
8661,Ironclad Industrial Systems,IIS,15,44,shipped,2023-09-28,2023-09-30
8662,Titan Mobility Systems,TMS,272,367,shipped,2023-07-08,2023-07-10
8663,Harborline Industrial Supply,HIS,360,751,delivered,2026-01-11,2026-01-15
8664,Ranger Vehicle Parts,RVP,209,809,pending,2023-11-26,2023-11-27
8665,Trident Marine Components,TMC,39,647,pending,2023-11-04,2023-11-12
8666,Redstone Logistics Group,RLG,31,578,pending,2024-10-12,2024-10-23
8667,Prairie Technical Components,PTC,456,426,delivered,2025-06-19,2025-06-27
8668,Summit Tactical Supply,STS,508,565,shipped,2025-03-07,2025-03-31
8669,Sentinel Equipment Supply,SES,91,282,shipped,2024-02-22,2024-03-11
8670,Mesa Tactical Manufacturing,MTM,299,273,pending,2026-09-07,2026-09-23
8671,Apex Defense Components,ADC,154,296,shipped,2023-03-18,2023-04-06
8672,Atlas Ground Support,AGS,688,937,shipped,2026-02-28,2026-03-01
8673,Redstone Logistics Group,RLG,970,973,pending,2023-08-07,2023-08-12
8674,Lone Star Equipment Group,LSEG,122,413,pending,2024-07-04,2024-07-08
8675,Redstone Logistics Group,RLG,952,410,delivered,2025-07-11,2025-07-14
8676,Gulf Coast Maintenance Parts,GCMP,554,749,delivered,2023-12-13,2023-12-25
8677,Trident Marine Components,TMC,531,987,pending,2026-03-11,2026-03-19
8678,Ranger Vehicle Parts,RVP,940,613,delivered,2023-07-02,2023-07-11
8679,Ranger Vehicle Parts,RVP,780,576,delivered,2026-10-20,2026-10-30
8680,Cascade Aerospace Systems,CAS,500,702,pending,2024-01-19,2024-02-05
8681,Harborline Industrial Supply,HIS,815,829,shipped,2025-11-10,2025-12-10
8682,Mesa Tactical Manufacturing,MTM,637,890,shipped,2025-11-24,2025-12-01
8683,Sterling Power Systems,SPS,618,745,delivered,2023-04-26,2023-05-12
8684,Cascade Aerospace Systems,CAS,530,389,pending,2026-03-03,2026-03-22
8685,Mesa Tactical Manufacturing,MTM,345,264,delivered,2024-06-09,2024-06-10
8686,Cascade Aerospace Systems,CAS,365,638,shipped,2024-06-19,2024-07-15
8687,Heritage Logistics Supply,HLS,443,530,pending,2024-04-14,2024-04-28
8688,Cedar Valley Manufacturing,CVM,22,173,delivered,2023-09-25,2023-10-21
8689,Heritage Logistics Supply,HLS,6,330,delivered,2026-09-04,2026-09-29
8690,Keystone Industrial Supply,KIS,427,80,pending,2025-03-18,2025-04-05
8691,Sentinel Equipment Supply,SES,896,398,pending,2025-01-22,2025-01-23
8692,Redstone Logistics Group,RLG,904,600,delivered,2025-11-22,2025-12-14
8693,Lone Star Equipment Group,LSEG,608,546,delivered,2025-12-06,2025-12-28
8694,Trident Marine Components,TMC,734,947,pending,2026-11-20,2026-12-19
8695,Redstone Logistics Group,RLG,708,474,shipped,2025-10-07,2025-11-06
8696,Pinnacle Hydraulic Systems,PHS,873,955,shipped,2024-05-26,2024-05-31
8697,Atlas Ground Support,AGS,100,617,shipped,2023-05-23,2023-06-02
8698,Mesa Tactical Manufacturing,MTM,920,484,delivered,2023-07-26,2023-08-05
8699,Patriot Precision Parts,PPP,873,860,pending,2025-06-08,2025-06-22
8700,Sentinel Equipment Supply,SES,713,111,shipped,2023-12-15,2024-01-13
8701,Blue Ridge Defense Manufacturing,BRDM,144,705,delivered,2024-02-21,2024-03-12
8702,Granite State Components,GSC,303,311,delivered,2024-02-14,2024-02-19
8703,Pinnacle Hydraulic Systems,PHS,136,962,shipped,2025-03-02,2025-03-12
8704,Cedar Valley Manufacturing,CVM,807,478,pending,2024-05-15,2024-05-30
8705,Cedar Valley Manufacturing,CVM,37,555,delivered,2023-01-28,2023-02-10
8706,Ranger Vehicle Parts,RVP,28,40,shipped,2023-12-20,2024-01-15
8707,Blue Ridge Defense Manufacturing,BRDM,35,410,shipped,2023-04-03,2023-04-06
8708,Lone Star Equipment Group,LSEG,816,603,delivered,2026-11-11,2026-11-20
8709,Ranger Vehicle Parts,RVP,928,571,delivered,2025-11-08,2025-12-05
8710,Harborline Industrial Supply,HIS,771,166,pending,2026-11-19,2026-11-21
8711,Titan Mobility Systems,TMS,182,172,delivered,2024-12-27,2025-01-15
8712,Patriot Precision Parts,PPP,228,730,pending,2026-11-28,2026-12-09
8713,Prairie Technical Components,PTC,615,219,pending,2026-07-11,2026-07-13
8714,Liberty Mechanical Systems,LMS,998,965,delivered,2026-09-02,2026-09-12
8715,Harborline Industrial Supply,HIS,331,891,delivered,2024-04-22,2024-04-27
8716,Compass Maritime Supply,CMS,719,269,shipped,2025-06-16,2025-06-30
8717,Granite State Components,GSC,431,972,shipped,2026-08-19,2026-09-08
8718,Cascade Aerospace Systems,CAS,6,486,pending,2024-12-04,2024-12-12
8719,Heritage Logistics Supply,HLS,491,180,delivered,2025-04-24,2025-05-21
8720,Pinnacle Hydraulic Systems,PHS,677,128,shipped,2025-06-17,2025-06-22
8721,Falcon Electronics Group,FEG,344,132,shipped,2024-12-04,2024-12-09
8722,Heritage Logistics Supply,HLS,304,606,delivered,2026-10-04,2026-10-23
8723,Sentinel Equipment Supply,SES,131,708,pending,2024-03-16,2024-03-29
8724,Vector Aerospace Supply,VAS,687,303,shipped,2025-04-09,2025-04-19
8725,Summit Tactical Supply,STS,101,382,pending,2025-11-10,2025-12-02
8726,Heritage Logistics Supply,HLS,507,323,shipped,2023-06-06,2023-06-13
8727,Cedar Valley Manufacturing,CVM,747,661,delivered,2024-07-18,2024-07-20
8728,Lone Star Equipment Group,LSEG,207,387,pending,2023-12-21,2023-12-25
8729,Mesa Tactical Manufacturing,MTM,16,841,delivered,2023-11-26,2023-12-09
8730,Heritage Logistics Supply,HLS,504,373,shipped,2025-06-26,2025-07-14
8731,Gulf Coast Maintenance Parts,GCMP,588,692,shipped,2025-11-09,2025-12-09
8732,Evergreen Field Support,EFS,741,185,shipped,2024-06-25,2024-07-25
8733,Patriot Precision Parts,PPP,961,664,pending,2024-07-03,2024-07-31
8734,Gulf Coast Maintenance Parts,GCMP,251,537,pending,2023-09-19,2023-09-24
8735,Trident Marine Components,TMC,58,885,shipped,2023-05-19,2023-05-20
8736,Titan Mobility Systems,TMS,383,580,shipped,2023-12-20,2024-01-07
8737,Heritage Logistics Supply,HLS,681,344,shipped,2023-08-22,2023-09-18
8738,Ranger Vehicle Parts,RVP,526,628,shipped,2024-03-15,2024-03-29
8739,Patriot Precision Parts,PPP,420,141,pending,2025-05-23,2025-05-27
8740,Frontier Aviation Components,FAC,778,311,shipped,2024-07-05,2024-07-06
8741,Redstone Logistics Group,RLG,923,886,pending,2024-07-23,2024-08-09
8742,Gulf Coast Maintenance Parts,GCMP,763,172,pending,2026-07-13,2026-08-04
8743,Pinnacle Hydraulic Systems,PHS,843,132,pending,2025-02-15,2025-02-24
8744,Prairie Technical Components,PTC,376,354,shipped,2023-03-08,2023-03-15
8745,Lone Star Equipment Group,LSEG,376,385,delivered,2023-03-11,2023-03-18
8746,Ironclad Industrial Systems,IIS,438,338,shipped,2023-03-17,2023-03-21
8747,Keystone Industrial Supply,KIS,34,73,pending,2025-07-08,2025-07-13
8748,Blue Ridge Defense Manufacturing,BRDM,35,640,pending,2025-11-17,2025-12-01
8749,Mesa Tactical Manufacturing,MTM,946,968,delivered,2024-04-11,2024-05-08
8750,Summit Tactical Supply,STS,254,819,delivered,2024-01-22,2024-02-11
8751,Cedar Valley Manufacturing,CVM,953,689,pending,2024-12-04,2024-12-09
8752,Pinnacle Hydraulic Systems,PHS,974,656,pending,2023-10-06,2023-11-01
8753,Patriot Precision Parts,PPP,248,408,delivered,2026-03-01,2026-03-12
8754,Trident Marine Components,TMC,885,821,delivered,2026-12-06,2027-01-04
8755,Vector Aerospace Supply,VAS,336,253,shipped,2024-08-03,2024-09-02
8756,Summit Tactical Supply,STS,400,452,shipped,2026-10-13,2026-11-08
8757,Cascade Aerospace Systems,CAS,848,918,pending,2026-04-26,2026-05-20
8758,Patriot Precision Parts,PPP,608,927,shipped,2025-01-22,2025-01-26
8759,Keystone Industrial Supply,KIS,253,900,shipped,2024-03-24,2024-04-21
8760,Atlas Ground Support,AGS,570,715,pending,2023-01-17,2023-02-03
8761,Vector Aerospace Supply,VAS,269,793,shipped,2024-05-10,2024-06-03
8762,Ranger Vehicle Parts,RVP,20,231,shipped,2024-03-17,2024-04-08
8763,Heritage Logistics Supply,HLS,102,668,delivered,2024-01-04,2024-01-30
8764,Harborline Industrial Supply,HIS,537,547,delivered,2025-01-28,2025-02-05
8765,Patriot Precision Parts,PPP,3,789,pending,2025-04-14,2025-04-25
8766,Gulf Coast Maintenance Parts,GCMP,552,324,pending,2025-02-19,2025-03-03
8767,Falcon Electronics Group,FEG,847,226,delivered,2024-07-19,2024-08-01
8768,Evergreen Field Support,EFS,763,647,pending,2023-10-04,2023-10-21
8769,Evergreen Field Support,EFS,275,945,delivered,2024-01-23,2024-02-10
8770,Mesa Tactical Manufacturing,MTM,17,84,shipped,2026-12-09,2026-12-19
8771,Atlas Ground Support,AGS,420,23,pending,2026-11-23,2026-12-17
8772,Apex Defense Components,ADC,561,566,pending,2024-05-20,2024-06-08
8773,Gulf Coast Maintenance Parts,GCMP,320,580,shipped,2026-09-20,2026-09-24
8774,Sterling Power Systems,SPS,465,912,shipped,2023-06-04,2023-06-08
8775,Northstar Defense Supply,NDS,514,162,delivered,2023-04-23,2023-04-30
8776,Ironclad Industrial Systems,IIS,424,498,pending,2023-08-13,2023-09-11
8777,Cascade Aerospace Systems,CAS,245,619,delivered,2026-09-01,2026-09-09
8778,Heritage Logistics Supply,HLS,929,260,shipped,2023-03-01,2023-03-29
8779,Frontier Aviation Components,FAC,150,764,shipped,2023-11-18,2023-12-18
8780,Redstone Logistics Group,RLG,272,824,delivered,2024-05-07,2024-05-22
8781,Evergreen Field Support,EFS,80,454,pending,2024-01-04,2024-01-23
8782,Lone Star Equipment Group,LSEG,206,199,shipped,2026-12-25,2027-01-06
8783,Harborline Industrial Supply,HIS,942,928,pending,2024-08-03,2024-09-02
8784,Vector Aerospace Supply,VAS,560,553,shipped,2026-09-28,2026-10-11
8785,Granite State Components,GSC,479,54,shipped,2025-04-06,2025-04-16
8786,Granite State Components,GSC,257,236,pending,2023-04-04,2023-04-29
8787,Lone Star Equipment Group,LSEG,527,64,shipped,2024-06-03,2024-06-08
8788,Pinnacle Hydraulic Systems,PHS,292,735,pending,2023-04-06,2023-04-16
8789,Ironclad Industrial Systems,IIS,987,746,pending,2023-09-08,2023-10-06
8790,Prairie Technical Components,PTC,975,11,shipped,2025-01-27,2025-02-03
8791,Atlas Ground Support,AGS,145,407,shipped,2023-08-24,2023-09-16
8792,Cascade Aerospace Systems,CAS,227,802,delivered,2026-12-22,2027-01-21
8793,Sterling Power Systems,SPS,127,732,pending,2025-12-02,2025-12-18
8794,Granite State Components,GSC,578,596,pending,2026-10-26,2026-10-28
8795,Evergreen Field Support,EFS,642,286,delivered,2026-05-12,2026-06-05
8796,Cascade Aerospace Systems,CAS,217,788,pending,2025-05-27,2025-06-26
8797,Pinnacle Hydraulic Systems,PHS,174,754,delivered,2023-07-23,2023-08-18
8798,Atlas Ground Support,AGS,765,13,shipped,2026-08-12,2026-09-07
8799,Frontier Aviation Components,FAC,533,606,delivered,2026-02-04,2026-02-15
8800,Trident Marine Components,TMC,996,904,pending,2025-12-26,2026-01-18
8801,Apex Defense Components,ADC,773,125,shipped,2026-02-05,2026-03-02
8802,Cascade Aerospace Systems,CAS,823,596,shipped,2024-01-16,2024-02-09
8803,Summit Tactical Supply,STS,334,547,shipped,2024-02-01,2024-02-25
8804,Titan Mobility Systems,TMS,386,330,shipped,2025-06-04,2025-06-18
8805,Blue Ridge Defense Manufacturing,BRDM,201,495,shipped,2024-10-07,2024-10-27
8806,Apex Defense Components,ADC,117,813,delivered,2026-07-25,2026-08-20
8807,Trident Marine Components,TMC,404,853,shipped,2024-04-05,2024-04-14
8808,Cedar Valley Manufacturing,CVM,337,688,pending,2026-10-21,2026-11-08
8809,Compass Maritime Supply,CMS,45,858,pending,2023-01-22,2023-02-05
8810,Compass Maritime Supply,CMS,446,691,shipped,2025-08-18,2025-09-09
8811,Summit Tactical Supply,STS,712,339,pending,2023-04-24,2023-04-27
8812,Ironclad Industrial Systems,IIS,427,800,delivered,2025-11-18,2025-12-07
8813,Blue Ridge Defense Manufacturing,BRDM,637,914,shipped,2023-07-10,2023-07-26
8814,Gulf Coast Maintenance Parts,GCMP,38,392,shipped,2023-01-14,2023-01-29
8815,Summit Tactical Supply,STS,519,345,delivered,2024-07-22,2024-08-05
8816,Apex Defense Components,ADC,173,905,pending,2025-06-03,2025-06-24
8817,Ranger Vehicle Parts,RVP,799,874,pending,2024-06-06,2024-07-06
8818,Compass Maritime Supply,CMS,649,30,delivered,2023-10-20,2023-10-23
8819,Cedar Valley Manufacturing,CVM,442,240,pending,2023-10-16,2023-10-29
8820,Redstone Logistics Group,RLG,666,180,shipped,2023-04-20,2023-05-20
8821,Heritage Logistics Supply,HLS,498,229,pending,2026-11-06,2026-11-24
8822,Sentinel Equipment Supply,SES,471,515,delivered,2025-06-16,2025-06-25
8823,Lone Star Equipment Group,LSEG,43,417,pending,2023-06-17,2023-06-19
8824,Northstar Defense Supply,NDS,262,771,shipped,2024-09-15,2024-10-12
8825,Patriot Precision Parts,PPP,157,788,delivered,2025-11-22,2025-12-04
8826,Vector Aerospace Supply,VAS,714,466,pending,2024-10-28,2024-11-09
8827,Ironclad Industrial Systems,IIS,832,97,shipped,2025-09-09,2025-10-09
8828,Heritage Logistics Supply,HLS,667,504,shipped,2026-10-20,2026-11-19
8829,Patriot Precision Parts,PPP,976,384,shipped,2026-02-28,2026-03-09
8830,Evergreen Field Support,EFS,120,60,delivered,2025-12-21,2025-12-24
8831,Heritage Logistics Supply,HLS,128,806,pending,2023-09-06,2023-10-01
8832,Blue Ridge Defense Manufacturing,BRDM,843,586,shipped,2024-06-16,2024-07-05
8833,Gulf Coast Maintenance Parts,GCMP,761,846,delivered,2023-08-12,2023-08-20
8834,Harborline Industrial Supply,HIS,191,268,shipped,2025-03-20,2025-04-03
8835,Summit Tactical Supply,STS,689,57,pending,2024-07-11,2024-07-26
8836,Redstone Logistics Group,RLG,723,266,pending,2023-05-17,2023-06-16
8837,Sterling Power Systems,SPS,996,857,delivered,2025-10-26,2025-11-16
8838,Sentinel Equipment Supply,SES,195,272,shipped,2023-08-03,2023-08-11
8839,Summit Tactical Supply,STS,966,390,pending,2026-09-07,2026-10-01
8840,Frontier Aviation Components,FAC,917,491,delivered,2025-04-11,2025-04-23
8841,Granite State Components,GSC,275,288,delivered,2026-04-18,2026-05-08
8842,Titan Mobility Systems,TMS,606,949,pending,2026-08-16,2026-08-28
8843,Northstar Defense Supply,NDS,182,43,pending,2023-08-05,2023-08-18
8844,Blue Ridge Defense Manufacturing,BRDM,152,137,pending,2023-08-23,2023-09-03
8845,Gulf Coast Maintenance Parts,GCMP,455,295,delivered,2024-07-15,2024-08-11
8846,Ironclad Industrial Systems,IIS,986,106,shipped,2024-05-27,2024-06-22
8847,Heritage Logistics Supply,HLS,579,507,delivered,2024-09-23,2024-10-08
8848,Northstar Defense Supply,NDS,272,654,delivered,2026-10-28,2026-11-01
8849,Blue Ridge Defense Manufacturing,BRDM,590,614,delivered,2026-03-26,2026-03-30
8850,Atlas Ground Support,AGS,476,524,delivered,2023-08-11,2023-09-04
8851,Northstar Defense Supply,NDS,286,844,delivered,2024-09-16,2024-10-16
8852,Redstone Logistics Group,RLG,156,459,shipped,2026-01-19,2026-02-01
8853,Atlas Ground Support,AGS,556,320,pending,2025-09-19,2025-09-28
8854,Lone Star Equipment Group,LSEG,933,202,delivered,2026-03-08,2026-03-14
8855,Patriot Precision Parts,PPP,7,35,delivered,2026-11-15,2026-12-10
8856,Redstone Logistics Group,RLG,139,825,delivered,2025-12-03,2025-12-27
8857,Liberty Mechanical Systems,LMS,491,741,shipped,2026-12-07,2026-12-24
8858,Ranger Vehicle Parts,RVP,798,134,pending,2024-10-06,2024-10-16
8859,Granite State Components,GSC,902,535,shipped,2025-11-04,2025-11-11
8860,Keystone Industrial Supply,KIS,536,613,delivered,2023-08-14,2023-09-12
8861,Ranger Vehicle Parts,RVP,508,460,delivered,2023-07-08,2023-08-06
8862,Heritage Logistics Supply,HLS,756,41,delivered,2026-09-25,2026-10-10
8863,Sterling Power Systems,SPS,395,453,shipped,2024-05-12,2024-05-22
8864,Falcon Electronics Group,FEG,711,945,shipped,2023-07-01,2023-07-08
8865,Vector Aerospace Supply,VAS,140,618,shipped,2025-09-20,2025-09-27
8866,Ironclad Industrial Systems,IIS,669,196,pending,2024-04-23,2024-04-24
8867,Apex Defense Components,ADC,405,12,pending,2024-03-12,2024-04-04
8868,Frontier Aviation Components,FAC,778,734,pending,2023-05-14,2023-06-08
8869,Frontier Aviation Components,FAC,323,585,delivered,2023-10-09,2023-10-29
8870,Patriot Precision Parts,PPP,326,137,pending,2026-05-04,2026-05-07
8871,Cascade Aerospace Systems,CAS,564,305,shipped,2024-05-21,2024-06-05
8872,Pinnacle Hydraulic Systems,PHS,607,489,shipped,2023-12-19,2024-01-09
8873,Lone Star Equipment Group,LSEG,564,912,shipped,2026-02-21,2026-03-07
8874,Mesa Tactical Manufacturing,MTM,603,65,delivered,2024-05-01,2024-05-07
8875,Cascade Aerospace Systems,CAS,86,127,shipped,2023-11-03,2023-11-28
8876,Cascade Aerospace Systems,CAS,956,341,shipped,2026-06-25,2026-07-03
8877,Cedar Valley Manufacturing,CVM,705,288,shipped,2026-02-08,2026-03-05
8878,Heritage Logistics Supply,HLS,692,792,delivered,2024-09-28,2024-10-20
8879,Lone Star Equipment Group,LSEG,290,807,pending,2023-03-02,2023-03-20
8880,Falcon Electronics Group,FEG,647,16,delivered,2024-12-17,2024-12-29
8881,Atlas Ground Support,AGS,992,837,delivered,2026-02-07,2026-02-19
8882,Sterling Power Systems,SPS,724,831,pending,2023-08-18,2023-08-26
8883,Heritage Logistics Supply,HLS,184,784,shipped,2026-10-12,2026-11-01
8884,Granite State Components,GSC,84,467,pending,2024-12-19,2024-12-26
8885,Titan Mobility Systems,TMS,800,48,pending,2025-05-11,2025-05-31
8886,Sterling Power Systems,SPS,968,519,pending,2026-05-19,2026-06-02
8887,Liberty Mechanical Systems,LMS,555,437,delivered,2026-06-22,2026-06-28
8888,Harborline Industrial Supply,HIS,112,506,delivered,2025-08-21,2025-09-15
8889,Keystone Industrial Supply,KIS,568,325,shipped,2025-07-12,2025-07-24
8890,Pinnacle Hydraulic Systems,PHS,583,32,delivered,2025-02-28,2025-03-25
8891,Cedar Valley Manufacturing,CVM,241,788,pending,2026-06-22,2026-07-07
8892,Blue Ridge Defense Manufacturing,BRDM,302,916,delivered,2024-04-14,2024-05-06
8893,Frontier Aviation Components,FAC,268,696,shipped,2025-08-04,2025-09-02
8894,Cedar Valley Manufacturing,CVM,779,434,shipped,2023-09-03,2023-09-07
8895,Redstone Logistics Group,RLG,287,344,delivered,2023-07-10,2023-07-19
8896,Cedar Valley Manufacturing,CVM,573,193,shipped,2025-10-01,2025-10-07
8897,Evergreen Field Support,EFS,273,212,shipped,2024-11-02,2024-11-30
8898,Blue Ridge Defense Manufacturing,BRDM,449,615,pending,2023-08-12,2023-09-11
8899,Northstar Defense Supply,NDS,757,325,pending,2026-06-10,2026-06-11
8900,Redstone Logistics Group,RLG,32,743,shipped,2025-01-22,2025-02-10
8901,Apex Defense Components,ADC,844,328,pending,2025-02-14,2025-02-18
8902,Titan Mobility Systems,TMS,637,396,pending,2023-03-22,2023-04-08
8903,Mesa Tactical Manufacturing,MTM,794,517,pending,2023-07-26,2023-08-10
8904,Cascade Aerospace Systems,CAS,639,198,delivered,2026-11-14,2026-11-29
8905,Keystone Industrial Supply,KIS,135,607,delivered,2025-03-02,2025-03-05
8906,Lone Star Equipment Group,LSEG,645,383,shipped,2023-08-10,2023-08-11
8907,Redstone Logistics Group,RLG,853,145,delivered,2026-07-26,2026-08-24
8908,Ironclad Industrial Systems,IIS,546,336,shipped,2024-09-18,2024-10-09
8909,Titan Mobility Systems,TMS,234,96,shipped,2023-11-18,2023-11-29
8910,Lone Star Equipment Group,LSEG,464,771,shipped,2024-03-27,2024-04-02
8911,Falcon Electronics Group,FEG,992,851,delivered,2024-02-07,2024-02-08
8912,Ironclad Industrial Systems,IIS,336,554,shipped,2025-07-15,2025-07-27
8913,Lone Star Equipment Group,LSEG,585,577,shipped,2025-12-27,2026-01-23
8914,Lone Star Equipment Group,LSEG,705,763,delivered,2023-07-11,2023-07-22
8915,Titan Mobility Systems,TMS,454,429,pending,2023-01-05,2023-01-08
8916,Frontier Aviation Components,FAC,222,536,delivered,2025-07-16,2025-07-30
8917,Redstone Logistics Group,RLG,149,371,shipped,2023-06-07,2023-06-25
8918,Cedar Valley Manufacturing,CVM,514,568,delivered,2023-07-16,2023-08-02
8919,Apex Defense Components,ADC,885,108,delivered,2023-06-24,2023-07-14
8920,Vector Aerospace Supply,VAS,189,149,shipped,2023-06-13,2023-07-12
8921,Vector Aerospace Supply,VAS,334,478,pending,2024-02-20,2024-03-16
8922,Prairie Technical Components,PTC,891,174,delivered,2023-10-16,2023-10-30
8923,Liberty Mechanical Systems,LMS,656,676,delivered,2025-07-28,2025-08-13
8924,Mesa Tactical Manufacturing,MTM,989,560,pending,2026-03-01,2026-03-26
8925,Prairie Technical Components,PTC,920,967,delivered,2024-11-28,2024-12-01
8926,Blue Ridge Defense Manufacturing,BRDM,568,891,delivered,2026-04-02,2026-04-20
8927,Pinnacle Hydraulic Systems,PHS,684,773,pending,2026-04-17,2026-05-03
8928,Lone Star Equipment Group,LSEG,766,599,pending,2026-08-19,2026-09-05
8929,Cascade Aerospace Systems,CAS,647,892,pending,2023-06-14,2023-07-13
8930,Gulf Coast Maintenance Parts,GCMP,213,179,shipped,2025-07-23,2025-08-08
8931,Frontier Aviation Components,FAC,542,439,shipped,2026-01-07,2026-01-09
8932,Trident Marine Components,TMC,799,672,shipped,2023-04-03,2023-04-26
8933,Prairie Technical Components,PTC,77,104,shipped,2026-04-09,2026-04-10
8934,Titan Mobility Systems,TMS,193,383,delivered,2024-02-07,2024-02-10
8935,Blue Ridge Defense Manufacturing,BRDM,893,826,shipped,2024-10-05,2024-10-27
8936,Summit Tactical Supply,STS,565,330,pending,2024-01-10,2024-01-21
8937,Sentinel Equipment Supply,SES,381,290,delivered,2025-02-11,2025-02-16
8938,Heritage Logistics Supply,HLS,301,350,shipped,2024-02-22,2024-02-28
8939,Keystone Industrial Supply,KIS,487,616,pending,2023-06-17,2023-07-07
8940,Gulf Coast Maintenance Parts,GCMP,452,935,delivered,2023-10-16,2023-10-29
8941,Northstar Defense Supply,NDS,834,653,delivered,2025-02-19,2025-02-27
8942,Northstar Defense Supply,NDS,532,626,delivered,2023-02-23,2023-02-24
8943,Apex Defense Components,ADC,565,945,delivered,2024-05-26,2024-06-23
8944,Frontier Aviation Components,FAC,754,728,pending,2025-03-10,2025-03-26
8945,Evergreen Field Support,EFS,917,168,shipped,2026-01-03,2026-01-28
8946,Cedar Valley Manufacturing,CVM,895,364,shipped,2025-10-02,2025-10-20
8947,Cascade Aerospace Systems,CAS,776,903,pending,2024-12-20,2025-01-02
8948,Compass Maritime Supply,CMS,339,247,pending,2026-03-11,2026-03-14
8949,Vector Aerospace Supply,VAS,81,428,delivered,2023-03-16,2023-04-02
8950,Harborline Industrial Supply,HIS,312,479,pending,2025-11-25,2025-12-25
8951,Redstone Logistics Group,RLG,327,137,shipped,2024-09-19,2024-09-27
8952,Northstar Defense Supply,NDS,141,682,pending,2025-12-15,2025-12-29
8953,Trident Marine Components,TMC,58,960,shipped,2024-12-24,2025-01-09
8954,Mesa Tactical Manufacturing,MTM,98,305,delivered,2025-01-16,2025-01-21
8955,Vector Aerospace Supply,VAS,704,417,delivered,2026-03-26,2026-03-28
8956,Granite State Components,GSC,830,19,shipped,2025-02-10,2025-02-14
8957,Sentinel Equipment Supply,SES,882,329,shipped,2023-01-02,2023-02-01
8958,Evergreen Field Support,EFS,115,531,shipped,2024-08-14,2024-09-13
8959,Keystone Industrial Supply,KIS,871,3,pending,2026-07-24,2026-08-16
8960,Pinnacle Hydraulic Systems,PHS,949,726,pending,2024-02-20,2024-03-02
8961,Sentinel Equipment Supply,SES,793,547,delivered,2025-01-13,2025-02-08
8962,Summit Tactical Supply,STS,543,799,shipped,2025-06-28,2025-07-03
8963,Ironclad Industrial Systems,IIS,956,503,pending,2025-08-08,2025-08-30
8964,Evergreen Field Support,EFS,364,487,shipped,2024-02-14,2024-03-14
8965,Granite State Components,GSC,563,931,delivered,2024-12-10,2024-12-24
8966,Lone Star Equipment Group,LSEG,996,53,pending,2023-01-15,2023-02-07
8967,Apex Defense Components,ADC,419,207,pending,2023-10-25,2023-11-18
8968,Atlas Ground Support,AGS,332,305,delivered,2025-06-28,2025-07-10
8969,Mesa Tactical Manufacturing,MTM,565,127,delivered,2025-06-22,2025-06-30
8970,Trident Marine Components,TMC,197,162,pending,2023-02-26,2023-03-26
8971,Blue Ridge Defense Manufacturing,BRDM,855,275,shipped,2026-03-02,2026-03-16
8972,Ironclad Industrial Systems,IIS,94,101,pending,2026-11-20,2026-12-13
8973,Cascade Aerospace Systems,CAS,481,345,pending,2026-02-26,2026-03-19
8974,Harborline Industrial Supply,HIS,237,224,delivered,2024-04-07,2024-05-04
8975,Cascade Aerospace Systems,CAS,726,892,pending,2025-06-09,2025-06-30
8976,Ranger Vehicle Parts,RVP,612,117,shipped,2023-07-12,2023-08-03
8977,Falcon Electronics Group,FEG,725,20,delivered,2026-08-05,2026-08-20
8978,Mesa Tactical Manufacturing,MTM,922,574,pending,2024-08-01,2024-08-17
8979,Northstar Defense Supply,NDS,465,913,delivered,2025-12-17,2026-01-08
8980,Ranger Vehicle Parts,RVP,386,502,delivered,2026-09-06,2026-09-21
8981,Keystone Industrial Supply,KIS,365,169,pending,2023-12-11,2024-01-04
8982,Gulf Coast Maintenance Parts,GCMP,228,996,shipped,2026-08-03,2026-08-25
8983,Ironclad Industrial Systems,IIS,117,910,pending,2025-02-24,2025-02-28
8984,Compass Maritime Supply,CMS,606,453,delivered,2026-07-11,2026-07-21
8985,Vector Aerospace Supply,VAS,904,825,shipped,2024-06-10,2024-07-06
8986,Blue Ridge Defense Manufacturing,BRDM,383,501,delivered,2023-08-09,2023-08-19
8987,Compass Maritime Supply,CMS,456,213,delivered,2025-11-10,2025-11-15
8988,Mesa Tactical Manufacturing,MTM,96,834,delivered,2023-08-04,2023-08-16
8989,Harborline Industrial Supply,HIS,169,482,shipped,2026-06-02,2026-06-23
8990,Ironclad Industrial Systems,IIS,85,180,pending,2023-08-27,2023-09-02
8991,Mesa Tactical Manufacturing,MTM,808,961,delivered,2023-12-02,2023-12-21
8992,Ranger Vehicle Parts,RVP,240,845,pending,2024-02-24,2024-03-06
8993,Northstar Defense Supply,NDS,643,239,delivered,2025-09-19,2025-10-13
8994,Pinnacle Hydraulic Systems,PHS,602,997,delivered,2026-09-05,2026-09-20
8995,Trident Marine Components,TMC,84,880,shipped,2025-07-03,2025-07-06
8996,Apex Defense Components,ADC,91,550,pending,2026-02-02,2026-02-10
8997,Ironclad Industrial Systems,IIS,353,512,shipped,2023-10-05,2023-10-11
8998,Keystone Industrial Supply,KIS,824,614,shipped,2023-01-04,2023-01-23
8999,Gulf Coast Maintenance Parts,GCMP,419,259,shipped,2026-01-25,2026-02-06
9000,Evergreen Field Support,EFS,395,994,pending,2024-11-14,2024-11-27
9001,Evergreen Field Support,EFS,542,543,delivered,2025-08-19,2025-09-11
9002,Mesa Tactical Manufacturing,MTM,942,407,shipped,2024-12-05,2024-12-27
9003,Cascade Aerospace Systems,CAS,655,946,pending,2025-11-28,2025-12-12
9004,Keystone Industrial Supply,KIS,259,992,shipped,2026-01-17,2026-01-20
9005,Cascade Aerospace Systems,CAS,39,205,shipped,2023-04-10,2023-04-17
9006,Liberty Mechanical Systems,LMS,872,588,delivered,2024-11-09,2024-11-20
9007,Ranger Vehicle Parts,RVP,971,719,pending,2024-01-18,2024-02-16
9008,Redstone Logistics Group,RLG,50,406,shipped,2025-07-23,2025-07-26
9009,Harborline Industrial Supply,HIS,867,369,delivered,2023-02-21,2023-03-13
9010,Patriot Precision Parts,PPP,3,471,pending,2024-05-28,2024-06-13
9011,Frontier Aviation Components,FAC,417,181,pending,2023-09-16,2023-10-09
9012,Heritage Logistics Supply,HLS,732,798,delivered,2024-01-06,2024-01-12
9013,Trident Marine Components,TMC,136,960,shipped,2025-06-13,2025-06-26
9014,Summit Tactical Supply,STS,660,742,pending,2025-08-23,2025-09-21
9015,Heritage Logistics Supply,HLS,601,98,pending,2023-06-08,2023-06-11
9016,Gulf Coast Maintenance Parts,GCMP,485,441,delivered,2026-02-03,2026-02-27
9017,Summit Tactical Supply,STS,969,600,delivered,2025-04-10,2025-04-26
9018,Ironclad Industrial Systems,IIS,915,823,pending,2024-06-04,2024-06-11
9019,Lone Star Equipment Group,LSEG,48,893,delivered,2024-06-27,2024-07-09
9020,Blue Ridge Defense Manufacturing,BRDM,472,890,shipped,2025-03-18,2025-04-14
9021,Apex Defense Components,ADC,716,775,delivered,2023-08-21,2023-09-06
9022,Sterling Power Systems,SPS,948,598,pending,2025-10-21,2025-10-31
9023,Lone Star Equipment Group,LSEG,10,357,delivered,2025-02-04,2025-02-16
9024,Titan Mobility Systems,TMS,389,26,pending,2025-02-22,2025-03-01
9025,Atlas Ground Support,AGS,728,57,pending,2024-05-08,2024-05-21
9026,Sterling Power Systems,SPS,416,550,pending,2023-06-26,2023-07-26
9027,Harborline Industrial Supply,HIS,480,20,shipped,2024-09-19,2024-10-06
9028,Atlas Ground Support,AGS,191,62,shipped,2024-09-24,2024-10-13
9029,Compass Maritime Supply,CMS,548,844,pending,2024-02-18,2024-02-23
9030,Northstar Defense Supply,NDS,510,871,delivered,2026-06-09,2026-07-09
9031,Trident Marine Components,TMC,331,333,pending,2026-07-27,2026-08-01
9032,Frontier Aviation Components,FAC,228,27,delivered,2023-10-23,2023-11-07
9033,Keystone Industrial Supply,KIS,167,807,pending,2024-07-20,2024-08-13
9034,Summit Tactical Supply,STS,309,542,shipped,2023-06-17,2023-07-06
9035,Liberty Mechanical Systems,LMS,573,771,delivered,2026-10-01,2026-10-06
9036,Pinnacle Hydraulic Systems,PHS,961,616,shipped,2023-03-13,2023-04-02
9037,Prairie Technical Components,PTC,45,772,delivered,2023-10-19,2023-11-08
9038,Summit Tactical Supply,STS,778,935,delivered,2026-07-05,2026-08-02
9039,Ranger Vehicle Parts,RVP,886,802,shipped,2025-02-11,2025-02-28
9040,Summit Tactical Supply,STS,400,824,delivered,2023-02-15,2023-02-16
9041,Heritage Logistics Supply,HLS,727,840,shipped,2024-04-25,2024-04-27
9042,Evergreen Field Support,EFS,623,125,pending,2025-02-03,2025-03-02
9043,Granite State Components,GSC,103,891,shipped,2026-07-16,2026-07-20
9044,Harborline Industrial Supply,HIS,262,674,delivered,2024-09-02,2024-09-17
9045,Sterling Power Systems,SPS,10,313,pending,2023-02-09,2023-02-19
9046,Atlas Ground Support,AGS,684,524,shipped,2026-11-20,2026-11-23
9047,Vector Aerospace Supply,VAS,897,956,pending,2024-04-04,2024-04-11
9048,Compass Maritime Supply,CMS,234,233,pending,2025-03-17,2025-04-06
9049,Summit Tactical Supply,STS,48,785,shipped,2023-10-28,2023-11-16
9050,Granite State Components,GSC,709,316,delivered,2024-07-16,2024-07-27
9051,Ironclad Industrial Systems,IIS,800,640,shipped,2024-06-18,2024-07-17
9052,Blue Ridge Defense Manufacturing,BRDM,782,40,pending,2024-08-14,2024-08-24
9053,Liberty Mechanical Systems,LMS,579,43,pending,2023-08-21,2023-09-16
9054,Liberty Mechanical Systems,LMS,176,265,delivered,2023-09-13,2023-09-18
9055,Ironclad Industrial Systems,IIS,445,154,pending,2025-11-04,2025-11-23
9056,Sentinel Equipment Supply,SES,400,291,shipped,2024-04-04,2024-04-21
9057,Cascade Aerospace Systems,CAS,279,138,pending,2023-05-02,2023-05-25
9058,Trident Marine Components,TMC,337,227,pending,2024-03-17,2024-04-06
9059,Harborline Industrial Supply,HIS,753,468,delivered,2024-01-23,2024-01-25
9060,Sterling Power Systems,SPS,700,51,delivered,2026-10-21,2026-11-11
9061,Harborline Industrial Supply,HIS,754,969,shipped,2025-11-22,2025-11-27
9062,Evergreen Field Support,EFS,661,79,pending,2025-10-22,2025-11-08
9063,Lone Star Equipment Group,LSEG,263,408,delivered,2025-03-23,2025-04-12
9064,Vector Aerospace Supply,VAS,745,747,delivered,2024-11-07,2024-11-18
9065,Compass Maritime Supply,CMS,13,866,shipped,2024-07-15,2024-07-22
9066,Redstone Logistics Group,RLG,4,736,pending,2024-06-25,2024-07-12
9067,Ironclad Industrial Systems,IIS,548,437,shipped,2025-09-24,2025-10-02
9068,Granite State Components,GSC,624,379,delivered,2023-11-18,2023-12-02
9069,Keystone Industrial Supply,KIS,169,994,delivered,2026-03-02,2026-03-31
9070,Blue Ridge Defense Manufacturing,BRDM,778,501,pending,2023-07-01,2023-07-20
9071,Prairie Technical Components,PTC,968,635,pending,2024-04-06,2024-04-17
9072,Trident Marine Components,TMC,478,239,pending,2023-12-02,2023-12-06
9073,Sentinel Equipment Supply,SES,237,625,shipped,2025-10-16,2025-10-27
9074,Keystone Industrial Supply,KIS,825,674,shipped,2023-08-27,2023-09-22
9075,Heritage Logistics Supply,HLS,398,426,delivered,2023-03-05,2023-03-11
9076,Pinnacle Hydraulic Systems,PHS,971,597,delivered,2026-05-05,2026-05-22
9077,Patriot Precision Parts,PPP,742,591,delivered,2026-01-13,2026-02-02
9078,Summit Tactical Supply,STS,255,537,pending,2023-02-21,2023-03-01
9079,Keystone Industrial Supply,KIS,997,651,pending,2023-11-04,2023-11-15
9080,Trident Marine Components,TMC,94,297,pending,2024-06-06,2024-06-20
9081,Vector Aerospace Supply,VAS,246,970,shipped,2024-09-20,2024-10-10
9082,Atlas Ground Support,AGS,226,782,pending,2025-12-13,2025-12-20
9083,Harborline Industrial Supply,HIS,615,457,delivered,2023-12-13,2023-12-24
9084,Gulf Coast Maintenance Parts,GCMP,807,495,delivered,2025-10-14,2025-10-18
9085,Liberty Mechanical Systems,LMS,808,924,delivered,2025-04-17,2025-05-06
9086,Frontier Aviation Components,FAC,674,836,shipped,2024-05-12,2024-05-28
9087,Cascade Aerospace Systems,CAS,486,290,shipped,2023-01-04,2023-01-18
9088,Apex Defense Components,ADC,879,159,pending,2026-01-11,2026-01-29
9089,Redstone Logistics Group,RLG,390,574,shipped,2025-06-22,2025-07-22
9090,Frontier Aviation Components,FAC,663,630,delivered,2026-07-20,2026-08-11
9091,Harborline Industrial Supply,HIS,579,870,pending,2026-04-18,2026-05-07
9092,Blue Ridge Defense Manufacturing,BRDM,600,505,shipped,2024-08-19,2024-09-10
9093,Gulf Coast Maintenance Parts,GCMP,5,124,delivered,2024-10-25,2024-11-07
9094,Lone Star Equipment Group,LSEG,266,216,pending,2024-09-11,2024-09-30
9095,Patriot Precision Parts,PPP,342,139,shipped,2023-10-11,2023-11-01
9096,Compass Maritime Supply,CMS,278,873,shipped,2024-01-18,2024-02-15
9097,Ironclad Industrial Systems,IIS,982,709,pending,2026-10-18,2026-11-05
9098,Evergreen Field Support,EFS,175,175,delivered,2023-02-15,2023-02-17
9099,Harborline Industrial Supply,HIS,299,169,shipped,2024-06-03,2024-06-24
9100,Lone Star Equipment Group,LSEG,756,676,pending,2023-02-14,2023-02-24
9101,Redstone Logistics Group,RLG,559,752,pending,2026-10-05,2026-10-22
9102,Patriot Precision Parts,PPP,81,135,delivered,2025-11-10,2025-11-18
9103,Vector Aerospace Supply,VAS,494,544,delivered,2024-12-26,2025-01-13
9104,Mesa Tactical Manufacturing,MTM,511,417,delivered,2023-05-21,2023-05-31
9105,Harborline Industrial Supply,HIS,991,794,delivered,2024-04-22,2024-05-15
9106,Keystone Industrial Supply,KIS,556,201,shipped,2025-09-16,2025-10-05
9107,Ranger Vehicle Parts,RVP,8,960,pending,2026-10-04,2026-10-15
9108,Cedar Valley Manufacturing,CVM,540,468,pending,2023-10-08,2023-10-18
9109,Mesa Tactical Manufacturing,MTM,20,284,shipped,2024-08-26,2024-09-12
9110,Evergreen Field Support,EFS,440,284,shipped,2023-09-21,2023-10-13
9111,Northstar Defense Supply,NDS,331,442,shipped,2025-04-09,2025-05-08
9112,Cascade Aerospace Systems,CAS,402,480,shipped,2025-05-27,2025-06-02
9113,Cascade Aerospace Systems,CAS,194,609,pending,2024-06-26,2024-07-08
9114,Frontier Aviation Components,FAC,821,863,pending,2025-08-23,2025-08-28
9115,Northstar Defense Supply,NDS,582,947,shipped,2025-09-08,2025-09-13
9116,Cascade Aerospace Systems,CAS,856,738,delivered,2023-03-08,2023-03-28
9117,Sentinel Equipment Supply,SES,909,29,delivered,2024-08-09,2024-09-08
9118,Ranger Vehicle Parts,RVP,601,630,delivered,2025-10-08,2025-10-13
9119,Evergreen Field Support,EFS,155,343,delivered,2025-08-16,2025-08-19
9120,Evergreen Field Support,EFS,858,688,pending,2024-07-19,2024-08-11
9121,Sterling Power Systems,SPS,586,83,pending,2026-05-26,2026-06-25
9122,Keystone Industrial Supply,KIS,361,216,shipped,2023-01-06,2023-01-14
9123,Ironclad Industrial Systems,IIS,393,883,delivered,2025-06-22,2025-06-30
9124,Falcon Electronics Group,FEG,75,789,pending,2024-09-22,2024-10-20
9125,Titan Mobility Systems,TMS,310,152,pending,2025-01-14,2025-01-18
9126,Frontier Aviation Components,FAC,734,780,delivered,2025-08-21,2025-08-31
9127,Apex Defense Components,ADC,722,728,shipped,2024-03-17,2024-03-23
9128,Pinnacle Hydraulic Systems,PHS,860,787,shipped,2024-02-17,2024-02-29
9129,Prairie Technical Components,PTC,779,625,delivered,2025-06-21,2025-06-24
9130,Summit Tactical Supply,STS,439,478,shipped,2026-02-03,2026-02-16
9131,Patriot Precision Parts,PPP,540,273,pending,2026-10-19,2026-10-28
9132,Sentinel Equipment Supply,SES,322,964,shipped,2026-04-11,2026-05-09
9133,Cascade Aerospace Systems,CAS,88,806,delivered,2026-07-19,2026-07-29
9134,Ranger Vehicle Parts,RVP,878,339,delivered,2026-04-25,2026-05-01
9135,Cedar Valley Manufacturing,CVM,644,979,shipped,2026-04-26,2026-05-17
9136,Ironclad Industrial Systems,IIS,204,622,delivered,2026-08-15,2026-08-17
9137,Liberty Mechanical Systems,LMS,417,105,pending,2023-05-09,2023-06-04
9138,Liberty Mechanical Systems,LMS,474,210,shipped,2024-03-22,2024-04-04
9139,Falcon Electronics Group,FEG,196,436,delivered,2023-09-22,2023-10-21
9140,Trident Marine Components,TMC,241,449,delivered,2023-06-11,2023-06-22
9141,Patriot Precision Parts,PPP,469,462,delivered,2025-07-16,2025-08-15
9142,Evergreen Field Support,EFS,594,767,pending,2024-12-13,2024-12-25
9143,Summit Tactical Supply,STS,446,223,delivered,2024-05-06,2024-05-14
9144,Sentinel Equipment Supply,SES,545,377,pending,2026-08-03,2026-08-13
9145,Evergreen Field Support,EFS,536,898,pending,2026-04-01,2026-04-16
9146,Evergreen Field Support,EFS,56,926,pending,2023-01-18,2023-02-04
9147,Sterling Power Systems,SPS,22,47,delivered,2026-12-22,2027-01-03
9148,Cedar Valley Manufacturing,CVM,126,665,shipped,2025-12-17,2025-12-21
9149,Sterling Power Systems,SPS,621,463,delivered,2023-11-18,2023-12-04
9150,Atlas Ground Support,AGS,306,263,pending,2026-01-10,2026-01-16
9151,Granite State Components,GSC,893,306,pending,2026-02-03,2026-02-23
9152,Vector Aerospace Supply,VAS,809,637,shipped,2024-11-13,2024-12-01
9153,Titan Mobility Systems,TMS,770,511,shipped,2023-04-04,2023-05-03
9154,Blue Ridge Defense Manufacturing,BRDM,601,220,shipped,2023-11-23,2023-12-20
9155,Evergreen Field Support,EFS,699,813,shipped,2026-09-06,2026-09-09
9156,Gulf Coast Maintenance Parts,GCMP,579,288,pending,2025-02-10,2025-03-07
9157,Ironclad Industrial Systems,IIS,2,417,shipped,2025-10-12,2025-10-31
9158,Falcon Electronics Group,FEG,288,363,shipped,2024-01-03,2024-01-29
9159,Keystone Industrial Supply,KIS,76,922,shipped,2024-07-06,2024-07-22
9160,Gulf Coast Maintenance Parts,GCMP,91,469,shipped,2026-09-25,2026-09-29
9161,Harborline Industrial Supply,HIS,786,324,pending,2024-01-15,2024-01-28
9162,Keystone Industrial Supply,KIS,204,77,pending,2026-01-25,2026-02-03
9163,Evergreen Field Support,EFS,758,284,delivered,2024-05-13,2024-06-11
9164,Vector Aerospace Supply,VAS,893,631,pending,2025-11-21,2025-11-28
9165,Northstar Defense Supply,NDS,181,506,delivered,2026-12-12,2027-01-10
9166,Granite State Components,GSC,618,580,pending,2025-11-17,2025-12-02
9167,Compass Maritime Supply,CMS,331,194,pending,2024-02-21,2024-02-26
9168,Atlas Ground Support,AGS,869,946,pending,2024-05-12,2024-05-29
9169,Trident Marine Components,TMC,821,680,delivered,2023-11-07,2023-11-21
9170,Prairie Technical Components,PTC,832,854,pending,2026-10-04,2026-10-12
9171,Sterling Power Systems,SPS,381,816,delivered,2025-01-13,2025-02-03
9172,Harborline Industrial Supply,HIS,818,625,pending,2023-12-14,2023-12-30
9173,Liberty Mechanical Systems,LMS,79,489,shipped,2024-09-13,2024-09-17
9174,Prairie Technical Components,PTC,532,22,shipped,2026-08-23,2026-09-01
9175,Heritage Logistics Supply,HLS,294,460,pending,2023-01-27,2023-02-06
9176,Blue Ridge Defense Manufacturing,BRDM,667,38,shipped,2025-06-16,2025-07-08
9177,Harborline Industrial Supply,HIS,683,730,pending,2024-09-02,2024-09-24
9178,Vector Aerospace Supply,VAS,774,205,delivered,2025-10-16,2025-10-29
9179,Cedar Valley Manufacturing,CVM,368,901,shipped,2024-11-04,2024-11-13
9180,Mesa Tactical Manufacturing,MTM,18,94,shipped,2025-10-23,2025-11-07
9181,Ironclad Industrial Systems,IIS,281,811,shipped,2025-11-04,2025-11-07
9182,Evergreen Field Support,EFS,187,382,delivered,2023-04-10,2023-04-28
9183,Blue Ridge Defense Manufacturing,BRDM,165,978,pending,2024-12-13,2025-01-02
9184,Redstone Logistics Group,RLG,244,526,pending,2024-12-24,2025-01-10
9185,Vector Aerospace Supply,VAS,200,806,pending,2025-11-21,2025-11-24
9186,Apex Defense Components,ADC,342,398,shipped,2026-06-07,2026-06-12
9187,Titan Mobility Systems,TMS,655,206,delivered,2025-04-23,2025-05-19
9188,Apex Defense Components,ADC,737,666,shipped,2023-06-25,2023-07-24
9189,Blue Ridge Defense Manufacturing,BRDM,505,993,delivered,2023-01-12,2023-01-14
9190,Pinnacle Hydraulic Systems,PHS,472,705,delivered,2023-11-02,2023-11-28
9191,Keystone Industrial Supply,KIS,991,921,pending,2025-10-02,2025-10-09
9192,Northstar Defense Supply,NDS,9,220,pending,2026-01-28,2026-02-02
9193,Lone Star Equipment Group,LSEG,770,187,shipped,2023-01-26,2023-02-16
9194,Compass Maritime Supply,CMS,344,279,delivered,2025-02-17,2025-03-12
9195,Gulf Coast Maintenance Parts,GCMP,666,394,shipped,2023-08-27,2023-09-21
9196,Ironclad Industrial Systems,IIS,878,272,shipped,2024-07-09,2024-08-05
9197,Prairie Technical Components,PTC,69,476,shipped,2024-04-03,2024-04-15
9198,Patriot Precision Parts,PPP,109,459,delivered,2023-07-24,2023-07-27
9199,Northstar Defense Supply,NDS,156,627,shipped,2023-07-06,2023-07-11
9200,Compass Maritime Supply,CMS,850,939,pending,2023-04-22,2023-05-12
9201,Ironclad Industrial Systems,IIS,564,99,pending,2026-07-26,2026-08-01
9202,Ranger Vehicle Parts,RVP,181,748,pending,2025-08-14,2025-09-13
9203,Redstone Logistics Group,RLG,704,361,shipped,2026-09-22,2026-10-15
9204,Summit Tactical Supply,STS,375,479,shipped,2025-01-04,2025-01-24
9205,Patriot Precision Parts,PPP,775,168,pending,2026-02-14,2026-03-14
9206,Liberty Mechanical Systems,LMS,469,28,delivered,2025-03-01,2025-03-10
9207,Titan Mobility Systems,TMS,941,591,delivered,2025-11-25,2025-12-03
9208,Keystone Industrial Supply,KIS,935,844,pending,2026-08-22,2026-08-26
9209,Sentinel Equipment Supply,SES,48,187,delivered,2024-09-25,2024-10-10
9210,Ironclad Industrial Systems,IIS,280,118,pending,2026-02-23,2026-03-05
9211,Cascade Aerospace Systems,CAS,238,574,pending,2024-10-02,2024-10-21
9212,Heritage Logistics Supply,HLS,386,710,delivered,2026-09-08,2026-09-29
9213,Patriot Precision Parts,PPP,184,430,shipped,2024-11-04,2024-11-24
9214,Patriot Precision Parts,PPP,564,849,delivered,2025-04-01,2025-04-06
9215,Evergreen Field Support,EFS,69,687,pending,2025-02-19,2025-03-16
9216,Summit Tactical Supply,STS,281,685,shipped,2025-12-19,2026-01-15
9217,Ironclad Industrial Systems,IIS,730,871,pending,2024-04-16,2024-05-08
9218,Liberty Mechanical Systems,LMS,722,514,delivered,2024-10-11,2024-10-17
9219,Falcon Electronics Group,FEG,254,889,delivered,2026-01-24,2026-02-18
9220,Titan Mobility Systems,TMS,655,791,delivered,2025-07-28,2025-08-15
9221,Keystone Industrial Supply,KIS,778,15,pending,2023-08-09,2023-08-13
9222,Cascade Aerospace Systems,CAS,712,357,shipped,2026-09-07,2026-09-12
9223,Atlas Ground Support,AGS,163,155,shipped,2024-07-18,2024-08-09
9224,Mesa Tactical Manufacturing,MTM,624,690,pending,2025-09-25,2025-10-15
9225,Granite State Components,GSC,500,755,delivered,2025-04-10,2025-04-25
9226,Atlas Ground Support,AGS,95,379,shipped,2024-09-07,2024-09-19
9227,Atlas Ground Support,AGS,930,836,pending,2023-02-19,2023-03-10
9228,Gulf Coast Maintenance Parts,GCMP,670,244,pending,2025-10-10,2025-10-24
9229,Titan Mobility Systems,TMS,371,285,pending,2024-04-26,2024-05-23
9230,Compass Maritime Supply,CMS,673,697,pending,2023-03-23,2023-04-10
9231,Frontier Aviation Components,FAC,282,71,shipped,2024-09-14,2024-10-07
9232,Lone Star Equipment Group,LSEG,654,927,shipped,2024-12-23,2025-01-13
9233,Atlas Ground Support,AGS,786,25,shipped,2023-05-28,2023-06-11
9234,Ironclad Industrial Systems,IIS,445,208,delivered,2025-11-10,2025-11-12
9235,Ironclad Industrial Systems,IIS,593,759,shipped,2024-12-06,2024-12-08
9236,Summit Tactical Supply,STS,311,830,shipped,2026-01-03,2026-01-20
9237,Trident Marine Components,TMC,545,140,pending,2026-12-09,2027-01-04
9238,Northstar Defense Supply,NDS,28,10,shipped,2025-11-20,2025-12-13
9239,Sentinel Equipment Supply,SES,424,817,pending,2025-06-08,2025-06-14
9240,Harborline Industrial Supply,HIS,467,438,shipped,2023-06-11,2023-06-22
9241,Trident Marine Components,TMC,584,805,shipped,2024-10-02,2024-10-04
9242,Pinnacle Hydraulic Systems,PHS,86,10,delivered,2025-10-15,2025-10-24
9243,Sterling Power Systems,SPS,967,301,shipped,2026-09-26,2026-10-05
9244,Evergreen Field Support,EFS,463,553,delivered,2026-08-05,2026-08-08
9245,Cascade Aerospace Systems,CAS,655,272,delivered,2023-06-04,2023-07-03
9246,Summit Tactical Supply,STS,614,253,delivered,2023-10-09,2023-10-17
9247,Atlas Ground Support,AGS,270,789,delivered,2026-11-08,2026-11-10
9248,Keystone Industrial Supply,KIS,15,419,delivered,2023-02-06,2023-02-21
9249,Summit Tactical Supply,STS,984,690,shipped,2023-10-03,2023-10-28
9250,Summit Tactical Supply,STS,167,669,shipped,2025-12-09,2025-12-17
9251,Titan Mobility Systems,TMS,654,806,delivered,2024-05-20,2024-06-08
9252,Vector Aerospace Supply,VAS,458,49,shipped,2024-03-24,2024-03-27
9253,Trident Marine Components,TMC,288,508,shipped,2026-09-20,2026-10-13
9254,Summit Tactical Supply,STS,623,272,pending,2024-08-13,2024-08-25
9255,Trident Marine Components,TMC,469,323,pending,2023-09-23,2023-09-25
9256,Heritage Logistics Supply,HLS,182,759,delivered,2023-05-24,2023-06-06
9257,Harborline Industrial Supply,HIS,80,183,pending,2025-09-06,2025-10-01
9258,Granite State Components,GSC,179,237,delivered,2023-08-01,2023-08-12
9259,Patriot Precision Parts,PPP,570,165,shipped,2025-11-04,2025-11-29
9260,Frontier Aviation Components,FAC,771,753,delivered,2025-05-24,2025-05-27
9261,Cascade Aerospace Systems,CAS,521,41,pending,2026-01-05,2026-01-07
9262,Sterling Power Systems,SPS,671,255,pending,2025-04-23,2025-05-17
9263,Keystone Industrial Supply,KIS,550,182,delivered,2025-08-24,2025-09-10
9264,Compass Maritime Supply,CMS,992,49,pending,2024-08-04,2024-08-29
9265,Granite State Components,GSC,912,910,pending,2023-01-03,2023-01-26
9266,Cedar Valley Manufacturing,CVM,752,900,delivered,2025-10-14,2025-10-16
9267,Cedar Valley Manufacturing,CVM,388,24,pending,2023-12-25,2024-01-21
9268,Apex Defense Components,ADC,279,350,pending,2026-10-12,2026-11-09
9269,Cascade Aerospace Systems,CAS,169,172,pending,2026-12-13,2027-01-03
9270,Summit Tactical Supply,STS,46,883,delivered,2025-06-22,2025-07-03
9271,Sentinel Equipment Supply,SES,322,660,pending,2023-12-25,2024-01-21
9272,Mesa Tactical Manufacturing,MTM,961,588,pending,2023-11-02,2023-11-30
9273,Liberty Mechanical Systems,LMS,507,839,pending,2024-02-27,2024-02-28
9274,Northstar Defense Supply,NDS,377,287,delivered,2026-06-18,2026-06-21
9275,Heritage Logistics Supply,HLS,876,44,shipped,2024-01-07,2024-01-29
9276,Cedar Valley Manufacturing,CVM,203,150,shipped,2024-07-19,2024-08-09
9277,Frontier Aviation Components,FAC,200,192,delivered,2025-12-22,2026-01-19
9278,Gulf Coast Maintenance Parts,GCMP,659,628,delivered,2025-10-07,2025-10-29
9279,Trident Marine Components,TMC,331,273,delivered,2023-06-02,2023-06-13
9280,Blue Ridge Defense Manufacturing,BRDM,789,241,pending,2025-07-11,2025-08-06
9281,Trident Marine Components,TMC,823,493,shipped,2025-09-10,2025-09-22
9282,Granite State Components,GSC,398,812,delivered,2024-04-03,2024-04-17
9283,Ranger Vehicle Parts,RVP,689,784,pending,2023-02-24,2023-03-17
9284,Cedar Valley Manufacturing,CVM,533,990,pending,2024-09-08,2024-10-08
9285,Summit Tactical Supply,STS,37,165,pending,2024-02-01,2024-02-02
9286,Falcon Electronics Group,FEG,386,999,pending,2026-01-14,2026-01-17
9287,Patriot Precision Parts,PPP,397,215,delivered,2025-05-13,2025-06-06
9288,Summit Tactical Supply,STS,286,438,pending,2023-01-13,2023-01-21
9289,Sentinel Equipment Supply,SES,113,829,shipped,2024-01-13,2024-01-15
9290,Atlas Ground Support,AGS,365,749,shipped,2023-08-12,2023-08-18
9291,Titan Mobility Systems,TMS,905,779,delivered,2025-01-25,2025-02-04
9292,Ironclad Industrial Systems,IIS,799,83,pending,2024-12-27,2025-01-05
9293,Mesa Tactical Manufacturing,MTM,287,449,delivered,2024-05-26,2024-06-07
9294,Frontier Aviation Components,FAC,257,666,delivered,2025-06-04,2025-07-02
9295,Mesa Tactical Manufacturing,MTM,914,525,delivered,2026-08-08,2026-08-12
9296,Patriot Precision Parts,PPP,950,243,shipped,2024-08-25,2024-09-18
9297,Compass Maritime Supply,CMS,418,777,pending,2023-12-03,2023-12-08
9298,Compass Maritime Supply,CMS,738,535,delivered,2024-11-23,2024-11-28
9299,Mesa Tactical Manufacturing,MTM,420,427,shipped,2023-08-13,2023-08-27
9300,Falcon Electronics Group,FEG,30,907,shipped,2025-03-01,2025-03-11
9301,Titan Mobility Systems,TMS,872,415,delivered,2023-02-17,2023-02-21
9302,Gulf Coast Maintenance Parts,GCMP,307,592,delivered,2023-08-25,2023-09-05
9303,Ironclad Industrial Systems,IIS,603,121,shipped,2024-06-05,2024-06-26
9304,Frontier Aviation Components,FAC,139,463,shipped,2023-06-19,2023-07-05
9305,Northstar Defense Supply,NDS,228,686,pending,2026-03-03,2026-03-16
9306,Compass Maritime Supply,CMS,960,838,delivered,2023-01-15,2023-01-21
9307,Lone Star Equipment Group,LSEG,354,371,pending,2023-01-11,2023-01-21
9308,Sentinel Equipment Supply,SES,724,155,pending,2026-07-12,2026-07-19
9309,Vector Aerospace Supply,VAS,276,899,pending,2024-04-18,2024-05-08
9310,Gulf Coast Maintenance Parts,GCMP,8,288,delivered,2026-04-15,2026-05-13
9311,Redstone Logistics Group,RLG,378,81,shipped,2025-06-27,2025-07-24
9312,Apex Defense Components,ADC,571,597,shipped,2026-01-16,2026-02-04
9313,Heritage Logistics Supply,HLS,270,717,shipped,2024-08-26,2024-09-05
9314,Sterling Power Systems,SPS,279,703,shipped,2026-10-21,2026-11-19
9315,Sterling Power Systems,SPS,236,203,shipped,2025-08-28,2025-09-22
9316,Titan Mobility Systems,TMS,906,157,pending,2024-06-27,2024-07-10
9317,Gulf Coast Maintenance Parts,GCMP,15,362,pending,2025-01-05,2025-02-02
9318,Cascade Aerospace Systems,CAS,80,542,pending,2026-07-09,2026-07-12
9319,Mesa Tactical Manufacturing,MTM,734,228,shipped,2024-12-11,2024-12-14
9320,Compass Maritime Supply,CMS,310,500,delivered,2024-12-18,2024-12-28
9321,Frontier Aviation Components,FAC,521,236,delivered,2023-06-10,2023-06-22
9322,Frontier Aviation Components,FAC,429,635,delivered,2026-07-26,2026-08-10
9323,Redstone Logistics Group,RLG,730,91,shipped,2026-11-19,2026-12-07
9324,Cascade Aerospace Systems,CAS,293,65,delivered,2024-10-14,2024-10-30
9325,Evergreen Field Support,EFS,737,637,delivered,2025-10-07,2025-10-21
9326,Lone Star Equipment Group,LSEG,964,182,delivered,2026-01-13,2026-01-26
9327,Evergreen Field Support,EFS,883,517,pending,2026-06-21,2026-06-22
9328,Apex Defense Components,ADC,725,707,shipped,2024-10-17,2024-11-02
9329,Northstar Defense Supply,NDS,247,971,shipped,2026-03-10,2026-03-12
9330,Harborline Industrial Supply,HIS,17,675,delivered,2026-09-03,2026-09-26
9331,Vector Aerospace Supply,VAS,347,922,pending,2024-09-18,2024-10-05
9332,Ironclad Industrial Systems,IIS,982,948,delivered,2024-05-28,2024-06-24
9333,Cedar Valley Manufacturing,CVM,715,898,delivered,2026-09-25,2026-10-18
9334,Mesa Tactical Manufacturing,MTM,540,345,pending,2024-06-12,2024-06-14
9335,Falcon Electronics Group,FEG,626,990,shipped,2023-04-23,2023-05-06
9336,Vector Aerospace Supply,VAS,271,555,delivered,2023-01-27,2023-02-07
9337,Redstone Logistics Group,RLG,547,90,shipped,2024-04-22,2024-05-10
9338,Trident Marine Components,TMC,952,91,shipped,2025-03-11,2025-03-14
9339,Ranger Vehicle Parts,RVP,702,437,pending,2024-06-15,2024-06-29
9340,Lone Star Equipment Group,LSEG,29,844,delivered,2024-07-26,2024-08-02
9341,Harborline Industrial Supply,HIS,575,984,shipped,2025-03-14,2025-03-18
9342,Atlas Ground Support,AGS,947,169,pending,2023-12-20,2023-12-27
9343,Redstone Logistics Group,RLG,969,391,shipped,2023-12-18,2024-01-03
9344,Northstar Defense Supply,NDS,737,389,pending,2026-03-11,2026-03-27
9345,Blue Ridge Defense Manufacturing,BRDM,828,317,pending,2025-07-04,2025-08-02
9346,Gulf Coast Maintenance Parts,GCMP,826,683,shipped,2025-01-28,2025-02-22
9347,Prairie Technical Components,PTC,986,172,shipped,2023-11-01,2023-11-21
9348,Granite State Components,GSC,471,843,delivered,2024-12-13,2024-12-26
9349,Pinnacle Hydraulic Systems,PHS,431,91,shipped,2024-11-14,2024-12-13
9350,Blue Ridge Defense Manufacturing,BRDM,576,730,delivered,2026-11-11,2026-11-17
9351,Atlas Ground Support,AGS,447,836,pending,2023-01-09,2023-01-30
9352,Prairie Technical Components,PTC,882,507,delivered,2025-08-15,2025-09-04
9353,Harborline Industrial Supply,HIS,165,766,pending,2023-06-13,2023-06-25
9354,Granite State Components,GSC,380,242,pending,2024-02-06,2024-02-13
9355,Sterling Power Systems,SPS,683,431,pending,2024-04-10,2024-04-19
9356,Ironclad Industrial Systems,IIS,1000,14,pending,2026-07-19,2026-08-05
9357,Heritage Logistics Supply,HLS,923,169,pending,2026-08-23,2026-09-19
9358,Mesa Tactical Manufacturing,MTM,791,663,pending,2024-02-13,2024-02-15
9359,Mesa Tactical Manufacturing,MTM,557,830,delivered,2026-08-19,2026-08-29
9360,Titan Mobility Systems,TMS,276,789,pending,2025-07-16,2025-07-28
9361,Liberty Mechanical Systems,LMS,908,441,pending,2025-08-12,2025-09-07
9362,Apex Defense Components,ADC,444,659,delivered,2023-12-19,2024-01-03
9363,Redstone Logistics Group,RLG,943,274,shipped,2024-06-22,2024-06-23
9364,Blue Ridge Defense Manufacturing,BRDM,543,173,delivered,2026-12-08,2026-12-18
9365,Keystone Industrial Supply,KIS,241,969,shipped,2024-05-04,2024-05-09
9366,Vector Aerospace Supply,VAS,974,34,shipped,2024-05-13,2024-05-28
9367,Granite State Components,GSC,286,251,delivered,2024-09-22,2024-10-19
9368,Sentinel Equipment Supply,SES,485,260,delivered,2025-07-14,2025-08-11
9369,Pinnacle Hydraulic Systems,PHS,783,756,pending,2023-09-06,2023-09-17
9370,Keystone Industrial Supply,KIS,995,221,delivered,2026-07-12,2026-07-18
9371,Keystone Industrial Supply,KIS,111,219,pending,2026-05-10,2026-05-18
9372,Liberty Mechanical Systems,LMS,960,645,shipped,2026-06-28,2026-07-14
9373,Summit Tactical Supply,STS,446,890,pending,2023-09-06,2023-09-22
9374,Atlas Ground Support,AGS,733,431,pending,2023-06-05,2023-06-14
9375,Patriot Precision Parts,PPP,566,867,delivered,2025-10-15,2025-10-22
9376,Sentinel Equipment Supply,SES,60,678,shipped,2025-08-23,2025-09-11
9377,Vector Aerospace Supply,VAS,507,315,delivered,2023-03-05,2023-04-04
9378,Ranger Vehicle Parts,RVP,330,63,shipped,2024-09-09,2024-09-18
9379,Harborline Industrial Supply,HIS,273,188,pending,2023-02-02,2023-02-21
9380,Northstar Defense Supply,NDS,491,330,shipped,2026-08-10,2026-08-15
9381,Frontier Aviation Components,FAC,564,126,delivered,2024-05-21,2024-06-04
9382,Granite State Components,GSC,638,761,shipped,2024-11-01,2024-11-08
9383,Cascade Aerospace Systems,CAS,499,145,shipped,2024-02-03,2024-02-23
9384,Redstone Logistics Group,RLG,482,406,delivered,2025-02-20,2025-03-21
9385,Falcon Electronics Group,FEG,753,696,delivered,2025-08-15,2025-08-20
9386,Frontier Aviation Components,FAC,519,365,pending,2026-02-28,2026-03-09
9387,Northstar Defense Supply,NDS,537,298,pending,2023-12-03,2023-12-17
9388,Sentinel Equipment Supply,SES,16,689,pending,2025-08-26,2025-09-17
9389,Compass Maritime Supply,CMS,359,625,delivered,2024-05-21,2024-05-22
9390,Summit Tactical Supply,STS,378,562,delivered,2026-06-02,2026-06-22
9391,Sterling Power Systems,SPS,832,548,delivered,2024-12-13,2024-12-15
9392,Apex Defense Components,ADC,228,176,delivered,2023-02-14,2023-02-28
9393,Cascade Aerospace Systems,CAS,681,13,delivered,2026-05-08,2026-05-21
9394,Prairie Technical Components,PTC,475,578,delivered,2023-01-20,2023-02-18
9395,Compass Maritime Supply,CMS,565,831,delivered,2023-04-17,2023-04-27
9396,Pinnacle Hydraulic Systems,PHS,184,647,delivered,2025-07-22,2025-08-11
9397,Titan Mobility Systems,TMS,661,925,pending,2023-05-13,2023-06-06
9398,Ranger Vehicle Parts,RVP,942,806,shipped,2025-01-28,2025-01-31
9399,Harborline Industrial Supply,HIS,387,168,pending,2025-03-10,2025-03-15
9400,Prairie Technical Components,PTC,485,858,pending,2024-08-03,2024-08-11
9401,Titan Mobility Systems,TMS,384,130,shipped,2026-11-02,2026-11-17
9402,Cascade Aerospace Systems,CAS,417,320,pending,2024-09-28,2024-09-30
9403,Mesa Tactical Manufacturing,MTM,305,171,shipped,2025-08-01,2025-08-07
9404,Vector Aerospace Supply,VAS,166,496,shipped,2024-03-08,2024-03-20
9405,Apex Defense Components,ADC,473,363,shipped,2024-12-10,2024-12-12
9406,Liberty Mechanical Systems,LMS,426,74,shipped,2023-08-26,2023-09-24
9407,Liberty Mechanical Systems,LMS,397,339,delivered,2025-12-10,2025-12-12
9408,Compass Maritime Supply,CMS,890,979,pending,2026-02-22,2026-02-27
9409,Ranger Vehicle Parts,RVP,240,298,delivered,2024-02-25,2024-03-04
9410,Evergreen Field Support,EFS,356,193,delivered,2026-09-05,2026-09-19
9411,Patriot Precision Parts,PPP,14,364,pending,2023-08-18,2023-09-04
9412,Keystone Industrial Supply,KIS,582,69,shipped,2023-10-05,2023-11-01
9413,Cedar Valley Manufacturing,CVM,222,336,pending,2024-04-10,2024-05-10
9414,Cascade Aerospace Systems,CAS,940,237,pending,2025-03-28,2025-04-06
9415,Summit Tactical Supply,STS,148,663,pending,2025-01-07,2025-01-28
9416,Atlas Ground Support,AGS,506,690,delivered,2025-09-26,2025-09-27
9417,Liberty Mechanical Systems,LMS,591,816,shipped,2025-01-17,2025-01-29
9418,Frontier Aviation Components,FAC,563,791,shipped,2025-06-28,2025-07-08
9419,Evergreen Field Support,EFS,118,372,delivered,2023-08-13,2023-09-09
9420,Cedar Valley Manufacturing,CVM,872,581,delivered,2024-11-17,2024-11-24
9421,Apex Defense Components,ADC,856,45,shipped,2025-03-05,2025-04-02
9422,Heritage Logistics Supply,HLS,923,557,shipped,2024-07-14,2024-08-13
9423,Heritage Logistics Supply,HLS,816,465,pending,2024-11-26,2024-12-05
9424,Atlas Ground Support,AGS,83,859,pending,2026-08-01,2026-08-02
9425,Frontier Aviation Components,FAC,174,235,pending,2023-06-24,2023-06-25
9426,Keystone Industrial Supply,KIS,848,753,pending,2026-11-12,2026-11-27
9427,Ranger Vehicle Parts,RVP,535,305,shipped,2023-11-20,2023-12-05
9428,Falcon Electronics Group,FEG,916,837,shipped,2024-02-21,2024-03-04
9429,Mesa Tactical Manufacturing,MTM,239,651,shipped,2024-08-05,2024-08-24
9430,Trident Marine Components,TMC,681,99,pending,2023-12-03,2023-12-18
9431,Ranger Vehicle Parts,RVP,714,768,delivered,2024-09-10,2024-10-01
9432,Trident Marine Components,TMC,902,25,shipped,2025-03-11,2025-03-24
9433,Frontier Aviation Components,FAC,999,538,pending,2024-02-25,2024-03-10
9434,Gulf Coast Maintenance Parts,GCMP,315,41,delivered,2025-11-03,2025-11-23
9435,Cascade Aerospace Systems,CAS,168,564,delivered,2025-09-10,2025-09-26
9436,Patriot Precision Parts,PPP,68,735,pending,2025-02-16,2025-03-18
9437,Apex Defense Components,ADC,619,603,delivered,2023-11-22,2023-12-05
9438,Falcon Electronics Group,FEG,177,563,shipped,2026-12-02,2026-12-16
9439,Sentinel Equipment Supply,SES,850,191,pending,2023-03-12,2023-03-15
9440,Ironclad Industrial Systems,IIS,362,932,pending,2025-09-15,2025-10-06
9441,Liberty Mechanical Systems,LMS,615,329,delivered,2025-10-17,2025-11-16
9442,Vector Aerospace Supply,VAS,729,964,pending,2026-09-09,2026-09-24
9443,Gulf Coast Maintenance Parts,GCMP,965,893,shipped,2025-02-16,2025-03-14
9444,Granite State Components,GSC,382,894,shipped,2024-01-01,2024-01-06
9445,Northstar Defense Supply,NDS,606,70,shipped,2024-02-18,2024-03-02
9446,Lone Star Equipment Group,LSEG,758,549,delivered,2024-02-18,2024-03-01
9447,Liberty Mechanical Systems,LMS,102,189,pending,2025-03-24,2025-04-17
9448,Vector Aerospace Supply,VAS,387,546,pending,2023-09-16,2023-10-05
9449,Apex Defense Components,ADC,619,951,shipped,2024-11-23,2024-12-03
9450,Lone Star Equipment Group,LSEG,171,816,delivered,2023-11-02,2023-11-13
9451,Blue Ridge Defense Manufacturing,BRDM,321,817,delivered,2023-03-11,2023-03-18
9452,Redstone Logistics Group,RLG,501,686,delivered,2025-10-07,2025-11-03
9453,Titan Mobility Systems,TMS,999,23,shipped,2025-11-16,2025-12-16
9454,Vector Aerospace Supply,VAS,702,750,pending,2024-01-09,2024-02-06
9455,Blue Ridge Defense Manufacturing,BRDM,762,56,delivered,2026-07-06,2026-07-30
9456,Pinnacle Hydraulic Systems,PHS,298,223,pending,2025-02-25,2025-03-19
9457,Trident Marine Components,TMC,583,232,delivered,2025-04-01,2025-04-04
9458,Gulf Coast Maintenance Parts,GCMP,919,497,delivered,2025-06-25,2025-06-26
9459,Blue Ridge Defense Manufacturing,BRDM,145,736,delivered,2026-08-02,2026-08-14
9460,Sterling Power Systems,SPS,190,554,pending,2024-07-04,2024-08-03
9461,Redstone Logistics Group,RLG,24,205,delivered,2026-07-19,2026-07-29
9462,Apex Defense Components,ADC,884,69,delivered,2025-05-28,2025-06-07
9463,Mesa Tactical Manufacturing,MTM,571,226,delivered,2026-06-21,2026-07-08
9464,Titan Mobility Systems,TMS,351,435,delivered,2023-03-09,2023-04-07
9465,Northstar Defense Supply,NDS,160,93,pending,2025-07-11,2025-07-12
9466,Liberty Mechanical Systems,LMS,428,78,delivered,2025-06-27,2025-07-27
9467,Harborline Industrial Supply,HIS,126,656,shipped,2024-08-19,2024-09-03
9468,Cedar Valley Manufacturing,CVM,902,533,shipped,2023-08-26,2023-09-06
9469,Gulf Coast Maintenance Parts,GCMP,39,445,delivered,2025-07-13,2025-08-08
9470,Sterling Power Systems,SPS,307,694,delivered,2025-02-28,2025-03-11
9471,Gulf Coast Maintenance Parts,GCMP,544,51,delivered,2025-11-23,2025-12-23
9472,Atlas Ground Support,AGS,784,898,delivered,2026-09-16,2026-09-24
9473,Frontier Aviation Components,FAC,635,152,pending,2024-07-27,2024-08-22
9474,Ranger Vehicle Parts,RVP,359,673,pending,2025-02-09,2025-03-06
9475,Northstar Defense Supply,NDS,93,482,pending,2025-05-03,2025-05-16
9476,Apex Defense Components,ADC,488,543,pending,2023-10-04,2023-10-20
9477,Cedar Valley Manufacturing,CVM,368,100,shipped,2024-02-06,2024-02-28
9478,Prairie Technical Components,PTC,527,392,delivered,2026-04-18,2026-04-29
9479,Apex Defense Components,ADC,671,560,shipped,2026-10-12,2026-11-09
9480,Heritage Logistics Supply,HLS,929,820,shipped,2025-12-05,2025-12-21
9481,Evergreen Field Support,EFS,825,652,pending,2024-09-12,2024-09-26
9482,Harborline Industrial Supply,HIS,106,768,pending,2024-06-09,2024-06-26
9483,Evergreen Field Support,EFS,983,974,delivered,2025-12-23,2025-12-24
9484,Ironclad Industrial Systems,IIS,114,162,pending,2023-05-01,2023-05-30
9485,Harborline Industrial Supply,HIS,533,865,shipped,2024-02-07,2024-03-07
9486,Heritage Logistics Supply,HLS,565,478,delivered,2026-12-18,2026-12-23
9487,Apex Defense Components,ADC,45,830,pending,2025-08-18,2025-08-26
9488,Ranger Vehicle Parts,RVP,367,108,delivered,2024-10-07,2024-11-05
9489,Prairie Technical Components,PTC,403,366,pending,2024-05-05,2024-05-11
9490,Sentinel Equipment Supply,SES,927,676,pending,2026-04-11,2026-04-20
9491,Granite State Components,GSC,610,789,delivered,2023-11-04,2023-11-16
9492,Granite State Components,GSC,379,97,shipped,2025-01-03,2025-01-12
9493,Cascade Aerospace Systems,CAS,105,534,shipped,2026-11-09,2026-11-22
9494,Vector Aerospace Supply,VAS,536,576,shipped,2023-09-11,2023-10-09
9495,Cedar Valley Manufacturing,CVM,504,223,shipped,2024-05-04,2024-05-13
9496,Atlas Ground Support,AGS,615,754,shipped,2026-09-21,2026-09-23
9497,Vector Aerospace Supply,VAS,994,392,delivered,2026-06-19,2026-07-15
9498,Northstar Defense Supply,NDS,858,238,delivered,2024-08-17,2024-08-31
9499,Sentinel Equipment Supply,SES,540,927,delivered,2023-03-19,2023-04-02
9500,Liberty Mechanical Systems,LMS,339,312,shipped,2024-09-03,2024-09-16
9501,Blue Ridge Defense Manufacturing,BRDM,775,560,delivered,2023-06-24,2023-07-08
9502,Evergreen Field Support,EFS,148,969,delivered,2026-03-03,2026-03-30
9503,Keystone Industrial Supply,KIS,308,969,pending,2026-12-13,2026-12-17
9504,Atlas Ground Support,AGS,60,959,pending,2024-01-11,2024-02-07
9505,Vector Aerospace Supply,VAS,588,871,pending,2023-05-25,2023-05-27
9506,Compass Maritime Supply,CMS,674,669,shipped,2023-08-22,2023-08-28
9507,Patriot Precision Parts,PPP,101,193,shipped,2025-03-17,2025-04-12
9508,Apex Defense Components,ADC,52,666,pending,2024-04-07,2024-04-13
9509,Cedar Valley Manufacturing,CVM,524,127,pending,2026-11-19,2026-11-24
9510,Vector Aerospace Supply,VAS,729,775,delivered,2025-04-24,2025-05-16
9511,Mesa Tactical Manufacturing,MTM,49,956,pending,2024-12-07,2024-12-23
9512,Heritage Logistics Supply,HLS,566,447,shipped,2026-09-08,2026-09-16
9513,Mesa Tactical Manufacturing,MTM,279,715,delivered,2025-06-10,2025-06-29
9514,Vector Aerospace Supply,VAS,235,191,shipped,2025-08-08,2025-09-05
9515,Granite State Components,GSC,478,661,shipped,2023-06-13,2023-07-13
9516,Sentinel Equipment Supply,SES,63,868,pending,2023-09-19,2023-09-24
9517,Gulf Coast Maintenance Parts,GCMP,505,108,delivered,2025-03-17,2025-03-21
9518,Prairie Technical Components,PTC,367,508,pending,2025-03-02,2025-03-04
9519,Sentinel Equipment Supply,SES,130,379,pending,2023-03-23,2023-03-30
9520,Falcon Electronics Group,FEG,693,659,pending,2024-10-13,2024-10-15
9521,Northstar Defense Supply,NDS,761,662,shipped,2023-08-25,2023-09-06
9522,Liberty Mechanical Systems,LMS,494,37,delivered,2025-11-03,2025-12-03
9523,Prairie Technical Components,PTC,857,98,delivered,2024-03-13,2024-04-03
9524,Lone Star Equipment Group,LSEG,633,161,pending,2024-06-20,2024-06-23
9525,Gulf Coast Maintenance Parts,GCMP,849,994,pending,2024-01-13,2024-02-06
9526,Ironclad Industrial Systems,IIS,629,615,delivered,2023-07-21,2023-07-26
9527,Sentinel Equipment Supply,SES,379,502,pending,2026-03-21,2026-03-27
9528,Falcon Electronics Group,FEG,473,960,shipped,2025-03-28,2025-04-03
9529,Ranger Vehicle Parts,RVP,239,323,shipped,2024-01-27,2024-02-19
9530,Blue Ridge Defense Manufacturing,BRDM,250,621,delivered,2023-07-25,2023-07-31
9531,Redstone Logistics Group,RLG,182,952,pending,2025-08-09,2025-09-08
9532,Trident Marine Components,TMC,850,618,delivered,2026-05-08,2026-06-03
9533,Northstar Defense Supply,NDS,931,522,pending,2024-03-17,2024-03-27
9534,Summit Tactical Supply,STS,269,915,pending,2023-05-14,2023-05-28
9535,Gulf Coast Maintenance Parts,GCMP,984,782,pending,2024-04-11,2024-04-18
9536,Cascade Aerospace Systems,CAS,70,472,pending,2023-12-25,2024-01-12
9537,Prairie Technical Components,PTC,677,353,delivered,2023-03-13,2023-03-19
9538,Titan Mobility Systems,TMS,470,745,shipped,2026-08-16,2026-08-28
9539,Patriot Precision Parts,PPP,783,69,delivered,2026-08-18,2026-08-20
9540,Granite State Components,GSC,705,482,pending,2026-03-01,2026-03-12
9541,Ironclad Industrial Systems,IIS,672,407,delivered,2026-03-25,2026-03-31
9542,Trident Marine Components,TMC,623,19,delivered,2024-06-20,2024-06-21
9543,Titan Mobility Systems,TMS,589,470,shipped,2023-07-27,2023-08-13
9544,Patriot Precision Parts,PPP,347,391,shipped,2025-04-03,2025-04-12
9545,Cascade Aerospace Systems,CAS,80,251,pending,2025-07-24,2025-08-19
9546,Compass Maritime Supply,CMS,699,917,pending,2023-01-18,2023-02-12
9547,Heritage Logistics Supply,HLS,586,10,pending,2024-01-12,2024-01-19
9548,Frontier Aviation Components,FAC,393,962,delivered,2026-09-09,2026-09-12
9549,Northstar Defense Supply,NDS,329,600,delivered,2026-08-07,2026-08-10
9550,Cascade Aerospace Systems,CAS,550,5,shipped,2026-02-21,2026-03-07
9551,Cedar Valley Manufacturing,CVM,134,60,pending,2026-09-08,2026-09-13
9552,Evergreen Field Support,EFS,559,37,shipped,2025-03-16,2025-04-09
9553,Frontier Aviation Components,FAC,799,838,pending,2026-01-20,2026-01-27
9554,Cascade Aerospace Systems,CAS,762,863,delivered,2025-01-13,2025-02-02
9555,Gulf Coast Maintenance Parts,GCMP,850,510,delivered,2024-12-16,2025-01-06
9556,Ironclad Industrial Systems,IIS,98,929,delivered,2025-05-25,2025-06-24
9557,Summit Tactical Supply,STS,527,93,pending,2023-04-10,2023-04-18
9558,Northstar Defense Supply,NDS,237,896,shipped,2023-12-02,2023-12-26
9559,Harborline Industrial Supply,HIS,242,963,shipped,2023-08-03,2023-08-13
9560,Falcon Electronics Group,FEG,470,775,delivered,2023-09-10,2023-09-26
9561,Liberty Mechanical Systems,LMS,757,39,pending,2024-07-18,2024-08-05
9562,Ironclad Industrial Systems,IIS,65,777,pending,2024-04-24,2024-05-10
9563,Summit Tactical Supply,STS,428,279,pending,2024-06-24,2024-07-09
9564,Titan Mobility Systems,TMS,348,546,delivered,2026-07-09,2026-07-13
9565,Harborline Industrial Supply,HIS,626,990,delivered,2023-02-14,2023-03-02
9566,Lone Star Equipment Group,LSEG,289,0,pending,2023-02-23,2023-03-11
9567,Summit Tactical Supply,STS,633,795,pending,2025-05-17,2025-06-14
9568,Ironclad Industrial Systems,IIS,582,109,pending,2024-03-06,2024-03-27
9569,Sentinel Equipment Supply,SES,682,396,delivered,2024-02-15,2024-02-19
9570,Northstar Defense Supply,NDS,19,477,shipped,2024-01-19,2024-02-16
9571,Keystone Industrial Supply,KIS,522,818,delivered,2023-05-11,2023-05-29
9572,Atlas Ground Support,AGS,656,417,delivered,2024-06-22,2024-06-24
9573,Pinnacle Hydraulic Systems,PHS,178,25,pending,2024-10-24,2024-11-06
9574,Lone Star Equipment Group,LSEG,652,371,shipped,2024-10-01,2024-10-25
9575,Sterling Power Systems,SPS,985,914,delivered,2025-08-12,2025-08-23
9576,Sterling Power Systems,SPS,669,441,shipped,2025-11-13,2025-12-08
9577,Falcon Electronics Group,FEG,827,85,shipped,2023-10-20,2023-11-05
9578,Mesa Tactical Manufacturing,MTM,94,610,shipped,2026-07-09,2026-08-02
9579,Redstone Logistics Group,RLG,383,896,pending,2025-03-25,2025-03-28
9580,Cascade Aerospace Systems,CAS,283,949,shipped,2026-09-14,2026-09-23
9581,Frontier Aviation Components,FAC,165,251,shipped,2023-12-08,2023-12-11
9582,Mesa Tactical Manufacturing,MTM,436,577,shipped,2025-07-05,2025-07-06
9583,Blue Ridge Defense Manufacturing,BRDM,779,83,shipped,2024-09-03,2024-09-04
9584,Pinnacle Hydraulic Systems,PHS,488,600,shipped,2026-02-07,2026-03-03
9585,Heritage Logistics Supply,HLS,490,845,shipped,2025-09-25,2025-10-07
9586,Granite State Components,GSC,923,403,shipped,2024-11-18,2024-12-05
9587,Blue Ridge Defense Manufacturing,BRDM,789,248,delivered,2025-03-14,2025-03-30
9588,Heritage Logistics Supply,HLS,734,188,pending,2023-02-03,2023-03-01
9589,Apex Defense Components,ADC,956,953,delivered,2024-06-21,2024-07-05
9590,Vector Aerospace Supply,VAS,485,152,shipped,2025-10-20,2025-11-09
9591,Falcon Electronics Group,FEG,141,268,pending,2023-11-11,2023-11-30
9592,Evergreen Field Support,EFS,391,543,shipped,2026-03-09,2026-04-05
9593,Cedar Valley Manufacturing,CVM,524,411,pending,2025-08-23,2025-09-14
9594,Pinnacle Hydraulic Systems,PHS,520,21,shipped,2025-07-24,2025-08-11
9595,Sentinel Equipment Supply,SES,714,383,shipped,2024-08-26,2024-09-15
9596,Sterling Power Systems,SPS,425,369,delivered,2024-11-15,2024-11-27
9597,Ranger Vehicle Parts,RVP,211,192,pending,2024-06-07,2024-06-08
9598,Heritage Logistics Supply,HLS,932,439,pending,2023-12-21,2024-01-19
9599,Liberty Mechanical Systems,LMS,494,184,shipped,2023-07-28,2023-08-27
9600,Cascade Aerospace Systems,CAS,499,554,pending,2026-06-04,2026-06-24
9601,Evergreen Field Support,EFS,862,224,shipped,2023-02-17,2023-02-22
9602,Keystone Industrial Supply,KIS,151,272,delivered,2026-01-08,2026-01-13
9603,Mesa Tactical Manufacturing,MTM,505,291,pending,2025-07-08,2025-07-14
9604,Summit Tactical Supply,STS,402,129,delivered,2023-05-04,2023-05-19
9605,Compass Maritime Supply,CMS,321,204,shipped,2026-01-09,2026-02-05
9606,Gulf Coast Maintenance Parts,GCMP,804,689,pending,2023-08-17,2023-08-19
9607,Cedar Valley Manufacturing,CVM,953,491,shipped,2024-07-06,2024-07-30
9608,Granite State Components,GSC,583,972,pending,2026-10-18,2026-10-21
9609,Frontier Aviation Components,FAC,620,595,shipped,2024-12-02,2024-12-09
9610,Harborline Industrial Supply,HIS,703,607,pending,2024-10-20,2024-10-22
9611,Sentinel Equipment Supply,SES,98,45,delivered,2026-04-11,2026-05-09
9612,Redstone Logistics Group,RLG,162,936,pending,2023-03-21,2023-03-26
9613,Northstar Defense Supply,NDS,667,810,pending,2023-12-04,2024-01-01
9614,Titan Mobility Systems,TMS,937,824,pending,2024-06-13,2024-06-22
9615,Patriot Precision Parts,PPP,816,210,shipped,2025-01-28,2025-01-29
9616,Harborline Industrial Supply,HIS,623,177,shipped,2025-11-19,2025-12-10
9617,Apex Defense Components,ADC,14,941,delivered,2024-05-09,2024-05-28
9618,Atlas Ground Support,AGS,556,69,shipped,2025-04-15,2025-04-25
9619,Heritage Logistics Supply,HLS,786,645,pending,2024-09-03,2024-10-01
9620,Mesa Tactical Manufacturing,MTM,308,753,pending,2024-07-04,2024-07-27
9621,Liberty Mechanical Systems,LMS,429,699,delivered,2026-10-07,2026-11-05
9622,Blue Ridge Defense Manufacturing,BRDM,283,721,shipped,2023-09-20,2023-10-13
9623,Falcon Electronics Group,FEG,12,388,delivered,2024-11-09,2024-11-20
9624,Apex Defense Components,ADC,75,257,pending,2025-07-10,2025-08-01
9625,Blue Ridge Defense Manufacturing,BRDM,119,355,shipped,2023-09-20,2023-10-02
9626,Lone Star Equipment Group,LSEG,788,371,shipped,2023-01-07,2023-01-25
9627,Sentinel Equipment Supply,SES,294,96,shipped,2025-07-10,2025-07-11
9628,Apex Defense Components,ADC,440,818,pending,2024-07-07,2024-07-29
9629,Atlas Ground Support,AGS,315,42,delivered,2026-11-05,2026-11-11
9630,Mesa Tactical Manufacturing,MTM,160,285,delivered,2023-10-28,2023-11-11
9631,Ranger Vehicle Parts,RVP,339,171,shipped,2026-06-23,2026-07-19
9632,Summit Tactical Supply,STS,143,654,shipped,2023-04-28,2023-04-29
9633,Ironclad Industrial Systems,IIS,790,801,delivered,2026-06-10,2026-07-06
9634,Patriot Precision Parts,PPP,274,463,shipped,2023-01-20,2023-02-18
9635,Gulf Coast Maintenance Parts,GCMP,504,88,pending,2023-01-19,2023-01-31
9636,Trident Marine Components,TMC,778,656,pending,2026-07-04,2026-07-07
9637,Blue Ridge Defense Manufacturing,BRDM,456,798,delivered,2024-08-05,2024-08-26
9638,Atlas Ground Support,AGS,305,371,shipped,2024-06-22,2024-07-21
9639,Liberty Mechanical Systems,LMS,885,68,shipped,2026-04-21,2026-05-03
9640,Northstar Defense Supply,NDS,388,832,delivered,2025-01-16,2025-02-04
9641,Pinnacle Hydraulic Systems,PHS,597,568,delivered,2025-06-05,2025-07-01
9642,Granite State Components,GSC,917,661,delivered,2023-10-04,2023-10-21
9643,Cascade Aerospace Systems,CAS,387,306,shipped,2025-12-22,2026-01-13
9644,Harborline Industrial Supply,HIS,770,674,pending,2024-01-07,2024-02-04
9645,Lone Star Equipment Group,LSEG,818,750,pending,2026-07-24,2026-07-29
9646,Falcon Electronics Group,FEG,12,498,delivered,2025-08-06,2025-08-08
9647,Frontier Aviation Components,FAC,84,142,delivered,2025-01-28,2025-02-14
9648,Titan Mobility Systems,TMS,870,220,pending,2024-10-21,2024-10-24
9649,Mesa Tactical Manufacturing,MTM,949,952,delivered,2026-02-16,2026-03-17
9650,Frontier Aviation Components,FAC,71,162,shipped,2023-11-15,2023-12-04
9651,Frontier Aviation Components,FAC,499,468,pending,2024-12-20,2025-01-16
9652,Titan Mobility Systems,TMS,79,361,shipped,2025-04-19,2025-05-19
9653,Ironclad Industrial Systems,IIS,90,445,delivered,2026-08-13,2026-08-28
9654,Summit Tactical Supply,STS,404,417,pending,2026-12-06,2026-12-22
9655,Sterling Power Systems,SPS,141,12,shipped,2023-08-01,2023-08-08
9656,Redstone Logistics Group,RLG,340,656,pending,2024-02-20,2024-03-03
9657,Vector Aerospace Supply,VAS,596,633,delivered,2023-09-14,2023-10-09
9658,Ranger Vehicle Parts,RVP,413,272,delivered,2023-08-07,2023-09-06
9659,Heritage Logistics Supply,HLS,555,452,delivered,2024-05-19,2024-06-08
9660,Apex Defense Components,ADC,672,214,delivered,2026-12-16,2026-12-25
9661,Frontier Aviation Components,FAC,942,306,delivered,2023-08-19,2023-08-23
9662,Vector Aerospace Supply,VAS,981,234,shipped,2025-05-24,2025-05-26
9663,Heritage Logistics Supply,HLS,448,590,shipped,2023-05-28,2023-06-25
9664,Cedar Valley Manufacturing,CVM,852,530,pending,2025-12-23,2025-12-27
9665,Ironclad Industrial Systems,IIS,500,56,delivered,2026-03-22,2026-04-03
9666,Titan Mobility Systems,TMS,961,132,pending,2025-09-15,2025-09-19
9667,Gulf Coast Maintenance Parts,GCMP,757,243,delivered,2026-10-16,2026-10-17
9668,Redstone Logistics Group,RLG,789,665,pending,2025-11-28,2025-12-07
9669,Cedar Valley Manufacturing,CVM,426,690,shipped,2024-02-26,2024-03-10
9670,Ranger Vehicle Parts,RVP,837,219,delivered,2026-11-03,2026-11-26
9671,Ironclad Industrial Systems,IIS,518,12,pending,2026-09-01,2026-09-10
9672,Compass Maritime Supply,CMS,935,434,pending,2023-03-15,2023-03-18
9673,Lone Star Equipment Group,LSEG,315,840,pending,2025-02-04,2025-02-21
9674,Harborline Industrial Supply,HIS,402,982,delivered,2024-01-06,2024-01-28
9675,Keystone Industrial Supply,KIS,217,198,pending,2023-09-10,2023-09-15
9676,Frontier Aviation Components,FAC,8,248,pending,2026-05-08,2026-05-23
9677,Evergreen Field Support,EFS,682,658,shipped,2025-10-19,2025-10-21
9678,Granite State Components,GSC,110,262,shipped,2024-09-05,2024-09-22
9679,Summit Tactical Supply,STS,495,971,shipped,2026-02-05,2026-03-04
9680,Heritage Logistics Supply,HLS,294,856,shipped,2025-09-19,2025-09-24
9681,Ironclad Industrial Systems,IIS,746,930,shipped,2026-12-04,2026-12-15
9682,Patriot Precision Parts,PPP,430,797,shipped,2025-01-18,2025-01-21
9683,Redstone Logistics Group,RLG,499,400,delivered,2026-05-17,2026-05-22
9684,Atlas Ground Support,AGS,350,848,pending,2026-12-17,2027-01-05
9685,Ranger Vehicle Parts,RVP,356,259,shipped,2024-06-26,2024-07-02
9686,Keystone Industrial Supply,KIS,588,379,delivered,2026-05-12,2026-06-09
9687,Pinnacle Hydraulic Systems,PHS,516,744,shipped,2025-01-12,2025-01-26
9688,Compass Maritime Supply,CMS,132,218,delivered,2025-07-10,2025-07-31
9689,Atlas Ground Support,AGS,520,290,shipped,2026-05-02,2026-05-14
9690,Ranger Vehicle Parts,RVP,624,90,delivered,2024-02-16,2024-02-24
9691,Northstar Defense Supply,NDS,362,352,pending,2023-05-11,2023-05-17
9692,Cascade Aerospace Systems,CAS,420,588,delivered,2023-04-07,2023-04-20
9693,Lone Star Equipment Group,LSEG,372,633,shipped,2023-01-02,2023-01-08
9694,Falcon Electronics Group,FEG,886,711,pending,2023-03-01,2023-03-31
9695,Vector Aerospace Supply,VAS,575,77,shipped,2025-06-20,2025-07-15
9696,Gulf Coast Maintenance Parts,GCMP,238,754,delivered,2024-02-22,2024-03-16
9697,Heritage Logistics Supply,HLS,131,271,delivered,2023-07-23,2023-08-19
9698,Apex Defense Components,ADC,523,132,shipped,2024-09-24,2024-10-24
9699,Gulf Coast Maintenance Parts,GCMP,832,487,shipped,2024-06-19,2024-06-27
9700,Cascade Aerospace Systems,CAS,45,507,shipped,2023-08-02,2023-08-19
9701,Redstone Logistics Group,RLG,46,496,shipped,2023-10-26,2023-11-12
9702,Redstone Logistics Group,RLG,721,444,delivered,2024-02-17,2024-02-25
9703,Cedar Valley Manufacturing,CVM,189,844,shipped,2024-05-03,2024-05-14
9704,Apex Defense Components,ADC,884,622,shipped,2025-05-08,2025-06-06
9705,Ranger Vehicle Parts,RVP,93,877,delivered,2024-09-16,2024-10-11
9706,Vector Aerospace Supply,VAS,510,292,delivered,2026-11-26,2026-12-12
9707,Harborline Industrial Supply,HIS,975,373,delivered,2024-01-28,2024-02-07
9708,Liberty Mechanical Systems,LMS,574,668,pending,2026-10-17,2026-11-08
9709,Granite State Components,GSC,326,251,shipped,2023-09-18,2023-09-20
9710,Vector Aerospace Supply,VAS,252,456,pending,2023-07-07,2023-07-20
9711,Summit Tactical Supply,STS,292,702,delivered,2025-05-22,2025-06-21
9712,Compass Maritime Supply,CMS,17,150,shipped,2025-04-10,2025-04-11
9713,Evergreen Field Support,EFS,604,494,shipped,2025-08-20,2025-08-29
9714,Blue Ridge Defense Manufacturing,BRDM,154,853,delivered,2023-02-24,2023-03-14
9715,Apex Defense Components,ADC,506,428,delivered,2023-07-19,2023-08-01
9716,Compass Maritime Supply,CMS,520,267,pending,2023-11-28,2023-12-07
9717,Ironclad Industrial Systems,IIS,844,233,pending,2023-03-03,2023-03-21
9718,Atlas Ground Support,AGS,297,71,pending,2025-03-21,2025-04-20
9719,Patriot Precision Parts,PPP,560,114,pending,2024-08-02,2024-08-25
9720,Keystone Industrial Supply,KIS,748,295,pending,2026-03-20,2026-04-04
9721,Ranger Vehicle Parts,RVP,938,808,pending,2026-04-09,2026-05-05
9722,Northstar Defense Supply,NDS,11,235,delivered,2024-11-07,2024-11-08
9723,Keystone Industrial Supply,KIS,315,715,delivered,2024-11-02,2024-11-14
9724,Compass Maritime Supply,CMS,797,428,delivered,2024-06-16,2024-06-28
9725,Titan Mobility Systems,TMS,852,272,pending,2025-10-18,2025-10-25
9726,Cedar Valley Manufacturing,CVM,389,665,shipped,2026-08-25,2026-09-07
9727,Keystone Industrial Supply,KIS,761,785,delivered,2025-09-06,2025-09-08
9728,Falcon Electronics Group,FEG,624,955,shipped,2026-06-17,2026-07-15
9729,Liberty Mechanical Systems,LMS,355,837,pending,2024-10-04,2024-10-28
9730,Granite State Components,GSC,147,513,pending,2026-08-01,2026-08-27
9731,Northstar Defense Supply,NDS,342,226,shipped,2026-10-20,2026-11-15
9732,Atlas Ground Support,AGS,943,517,pending,2026-02-02,2026-02-13
9733,Blue Ridge Defense Manufacturing,BRDM,270,808,shipped,2023-04-18,2023-04-19
9734,Trident Marine Components,TMC,559,864,pending,2023-05-10,2023-06-09
9735,Trident Marine Components,TMC,375,343,shipped,2023-04-07,2023-05-05
9736,Keystone Industrial Supply,KIS,641,905,pending,2024-11-23,2024-12-02
9737,Vector Aerospace Supply,VAS,668,754,delivered,2023-02-13,2023-02-24
9738,Lone Star Equipment Group,LSEG,562,403,shipped,2023-06-01,2023-06-22
9739,Apex Defense Components,ADC,728,798,delivered,2023-10-21,2023-11-14
9740,Ironclad Industrial Systems,IIS,875,55,pending,2024-07-10,2024-07-20
9741,Northstar Defense Supply,NDS,993,998,pending,2024-02-03,2024-02-05
9742,Heritage Logistics Supply,HLS,139,836,delivered,2024-04-25,2024-05-09
9743,Vector Aerospace Supply,VAS,314,179,delivered,2024-04-01,2024-04-27
9744,Cascade Aerospace Systems,CAS,325,858,delivered,2026-12-07,2026-12-13
9745,Summit Tactical Supply,STS,220,255,pending,2025-07-28,2025-08-01
9746,Gulf Coast Maintenance Parts,GCMP,422,196,shipped,2026-09-11,2026-09-14
9747,Gulf Coast Maintenance Parts,GCMP,30,174,pending,2026-06-06,2026-06-15
9748,Lone Star Equipment Group,LSEG,394,711,pending,2023-11-27,2023-12-17
9749,Heritage Logistics Supply,HLS,921,88,pending,2024-02-16,2024-03-04
9750,Cascade Aerospace Systems,CAS,403,461,pending,2023-11-07,2023-12-03
9751,Blue Ridge Defense Manufacturing,BRDM,17,861,pending,2023-09-22,2023-10-17
9752,Ironclad Industrial Systems,IIS,381,230,delivered,2025-08-25,2025-09-03
9753,Sterling Power Systems,SPS,972,218,shipped,2026-12-27,2026-12-30
9754,Patriot Precision Parts,PPP,832,115,delivered,2023-07-19,2023-08-16
9755,Patriot Precision Parts,PPP,500,68,shipped,2025-11-26,2025-12-05
9756,Redstone Logistics Group,RLG,167,949,shipped,2023-08-08,2023-09-07
9757,Titan Mobility Systems,TMS,226,185,pending,2024-03-28,2024-04-11
9758,Sterling Power Systems,SPS,691,928,pending,2025-04-28,2025-05-21
9759,Vector Aerospace Supply,VAS,163,305,delivered,2023-04-20,2023-04-22
9760,Granite State Components,GSC,613,450,pending,2024-03-13,2024-03-27
9761,Sterling Power Systems,SPS,569,635,delivered,2026-05-06,2026-06-04
9762,Redstone Logistics Group,RLG,997,778,pending,2025-03-27,2025-04-07
9763,Trident Marine Components,TMC,457,37,pending,2023-12-05,2023-12-11
9764,Gulf Coast Maintenance Parts,GCMP,68,663,delivered,2024-07-08,2024-07-23
9765,Evergreen Field Support,EFS,874,743,delivered,2024-07-23,2024-07-24
9766,Falcon Electronics Group,FEG,10,431,delivered,2026-02-19,2026-03-20
9767,Ranger Vehicle Parts,RVP,786,842,pending,2026-06-17,2026-06-30
9768,Ranger Vehicle Parts,RVP,356,284,delivered,2025-09-21,2025-10-13
9769,Lone Star Equipment Group,LSEG,285,871,shipped,2025-12-15,2025-12-23
9770,Apex Defense Components,ADC,609,355,shipped,2023-03-16,2023-04-03
9771,Compass Maritime Supply,CMS,20,405,delivered,2026-03-11,2026-03-20
9772,Gulf Coast Maintenance Parts,GCMP,234,496,delivered,2025-03-27,2025-04-23
9773,Blue Ridge Defense Manufacturing,BRDM,493,259,shipped,2023-05-26,2023-06-08
9774,Mesa Tactical Manufacturing,MTM,712,436,delivered,2023-08-14,2023-08-18
9775,Liberty Mechanical Systems,LMS,911,5,delivered,2023-03-12,2023-04-09
9776,Ironclad Industrial Systems,IIS,456,558,pending,2025-03-19,2025-04-17
9777,Titan Mobility Systems,TMS,435,714,pending,2023-04-27,2023-05-15
9778,Compass Maritime Supply,CMS,275,522,shipped,2023-02-21,2023-03-20
9779,Harborline Industrial Supply,HIS,550,42,shipped,2023-10-20,2023-11-05
9780,Gulf Coast Maintenance Parts,GCMP,948,156,pending,2023-06-18,2023-06-30
9781,Gulf Coast Maintenance Parts,GCMP,699,956,pending,2025-09-11,2025-10-04
9782,Patriot Precision Parts,PPP,84,569,shipped,2026-09-17,2026-10-01
9783,Apex Defense Components,ADC,407,766,pending,2023-04-22,2023-04-25
9784,Titan Mobility Systems,TMS,890,776,shipped,2026-09-04,2026-09-14
9785,Cascade Aerospace Systems,CAS,34,528,pending,2026-11-24,2026-11-28
9786,Heritage Logistics Supply,HLS,87,354,delivered,2024-05-19,2024-05-26
9787,Granite State Components,GSC,964,200,pending,2023-01-08,2023-01-12
9788,Blue Ridge Defense Manufacturing,BRDM,268,444,shipped,2023-05-02,2023-05-04
9789,Sentinel Equipment Supply,SES,673,186,pending,2025-06-05,2025-06-25
9790,Cascade Aerospace Systems,CAS,883,491,delivered,2023-11-19,2023-12-05
9791,Titan Mobility Systems,TMS,555,20,pending,2023-02-03,2023-02-10
9792,Keystone Industrial Supply,KIS,290,138,shipped,2025-09-03,2025-09-11
9793,Blue Ridge Defense Manufacturing,BRDM,756,14,pending,2023-12-23,2024-01-09
9794,Mesa Tactical Manufacturing,MTM,638,168,delivered,2025-12-23,2026-01-10
9795,Patriot Precision Parts,PPP,326,399,delivered,2025-01-12,2025-01-20
9796,Ranger Vehicle Parts,RVP,99,646,shipped,2025-12-06,2025-12-31
9797,Cascade Aerospace Systems,CAS,553,780,delivered,2023-07-07,2023-07-13
9798,Cascade Aerospace Systems,CAS,626,976,delivered,2023-07-08,2023-07-10
9799,Heritage Logistics Supply,HLS,525,447,delivered,2025-09-28,2025-10-16
9800,Ironclad Industrial Systems,IIS,883,438,shipped,2025-03-26,2025-04-23
9801,Cascade Aerospace Systems,CAS,358,457,delivered,2026-04-26,2026-05-19
9802,Frontier Aviation Components,FAC,895,371,pending,2023-06-09,2023-07-02
9803,Apex Defense Components,ADC,720,357,shipped,2024-04-14,2024-04-22
9804,Ironclad Industrial Systems,IIS,652,971,shipped,2026-01-07,2026-01-22
9805,Prairie Technical Components,PTC,849,671,pending,2024-03-16,2024-04-02
9806,Mesa Tactical Manufacturing,MTM,134,534,pending,2026-01-18,2026-02-10
9807,Atlas Ground Support,AGS,287,712,pending,2024-02-12,2024-02-19
9808,Cascade Aerospace Systems,CAS,917,283,delivered,2024-01-03,2024-01-09
9809,Pinnacle Hydraulic Systems,PHS,311,509,shipped,2023-06-16,2023-07-14
9810,Liberty Mechanical Systems,LMS,879,861,delivered,2023-08-06,2023-08-29
9811,Atlas Ground Support,AGS,864,354,delivered,2025-11-28,2025-11-29
9812,Cascade Aerospace Systems,CAS,540,791,delivered,2024-02-17,2024-03-16
9813,Vector Aerospace Supply,VAS,201,715,pending,2024-02-05,2024-02-17
9814,Frontier Aviation Components,FAC,40,5,pending,2023-10-26,2023-11-05
9815,Harborline Industrial Supply,HIS,897,684,shipped,2025-01-19,2025-01-25
9816,Patriot Precision Parts,PPP,744,883,delivered,2024-03-18,2024-04-14
9817,Blue Ridge Defense Manufacturing,BRDM,918,280,shipped,2025-08-14,2025-08-23
9818,Compass Maritime Supply,CMS,135,577,delivered,2026-10-02,2026-10-09
9819,Liberty Mechanical Systems,LMS,654,434,delivered,2025-03-09,2025-03-27
9820,Mesa Tactical Manufacturing,MTM,244,470,shipped,2025-07-02,2025-07-14
9821,Granite State Components,GSC,938,230,delivered,2024-06-25,2024-07-10
9822,Harborline Industrial Supply,HIS,86,980,shipped,2025-03-06,2025-03-10
9823,Sterling Power Systems,SPS,182,259,shipped,2025-01-17,2025-01-22
9824,Northstar Defense Supply,NDS,85,213,delivered,2023-03-21,2023-04-09
9825,Summit Tactical Supply,STS,978,838,shipped,2025-01-16,2025-01-17
9826,Gulf Coast Maintenance Parts,GCMP,512,165,delivered,2024-01-12,2024-01-27
9827,Cascade Aerospace Systems,CAS,981,227,delivered,2026-01-06,2026-02-02
9828,Frontier Aviation Components,FAC,539,621,shipped,2024-06-09,2024-06-20
9829,Trident Marine Components,TMC,411,79,pending,2023-11-06,2023-11-25
9830,Apex Defense Components,ADC,971,532,pending,2025-05-24,2025-06-11
9831,Sentinel Equipment Supply,SES,208,128,shipped,2023-07-09,2023-07-23
9832,Granite State Components,GSC,458,659,delivered,2025-03-07,2025-03-29
9833,Summit Tactical Supply,STS,712,986,shipped,2023-10-15,2023-10-26
9834,Frontier Aviation Components,FAC,400,776,delivered,2026-11-04,2026-11-15
9835,Northstar Defense Supply,NDS,627,432,shipped,2025-11-28,2025-12-28
9836,Northstar Defense Supply,NDS,588,864,shipped,2024-07-03,2024-07-07
9837,Falcon Electronics Group,FEG,848,459,shipped,2025-09-07,2025-09-14
9838,Falcon Electronics Group,FEG,756,70,shipped,2025-04-28,2025-04-29
9839,Vector Aerospace Supply,VAS,576,948,shipped,2024-08-20,2024-08-24
9840,Keystone Industrial Supply,KIS,312,75,pending,2024-05-14,2024-05-16
9841,Keystone Industrial Supply,KIS,527,640,shipped,2024-07-23,2024-08-03
9842,Cascade Aerospace Systems,CAS,106,38,shipped,2024-05-13,2024-05-16
9843,Cedar Valley Manufacturing,CVM,531,532,shipped,2023-01-08,2023-02-06
9844,Heritage Logistics Supply,HLS,649,655,pending,2023-11-25,2023-12-19
9845,Cedar Valley Manufacturing,CVM,22,382,delivered,2026-11-18,2026-11-21
9846,Frontier Aviation Components,FAC,351,203,shipped,2023-08-26,2023-08-27
9847,Sentinel Equipment Supply,SES,449,385,pending,2026-08-09,2026-09-06
9848,Northstar Defense Supply,NDS,608,540,delivered,2023-12-15,2023-12-20
9849,Cedar Valley Manufacturing,CVM,428,624,pending,2025-08-05,2025-08-16
9850,Trident Marine Components,TMC,949,116,pending,2023-08-22,2023-09-07
9851,Northstar Defense Supply,NDS,195,572,delivered,2026-01-06,2026-01-28
9852,Compass Maritime Supply,CMS,731,872,pending,2024-08-18,2024-08-24
9853,Ranger Vehicle Parts,RVP,124,553,pending,2026-12-02,2026-12-26
9854,Pinnacle Hydraulic Systems,PHS,372,66,shipped,2025-07-14,2025-08-03
9855,Evergreen Field Support,EFS,54,21,pending,2024-11-21,2024-12-17
9856,Heritage Logistics Supply,HLS,714,547,pending,2026-06-16,2026-06-19
9857,Titan Mobility Systems,TMS,266,961,shipped,2026-09-11,2026-09-16
9858,Gulf Coast Maintenance Parts,GCMP,492,262,pending,2026-09-28,2026-10-20
9859,Sterling Power Systems,SPS,249,116,delivered,2023-01-19,2023-01-25
9860,Prairie Technical Components,PTC,200,33,delivered,2026-07-21,2026-08-07
9861,Gulf Coast Maintenance Parts,GCMP,495,850,pending,2023-10-03,2023-11-01
9862,Titan Mobility Systems,TMS,469,282,shipped,2024-05-04,2024-05-27
9863,Sentinel Equipment Supply,SES,415,65,shipped,2024-09-07,2024-09-27
9864,Cedar Valley Manufacturing,CVM,665,325,delivered,2024-08-17,2024-08-20
9865,Vector Aerospace Supply,VAS,769,129,shipped,2026-04-23,2026-05-21
9866,Trident Marine Components,TMC,924,891,shipped,2026-11-21,2026-11-22
9867,Ironclad Industrial Systems,IIS,575,941,delivered,2025-05-03,2025-05-06
9868,Ironclad Industrial Systems,IIS,16,322,pending,2025-01-15,2025-02-09
9869,Patriot Precision Parts,PPP,16,279,pending,2023-01-10,2023-01-17
9870,Patriot Precision Parts,PPP,978,852,shipped,2025-11-13,2025-12-13
9871,Falcon Electronics Group,FEG,951,896,pending,2025-08-02,2025-08-23
9872,Apex Defense Components,ADC,897,700,delivered,2023-02-07,2023-02-12
9873,Redstone Logistics Group,RLG,69,931,delivered,2025-03-24,2025-04-17
9874,Sterling Power Systems,SPS,769,264,shipped,2023-07-12,2023-08-11
9875,Mesa Tactical Manufacturing,MTM,587,707,pending,2026-03-20,2026-04-18
9876,Sterling Power Systems,SPS,993,770,delivered,2023-08-20,2023-08-23
9877,Northstar Defense Supply,NDS,99,254,delivered,2026-01-20,2026-01-22
9878,Gulf Coast Maintenance Parts,GCMP,976,546,shipped,2026-10-05,2026-10-22
9879,Vector Aerospace Supply,VAS,413,586,delivered,2024-06-18,2024-06-30
9880,Falcon Electronics Group,FEG,790,271,pending,2026-09-22,2026-10-06
9881,Gulf Coast Maintenance Parts,GCMP,47,650,pending,2024-01-15,2024-01-17
9882,Falcon Electronics Group,FEG,177,241,shipped,2024-10-12,2024-11-07
9883,Ranger Vehicle Parts,RVP,571,416,shipped,2026-06-17,2026-07-08
9884,Patriot Precision Parts,PPP,947,809,shipped,2025-01-25,2025-02-20
9885,Pinnacle Hydraulic Systems,PHS,435,815,delivered,2025-01-07,2025-01-28
9886,Redstone Logistics Group,RLG,742,635,shipped,2026-11-08,2026-12-05
9887,Trident Marine Components,TMC,155,266,shipped,2025-08-04,2025-09-02
9888,Gulf Coast Maintenance Parts,GCMP,279,659,delivered,2023-01-21,2023-02-08
9889,Pinnacle Hydraulic Systems,PHS,872,754,delivered,2024-11-26,2024-12-19
9890,Heritage Logistics Supply,HLS,870,175,pending,2025-04-04,2025-04-18
9891,Prairie Technical Components,PTC,531,657,delivered,2026-09-08,2026-09-18
9892,Evergreen Field Support,EFS,903,179,shipped,2026-12-16,2026-12-30
9893,Titan Mobility Systems,TMS,477,335,pending,2025-08-21,2025-09-11
9894,Atlas Ground Support,AGS,316,563,delivered,2024-02-15,2024-03-02
9895,Granite State Components,GSC,959,843,shipped,2024-03-18,2024-04-01
9896,Northstar Defense Supply,NDS,462,421,shipped,2025-02-18,2025-03-04
9897,Frontier Aviation Components,FAC,33,605,delivered,2024-12-10,2025-01-02
9898,Ironclad Industrial Systems,IIS,380,788,delivered,2026-03-12,2026-03-22
9899,Titan Mobility Systems,TMS,271,601,delivered,2023-11-28,2023-12-19
9900,Sterling Power Systems,SPS,2,99,shipped,2026-05-21,2026-06-09
9901,Ranger Vehicle Parts,RVP,367,863,pending,2023-09-17,2023-10-08
9902,Sentinel Equipment Supply,SES,792,86,pending,2024-09-09,2024-10-09
9903,Cedar Valley Manufacturing,CVM,326,810,shipped,2024-05-06,2024-06-01
9904,Lone Star Equipment Group,LSEG,958,8,shipped,2026-06-24,2026-07-24
9905,Falcon Electronics Group,FEG,670,642,delivered,2023-05-14,2023-05-30
9906,Prairie Technical Components,PTC,434,389,shipped,2026-04-09,2026-05-03
9907,Vector Aerospace Supply,VAS,625,860,pending,2026-11-23,2026-11-28
9908,Granite State Components,GSC,258,745,delivered,2025-12-03,2025-12-26
9909,Evergreen Field Support,EFS,423,295,pending,2024-07-12,2024-08-11
9910,Compass Maritime Supply,CMS,533,872,delivered,2026-02-26,2026-03-01
9911,Frontier Aviation Components,FAC,946,989,pending,2023-02-11,2023-03-04
9912,Sentinel Equipment Supply,SES,511,154,delivered,2023-05-19,2023-05-24
9913,Evergreen Field Support,EFS,208,931,shipped,2025-11-18,2025-11-22
9914,Blue Ridge Defense Manufacturing,BRDM,666,433,shipped,2026-01-05,2026-01-15
9915,Titan Mobility Systems,TMS,971,5,delivered,2025-01-24,2025-02-05
9916,Redstone Logistics Group,RLG,336,890,delivered,2023-12-05,2024-01-02
9917,Patriot Precision Parts,PPP,859,250,shipped,2025-11-23,2025-12-01
9918,Patriot Precision Parts,PPP,590,216,shipped,2024-01-21,2024-02-10
9919,Mesa Tactical Manufacturing,MTM,401,205,pending,2024-02-22,2024-03-18
9920,Trident Marine Components,TMC,443,887,pending,2024-10-16,2024-10-18
9921,Cascade Aerospace Systems,CAS,518,576,pending,2024-09-22,2024-09-24
9922,Northstar Defense Supply,NDS,887,284,shipped,2025-11-26,2025-12-04
9923,Northstar Defense Supply,NDS,81,897,delivered,2024-02-23,2024-03-21
9924,Apex Defense Components,ADC,480,157,delivered,2024-10-02,2024-10-11
9925,Patriot Precision Parts,PPP,758,739,delivered,2025-05-23,2025-06-13
9926,Atlas Ground Support,AGS,68,97,shipped,2025-11-09,2025-11-22
9927,Vector Aerospace Supply,VAS,314,413,delivered,2026-11-03,2026-11-25
9928,Mesa Tactical Manufacturing,MTM,453,469,pending,2024-01-05,2024-02-02
9929,Trident Marine Components,TMC,714,971,delivered,2025-12-13,2025-12-27
9930,Pinnacle Hydraulic Systems,PHS,944,895,shipped,2025-04-14,2025-04-16
9931,Sterling Power Systems,SPS,353,3,delivered,2026-04-17,2026-04-26
9932,Blue Ridge Defense Manufacturing,BRDM,826,755,pending,2024-07-07,2024-07-12
9933,Blue Ridge Defense Manufacturing,BRDM,838,816,shipped,2023-02-23,2023-03-09
9934,Liberty Mechanical Systems,LMS,280,575,pending,2023-08-09,2023-09-03
9935,Compass Maritime Supply,CMS,359,882,shipped,2025-05-27,2025-06-14
9936,Compass Maritime Supply,CMS,605,754,pending,2025-09-05,2025-09-25
9937,Lone Star Equipment Group,LSEG,274,474,delivered,2024-02-28,2024-03-18
9938,Evergreen Field Support,EFS,965,410,pending,2026-04-15,2026-04-24
9939,Lone Star Equipment Group,LSEG,550,677,pending,2025-12-15,2026-01-06
9940,Trident Marine Components,TMC,91,66,pending,2026-11-24,2026-11-27
9941,Liberty Mechanical Systems,LMS,166,935,shipped,2024-09-25,2024-10-19
9942,Apex Defense Components,ADC,52,327,delivered,2025-06-18,2025-07-06
9943,Harborline Industrial Supply,HIS,575,411,delivered,2026-12-07,2026-12-21
9944,Patriot Precision Parts,PPP,679,380,shipped,2025-07-11,2025-07-17
9945,Harborline Industrial Supply,HIS,505,350,shipped,2023-02-07,2023-03-09
9946,Ranger Vehicle Parts,RVP,675,976,shipped,2025-11-08,2025-11-27
9947,Sterling Power Systems,SPS,477,715,delivered,2026-10-07,2026-10-08
9948,Liberty Mechanical Systems,LMS,254,434,delivered,2023-09-12,2023-09-22
9949,Heritage Logistics Supply,HLS,706,589,delivered,2024-12-25,2024-12-29
9950,Evergreen Field Support,EFS,902,803,pending,2024-06-23,2024-07-12
9951,Patriot Precision Parts,PPP,925,184,shipped,2026-08-28,2026-09-08
9952,Summit Tactical Supply,STS,593,55,delivered,2023-04-21,2023-05-05
9953,Gulf Coast Maintenance Parts,GCMP,855,196,delivered,2025-05-25,2025-06-14
9954,Evergreen Field Support,EFS,274,717,delivered,2026-02-15,2026-02-22
9955,Heritage Logistics Supply,HLS,562,239,shipped,2023-10-03,2023-10-17
9956,Liberty Mechanical Systems,LMS,348,969,delivered,2024-12-18,2024-12-19
9957,Redstone Logistics Group,RLG,309,877,shipped,2023-01-22,2023-02-01
9958,Compass Maritime Supply,CMS,61,888,pending,2026-12-12,2026-12-15
9959,Falcon Electronics Group,FEG,2,154,delivered,2024-01-15,2024-02-07
9960,Blue Ridge Defense Manufacturing,BRDM,834,761,pending,2023-08-18,2023-09-12
9961,Redstone Logistics Group,RLG,237,1000,delivered,2025-07-24,2025-08-14
9962,Summit Tactical Supply,STS,267,292,delivered,2024-07-20,2024-08-02
9963,Blue Ridge Defense Manufacturing,BRDM,836,640,pending,2025-02-04,2025-02-13
9964,Pinnacle Hydraulic Systems,PHS,53,766,pending,2025-04-17,2025-05-07
9965,Apex Defense Components,ADC,369,740,delivered,2025-09-08,2025-09-29
9966,Evergreen Field Support,EFS,524,571,pending,2023-04-10,2023-04-23
9967,Liberty Mechanical Systems,LMS,391,972,delivered,2025-12-12,2025-12-15
9968,Apex Defense Components,ADC,566,505,shipped,2024-12-01,2024-12-08
9969,Blue Ridge Defense Manufacturing,BRDM,138,514,delivered,2025-09-06,2025-09-30
9970,Blue Ridge Defense Manufacturing,BRDM,727,584,pending,2026-02-19,2026-03-14
9971,Summit Tactical Supply,STS,277,970,pending,2024-04-13,2024-05-03
9972,Summit Tactical Supply,STS,958,499,delivered,2025-01-14,2025-02-10
9973,Falcon Electronics Group,FEG,720,975,delivered,2025-06-05,2025-06-29
9974,Trident Marine Components,TMC,298,74,pending,2024-03-11,2024-03-23
9975,Mesa Tactical Manufacturing,MTM,385,213,pending,2026-03-10,2026-03-23
9976,Sentinel Equipment Supply,SES,739,261,delivered,2024-10-15,2024-10-30
9977,Titan Mobility Systems,TMS,227,157,shipped,2025-06-01,2025-06-13
9978,Redstone Logistics Group,RLG,991,850,shipped,2023-12-20,2023-12-30
9979,Atlas Ground Support,AGS,531,495,delivered,2024-07-27,2024-08-25
9980,Sentinel Equipment Supply,SES,924,2,delivered,2025-08-26,2025-09-09
9981,Keystone Industrial Supply,KIS,319,97,delivered,2023-05-05,2023-05-12
9982,Keystone Industrial Supply,KIS,475,259,shipped,2023-09-01,2023-09-25
9983,Harborline Industrial Supply,HIS,879,310,shipped,2024-05-19,2024-05-31
9984,Falcon Electronics Group,FEG,544,477,pending,2025-05-04,2025-06-02
9985,Cedar Valley Manufacturing,CVM,261,510,delivered,2023-09-15,2023-10-13
9986,Pinnacle Hydraulic Systems,PHS,118,538,pending,2025-02-17,2025-02-18
9987,Compass Maritime Supply,CMS,974,509,pending,2025-11-02,2025-11-22
9988,Keystone Industrial Supply,KIS,432,26,shipped,2026-04-25,2026-04-28
9989,Cedar Valley Manufacturing,CVM,948,846,pending,2024-02-17,2024-03-05
9990,Redstone Logistics Group,RLG,892,948,shipped,2026-11-05,2026-12-04
9991,Apex Defense Components,ADC,987,706,delivered,2023-09-26,2023-10-24
9992,Ironclad Industrial Systems,IIS,181,571,pending,2025-09-21,2025-09-25
9993,Lone Star Equipment Group,LSEG,345,224,pending,2025-03-22,2025-03-24
9994,Compass Maritime Supply,CMS,40,416,shipped,2026-05-01,2026-05-07
9995,Granite State Components,GSC,213,263,shipped,2026-07-12,2026-08-01
9996,Vector Aerospace Supply,VAS,678,609,pending,2024-06-21,2024-07-02
9997,Gulf Coast Maintenance Parts,GCMP,483,222,delivered,2026-05-27,2026-06-01
9998,Harborline Industrial Supply,HIS,10,712,pending,2025-04-22,2025-05-10
9999,Frontier Aviation Components,FAC,960,576,delivered,2024-06-17,2024-07-12
10000,Compass Maritime Supply,CMS,499,445,shipped,2026-11-18,2026-11-25
